num_acc;lum;agg;inter;atm;col;dep;date
2010000001;1;2;1;1;6;590;12/06/2010
2010000002;1;2;1;1;6;590;07/08/2010
2010000003;1;1;1;1;5;590;11/09/2010
2010000004;1;2;1;1;6;590;22/09/2010
2010000005;1;2;1;1;2;590;25/10/2010
2010000006;2;1;1;1;4;590;01/02/2010
2010000007;1;2;1;1;1;590;23/02/2010
2010000008;1;1;1;1;5;590;21/05/2010
2010000009;5;2;1;1;6;590;28/06/2010
2010000010;2;2;2;1;5;590;29/07/2010
2010000011;1;2;1;1;3;590;21/09/2010
2010000012;1;2;1;1;3;590;05/10/2010
2010000013;5;1;6;2;6;590;05/11/2010
2010000014;1;1;1;4;3;590;02/12/2010
2010000015;1;2;1;1;6;590;06/05/2010
2010000016;1;1;1;1;3;590;15/06/2010
2010000017;1;2;1;1;1;590;16/07/2010
2010000018;1;1;1;1;3;590;26/07/2010
2010000019;1;2;1;1;6;590;30/07/2010
2010000020;1;1;1;1;3;590;13/10/2010
2010000021;5;2;1;2;6;590;16/10/2010
2010000022;1;1;2;1;4;590;29/10/2010
2010000023;1;1;1;1;6;590;09/03/2010
2010000024;1;1;1;1;6;590;30/05/2010
2010000025;3;1;2;3;2;590;08/09/2010
2010000026;1;2;1;1;3;590;26/02/2010
2010000027;1;1;2;1;3;590;10/04/2010
2010000028;1;1;1;6;3;590;19/06/2010
2010000029;3;1;1;2;5;590;26/10/2010
2010000030;5;1;1;2;4;590;05/11/2010
2010000031;3;1;1;6;7;590;11/11/2010
2010000032;3;1;1;1;7;590;08/04/2010
2010000033;1;2;1;1;1;590;04/05/2010
2010000034;3;1;1;1;6;590;17/05/2010
2010000035;1;1;2;7;1;590;25/06/2010
2010000036;1;2;1;1;6;590;24/08/2010
2010000037;3;1;1;8;5;590;30/11/2010
2010000038;3;1;1;1;6;590;26/12/2010
2010000039;3;1;1;1;6;590;28/12/2010
2010000040;4;2;1;1;1;590;09/04/2010
2010000041;2;1;1;1;2;590;18/07/2010
2010000042;1;2;1;1;3;590;07/09/2010
2010000043;3;1;1;1;7;590;10/09/2010
2010000044;3;1;1;3;6;590;11/11/2010
2010000045;4;2;1;8;1;590;30/04/2010
2010000046;3;1;1;1;7;590;15/05/2010
2010000047;1;1;1;1;3;590;05/07/2010
2010000048;1;2;1;1;1;590;05/12/2010
2010000049;1;2;1;1;1;590;27/01/2010
2010000050;1;1;1;1;5;590;01/02/2010
2010000051;1;1;1;1;3;590;20/04/2010
2010000052;1;2;1;1;1;590;02/06/2010
2010000053;1;1;1;1;1;590;19/07/2010
2010000054;5;2;1;1;6;590;05/09/2010
2010000055;1;1;1;1;6;590;11/09/2010
2010000056;2;1;1;1;4;590;12/10/2010
2010000057;1;1;1;1;1;590;27/11/2010
2010000058;1;2;1;1;6;590;10/03/2010
2010000059;1;2;1;1;1;590;15/05/2010
2010000060;1;1;1;1;1;590;03/06/2010
2010000061;3;1;1;1;6;590;22/08/2010
2010000062;5;2;1;9;6;590;17/12/2010
2010000063;1;1;1;1;3;590;02/03/2010
2010000064;1;2;8;1;1;590;27/03/2010
2010000065;1;1;1;1;3;590;16/04/2010
2010000066;1;1;2;1;3;590;14/06/2010
2010000067;1;1;1;1;3;590;06/07/2010
2010000068;1;1;1;1;2;590;20/08/2010
2010000069;1;2;1;1;1;590;21/08/2010
2010000070;1;1;1;1;3;590;20/08/2010
2010000071;3;1;1;1;6;590;18/09/2010
2010000072;3;1;1;1;7;590;23/09/2010
2010000073;1;1;1;1;1;590;03/10/2010
2010000074;1;1;2;1;3;590;10/10/2010
2010000075;1;1;1;1;1;590;20/10/2010
2010000076;1;1;1;1;5;590;06/11/2010
2010000077;1;2;1;4;6;590;17/12/2010
2010000078;1;2;2;1;3;590;28/12/2010
2010000079;5;2;1;8;6;590;16/01/2010
2010000080;5;2;1;1;1;590;20/01/2010
2010000081;1;2;1;7;6;590;06/04/2010
2010000082;5;2;1;1;7;590;04/09/2010
2010000083;4;1;1;1;1;590;23/05/2010
2010000084;2;2;1;1;6;590;29/10/2010
2010000085;1;2;2;1;1;590;22/04/2010
2010000086;1;1;1;1;6;590;24/05/2010
2010000087;2;1;1;2;6;590;29/09/2010
2010000088;1;2;1;2;1;590;02/02/2010
2010000089;1;1;1;1;7;590;28/04/2010
2010000090;1;1;1;1;6;590;20/05/2010
2010000091;1;1;3;1;1;590;17/07/2010
2010000092;5;2;1;4;1;590;20/02/2010
2010000093;1;2;1;1;6;590;03/10/2010
2010000094;1;2;1;1;6;590;24/02/2010
2010000095;5;2;1;1;6;590;03/03/2010
2010000096;4;2;1;3;6;590;25/03/2010
2010000097;1;1;1;1;1;590;31/03/2010
2010000098;5;2;1;1;6;590;21/06/2010
2010000099;3;1;1;8;2;590;22/01/2010
2010000100;1;2;1;1;3;590;05/03/2010
2010000101;1;1;1;1;6;590;14/03/2010
2010000102;1;2;1;1;1;590;03/04/2010
2010000103;5;1;1;1;1;590;11/04/2010
2010000104;1;1;1;1;5;590;31/05/2010
2010000105;1;2;1;1;3;590;03/06/2010
2010000106;1;2;1;1;6;590;02/07/2010
2010000107;1;2;1;1;6;590;22/07/2010
2010000108;1;1;1;1;1;590;14/09/2010
2010000109;1;2;1;1;6;590;15/10/2010
2010000110;1;2;1;1;3;590;31/01/2010
2010000111;3;1;1;1;7;590;21/02/2010
2010000112;1;1;1;5;6;590;09/05/2010
2010000113;1;2;1;1;1;590;25/06/2010
2010000114;1;1;1;1;3;590;16/07/2010
2010000115;1;2;1;7;1;590;19/08/2010
2010000116;1;2;1;1;1;590;21/08/2010
2010000117;1;2;1;1;3;590;05/09/2010
2010000118;3;1;1;2;6;590;06/10/2010
2010000119;1;1;1;1;2;590;22/11/2010
2010000120;3;1;1;1;6;590;14/01/2010
2010000121;4;1;1;2;7;590;27/02/2010
2010000122;5;2;1;1;7;590;28/03/2010
2010000123;1;2;1;9;6;590;05/04/2010
2010000124;1;1;1;1;6;590;03/06/2010
2010000125;3;1;1;1;6;590;01/08/2010
2010000126;2;1;1;1;6;590;20/09/2010
2010000127;3;1;1;1;7;590;21/09/2010
2010000128;1;2;1;7;3;590;09/10/2010
2010000129;3;2;1;9;1;590;08/01/2010
2010000130;1;1;9;1;3;590;17/02/2010
2010000131;3;1;2;1;1;590;21/07/2010
2010000132;1;2;1;1;1;590;26/07/2010
2010000133;1;2;9;1;7;590;19/08/2010
2010000134;1;1;8;1;6;590;10/09/2010
2010000135;1;1;1;1;7;590;21/09/2010
2010000136;2;1;1;2;7;590;20/03/2010
2010000137;1;1;1;1;3;590;28/03/2010
2010000138;1;1;1;2;3;590;09/06/2010
2010000139;1;2;1;7;6;590;07/07/2010
2010000140;1;1;1;1;6;590;10/07/2010
2010000141;1;1;1;1;1;590;18/07/2010
2010000142;1;1;1;8;1;590;26/09/2010
2010000143;1;1;1;1;3;590;20/10/2010
2010000144;3;1;1;1;6;590;14/12/2010
2010000145;5;2;1;2;6;590;11/01/2010
2010000146;1;1;1;6;1;590;16/01/2010
2010000147;1;1;1;1;5;590;08/04/2010
2010000148;1;2;1;1;6;590;18/04/2010
2010000149;1;2;1;1;3;590;09/08/2010
2010000150;5;1;1;1;6;590;20/09/2010
2010000151;1;2;1;1;3;590;22/09/2010
2010000152;1;2;1;1;1;590;22/09/2010
2010000153;1;2;1;1;3;590;06/10/2010
2010000154;1;2;1;1;1;590;04/03/2010
2010000155;1;2;1;1;6;590;27/05/2010
2010000156;1;1;1;2;1;590;10/06/2010
2010000157;1;1;1;1;3;590;13/06/2010
2010000158;1;2;1;1;3;590;14/07/2010
2010000159;2;2;1;1;1;590;17/07/2010
2010000160;1;2;1;1;3;590;09/08/2010
2010000161;1;1;1;1;5;590;02/10/2010
2010000162;1;2;1;1;6;590;13/12/2010
2010000163;2;2;1;1;6;590;04/02/2010
2010000164;1;1;1;1;3;590;13/05/2010
2010000165;1;1;1;1;1;590;07/09/2010
2010000166;1;1;1;1;6;590;13/12/2010
2010000167;5;2;1;2;6;590;16/12/2010
2010000168;1;1;1;1;1;590;04/07/2010
2010000169;1;2;1;1;5;590;17/07/2010
2010000170;1;2;8;7;1;590;14/01/2010
2010000171;5;2;1;1;7;590;15/04/2010
2010000172;4;2;1;1;6;590;11/07/2010
2010000173;1;2;1;1;3;590;28/07/2010
2010000174;1;2;1;8;7;590;13/08/2010
2010000175;1;1;1;1;1;590;28/08/2010
2010000176;1;2;1;1;7;590;03/09/2010
2010000177;1;1;1;1;6;590;28/09/2010
2010000178;1;1;1;1;6;590;06/10/2010
2010000179;1;1;2;1;3;590;07/10/2010
2010000180;3;1;1;1;2;590;06/02/2010
2010000181;2;2;1;1;2;590;04/03/2010
2010000182;1;1;1;1;6;590;22/04/2010
2010000183;1;2;9;1;6;590;25/04/2010
2010000184;1;2;1;1;7;590;08/05/2010
2010000185;5;1;1;1;6;590;18/06/2010
2010000186;1;1;1;1;1;590;15/10/2010
2010000187;2;1;1;3;5;590;23/10/2010
2010000188;5;1;1;1;1;590;13/12/2010
2010000189;1;2;1;1;1;590;06/02/2010
2010000190;3;2;1;1;6;590;01/05/2010
2010000191;1;1;1;3;6;590;15/08/2010
2010000192;1;1;1;1;3;590;09/09/2010
2010000193;3;1;1;4;7;590;06/12/2010
2010000194;3;1;1;1;7;590;14/03/2010
2010000195;1;2;1;1;6;590;07/05/2010
2010000196;1;2;1;1;3;590;04/06/2010
2010000197;1;2;9;1;1;590;07/06/2010
2010000198;1;1;1;1;1;590;07/07/2010
2010000199;1;1;1;1;6;590;10/07/2010
2010000200;3;1;1;1;7;590;14/07/2010
2010000201;1;1;1;1;3;590;20/11/2010
2010000202;1;1;1;8;2;590;16/12/2010
2010000203;5;2;1;1;6;590;20/03/2010
2010000204;3;2;1;1;6;590;18/04/2010
2010000205;3;1;1;2;6;590;11/08/2010
2010000206;1;2;1;1;3;590;20/08/2010
2010000207;1;1;1;2;6;590;16/09/2010
2010000208;3;1;1;1;3;590;28/09/2010
2010000209;1;1;1;8;3;620;13/01/2010
2010000210;3;1;1;2;6;620;23/01/2010
2010000211;1;1;1;1;1;620;27/03/2010
2010000212;3;1;1;1;3;620;24/07/2010
2010000213;5;2;1;1;6;620;05/09/2010
2010000214;3;1;1;4;6;620;10/01/2010
2010000215;1;1;1;4;1;620;11/02/2010
2010000216;1;2;1;1;1;620;09/03/2010
2010000217;3;1;1;1;6;620;15/03/2010
2010000218;1;1;1;1;6;620;28/04/2010
2010000219;2;1;1;5;1;620;14/10/2010
2010000220;3;1;2;8;3;620;19/11/2010
2010000221;2;1;1;1;6;620;04/12/2010
2010000222;3;1;1;1;7;620;02/02/2010
2010000223;1;2;1;2;7;620;28/02/2010
2010000224;1;1;1;6;5;620;31/03/2010
2010000225;5;2;1;1;6;620;03/04/2010
2010000226;4;1;1;1;7;620;11/04/2010
2010000227;1;2;1;1;6;620;05/05/2010
2010000228;1;1;1;1;6;620;09/05/2010
2010000229;1;1;1;1;7;620;23/05/2010
2010000230;1;1;1;1;1;620;05/06/2010
2010000231;3;1;6;1;6;620;28/08/2010
2010000232;1;2;2;1;3;620;22/10/2010
2010000233;3;1;1;2;6;620;05/11/2010
2010000234;5;2;1;1;3;620;21/11/2010
2010000235;3;1;1;1;5;620;12/01/2010
2010000236;1;1;2;1;3;620;15/01/2010
2010000237;1;1;1;1;6;620;20/01/2010
2010000238;2;1;1;1;6;620;05/06/2010
2010000239;1;1;1;1;3;620;16/06/2010
2010000240;2;2;1;2;6;620;20/06/2010
2010000241;1;1;1;3;6;620;15/08/2010
2010000242;2;1;1;2;1;620;16/10/2010
2010000243;1;2;1;1;1;620;21/10/2010
2010000244;3;1;1;1;7;620;08/03/2010
2010000245;1;2;1;1;1;620;14/03/2010
2010000246;1;1;1;1;1;620;18/03/2010
2010000247;2;2;1;1;7;620;01/09/2010
2010000248;1;1;1;1;6;620;27/12/2010
2010000249;1;1;1;1;6;620;05/03/2010
2010000250;2;1;1;1;5;620;08/03/2010
2010000251;1;2;1;2;1;620;31/05/2010
2010000252;1;2;2;1;3;620;06/07/2010
2010000253;1;2;2;1;1;620;13/07/2010
2010000254;1;1;1;1;3;620;15/08/2010
2010000255;1;1;1;1;1;620;25/10/2010
2010000256;1;1;1;1;6;620;27/10/2010
2010000257;2;1;1;9;2;620;30/11/2010
2010000258;3;2;1;1;3;620;30/11/2010
2010000259;1;1;2;1;5;620;06/02/2010
2010000260;1;1;4;1;1;620;11/03/2010
2010000261;1;1;2;1;3;620;03/10/2010
2010000262;1;1;1;2;3;620;15/10/2010
2010000263;3;2;1;1;5;620;07/01/2010
2010000264;1;1;1;1;1;620;19/01/2010
2010000265;1;2;1;1;3;620;11/03/2010
2010000266;3;2;1;1;6;620;20/03/2010
2010000267;1;1;1;1;6;620;23/05/2010
2010000268;1;2;1;1;2;620;02/09/2010
2010000269;1;2;3;1;3;620;04/09/2010
2010000270;1;1;1;1;1;620;11/09/2010
2010000271;1;1;9;1;3;620;22/09/2010
2010000272;3;1;3;1;1;620;14/10/2010
2010000273;1;1;1;2;1;620;07/11/2010
2010000274;5;2;1;1;7;620;27/11/2010
2010000275;3;1;1;8;7;620;27/02/2010
2010000276;3;2;1;9;1;620;30/01/2010
2010000277;1;2;1;1;1;620;23/04/2010
2010000278;1;2;1;1;6;620;23/07/2010
2010000279;3;1;1;1;1;620;11/12/2010
2010000280;1;2;7;1;6;620;20/07/2010
2010000281;2;1;1;1;1;620;03/08/2010
2010000282;1;1;1;1;1;620;13/07/2010
2010000283;5;2;1;1;1;620;28/09/2010
2010000284;1;1;1;1;6;620;25/11/2010
2010000285;1;1;1;1;1;620;05/03/2010
2010000286;3;1;6;1;7;620;25/03/2010
2010000287;1;2;1;1;3;620;17/04/2010
2010000288;1;1;2;1;3;620;04/05/2010
2010000289;1;1;1;1;3;620;16/05/2010
2010000290;1;1;2;1;3;620;18/09/2010
2010000291;1;1;4;1;1;620;10/10/2010
2010000292;1;2;1;1;1;620;24/10/2010
2010000293;3;1;1;1;1;620;15/03/2010
2010000294;1;2;1;1;6;620;07/08/2010
2010000295;1;1;1;1;6;620;13/10/2010
2010000296;5;2;1;1;6;620;16/11/2010
2010000297;1;1;9;1;1;620;31/01/2010
2010000298;3;1;1;2;6;620;08/02/2010
2010000299;1;1;1;1;6;620;16/03/2010
2010000300;1;1;1;1;6;620;19/04/2010
2010000301;1;2;1;7;6;620;25/04/2010
2010000302;1;1;9;1;6;620;25/04/2010
2010000303;1;1;1;1;3;620;27/06/2010
2010000304;3;1;1;1;1;620;01/07/2010
2010000305;1;1;1;1;6;620;10/07/2010
2010000306;1;1;1;1;3;620;10/07/2010
2010000307;1;2;1;1;2;620;11/07/2010
2010000308;1;1;2;3;3;620;21/07/2010
2010000309;1;2;1;1;2;620;27/07/2010
2010000310;1;2;1;1;2;620;21/08/2010
2010000311;3;2;1;1;7;620;02/09/2010
2010000312;1;2;1;1;6;620;09/09/2010
2010000313;1;2;1;1;3;620;06/09/2010
2010000314;1;1;2;1;3;620;16/10/2010
2010000315;1;1;1;2;7;620;26/10/2010
2010000316;1;1;1;3;3;620;13/11/2010
2010000317;1;2;1;2;3;620;23/01/2010
2010000318;1;2;1;1;1;620;13/03/2010
2010000319;2;2;1;1;6;620;16/04/2010
2010000320;1;2;1;1;6;620;09/05/2010
2010000321;1;2;1;1;1;620;10/07/2010
2010000322;2;2;1;1;6;620;11/07/2010
2010000323;1;1;9;1;3;620;03/08/2010
2010000324;4;2;1;1;1;620;28/08/2010
2010000325;1;1;1;1;1;620;04/10/2010
2010000326;3;1;1;4;2;620;04/01/2010
2010000327;3;1;2;8;3;620;23/01/2010
2010000328;3;1;1;1;2;620;30/01/2010
2010000329;1;2;1;1;7;620;24/02/2010
2010000330;1;1;1;1;7;620;27/02/2010
2010000331;1;1;1;1;1;620;27/04/2010
2010000332;3;2;1;1;2;620;24/07/2010
2010000333;1;2;1;3;6;620;04/08/2010
2010000334;1;1;1;1;1;620;11/09/2010
2010000335;1;2;1;1;6;620;18/10/2010
2010000336;1;1;1;1;5;620;12/11/2010
2010000337;4;2;1;2;6;620;05/12/2010
2010000338;3;1;1;1;7;620;26/12/2010
2010000339;1;2;7;1;3;620;06/02/2010
2010000340;3;1;1;1;6;620;17/04/2010
2010000341;1;2;1;1;3;620;27/04/2010
2010000342;1;1;1;1;1;620;15/06/2010
2010000343;1;1;2;1;3;620;16/06/2010
2010000344;3;1;1;2;6;620;20/06/2010
2010000345;3;1;1;1;7;620;06/11/2010
2010000346;2;1;9;5;4;620;29/12/2010
2010000347;1;1;1;4;1;620;10/02/2010
2010000348;1;1;1;2;3;620;02/04/2010
2010000349;1;2;1;1;1;620;10/04/2010
2010000350;3;2;1;1;6;620;17/05/2010
2010000351;1;2;1;1;5;620;23/05/2010
2010000352;1;2;9;1;1;620;01/08/2010
2010000353;1;1;1;8;7;620;04/10/2010
2010000354;3;1;1;2;3;620;15/10/2010
2010000355;3;1;1;3;6;620;05/12/2010
2010000356;1;2;1;1;2;620;05/01/2010
2010000357;5;2;1;3;6;620;29/01/2010
2010000358;1;2;1;2;5;620;07/02/2010
2010000359;1;1;1;4;1;620;10/02/2010
2010000360;1;1;1;1;3;620;11/04/2010
2010000361;1;1;1;1;4;620;11/04/2010
2010000362;1;2;1;1;3;620;21/04/2010
2010000363;1;2;1;1;3;620;20/04/2010
2010000364;5;2;1;2;6;620;02/05/2010
2010000365;1;2;1;1;3;620;08/05/2010
2010000366;1;1;1;1;3;620;13/05/2010
2010000367;1;1;1;1;6;620;17/05/2010
2010000368;1;1;1;1;7;620;03/06/2010
2010000369;1;2;1;2;3;620;09/06/2010
2010000370;1;1;1;1;6;620;17/06/2010
2010000371;1;2;1;1;3;620;11/07/2010
2010000372;3;1;1;1;6;620;11/07/2010
2010000373;1;1;1;1;6;620;24/07/2010
2010000374;1;2;2;1;3;620;08/08/2010
2010000375;1;1;1;1;6;620;22/08/2010
2010000376;1;2;1;1;6;620;13/10/2010
2010000377;3;1;1;1;7;620;23/10/2010
2010000378;3;1;1;3;6;620;06/11/2010
2010000379;1;2;1;1;6;620;06/12/2010
2010000380;5;2;1;2;6;620;07/02/2010
2010000381;3;2;1;2;6;620;19/02/2010
2010000382;1;1;1;1;6;620;13/03/2010
2010000383;5;2;1;1;6;620;13/03/2010
2010000384;1;2;1;1;1;620;27/06/2010
2010000385;1;1;1;1;1;620;25/07/2010
2010000386;1;1;1;1;1;620;30/07/2010
2010000387;1;1;2;1;3;620;31/07/2010
2010000388;1;1;1;1;6;620;24/09/2010
2010000389;1;2;9;1;6;620;06/10/2010
2010000390;1;1;1;1;6;620;14/10/2010
2010000391;2;1;1;2;7;620;03/11/2010
2010000392;1;1;1;1;2;620;04/11/2010
2010000393;2;2;1;1;7;620;06/11/2010
2010000394;5;2;1;5;6;620;21/11/2010
2010000395;1;1;1;8;6;620;08/12/2010
2010000396;1;2;2;1;3;620;21/01/2010
2010000397;1;1;1;1;6;620;15/11/2010
2010000398;1;1;1;1;1;620;04/12/2010
2010000399;3;1;1;5;1;800;18/01/2010
2010000400;3;1;1;1;1;800;24/01/2010
2010000401;3;1;1;9;7;800;31/01/2010
2010000402;1;2;1;1;1;800;17/02/2010
2010000403;5;2;1;1;6;800;06/03/2010
2010000404;1;1;9;6;3;800;31/03/2010
2010000405;1;2;1;1;6;800;10/04/2010
2010000406;1;2;1;1;6;800;28/04/2010
2010000407;2;2;6;1;3;800;11/05/2010
2010000408;1;2;1;1;3;800;19/05/2010
2010000409;1;1;1;1;7;800;28/05/2010
2010000410;1;1;2;1;3;800;17/07/2010
2010000411;1;2;1;1;3;800;30/07/2010
2010000412;3;1;1;1;3;800;21/08/2010
2010000413;3;1;1;4;6;800;02/12/2010
2010000414;1;1;1;1;5;800;02/01/2010
2010000415;1;1;1;1;1;800;26/01/2010
2010000416;1;2;1;1;3;800;06/02/2010
2010000417;1;1;1;4;6;800;11/02/2010
2010000418;5;2;1;1;6;800;23/03/2010
2010000419;1;1;2;1;3;800;16/04/2010
2010000420;1;2;1;1;3;800;27/04/2010
2010000421;1;1;1;1;7;800;28/04/2010
2010000422;1;1;1;1;1;800;24/05/2010
2010000423;1;2;1;1;1;800;02/06/2010
2010000424;1;2;1;1;2;800;13/06/2010
2010000425;5;2;1;1;1;800;11/07/2010
2010000426;1;1;1;1;3;800;14/07/2010
2010000427;3;1;1;1;3;800;23/07/2010
2010000428;1;1;1;1;3;800;26/07/2010
2010000429;1;2;1;1;1;800;23/08/2010
2010000430;1;1;1;3;3;800;26/08/2010
2010000431;1;1;1;2;5;800;27/08/2010
2010000432;3;1;1;1;6;800;03/09/2010
2010000433;1;2;1;3;6;800;19/10/2010
2010000434;3;1;1;1;3;800;21/11/2010
2010000435;2;2;1;1;6;800;30/11/2010
2010000436;1;1;1;8;3;800;06/12/2010
2010000437;1;2;1;1;1;800;01/04/2010
2010000438;1;1;1;1;3;800;09/04/2010
2010000439;3;1;9;1;6;800;08/05/2010
2010000440;1;1;1;1;1;800;26/05/2010
2010000441;1;2;1;1;6;800;29/06/2010
2010000442;1;1;9;1;5;800;04/07/2010
2010000443;1;1;1;1;1;800;20/08/2010
2010000444;1;2;1;1;3;800;12/10/2010
2010000445;1;1;1;1;1;800;18/10/2010
2010000446;5;2;6;2;3;800;24/01/2010
2010000447;1;2;2;1;1;800;06/07/2010
2010000448;2;2;1;1;7;800;11/07/2010
2010000449;3;1;1;1;7;800;22/07/2010
2010000450;1;1;1;3;2;800;08/09/2010
2010000451;1;1;1;3;1;800;23/09/2010
2010000452;3;1;1;1;7;800;10/10/2010
2010000453;2;2;1;1;6;800;08/11/2010
2010000454;3;1;2;1;3;800;25/11/2010
2010000455;1;1;1;1;4;800;10/12/2010
2010000456;3;1;1;1;6;800;24/04/2010
2010000457;1;2;1;1;2;800;30/04/2010
2010000458;1;1;1;1;7;800;02/06/2010
2010000459;1;1;1;1;1;800;08/07/2010
2010000460;3;2;1;1;6;800;10/07/2010
2010000461;1;2;1;1;6;800;09/08/2010
2010000462;1;2;1;1;3;800;10/09/2010
2010000463;1;1;1;1;3;800;12/09/2010
2010000464;3;1;1;1;1;800;19/09/2010
2010000465;1;2;1;8;6;800;25/10/2010
2010000466;3;1;1;2;6;800;24/10/2010
2010000467;3;1;1;8;1;800;26/11/2010
2010000468;5;2;1;1;6;800;12/12/2010
2010000469;1;1;1;8;7;800;14/12/2010
2010000470;3;1;1;8;6;800;27/12/2010
2010000471;1;1;1;4;3;800;28/12/2010
2010000472;1;1;1;8;3;800;01/02/2010
2010000473;1;2;1;1;5;800;06/02/2010
2010000474;1;1;1;2;3;800;22/02/2010
2010000475;1;1;2;1;1;800;27/02/2010
2010000476;1;1;1;1;7;800;11/04/2010
2010000477;1;2;1;1;7;800;16/04/2010
2010000478;1;2;1;1;2;800;20/04/2010
2010000479;1;1;1;1;6;800;27/04/2010
2010000480;1;1;1;1;4;800;02/05/2010
2010000481;1;1;1;1;2;800;23/05/2010
2010000482;2;1;1;1;1;800;26/05/2010
2010000483;3;1;1;1;1;800;28/06/2010
2010000484;5;2;6;1;3;800;07/07/2010
2010000485;1;1;1;1;3;800;06/07/2010
2010000486;1;1;1;1;2;800;11/07/2010
2010000487;1;1;1;1;1;800;13/07/2010
2010000488;3;1;2;1;3;800;25/07/2010
2010000489;1;2;2;1;3;800;04/08/2010
2010000490;1;1;1;1;2;800;05/08/2010
2010000491;1;1;1;2;3;800;29/08/2010
2010000492;5;2;1;1;6;800;05/09/2010
2010000493;1;1;3;1;3;800;15/09/2010
2010000494;1;1;1;1;3;800;17/09/2010
2010000495;2;2;1;1;1;800;18/09/2010
2010000496;1;1;2;1;3;800;19/09/2010
2010000497;3;2;1;1;1;800;10/10/2010
2010000498;1;2;1;1;3;800;13/10/2010
2010000499;1;1;1;1;1;800;15/10/2010
2010000500;1;2;1;1;1;800;24/11/2010
2010000501;1;1;1;4;1;800;08/01/2010
2010000502;5;2;1;8;7;800;29/01/2010
2010000503;1;1;1;2;6;800;04/02/2010
2010000504;1;1;1;1;5;800;03/04/2010
2010000505;3;1;1;2;6;800;29/05/2010
2010000506;1;1;2;1;3;800;05/06/2010
2010000507;1;1;1;1;3;800;18/06/2010
2010000508;2;2;2;1;5;800;25/06/2010
2010000509;1;2;2;1;3;800;25/06/2010
2010000510;5;2;1;1;1;800;08/07/2010
2010000511;1;2;7;1;6;800;22/07/2010
2010000512;1;2;1;2;6;800;04/08/2010
2010000513;1;1;1;1;6;800;05/09/2010
2010000514;3;1;1;1;1;800;09/10/2010
2010000515;3;1;1;1;7;800;18/10/2010
2010000516;2;2;1;1;3;800;18/01/2010
2010000517;3;1;1;2;6;800;23/01/2010
2010000518;1;1;1;4;3;800;11/02/2010
2010000519;3;2;1;1;6;800;16/02/2010
2010000520;1;2;1;1;6;800;04/03/2010
2010000521;1;1;1;1;3;800;18/03/2010
2010000522;1;1;2;2;3;800;03/07/2010
2010000523;1;2;1;1;1;800;16/07/2010
2010000524;3;1;1;3;6;800;23/08/2010
2010000525;1;1;1;2;5;800;26/08/2010
2010000526;3;1;1;8;1;800;29/09/2010
2010000527;2;1;1;3;2;800;08/11/2010
2010000528;1;1;1;7;1;800;09/12/2010
2010000529;3;1;1;1;3;800;01/01/2010
2010000530;1;1;1;8;1;800;26/02/2010
2010000531;1;1;1;1;3;800;07/03/2010
2010000532;1;1;1;1;1;800;20/03/2010
2010000533;1;2;1;1;1;800;24/03/2010
2010000534;1;2;1;1;3;800;15/05/2010
2010000535;2;1;1;1;1;800;24/06/2010
2010000536;1;2;1;7;3;800;27/06/2010
2010000537;2;1;1;1;7;800;13/07/2010
2010000538;1;1;1;1;7;800;16/07/2010
2010000539;1;2;1;1;3;800;30/07/2010
2010000540;5;2;1;1;6;800;16/09/2010
2010000541;1;2;1;1;6;800;02/10/2010
2010000542;1;2;1;1;7;800;10/10/2010
2010000543;1;1;1;1;5;800;16/10/2010
2010000544;3;1;1;4;3;800;15/12/2010
2010000545;1;1;1;4;1;800;21/12/2010
2010000546;1;1;1;5;1;800;18/01/2010
2010000547;1;2;1;4;7;800;30/01/2010
2010000548;2;1;1;5;7;800;21/02/2010
2010000549;2;1;1;5;6;800;22/03/2010
2010000550;1;1;1;1;1;800;14/04/2010
2010000551;1;1;1;1;4;800;18/04/2010
2010000552;1;1;1;1;3;800;20/04/2010
2010000553;1;2;1;1;3;800;16/05/2010
2010000554;3;1;1;1;6;800;25/05/2010
2010000555;1;1;2;1;3;800;10/06/2010
2010000556;1;1;2;1;3;800;19/06/2010
2010000557;1;1;1;1;1;800;29/06/2010
2010000558;1;1;1;1;7;800;03/07/2010
2010000559;1;1;1;1;1;800;21/07/2010
2010000560;1;1;1;3;2;800;26/09/2010
2010000561;5;1;1;2;3;800;01/11/2010
2010000562;1;1;1;2;6;800;05/11/2010
2010000563;1;2;1;7;2;800;26/02/2010
2010000564;1;1;1;1;3;800;17/03/2010
2010000565;3;1;1;1;6;800;07/04/2010
2010000566;1;1;1;1;2;800;16/04/2010
2010000567;3;1;1;1;2;800;28/05/2010
2010000568;1;1;2;1;3;800;08/06/2010
2010000569;1;2;1;1;3;800;16/06/2010
2010000570;3;1;2;1;3;800;19/06/2010
2010000571;1;2;1;1;1;800;04/07/2010
2010000572;3;1;1;1;7;800;12/07/2010
2010000573;1;1;1;1;6;800;29/07/2010
2010000574;1;1;1;1;5;800;11/08/2010
2010000575;1;2;1;1;4;800;12/08/2010
2010000576;1;1;1;2;3;800;16/08/2010
2010000577;1;1;1;1;1;800;05/09/2010