num_acc;lum;agg;inter;atm;col;dep;date
2010001161;1;1;1;1;4;760;05/07/2010
2010001162;1;2;1;1;3;760;15/07/2010
2010001163;1;2;1;1;1;760;25/07/2010
2010001164;1;1;1;1;1;760;26/08/2010
2010001165;1;2;2;1;3;760;01/09/2010
2010001166;1;2;1;1;2;760;15/10/2010
2010001167;1;1;1;1;6;760;25/10/2010
2010001168;1;1;1;1;6;760;30/11/2010
2010001169;1;2;1;1;1;760;05/02/2010
2010001170;1;1;1;1;1;760;03/04/2010
2010001171;1;1;1;1;3;760;06/04/2010
2010001172;1;2;1;1;6;760;02/09/2010
2010001173;1;2;1;3;6;760;26/09/2010
2010001174;5;1;1;1;6;760;30/10/2010
2010001175;3;1;1;1;6;760;05/04/2010
2010001176;1;1;1;2;1;760;02/06/2010
2010001177;4;2;1;1;3;760;10/07/2010
2010001178;2;2;1;1;6;760;17/09/2010
2010001179;3;1;1;1;6;760;10/10/2010
2010001180;3;1;1;1;7;760;20/10/2010
2010001181;1;1;1;1;5;760;29/10/2010
2010001182;1;1;1;2;1;760;20/01/2010
2010001183;1;2;1;1;6;760;09/03/2010
2010001184;1;1;1;5;3;760;20/05/2010
2010001185;3;1;1;1;6;760;10/07/2010
2010001186;3;1;1;2;7;760;02/10/2010
2010001187;1;2;1;1;6;760;05/10/2010
2010001188;1;1;2;8;3;760;20/10/2010
2010001189;1;1;1;1;6;760;04/07/2010
2010001190;1;1;1;1;5;760;06/10/2010
2010001191;1;1;1;2;1;760;09/11/2010
2010001192;2;2;1;2;4;760;12/11/2010
2010001193;1;2;1;1;2;760;13/12/2010
2010001194;5;2;1;1;6;760;16/01/2010
2010001195;1;2;1;2;6;760;28/03/2010
2010001196;1;2;1;1;6;760;09/04/2010
2010001197;1;2;3;1;3;760;16/04/2010
2010001198;1;1;1;1;1;760;17/05/2010
2010001199;1;1;1;1;7;760;02/07/2010
2010001200;1;1;1;1;6;760;14/07/2010
2010001201;1;1;1;1;7;760;29/07/2010
2010001202;5;1;1;1;1;760;05/09/2010
2010001203;3;1;1;1;6;760;27/10/2010
2010001204;5;2;1;1;2;760;20/11/2010
2010001205;2;1;2;1;3;760;13/12/2010
2010001206;1;1;1;9;6;760;01/01/2010
2010001207;1;1;1;1;1;760;17/04/2010
2010001208;1;1;1;1;1;760;11/05/2010
2010001209;1;1;1;8;1;760;17/05/2010
2010001210;1;2;1;1;1;760;14/06/2010
2010001211;1;1;1;1;3;760;17/06/2010
2010001212;1;1;1;1;3;760;21/06/2010
2010001213;1;1;1;1;3;760;22/06/2010
2010001214;1;1;1;1;1;760;19/07/2010
2010001215;3;1;2;1;3;760;06/08/2010
2010001216;1;1;1;1;3;760;10/10/2010
2010001217;3;1;2;1;3;760;10/10/2010
2010001218;1;1;1;1;3;760;08/10/2010
2010001219;3;1;1;2;3;760;16/10/2010
2010001220;1;1;1;2;3;760;16/10/2010
2010001221;1;1;2;1;3;760;02/04/2010
2010001222;3;1;1;1;6;760;03/04/2010
2010001223;1;1;1;1;6;760;06/01/2010
2010001224;5;2;1;1;1;760;06/02/2010
2010001225;1;2;1;1;5;760;17/04/2010
2010001226;1;2;1;1;2;760;16/05/2010
2010001227;1;1;1;1;3;760;20/08/2010
2010001228;3;1;1;1;2;760;21/08/2010
2010001229;1;1;9;1;6;760;03/09/2010
2010001230;1;1;2;1;3;760;11/09/2010
2010001231;3;1;1;5;7;760;07/10/2010
2010001232;1;1;9;1;1;760;17/11/2010
2010001233;1;1;1;1;7;760;20/11/2010
2010001234;3;1;1;1;6;760;09/12/2010
2010001235;1;1;2;1;3;760;24/01/2010
2010001236;5;2;1;1;6;760;28/01/2010
2010001237;1;1;1;1;1;760;13/04/2010
2010001238;1;2;1;1;1;760;30/04/2010
2010001239;1;2;1;1;3;760;22/06/2010
2010001240;1;2;1;1;3;760;12/07/2010
2010001241;1;1;1;1;2;760;02/08/2010
2010001242;1;1;1;2;3;760;10/08/2010
2010001243;3;1;1;1;2;760;26/10/2010
2010001244;1;1;1;1;1;760;25/12/2010
2010001245;1;1;1;4;6;760;08/01/2010
2010001246;1;1;9;7;3;760;08/04/2010
2010001247;1;1;1;1;3;760;10/04/2010
2010001248;1;1;1;1;1;760;30/07/2010
2010001249;1;1;1;1;6;760;05/08/2010
2010001250;1;1;4;1;1;760;09/08/2010
2010001251;1;1;1;1;6;760;18/08/2010
2010001252;1;1;1;1;1;760;02/09/2010
2010001253;1;1;3;1;3;760;20/10/2010
2010001254;5;2;1;1;6;760;25/10/2010
2010001255;2;2;1;8;6;760;13/03/2010
2010001256;1;1;1;1;7;760;21/04/2010
2010001257;1;2;1;8;3;760;05/08/2010
2010001258;1;1;1;1;6;760;05/08/2010
2010001259;1;1;1;1;6;760;02/09/2010
2010001260;3;2;1;1;6;760;19/09/2010
2010001261;1;2;2;1;3;760;24/10/2010
2010001262;1;1;1;1;6;760;25/11/2010
2010001263;1;2;1;2;6;760;20/02/2010
2010001264;1;1;1;1;7;760;27/05/2010
2010001265;1;1;2;1;3;760;20/06/2010
2010001266;1;1;1;1;6;760;16/05/2010
2010001267;1;1;1;1;3;760;05/07/2010
2010001268;1;1;9;2;3;760;17/08/2010
2010001269;3;1;1;2;6;760;18/10/2010
2010001270;1;1;1;2;1;760;28/10/2010
2010001271;1;1;1;1;3;760;25/10/2010
2010001272;1;1;1;1;6;760;06/11/2010
2010001273;3;1;1;5;3;760;13/01/2010
2010001274;1;1;1;1;3;760;24/04/2010
2010001275;1;1;1;1;3;760;06/05/2010
2010001276;3;1;1;1;7;760;25/05/2010
2010001277;5;2;2;1;3;760;23/07/2010
2010001278;2;1;1;7;6;760;20/11/2010
2010001279;3;2;1;4;1;760;17/12/2010
2010001280;1;1;1;9;2;760;28/12/2010
2010001281;2;1;1;1;5;760;26/01/2010
2010001282;1;1;1;1;3;760;27/01/2010
2010001283;5;2;1;1;3;760;03/02/2010
2010001284;5;2;1;8;3;760;19/06/2010
2010001285;1;1;1;1;1;760;28/06/2010
2010001286;3;2;1;1;6;760;31/07/2010
2010001287;1;1;1;1;2;760;22/08/2010
2010001288;1;1;1;1;3;760;15/10/2010
2010001289;3;1;1;4;1;760;25/11/2010
2010001290;2;1;1;5;6;760;16/05/2010
2010001291;1;2;1;1;3;760;26/05/2010
2010001292;1;2;1;1;1;760;27/07/2010
2010001293;1;1;1;1;7;760;19/08/2010
2010001294;1;1;1;1;2;760;20/08/2010
2010001295;1;2;1;1;1;760;18/09/2010
2010001296;1;1;1;2;4;760;05/10/2010
2010001297;4;2;1;1;3;760;02/11/2010
2010001298;1;2;1;8;6;760;30/12/2010
2010001299;1;1;1;1;3;760;19/04/2010
2010001300;1;1;2;1;3;760;14/05/2010
2010001301;1;2;1;1;3;760;03/06/2010
2010001302;3;1;1;1;6;760;16/07/2010
2010001303;1;1;1;1;3;760;03/08/2010
2010001304;1;1;2;1;3;760;12/12/2010
2010001305;3;1;1;9;1;760;04/01/2010
2010001306;5;2;1;1;3;760;26/02/2010
2010001307;1;2;1;8;3;760;30/06/2010
2010001308;1;1;1;1;1;760;27/07/2010
2010001309;1;1;1;1;6;760;14/08/2010
2010001310;1;1;1;2;6;760;27/08/2010
2010001311;1;1;1;1;3;760;15/09/2010
2010001312;2;1;1;1;1;760;06/10/2010
2010001313;1;1;1;1;1;760;13/10/2010
2010001314;1;1;1;1;7;760;08/04/2010
2010001315;3;1;1;1;1;760;30/04/2010
2010001316;1;1;2;1;3;760;21/06/2010
2010001317;3;1;1;1;3;760;25/11/2010
2010001318;2;2;1;1;1;760;30/11/2010
2010001319;3;1;1;1;5;270;14/01/2010
2010001320;3;1;1;1;6;270;27/01/2010
2010001321;3;1;1;1;6;270;06/02/2010
2010001322;1;1;1;2;5;270;23/02/2010
2010001323;1;1;1;6;3;270;26/02/2010
2010001324;1;1;1;1;5;270;01/03/2010
2010001325;1;1;1;7;5;270;05/03/2010
2010001326;1;2;1;1;1;270;05/03/2010
2010001327;1;1;1;1;6;270;08/03/2010
2010001328;1;1;1;1;2;270;21/03/2010
2010001329;1;1;6;2;1;270;03/04/2010
2010001330;1;1;6;7;3;270;17/04/2010
2010001331;1;1;1;1;6;270;22/04/2010
2010001332;1;1;2;1;1;270;22/04/2010
2010001333;5;1;9;1;6;270;25/04/2010
2010001334;1;1;1;1;6;270;05/05/2010
2010001335;1;1;6;1;3;270;14/05/2010
2010001336;1;1;2;1;5;270;13/05/2010
2010001337;1;1;2;1;5;270;09/06/2010
2010001338;3;1;1;1;6;270;12/06/2010
2010001339;1;1;2;1;3;270;28/07/2010
2010001340;3;1;1;1;1;270;30/07/2010
2010001341;1;1;1;1;1;270;04/08/2010
2010001342;1;1;1;1;7;270;03/08/2010
2010001343;1;1;3;1;1;270;23/08/2010
2010001344;1;1;1;1;7;270;28/08/2010
2010001345;1;1;1;1;1;270;02/09/2010
2010001346;2;1;1;1;3;270;14/09/2010
2010001347;1;1;2;7;1;270;17/09/2010
2010001348;1;1;3;1;1;270;20/09/2010
2010001349;1;2;2;1;3;270;10/10/2010
2010001350;1;1;1;1;3;270;11/10/2010
2010001351;1;1;1;1;2;270;31/10/2010
2010001352;3;1;1;1;6;270;07/11/2010
2010001353;1;1;1;1;1;270;18/11/2010
2010001354;3;1;2;8;6;270;28/12/2010
2010001355;1;2;1;1;7;270;08/08/2010
2010001356;5;2;3;2;3;270;26/08/2010
2010001357;1;2;3;2;1;270;01/10/2010
2010001358;1;1;1;2;1;270;06/11/2010
2010001359;1;1;1;1;6;270;28/11/2010
2010001360;3;1;1;1;6;270;30/01/2010
2010001361;3;1;1;1;5;270;13/02/2010
2010001362;1;1;1;9;7;270;17/02/2010
2010001363;3;1;1;2;7;270;26/02/2010
2010001364;2;1;1;1;3;270;21/03/2010
2010001365;2;1;2;1;3;270;23/03/2010
2010001366;2;1;1;2;1;270;29/03/2010
2010001367;1;1;1;1;5;270;30/03/2010
2010001368;1;1;2;1;3;270;26/04/2010
2010001369;1;1;3;1;3;270;27/04/2010
2010001370;1;1;2;7;3;270;24/05/2010
2010001371;2;1;1;1;5;270;04/06/2010
2010001372;3;1;9;1;6;270;12/06/2010
2010001373;1;1;1;1;7;270;15/06/2010
2010001374;1;1;1;1;6;270;29/06/2010
2010001375;3;1;1;1;7;270;02/07/2010
2010001376;1;1;2;1;3;270;17/07/2010
2010001377;1;1;1;1;7;270;24/08/2010
2010001378;1;2;1;1;6;270;02/11/2010
2010001379;3;1;1;1;6;270;20/11/2010
2010001380;1;2;3;1;2;270;27/12/2010
2010001381;1;2;4;1;1;270;30/03/2010
2010001382;2;1;1;1;7;270;10/04/2010
2010001383;3;1;1;1;6;270;28/05/2010
2010001384;5;1;1;1;1;270;28/05/2010
2010001385;1;1;1;2;1;270;01/06/2010
2010001386;1;1;1;1;2;270;01/07/2010
2010001387;1;1;3;1;3;270;10/07/2010
2010001388;1;2;6;1;3;270;20/08/2010
2010001389;2;2;1;1;1;270;17/09/2010
2010001390;1;1;1;1;7;270;18/09/2010
2010001391;1;1;1;3;3;270;06/11/2010
2010001392;3;1;1;8;7;270;18/11/2010
2010001393;5;2;8;1;6;270;25/12/2010
2010001394;1;1;1;1;6;270;19/04/2010
2010001395;2;1;1;2;1;270;11/05/2010
2010001396;1;1;2;1;3;270;27/06/2010
2010001397;2;1;1;1;6;270;10/07/2010
2010001398;3;1;1;1;6;270;17/08/2010
2010001399;1;2;1;1;3;270;27/08/2010
2010001400;1;1;1;7;7;270;31/08/2010
2010001401;1;1;1;1;6;270;02/09/2010
2010001402;1;1;1;1;6;270;11/10/2010
2010001403;1;1;2;1;3;270;22/10/2010
2010001404;3;1;1;1;6;270;24/10/2010
2010001405;1;2;1;1;6;270;20/02/2010
2010001406;1;1;1;1;6;270;23/03/2010
2010001407;1;1;1;1;6;270;12/07/2010
2010001408;5;2;1;1;1;270;10/09/2010
2010001409;1;2;1;1;6;270;16/11/2010
2010001410;1;1;1;8;2;270;12/01/2010
2010001411;5;2;1;1;6;270;08/04/2010
2010001412;5;2;1;1;6;270;23/05/2010
2010001413;1;2;1;1;7;270;26/06/2010
2010001414;3;1;2;1;3;270;30/07/2010
2010001415;1;1;2;3;3;270;15/08/2010
2010001416;1;1;2;1;3;270;02/09/2010
2010001417;1;1;2;1;3;270;11/09/2010
2010001418;1;1;1;1;2;270;16/09/2010
2010001419;3;1;6;1;7;270;17/10/2010
2010001420;1;1;1;9;3;270;17/12/2010
2010001421;5;2;3;1;1;270;26/01/2010
2010001422;1;2;9;7;6;270;17/03/2010
2010001423;2;1;1;8;6;270;21/03/2010
2010001424;1;1;1;1;1;270;31/05/2010
2010001425;1;1;1;2;7;270;01/06/2010
2010001426;1;2;1;1;2;270;17/09/2010
2010001427;3;2;1;2;6;270;20/10/2010
2010001428;1;2;1;2;6;270;05/11/2010
2010001429;3;2;1;1;6;270;22/02/2010
2010001430;1;1;1;1;7;270;27/04/2010
2010001431;1;1;2;1;3;270;07/06/2010
2010001432;1;1;2;1;1;270;18/06/2010
2010001433;1;2;1;7;6;270;29/06/2010
2010001434;5;2;1;1;3;270;27/07/2010
2010001435;2;2;3;1;1;270;31/07/2010
2010001436;1;2;1;1;6;270;21/08/2010
2010001437;1;1;1;1;2;270;22/09/2010
2010001438;5;2;1;1;7;270;07/10/2010
2010001439;3;1;9;9;3;270;15/10/2010
2010001440;1;2;1;1;2;270;21/10/2010
2010001441;1;2;1;1;6;270;16/02/2010
2010001442;1;1;2;1;1;270;17/02/2010
2010001443;2;1;1;1;1;270;01/03/2010
2010001444;1;2;1;1;6;270;03/03/2010
2010001445;1;1;1;1;6;270;06/03/2010
2010001446;1;2;1;2;1;270;16/03/2010
2010001447;1;2;1;1;6;270;23/03/2010
2010001448;1;2;1;1;4;270;06/04/2010
2010001449;1;1;1;1;2;270;11/04/2010
2010001450;1;1;6;1;1;270;29/04/2010
2010001451;2;1;1;1;3;270;30/04/2010
2010001452;2;1;1;1;7;270;09/05/2010
2010001453;1;1;1;1;2;270;26/05/2010
2010001454;1;1;2;1;3;270;08/06/2010
2010001455;3;1;1;1;6;270;23/07/2010
2010001456;1;2;2;1;3;270;05/09/2010
2010001457;1;2;9;1;6;270;22/10/2010
2010001458;2;1;1;8;6;270;22/10/2010
2010001459;1;1;1;3;4;270;23/10/2010
2010001460;1;1;1;1;7;270;30/10/2010
2010001461;1;1;1;1;6;270;06/02/2010
2010001462;3;1;1;9;6;270;09/02/2010
2010001463;1;2;1;1;7;270;17/03/2010
2010001464;1;2;2;1;1;270;14/05/2010
2010001465;1;1;2;1;3;270;15/05/2010
2010001466;2;1;2;1;3;270;16/05/2010
2010001467;3;1;1;1;3;270;20/05/2010
2010001468;1;2;1;1;7;270;21/06/2010
2010001469;3;1;1;1;6;270;24/07/2010
2010001470;1;1;1;1;7;270;12/09/2010
2010001471;3;1;1;1;1;270;15/10/2010
2010001472;1;2;1;1;6;270;17/10/2010
2010001473;3;1;1;1;6;270;23/10/2010
2010001474;1;1;2;1;3;270;04/11/2010
2010001475;1;1;1;1;1;270;09/11/2010
2010001476;2;1;3;5;3;270;16/11/2010
2010001477;3;1;1;8;6;270;20/11/2010
2010001478;1;2;1;8;3;270;26/11/2010
2010001479;3;1;1;1;7;270;10/12/2010
2010001480;5;2;1;2;6;270;24/01/2010
2010001481;1;2;1;1;7;270;09/04/2010
2010001482;1;2;2;1;3;270;22/04/2010
2010001483;1;1;2;1;3;270;15/05/2010
2010001484;1;2;1;1;6;270;28/07/2010
2010001485;1;1;3;1;2;270;28/08/2010
2010001486;1;1;2;1;3;270;16/11/2010
2010001487;1;1;2;1;3;270;07/01/2010
2010001488;1;1;2;1;3;270;12/02/2010
2010001489;5;2;1;1;6;270;08/03/2010
2010001490;1;1;2;1;3;270;09/07/2010
2010001491;1;2;1;1;1;270;13/07/2010
2010001492;1;1;1;1;1;270;03/09/2010
2010001493;3;1;1;1;2;270;11/09/2010
2010001494;3;1;1;1;7;270;30/10/2010
2010001495;3;2;1;2;1;270;25/02/2010
2010001496;1;1;1;1;3;270;02/03/2010
2010001497;3;1;1;2;3;270;29/03/2010
2010001498;1;2;3;1;3;270;30/04/2010
2010001499;1;2;1;1;6;270;24/05/2010
2010001500;1;2;2;1;3;270;12/07/2010
2010001501;1;1;1;2;4;270;21/07/2010
2010001502;1;2;6;1;6;270;24/08/2010
2010001503;3;2;6;1;6;270;10/09/2010
2010001504;1;2;6;8;2;270;26/09/2010
2010001505;1;2;7;7;6;270;11/10/2010
2010001506;1;1;1;1;4;270;20/10/2010
2010001507;5;1;6;8;3;270;27/10/2010
2010001508;1;1;1;1;1;270;14/11/2010
2010001509;2;1;1;9;1;270;15/11/2010
2010001510;1;1;1;1;3;270;15/11/2010
2010001511;3;1;2;2;3;270;24/11/2010
2010001512;1;1;3;1;3;270;04/01/2010
2010001513;2;1;1;8;3;270;15/02/2010
2010001514;1;2;6;1;3;270;06/04/2010
2010001515;1;1;1;1;7;270;29/05/2010
2010001516;2;1;1;5;7;270;11/06/2010
2010001517;1;2;1;1;3;270;20/06/2010
2010001518;3;1;1;1;7;270;26/06/2010
2010001519;3;2;1;1;7;270;09/07/2010
2010001520;1;1;1;1;7;270;13/07/2010
2010001521;1;1;1;1;6;270;05/09/2010
2010001522;1;1;1;1;7;270;18/09/2010
2010001523;1;1;1;1;1;270;22/09/2010
2010001524;1;1;1;1;3;270;26/09/2010
2010001525;1;2;3;1;3;270;03/10/2010
2010001526;2;1;1;1;7;270;24/10/2010
2010001527;2;2;3;2;3;270;26/11/2010
2010001528;3;1;1;4;3;270;31/12/2010
2010001529;3;1;1;2;6;270;23/01/2010
2010001530;5;1;3;4;2;270;29/01/2010
2010001531;3;1;1;1;6;270;03/02/2010
2010001532;1;1;1;8;1;270;04/02/2010
2010001533;3;1;1;1;6;270;13/04/2010
2010001534;1;1;2;1;3;270;15/04/2010
2010001535;5;2;1;1;6;270;17/04/2010
2010001536;1;1;1;1;1;270;27/04/2010
2010001537;1;1;1;1;1;270;20/05/2010
2010001538;1;1;1;1;1;270;24/06/2010
2010001539;1;1;1;1;1;270;07/07/2010
2010001540;1;1;2;1;2;270;08/07/2010
2010001541;1;1;2;1;3;270;23/07/2010
2010001542;1;2;1;1;6;270;02/08/2010
2010001543;1;2;1;1;1;270;03/08/2010
2010001544;1;1;1;1;1;270;08/08/2010
2010001545;1;1;1;1;6;270;11/08/2010
2010001546;1;1;1;1;1;270;28/08/2010
2010001547;2;1;1;1;6;270;29/08/2010
2010001548;1;1;1;1;1;270;04/09/2010
2010001549;1;1;1;1;4;270;17/09/2010
2010001550;1;2;1;1;3;270;01/10/2010
2010001551;1;2;3;3;6;270;11/11/2010
2010001552;1;2;1;1;6;270;26/11/2010
2010001553;5;2;8;1;6;270;27/12/2010
2010001554;3;1;3;1;1;270;11/02/2010
2010001555;2;2;1;1;6;270;15/03/2010
2010001556;1;1;2;1;2;270;08/05/2010
2010001557;1;1;1;1;3;270;31/05/2010
2010001558;3;1;1;1;6;270;03/07/2010
2010001559;1;1;1;1;3;270;18/07/2010
2010001560;1;1;1;1;3;270;29/07/2010
2010001561;1;1;1;1;6;270;05/08/2010
2010001562;1;1;1;2;6;270;15/08/2010
2010001563;1;2;7;1;3;270;16/09/2010
2010001564;5;2;2;1;3;270;18/11/2010
2010001565;1;1;1;1;6;270;01/03/2010
2010001566;2;1;1;1;1;270;11/03/2010
2010001567;1;1;1;1;2;270;20/03/2010
2010001568;1;1;1;1;1;270;14/05/2010
2010001569;1;1;1;1;6;270;16/05/2010
2010001570;1;1;1;1;6;270;02/06/2010
2010001571;1;1;1;1;7;270;05/06/2010
2010001572;1;1;1;1;7;270;20/06/2010
2010001573;1;2;2;1;1;270;11/07/2010
2010001574;1;1;1;1;3;270;12/07/2010
2010001575;1;1;1;1;6;270;28/07/2010
2010001576;1;1;1;1;6;270;19/09/2010
2010001577;3;1;1;2;1;350;29/01/2010
2010001578;1;1;1;1;3;350;03/06/2010
2010001579;1;1;1;1;2;350;05/07/2010
2010001580;1;2;1;1;6;350;31/07/2010
2010001581;1;2;1;1;3;350;18/09/2010
2010001582;1;1;1;1;1;350;19/01/2010
2010001583;1;1;1;1;1;350;06/03/2010
2010001584;1;1;1;1;7;350;09/04/2010
2010001585;1;1;1;1;1;350;20/04/2010
2010001586;1;1;1;1;6;350;29/04/2010
2010001587;3;1;1;1;6;350;10/05/2010
2010001588;3;1;1;1;4;350;19/06/2010
2010001589;1;1;1;1;3;350;24/06/2010
2010001590;1;1;1;1;3;350;23/07/2010
2010001591;1;2;1;1;3;350;05/08/2010
2010001592;1;1;1;1;7;350;13/08/2010
2010001593;1;1;9;1;3;350;13/09/2010
2010001594;1;1;1;1;3;350;12/10/2010
2010001595;3;1;1;9;4;350;18/12/2010
2010001596;3;1;1;5;6;350;21/12/2010
2010001597;1;1;2;2;5;350;23/12/2010
2010001598;3;2;1;2;3;350;23/12/2010
2010001599;3;1;1;1;6;350;12/02/2010
2010001600;1;1;1;1;2;350;16/02/2010
2010001601;3;1;1;1;3;350;26/03/2010
2010001602;1;1;1;2;5;350;31/05/2010
2010001603;1;2;3;1;1;350;18/08/2010
2010001604;1;1;1;8;1;350;26/08/2010
2010001605;3;1;1;1;5;350;09/10/2010
2010001606;1;1;3;1;1;350;24/10/2010
2010001607;3;1;1;1;6;350;08/11/2010
2010001608;3;1;1;1;7;350;29/01/2010
2010001609;3;1;1;3;7;350;29/01/2010
2010001610;3;1;1;1;7;350;26/06/2010
2010001611;1;1;1;1;6;350;15/08/2010
2010001612;1;1;1;1;6;350;25/09/2010
2010001613;1;1;1;5;3;350;28/12/2010
2010001614;1;2;6;1;6;350;21/04/2010
2010001615;1;1;1;1;3;350;24/04/2010
2010001616;1;2;1;1;1;350;25/10/2010
2010001617;2;1;1;9;1;350;17/12/2010
2010001618;2;2;1;8;6;350;18/12/2010
2010001619;3;1;3;2;3;350;01/03/2010
2010001620;2;1;1;1;6;350;09/03/2010
2010001621;2;1;1;1;7;350;10/04/2010
2010001622;1;1;1;1;6;350;07/05/2010
2010001623;3;1;1;1;7;350;21/05/2010
2010001624;1;1;1;1;7;350;13/06/2010
2010001625;5;1;6;1;6;350;10/07/2010
2010001626;1;2;1;1;7;350;20/08/2010
2010001627;1;1;1;1;1;350;27/12/2010
2010001628;1;2;6;4;6;350;01/02/2010
2010001629;1;1;1;1;3;350;01/02/2010
2010001630;1;2;1;1;6;350;11/05/2010
2010001631;1;1;1;1;7;350;26/06/2010
2010001632;1;1;1;9;1;350;15/07/2010
2010001633;2;1;2;1;3;350;28/07/2010
2010001634;1;1;1;1;3;350;08/08/2010
2010001635;1;1;1;3;2;350;14/08/2010
2010001636;1;1;1;1;7;350;21/08/2010
2010001637;1;1;9;1;3;350;27/08/2010
2010001638;1;1;1;1;5;350;19/09/2010
2010001639;1;1;1;1;5;350;20/09/2010
2010001640;3;1;1;1;7;350;11/12/2010
2010001641;2;1;2;1;3;350;11/12/2010
2010001642;1;1;1;9;1;350;25/12/2010
2010001643;3;1;1;2;1;350;16/01/2010
2010001644;1;1;1;1;2;350;26/01/2010
2010001645;3;1;1;1;6;350;03/02/2010
2010001646;1;1;1;1;3;350;04/06/2010
2010001647;1;2;1;1;3;350;09/06/2010
2010001648;1;2;2;1;6;350;22/06/2010
2010001649;1;1;6;1;3;350;08/07/2010
2010001650;1;2;1;1;3;350;19/07/2010
2010001651;1;1;1;1;1;350;01/11/2010
2010001652;3;1;1;1;3;350;10/12/2010
2010001653;3;1;1;1;6;350;08/01/2010
2010001654;3;1;1;1;6;350;14/02/2010
2010001655;1;2;1;1;1;350;26/02/2010
2010001656;3;1;1;1;7;350;18/04/2010
2010001657;2;1;1;1;6;350;12/06/2010
2010001658;1;2;1;1;6;350;27/06/2010
2010001659;1;1;1;1;2;350;02/07/2010
2010001660;1;1;1;1;2;350;29/07/2010
2010001661;1;1;1;1;1;350;09/08/2010
2010001662;1;1;1;1;1;350;09/10/2010
2010001663;1;1;1;1;1;350;30/10/2010
2010001664;1;1;1;1;6;350;30/10/2010
2010001665;1;1;1;1;3;350;10/11/2010
2010001666;3;1;1;1;6;350;29/01/2010
2010001667;1;1;1;1;1;350;01/03/2010
2010001668;1;1;1;1;1;350;16/04/2010
2010001669;1;1;1;1;3;350;28/04/2010
2010001670;1;1;1;1;3;350;25/05/2010
2010001671;2;1;9;1;7;350;16/06/2010
2010001672;3;1;1;1;6;350;07/07/2010
2010001673;1;1;1;1;2;350;03/09/2010
2010001674;1;1;1;1;1;350;16/09/2010
2010001675;1;1;3;1;3;350;13/10/2010
2010001676;3;1;1;1;6;350;15/10/2010
2010001677;1;1;2;1;3;350;23/10/2010
2010001678;2;1;1;1;2;350;27/10/2010
2010001679;1;1;1;3;2;350;18/12/2010
2010001680;1;1;1;1;7;350;01/04/2010
2010001681;1;1;1;1;3;350;06/04/2010
2010001682;3;1;1;1;1;350;09/04/2010
2010001683;1;1;1;1;7;350;15/05/2010
2010001684;1;1;1;1;1;350;04/07/2010
2010001685;1;1;1;8;3;350;24/09/2010
2010001686;1;1;1;3;7;350;01/10/2010
2010001687;3;1;1;1;7;350;21/11/2010
2010001688;2;1;1;1;7;350;28/11/2010
2010001689;2;2;1;2;3;350;06/12/2010
2010001690;1;1;1;4;7;350;07/01/2010
2010001691;3;1;1;4;6;350;13/01/2010
2010001692;1;2;1;1;3;350;15/01/2010
2010001693;1;1;1;1;6;350;17/01/2010
2010001694;1;1;1;1;6;350;26/01/2010
2010001695;1;1;1;1;2;350;16/02/2010
2010001696;3;1;1;1;1;350;14/03/2010
2010001697;2;1;1;1;7;350;21/03/2010
2010001698;1;1;1;3;6;350;03/04/2010
2010001699;3;1;1;1;6;350;04/04/2010
2010001700;1;1;1;1;3;350;09/04/2010
2010001701;1;1;1;1;3;350;19/04/2010
2010001702;3;1;1;1;6;350;17/04/2010
2010001703;1;1;9;1;5;350;24/04/2010
2010001704;1;2;1;1;7;350;22/05/2010
2010001705;1;1;1;1;3;350;03/06/2010
2010001706;1;1;1;1;4;350;10/06/2010
2010001707;1;1;1;1;1;350;11/06/2010
2010001708;1;1;1;1;6;350;26/06/2010
2010001709;1;1;1;1;5;350;03/07/2010
2010001710;1;1;1;1;6;350;03/07/2010
2010001711;1;1;1;1;3;350;05/07/2010
2010001712;1;2;1;1;1;350;16/07/2010
2010001713;1;1;1;1;6;350;23/07/2010
2010001714;1;1;1;1;7;350;25/07/2010
2010001715;1;1;9;1;1;350;26/07/2010
2010001716;1;1;1;1;6;350;30/07/2010
2010001717;1;1;1;1;1;350;09/08/2010
2010001718;1;1;2;1;3;350;12/08/2010
2010001719;5;2;1;1;7;350;13/08/2010
2010001720;1;2;1;1;7;350;19/08/2010
2010001721;1;1;1;1;1;350;20/08/2010
2010001722;1;1;1;1;2;350;22/08/2010
2010001723;1;1;1;1;1;350;16/08/2010
2010001724;5;2;1;1;6;350;01/09/2010
2010001725;3;1;1;1;6;350;04/09/2010
2010001726;1;2;1;1;2;350;10/09/2010
2010001727;2;1;1;2;1;350;24/09/2010
2010001728;1;1;1;2;3;350;06/10/2010
2010001729;1;1;1;1;2;350;01/11/2010
2010001730;1;1;1;1;1;350;16/11/2010
2010001731;1;1;1;2;7;350;22/11/2010
2010001732;1;1;1;1;6;350;23/11/2010
2010001733;1;1;1;1;5;350;30/12/2010
2010001734;3;1;1;1;3;350;10/12/2010
2010001735;1;1;1;2;6;350;01/02/2010
2010001736;5;2;1;1;3;350;04/02/2010
2010001737;3;1;1;1;1;350;10/02/2010