num_acc;lum;agg;inter;atm;col;dep;date
2010003474;1;1;2;1;3;490;07/06/2010
2010003475;1;2;1;1;6;490;18/06/2010
2010003476;1;2;1;1;2;490;30/06/2010
2010003477;1;1;1;1;7;490;05/07/2010
2010003478;1;1;1;1;1;490;16/07/2010
2010003479;2;2;1;1;1;490;16/07/2010
2010003480;1;1;1;1;3;490;31/07/2010
2010003481;1;2;2;1;3;490;04/08/2010
2010003482;1;1;1;1;7;490;15/08/2010
2010003483;1;1;3;1;3;490;02/09/2010
2010003484;1;1;4;1;2;490;10/10/2010
2010003485;1;2;6;1;7;490;11/10/2010
2010003486;1;1;1;1;1;490;18/10/2010
2010003487;1;1;3;1;6;490;30/10/2010
2010003488;1;2;1;2;3;490;20/11/2010
2010003489;1;1;1;1;6;490;23/11/2010
2010003490;3;1;1;1;2;490;26/12/2010
2010003491;3;1;1;1;6;490;29/01/2010
2010003492;1;2;1;1;6;490;04/02/2010
2010003493;1;1;1;1;3;490;05/02/2010
2010003494;1;2;1;1;3;490;04/02/2010
2010003495;1;1;1;1;7;490;10/04/2010
2010003496;3;1;1;1;6;490;11/04/2010
2010003497;5;2;2;1;6;490;28/04/2010
2010003498;2;2;1;1;6;490;14/05/2010
2010003499;1;2;1;1;3;490;05/06/2010
2010003500;1;1;1;1;1;490;13/06/2010
2010003501;1;1;1;1;2;490;27/07/2010
2010003502;1;1;1;1;1;490;14/08/2010
2010003503;1;1;3;1;3;490;22/10/2010
2010003504;2;1;1;5;3;490;28/10/2010
2010003505;2;1;2;1;3;490;18/11/2010
2010003506;1;1;1;4;6;490;18/02/2010
2010003507;2;2;6;1;3;490;26/02/2010
2010003508;3;1;3;1;3;490;02/03/2010
2010003509;3;1;1;2;3;490;19/03/2010
2010003510;1;1;2;1;3;490;20/04/2010
2010003511;1;1;1;1;7;490;28/05/2010
2010003512;1;1;3;1;3;490;02/06/2010
2010003513;3;1;1;1;6;490;05/06/2010
2010003514;1;2;1;1;6;490;13/06/2010
2010003515;1;1;4;1;1;490;02/07/2010
2010003516;3;1;1;1;6;490;04/07/2010
2010003517;1;1;1;1;1;490;08/07/2010
2010003518;1;1;6;1;6;490;20/08/2010
2010003519;1;1;1;1;3;490;27/10/2010
2010003520;1;1;1;4;6;490;12/01/2010
2010003521;2;1;1;8;1;490;21/01/2010
2010003522;3;1;1;8;1;490;05/02/2010
2010003523;1;1;1;4;7;490;18/02/2010
2010003524;3;1;1;2;6;490;27/03/2010
2010003525;1;1;1;1;6;490;08/04/2010
2010003526;1;1;2;1;2;490;27/04/2010
2010003527;4;2;1;1;6;490;09/05/2010
2010003528;1;1;1;1;1;490;11/06/2010
2010003529;3;1;1;1;6;490;27/06/2010
2010003530;1;1;1;1;6;490;11/07/2010
2010003531;5;2;6;1;7;490;11/07/2010
2010003532;1;2;1;1;7;490;17/06/2010
2010003533;1;1;1;1;6;490;25/07/2010
2010003534;2;2;1;1;7;490;29/08/2010
2010003535;2;1;1;1;6;490;01/11/2010
2010003536;3;1;1;9;1;490;16/12/2010
2010003537;1;1;2;1;1;490;24/12/2010
2010003538;1;1;1;1;7;490;20/03/2010
2010003539;1;1;6;1;3;490;29/04/2010
2010003540;1;1;1;1;7;490;28/04/2010
2010003541;1;1;1;1;6;490;28/05/2010
2010003542;1;1;1;1;7;490;12/06/2010
2010003543;1;1;2;1;3;490;06/07/2010
2010003544;3;1;1;1;1;490;09/08/2010
2010003545;1;2;1;1;2;490;24/09/2010
2010003546;1;2;4;1;3;490;27/10/2010
2010003547;2;2;2;1;1;490;25/11/2010
2010003548;1;1;1;9;3;530;09/01/2010
2010003549;1;1;1;1;1;530;26/01/2010
2010003550;1;1;1;1;1;530;17/02/2010
2010003551;3;1;1;1;7;530;28/02/2010
2010003552;1;1;2;1;3;530;31/05/2010
2010003553;1;1;1;1;7;530;21/06/2010
2010003554;1;1;1;1;7;530;22/08/2010
2010003555;3;1;1;2;1;530;23/08/2010
2010003556;5;2;1;2;2;530;03/10/2010
2010003557;1;1;1;1;1;530;23/12/2010
2010003558;5;2;1;1;6;530;08/02/2010
2010003559;1;1;3;1;2;530;01/04/2010
2010003560;1;1;1;1;6;530;05/04/2010
2010003561;1;1;1;1;7;530;19/04/2010
2010003562;1;1;1;1;3;530;19/07/2010
2010003563;1;1;1;1;1;530;06/08/2010
2010003564;2;1;1;1;7;530;05/09/2010
2010003565;1;1;2;1;3;530;15/09/2010
2010003566;3;1;1;1;3;530;30/09/2010
2010003567;1;1;1;7;3;530;08/10/2010
2010003568;1;1;1;1;6;530;01/02/2010
2010003569;1;2;1;1;6;530;18/02/2010
2010003570;1;1;1;1;6;530;25/04/2010
2010003571;1;2;1;1;6;530;19/06/2010
2010003572;1;2;3;1;1;530;23/06/2010
2010003573;1;2;1;1;6;530;10/07/2010
2010003574;3;1;1;1;6;530;31/08/2010
2010003575;1;1;1;1;1;530;13/09/2010
2010003576;1;2;1;1;6;530;04/11/2010
2010003577;1;1;1;9;6;530;15/11/2010
2010003578;1;2;1;1;3;530;13/01/2010
2010003579;1;1;1;4;7;530;18/02/2010
2010003580;1;1;1;1;2;530;13/03/2010
2010003581;1;1;1;3;1;530;19/03/2010
2010003582;3;1;1;1;2;530;11/04/2010
2010003583;1;1;1;1;6;530;02/05/2010
2010003584;5;2;6;1;6;530;26/06/2010
2010003585;1;1;1;1;7;530;01/07/2010
2010003586;1;2;1;1;7;530;14/07/2010
2010003587;3;2;1;1;7;530;22/07/2010
2010003588;3;1;1;1;7;530;10/08/2010
2010003589;1;1;1;1;6;530;30/08/2010
2010003590;1;2;1;1;3;530;13/10/2010
2010003591;3;1;1;1;7;530;14/10/2010
2010003592;1;2;1;7;6;530;19/10/2010
2010003593;3;1;1;1;6;530;28/10/2010
2010003594;2;1;1;1;6;530;16/12/2010
2010003595;3;1;1;9;4;530;01/02/2010
2010003596;3;1;1;9;6;530;18/02/2010
2010003597;1;1;1;1;3;530;27/03/2010
2010003598;2;2;1;1;7;530;10/04/2010
2010003599;3;1;9;1;1;530;08/05/2010
2010003600;2;2;1;1;3;530;08/05/2010
2010003601;1;2;9;1;6;530;26/06/2010
2010003602;1;1;1;7;3;530;28/06/2010
2010003603;1;1;2;1;3;530;20/07/2010
2010003604;5;2;1;1;1;530;27/08/2010
2010003605;5;2;1;1;7;530;08/10/2010
2010003606;1;2;9;1;1;530;30/10/2010
2010003607;1;1;2;1;3;530;07/11/2010
2010003608;1;1;1;1;1;530;24/12/2010
2010003609;3;1;1;1;5;530;29/01/2010
2010003610;1;1;1;1;1;530;01/04/2010
2010003611;1;2;1;1;7;530;15/05/2010
2010003612;1;1;1;1;6;530;17/07/2010
2010003613;1;1;1;1;6;530;31/07/2010
2010003614;1;1;1;1;7;530;02/10/2010
2010003615;1;1;1;8;7;530;04/11/2010
2010003616;1;1;1;9;5;530;17/11/2010
2010003617;1;1;1;1;1;530;29/11/2010
2010003618;1;1;1;1;1;530;01/05/2010
2010003619;1;1;1;1;3;530;18/06/2010
2010003620;1;2;3;1;1;530;19/06/2010
2010003621;1;1;1;1;3;530;20/06/2010
2010003622;1;1;1;1;6;530;26/06/2010
2010003623;1;1;1;1;7;530;04/09/2010
2010003624;1;1;1;1;1;530;11/09/2010
2010003625;1;1;1;8;3;530;20/01/2010
2010003626;1;2;1;1;6;530;07/03/2010
2010003627;2;1;1;1;1;530;25/03/2010
2010003628;1;1;1;2;1;530;28/03/2010
2010003629;3;1;1;1;1;530;22/04/2010
2010003630;3;1;2;1;3;530;05/05/2010
2010003631;1;1;1;1;1;530;29/05/2010
2010003632;1;1;1;1;1;530;02/06/2010
2010003633;1;2;1;1;3;530;22/08/2010
2010003634;1;1;1;1;1;530;24/08/2010
2010003635;1;2;1;1;6;530;13/09/2010
2010003636;3;1;1;1;6;530;12/10/2010
2010003637;3;1;1;8;2;530;14/11/2010
2010003638;3;1;1;1;1;530;10/12/2010
2010003639;1;1;1;1;3;530;02/02/2010
2010003640;1;1;1;1;7;530;14/03/2010
2010003641;1;1;1;1;6;530;25/04/2010
2010003642;1;1;1;1;6;530;04/06/2010
2010003643;1;2;1;2;6;530;10/08/2010
2010003644;1;1;1;1;6;530;18/09/2010
2010003645;1;1;1;1;1;530;08/10/2010
2010003646;3;1;1;1;6;530;12/10/2010
2010003647;3;1;1;1;6;530;22/10/2010
2010003648;3;1;1;2;1;530;19/11/2010
2010003649;2;1;9;1;2;530;05/12/2010
2010003650;1;2;2;1;5;10;05/03/2010
2010003651;2;2;1;1;3;10;19/03/2010
2010003652;1;2;1;1;1;10;10/04/2010
2010003653;2;2;1;1;3;10;17/04/2010
2010003654;5;1;1;1;2;10;22/05/2010
2010003655;1;2;2;1;3;10;05/06/2010
2010003656;1;2;1;1;3;10;10/06/2010
2010003657;1;2;1;1;3;10;05/07/2010
2010003658;1;2;3;1;2;10;13/07/2010
2010003659;1;2;3;1;3;10;13/07/2010
2010003660;1;2;1;1;6;10;22/08/2010
2010003661;1;2;1;1;2;10;03/10/2010
2010003662;3;1;1;2;1;10;08/11/2010
2010003663;1;2;1;1;2;10;11/11/2010
2010003664;1;2;3;1;6;10;20/12/2010
2010003665;1;1;1;1;6;720;13/01/2010
2010003666;3;1;6;2;7;720;17/01/2010
2010003667;1;2;2;1;3;720;23/06/2010
2010003668;3;1;1;1;7;720;26/01/2010
2010003669;1;1;2;1;3;720;25/02/2010
2010003670;1;2;1;1;3;720;12/04/2010
2010003671;5;2;1;1;6;720;15/05/2010
2010003672;3;1;1;1;7;720;29/05/2010
2010003673;3;1;1;1;7;720;06/06/2010
2010003674;1;2;1;1;7;720;05/06/2010
2010003675;1;1;1;1;7;720;04/07/2010
2010003676;1;1;1;1;3;720;08/07/2010
2010003677;1;1;1;1;1;720;27/07/2010
2010003678;1;1;2;1;6;720;05/08/2010
2010003679;3;1;1;1;1;720;09/08/2010
2010003680;2;1;1;1;7;720;29/08/2010
2010003681;1;2;6;1;3;720;28/10/2010
2010003682;3;1;1;1;6;720;01/11/2010
2010003683;1;1;1;1;3;720;02/02/2010
2010003684;1;1;1;3;5;720;03/04/2010
2010003685;1;1;9;3;6;720;02/04/2010
2010003686;1;1;1;1;3;720;19/04/2010
2010003687;1;2;6;1;1;720;29/04/2010
2010003688;1;1;1;1;2;720;31/07/2010
2010003689;2;1;2;1;3;720;06/08/2010
2010003690;3;1;1;1;6;720;18/08/2010
2010003691;1;2;1;2;7;720;06/09/2010
2010003692;1;1;1;1;2;720;08/10/2010
2010003693;2;1;1;1;3;720;12/10/2010
2010003694;1;1;1;8;7;720;20/11/2010
2010003695;1;1;1;1;7;720;20/01/2010
2010003696;3;1;1;1;6;720;22/01/2010
2010003697;1;1;1;1;7;720;31/01/2010
2010003698;3;1;1;1;3;720;23/02/2010
2010003699;5;2;1;3;6;720;24/02/2010
2010003700;3;1;1;3;1;720;27/02/2010
2010003701;3;1;1;1;6;720;06/03/2010
2010003702;3;1;1;1;7;720;19/03/2010
2010003703;1;1;1;1;5;720;15/04/2010
2010003704;1;1;1;1;3;720;28/04/2010
2010003705;1;1;1;1;7;720;19/05/2010
2010003706;2;1;1;1;6;720;23/05/2010
2010003707;1;1;1;1;4;720;01/06/2010
2010003708;1;2;1;1;1;720;17/06/2010
2010003709;1;1;1;1;1;720;26/07/2010
2010003710;1;1;1;1;1;720;24/08/2010
2010003711;1;1;1;1;6;720;06/09/2010
2010003712;1;1;1;1;1;720;22/09/2010
2010003713;1;1;1;1;1;720;14/10/2010
2010003714;1;1;2;8;3;720;16/10/2010
2010003715;1;1;1;1;3;720;05/11/2010
2010003716;1;1;1;1;1;720;14/07/2010
2010003717;2;2;1;5;3;720;17/09/2010
2010003718;1;2;1;8;6;720;06/10/2010
2010003719;1;2;1;2;1;720;13/11/2010
2010003720;2;1;1;1;6;720;15/11/2010
2010003721;1;1;2;2;3;720;20/12/2010
2010003722;1;2;6;1;1;720;17/12/2010
2010003723;1;1;1;1;1;720;22/01/2010
2010003724;1;1;1;1;7;720;01/03/2010
2010003725;1;1;1;1;7;720;06/06/2010
2010003726;2;1;1;1;6;720;01/08/2010
2010003727;1;2;7;1;1;720;04/08/2010
2010003728;1;1;1;1;1;720;11/09/2010
2010003729;1;1;1;1;5;720;25/09/2010
2010003730;5;2;1;1;3;720;30/10/2010
2010003731;5;2;1;1;1;720;03/11/2010
2010003732;3;1;1;1;3;720;11/01/2010
2010003733;3;1;1;5;1;720;18/01/2010
2010003734;1;1;1;8;6;720;27/02/2010
2010003735;3;1;1;1;7;720;03/06/2010
2010003736;1;1;1;1;1;720;25/06/2010
2010003737;1;2;1;1;2;720;08/07/2010
2010003738;1;1;1;1;7;720;10/08/2010
2010003739;1;1;1;1;6;720;19/09/2010
2010003740;1;1;1;7;2;720;21/09/2010
2010003741;3;1;1;1;6;720;15/11/2010
2010003742;1;1;1;1;1;720;26/01/2010
2010003743;1;1;2;8;3;720;27/02/2010
2010003744;3;1;1;6;2;720;28/02/2010
2010003745;2;1;1;2;6;720;03/04/2010
2010003746;3;1;1;1;1;720;28/04/2010
2010003747;1;1;1;1;6;720;15/05/2010
2010003748;1;2;1;1;2;720;15/05/2010
2010003749;1;1;2;1;3;720;20/05/2010
2010003750;1;1;1;1;6;720;20/05/2010
2010003751;1;1;1;1;3;720;19/06/2010
2010003752;1;1;1;1;3;720;07/07/2010
2010003753;1;1;1;1;7;720;27/07/2010
2010003754;3;1;1;1;7;720;01/08/2010
2010003755;1;1;1;2;7;720;14/08/2010
2010003756;1;2;1;1;1;720;03/09/2010
2010003757;3;1;1;1;7;720;09/09/2010
2010003758;2;1;1;5;1;720;09/09/2010
2010003759;1;1;1;1;7;720;18/09/2010
2010003760;1;1;1;7;2;720;21/10/2010
2010003761;1;2;1;1;7;720;20/11/2010
2010003762;2;1;1;1;1;720;29/11/2010
2010003763;1;2;1;1;6;720;02/12/2010
2010003764;1;1;1;1;6;720;11/12/2010
2010003765;5;2;1;1;6;720;22/01/2010
2010003766;1;1;1;1;5;720;29/04/2010
2010003767;1;1;1;8;5;720;03/05/2010
2010003768;1;1;1;1;5;720;04/06/2010
2010003769;1;1;1;1;6;720;05/06/2010
2010003770;1;1;1;1;6;720;08/07/2010
2010003771;1;1;1;1;1;720;17/07/2010
2010003772;1;2;1;1;1;720;17/07/2010
2010003773;1;1;1;1;2;720;20/07/2010
2010003774;5;2;1;1;1;720;23/09/2010
2010003775;1;1;1;1;6;720;02/10/2010
2010003776;1;1;1;2;6;720;01/10/2010
2010003777;1;2;1;8;6;720;04/10/2010
2010003778;1;1;1;1;2;720;07/10/2010
2010003779;2;2;1;1;1;720;04/01/2010
2010003780;1;1;1;8;1;720;13/03/2010
2010003781;1;1;1;1;1;720;02/04/2010
2010003782;1;1;1;1;1;720;04/07/2010
2010003783;1;1;1;1;6;720;09/07/2010
2010003784;1;1;1;1;7;720;15/07/2010
2010003785;1;2;1;1;1;720;16/07/2010
2010003786;1;1;1;1;1;720;01/09/2010
2010003787;3;1;1;1;6;720;13/09/2010
2010003788;3;1;1;3;3;720;01/10/2010
2010003789;1;2;1;8;1;720;05/12/2010
2010003790;1;2;1;4;6;720;10/01/2010
2010003791;3;1;1;9;7;720;02/02/2010
2010003792;1;2;1;1;6;720;08/04/2010
2010003793;1;1;1;1;7;720;26/04/2010
2010003794;1;2;1;1;3;720;19/05/2010
2010003795;1;1;1;1;3;720;14/06/2010
2010003796;1;1;1;8;2;720;15/06/2010
2010003797;3;1;1;1;6;720;13/07/2010
2010003798;1;1;1;1;1;720;15/07/2010
2010003799;1;1;1;1;1;720;23/07/2010
2010003800;1;2;7;1;6;720;03/08/2010
2010003801;1;1;1;1;3;720;06/08/2010
2010003802;3;1;1;1;7;720;12/09/2010
2010003803;1;1;1;1;3;720;14/09/2010
2010003804;1;1;1;8;2;720;05/10/2010
2010003805;1;2;1;7;3;720;08/10/2010
2010003806;1;1;1;1;3;720;11/10/2010
2010003807;1;1;9;1;1;720;14/12/2010
2010003808;1;1;3;1;3;720;02/02/2010
2010003809;4;1;1;1;7;720;16/02/2010
2010003810;3;1;1;2;6;720;19/02/2010
2010003811;2;1;1;6;6;720;28/02/2010
2010003812;3;1;1;2;5;720;27/03/2010
2010003813;1;1;1;1;3;720;28/03/2010
2010003814;1;1;1;1;1;720;23/04/2010
2010003815;1;1;1;1;6;720;17/06/2010
2010003816;3;2;1;1;1;720;01/07/2010
2010003817;1;1;1;2;7;720;21/07/2010
2010003818;1;1;1;1;3;720;04/08/2010
2010003819;2;1;1;1;7;720;11/08/2010
2010003820;1;1;1;1;1;720;21/08/2010
2010003821;5;1;1;2;6;850;03/02/2010
2010003822;2;1;1;1;6;850;21/02/2010
2010003823;1;1;1;1;5;850;21/03/2010
2010003824;1;1;1;1;3;850;28/05/2010
2010003825;1;1;1;2;2;850;31/05/2010
2010003826;1;1;1;1;6;850;25/06/2010
2010003827;1;1;1;1;1;850;26/06/2010
2010003828;1;1;1;1;2;850;08/07/2010
2010003829;3;1;1;1;6;850;10/07/2010
2010003830;1;1;1;1;2;850;25/07/2010
2010003831;1;1;1;5;6;850;21/08/2010
2010003832;1;1;1;1;1;850;24/08/2010
2010003833;1;1;1;2;1;850;01/10/2010
2010003834;1;1;2;2;3;850;19/11/2010
2010003835;3;1;1;1;7;850;19/11/2010
2010003836;3;1;1;2;6;850;04/12/2010
2010003837;1;1;1;1;6;850;18/03/2010
2010003838;1;1;1;3;1;850;19/03/2010
2010003839;1;1;1;1;7;850;16/04/2010
2010003840;1;1;1;1;2;850;19/04/2010
2010003841;1;1;1;1;2;850;18/04/2010
2010003842;3;1;1;1;6;850;27/04/2010
2010003843;4;2;1;1;6;850;14/05/2010
2010003844;1;2;1;1;3;850;11/05/2010
2010003845;1;1;1;3;2;850;09/06/2010
2010003846;1;2;6;1;7;850;26/06/2010
2010003847;1;1;1;1;3;850;02/07/2010
2010003848;1;1;1;1;1;850;13/07/2010
2010003849;5;2;1;1;6;850;22/08/2010
2010003850;1;1;3;1;3;850;03/09/2010
2010003851;1;1;1;2;3;850;06/09/2010
2010003852;1;1;1;1;1;850;15/09/2010
2010003853;1;2;1;1;3;850;18/09/2010
2010003854;1;1;1;7;3;850;19/09/2010
2010003855;1;1;1;1;3;850;29/09/2010
2010003856;3;1;1;1;1;850;14/11/2010
2010003857;5;2;1;1;1;850;29/11/2010
2010003858;1;2;1;1;2;850;05/12/2010
2010003859;3;1;1;2;6;850;23/01/2010
2010003860;5;2;1;1;3;850;26/01/2010
2010003861;5;1;2;2;3;850;02/02/2010
2010003862;1;2;1;1;3;850;02/03/2010
2010003863;1;2;1;1;2;850;08/03/2010
2010003864;1;2;1;1;3;850;23/04/2010
2010003865;5;2;1;1;6;850;02/05/2010
2010003866;3;1;1;1;6;850;22/05/2010
2010003867;3;1;1;1;6;850;05/06/2010
2010003868;1;1;1;1;1;850;15/06/2010
2010003869;5;1;1;1;1;850;02/07/2010
2010003870;1;1;1;1;2;850;04/07/2010
2010003871;5;2;1;1;6;850;07/07/2010
2010003872;1;1;1;7;6;850;10/07/2010
2010003873;3;1;1;1;1;850;13/07/2010
2010003874;1;1;1;1;2;850;30/07/2010
2010003875;2;1;1;1;6;850;08/08/2010
2010003876;3;1;1;1;1;850;08/08/2010
2010003877;3;1;1;1;6;850;12/08/2010
2010003878;1;1;1;1;3;850;20/08/2010
2010003879;1;1;1;1;2;850;15/09/2010
2010003880;1;1;2;1;3;850;18/09/2010
2010003881;2;1;1;3;1;850;23/09/2010
2010003882;1;1;1;2;6;850;02/11/2010
2010003883;1;1;1;1;6;850;09/12/2010
2010003884;1;1;1;1;1;850;29/12/2010
2010003885;3;1;1;4;6;850;06/01/2010
2010003886;2;1;2;1;3;850;03/03/2010
2010003887;3;2;1;1;6;850;19/04/2010
2010003888;3;1;2;1;2;850;21/05/2010
2010003889;1;1;1;7;3;850;07/06/2010
2010003890;1;1;1;8;2;850;06/11/2010
2010003891;1;2;1;1;6;850;15/11/2010
2010003892;1;2;1;1;1;850;05/07/2010
2010003893;1;1;1;1;2;850;11/07/2010
2010003894;5;2;1;8;6;850;22/08/2010
2010003895;1;2;1;8;1;850;14/11/2010
2010003896;1;2;1;1;6;850;10/01/2010
2010003897;3;1;1;1;7;850;19/02/2010
2010003898;1;1;6;1;6;850;05/03/2010
2010003899;3;1;1;1;6;850;06/03/2010
2010003900;1;2;1;3;3;850;19/03/2010
2010003901;1;2;1;1;2;850;01/04/2010
2010003902;3;1;1;2;1;850;30/05/2010
2010003903;1;1;1;1;7;850;05/06/2010
2010003904;1;1;1;1;6;850;10/07/2010
2010003905;1;1;1;1;1;850;31/07/2010
2010003906;4;2;6;1;6;850;15/08/2010
2010003907;1;1;1;1;2;850;17/08/2010
2010003908;1;1;1;1;3;850;31/08/2010
2010003909;1;2;1;1;6;850;06/09/2010
2010003910;1;2;1;7;6;850;14/09/2010
2010003911;3;1;1;2;1;850;23/10/2010
2010003912;1;1;1;2;6;850;13/11/2010
2010003913;3;1;1;2;6;850;19/12/2010
2010003914;1;2;1;1;6;850;02/03/2010
2010003915;1;1;1;1;2;850;15/03/2010
2010003916;1;1;1;1;7;850;24/03/2010
2010003917;1;2;1;1;3;850;19/04/2010
2010003918;1;1;3;1;3;850;07/05/2010
2010003919;1;2;6;1;3;850;18/06/2010
2010003920;1;2;1;1;2;850;21/06/2010
2010003921;1;2;1;1;6;850;13/07/2010
2010003922;1;2;1;1;2;850;15/08/2010
2010003923;3;1;1;1;1;850;18/09/2010
2010003924;5;2;1;1;6;850;25/09/2010
2010003925;3;1;1;1;7;850;28/11/2010
2010003926;1;1;1;7;2;850;09/12/2010
2010003927;1;2;1;1;6;850;25/03/2010
2010003928;1;1;1;1;1;850;08/05/2010
2010003929;1;2;1;8;1;850;26/05/2010
2010003930;1;2;1;1;6;850;15/06/2010
2010003931;1;2;1;3;3;850;18/06/2010
2010003932;1;1;1;1;3;850;20/06/2010
2010003933;1;1;1;1;2;850;15/07/2010
2010003934;1;1;1;1;1;850;20/07/2010
2010003935;3;1;1;2;6;850;18/08/2010
2010003936;1;2;1;1;1;850;18/09/2010
2010003937;1;1;1;1;1;850;02/10/2010
2010003938;1;2;1;1;3;850;22/10/2010
2010003939;5;2;1;2;6;850;20/11/2010
2010003940;1;1;1;1;7;850;28/12/2010
2010003941;2;2;1;2;1;850;27/02/2010
2010003942;1;1;1;1;1;850;06/03/2010
2010003943;4;2;1;1;3;850;14/04/2010
2010003944;2;1;1;1;3;850;24/04/2010
2010003945;5;2;1;1;6;850;06/05/2010
2010003946;1;1;1;1;3;850;09/05/2010
2010003947;3;1;1;1;6;850;15/05/2010
2010003948;1;1;1;1;5;850;24/05/2010
2010003949;1;1;1;8;6;850;19/06/2010
2010003950;1;1;1;1;7;850;30/06/2010
2010003951;1;1;1;1;3;850;08/07/2010
2010003952;1;1;1;1;3;850;23/07/2010
2010003953;2;1;2;1;3;850;21/09/2010
2010003954;1;1;1;3;1;850;05/10/2010
2010003955;1;2;1;2;6;850;05/10/2010
2010003956;5;2;1;1;6;850;28/10/2010
2010003957;1;1;1;9;1;850;13/12/2010
2010003958;1;1;1;1;1;850;03/02/2010
2010003959;1;1;1;1;1;850;08/02/2010
2010003960;1;2;6;1;1;850;10/02/2010
2010003961;1;1;1;3;6;850;20/03/2010
2010003962;5;2;1;1;6;850;03/04/2010
2010003963;2;2;2;1;3;850;09/04/2010
2010003964;1;1;1;1;3;850;12/04/2010
2010003965;1;1;1;1;2;850;16/04/2010
2010003966;3;1;1;1;6;850;17/04/2010
2010003967;1;1;1;1;1;850;21/05/2010
2010003968;1;1;1;1;6;850;08/07/2010
2010003969;1;1;1;1;6;850;26/09/2010
2010003970;3;1;1;1;5;850;28/09/2010
2010003971;3;1;1;1;1;850;26/11/2010
2010003972;1;1;1;8;6;850;16/12/2010
2010003973;3;1;1;1;3;850;29/12/2010
2010003974;1;2;1;1;1;850;03/01/2010
2010003975;1;1;1;9;7;850;18/01/2010
2010003976;1;1;1;1;1;850;25/01/2010
2010003977;1;1;1;7;6;850;16/02/2010
2010003978;3;1;1;1;2;850;26/02/2010
2010003979;3;1;1;8;1;850;19/03/2010
2010003980;1;2;1;1;1;850;08/04/2010
2010003981;1;1;6;1;3;850;11/04/2010
2010003982;1;2;1;1;1;850;24/04/2010
2010003983;1;1;3;1;3;850;07/05/2010
2010003984;1;1;1;1;1;850;06/06/2010
2010003985;1;2;1;1;3;850;07/06/2010
2010003986;2;1;1;1;7;850;08/06/2010
2010003987;3;1;1;1;6;850;15/08/2010
2010003988;1;1;1;1;6;850;24/08/2010
2010003989;1;1;1;1;1;850;05/09/2010
2010003990;1;2;6;1;3;850;06/09/2010
2010003991;1;1;2;7;3;850;17/09/2010
2010003992;1;2;1;1;1;850;24/09/2010
2010003993;1;1;1;1;1;850;28/09/2010
2010003994;1;1;1;1;1;850;24/11/2010
2010003995;5;2;1;1;3;850;10/12/2010
2010003996;5;2;1;1;6;850;06/03/2010
2010003997;1;1;1;4;2;850;06/01/2010
2010003998;3;1;1;1;3;850;26/01/2010
2010003999;3;1;1;1;1;850;02/02/2010
2010004000;1;1;1;1;6;850;21/02/2010
2010004001;1;1;1;1;3;850;05/04/2010
2010004002;1;1;1;1;2;850;13/05/2010
2010004003;1;1;1;1;3;850;03/07/2010
2010004004;2;1;1;1;3;850;23/07/2010
2010004005;1;1;6;1;3;850;08/08/2010
2010004006;3;1;1;1;7;850;07/08/2010
2010004007;3;1;1;1;6;850;27/08/2010
2010004008;3;1;1;8;2;850;14/11/2010
2010004009;1;1;1;9;6;850;11/12/2010
2010004010;1;2;1;1;6;850;27/07/2010
2010004011;5;1;6;1;7;850;30/09/2010
2010004012;1;2;1;1;5;850;13/01/2010
2010004013;3;1;1;1;3;850;14/02/2010
2010004014;3;1;1;2;6;850;20/02/2010
2010004015;1;2;1;1;6;850;16/03/2010
2010004016;1;1;1;1;5;850;11/04/2010
2010004017;1;2;1;1;6;850;17/04/2010
2010004018;2;1;1;1;1;850;29/04/2010
2010004019;1;1;1;1;1;850;17/05/2010
2010004020;1;2;1;1;1;850;10/07/2010
2010004021;1;2;1;1;1;850;11/07/2010
2010004022;1;1;3;1;3;850;13/07/2010
2010004023;1;2;6;1;3;850;02/08/2010
2010004024;1;1;1;1;3;850;08/08/2010
2010004025;5;2;1;1;6;850;24/08/2010
2010004026;1;1;1;1;5;850;29/08/2010
2010004027;1;2;6;2;2;850;06/09/2010
2010004028;1;1;1;1;1;850;18/09/2010
2010004029;1;2;1;1;3;850;07/10/2010
2010004030;1;1;1;2;6;850;20/11/2010
2010004031;1;1;1;8;6;850;03/12/2010
2010004032;1;1;1;1;3;850;31/01/2010
2010004033;1;2;1;1;1;850;13/05/2010
2010004034;1;1;1;1;6;850;08/06/2010
2010004035;1;1;1;1;1;850;23/06/2010
2010004036;1;1;1;1;5;850;16/07/2010
2010004037;1;2;1;1;3;850;01/08/2010
2010004038;3;1;1;1;6;850;04/08/2010
2010004039;5;2;1;1;3;850;04/08/2010
2010004040;1;1;1;1;1;850;05/08/2010
2010004041;1;1;1;1;1;850;21/08/2010
2010004042;1;2;1;1;3;850;29/08/2010
2010004043;1;1;1;1;1;850;31/08/2010
2010004044;2;2;1;2;1;850;21/11/2010
2010004045;2;1;1;1;7;850;11/01/2010
2010004046;3;1;1;1;7;850;18/04/2010
2010004047;1;2;6;1;3;850;19/04/2010
2010004048;1;2;1;1;3;850;12/05/2010
2010004049;1;1;1;1;6;850;15/05/2010
2010004050;1;1;2;1;3;850;06/07/2010