num_acc;lum;agg;inter;atm;col;dep;date
2010004051;1;1;1;1;6;850;17/07/2010
2010004052;1;1;1;1;3;850;04/08/2010
2010004053;1;1;1;8;1;850;11/08/2010
2010004054;1;2;1;1;2;850;13/08/2010
2010004055;1;2;1;1;2;850;27/08/2010
2010004056;3;1;1;1;6;850;09/09/2010
2010004057;3;1;1;1;6;850;27/10/2010
2010004058;3;1;1;4;6;850;18/12/2010
2010004059;1;2;1;2;1;330;29/01/2010
2010004060;1;2;1;1;3;330;06/02/2010
2010004061;3;1;1;1;3;330;17/07/2010
2010004062;3;1;1;1;6;330;17/08/2010
2010004063;1;2;1;1;3;330;08/09/2010
2010004064;1;1;1;1;2;330;24/11/2010
2010004065;5;2;1;1;1;330;09/12/2010
2010004066;1;2;1;1;6;330;08/01/2010
2010004067;1;2;1;1;3;330;08/03/2010
2010004068;1;1;3;1;3;330;12/07/2010
2010004069;1;1;6;1;5;330;05/08/2010
2010004070;4;1;9;1;5;330;15/02/2010
2010004071;1;1;1;1;1;330;17/03/2010
2010004072;1;2;1;8;4;330;03/04/2010
2010004073;1;2;1;1;6;330;14/05/2010
2010004074;1;2;9;3;6;330;10/06/2010
2010004075;1;1;1;1;5;330;21/06/2010
2010004076;1;2;1;1;5;330;04/07/2010
2010004077;1;1;1;1;3;330;28/07/2010
2010004078;1;1;1;1;6;330;06/10/2010
2010004079;5;2;1;1;6;330;18/10/2010
2010004080;1;2;1;1;3;330;31/10/2010
2010004081;2;2;1;1;1;330;15/11/2010
2010004082;2;1;1;9;1;330;29/11/2010
2010004083;3;2;1;3;5;330;06/12/2010
2010004084;1;1;1;2;6;330;18/12/2010
2010004085;1;2;1;1;3;330;05/03/2010
2010004086;1;2;1;1;7;330;08/05/2010
2010004087;1;2;1;1;3;330;13/05/2010
2010004088;1;2;1;1;6;330;04/06/2010
2010004089;1;2;1;1;6;330;12/06/2010
2010004090;1;2;1;1;3;330;09/10/2010
2010004091;1;2;2;1;1;330;11/10/2010
2010004092;5;2;3;3;3;330;09/11/2010
2010004093;5;2;1;1;3;330;19/12/2010
2010004094;5;2;1;1;1;330;27/12/2010
2010004095;1;2;6;1;2;330;12/02/2010
2010004096;1;2;1;1;1;330;11/04/2010
2010004097;1;2;1;2;6;330;22/04/2010
2010004098;1;1;6;1;7;330;24/04/2010
2010004099;5;2;1;2;6;330;30/05/2010
2010004100;1;2;1;1;2;330;05/08/2010
2010004101;1;1;1;8;1;330;08/09/2010
2010004102;1;2;1;1;6;330;03/12/2010
2010004103;5;2;1;1;6;330;31/12/2010
2010004104;1;1;1;1;3;330;17/04/2010
2010004105;1;2;1;1;6;330;21/06/2010
2010004106;1;2;1;1;3;330;13/11/2010
2010004107;1;2;1;1;3;330;12/01/2010
2010004108;5;1;2;1;3;330;24/01/2010
2010004109;1;2;1;1;3;330;05/02/2010
2010004110;1;2;1;8;6;330;05/02/2010
2010004111;1;2;1;1;6;330;21/02/2010
2010004112;1;1;1;1;5;330;12/03/2010
2010004113;1;2;6;1;6;330;01/04/2010
2010004114;1;1;9;1;3;330;17/04/2010
2010004115;1;2;1;1;2;330;21/05/2010
2010004116;1;2;1;1;1;330;09/06/2010
2010004117;1;1;6;2;3;330;11/06/2010
2010004118;1;2;1;2;7;330;10/06/2010
2010004119;1;2;3;1;3;330;09/06/2010
2010004120;1;1;1;1;1;330;30/06/2010
2010004121;1;1;6;1;2;330;18/07/2010
2010004122;4;2;3;1;3;330;22/07/2010
2010004123;1;2;1;1;1;330;03/09/2010
2010004124;1;2;1;1;3;330;14/09/2010
2010004125;1;2;1;1;6;330;25/09/2010
2010004126;1;2;1;1;6;330;16/10/2010
2010004127;3;2;1;2;1;330;02/11/2010
2010004128;1;2;6;1;3;330;25/11/2010
2010004129;2;1;1;1;3;330;13/11/2010
2010004130;1;2;1;1;2;330;09/12/2010
2010004131;3;1;1;1;3;330;15/12/2010
2010004132;5;2;1;1;6;330;22/03/2010
2010004133;1;1;1;1;5;330;02/07/2010
2010004134;1;1;1;1;6;330;30/09/2010
2010004135;3;1;1;2;6;330;10/10/2010
2010004136;1;2;1;1;1;330;14/10/2010
2010004137;1;2;1;1;3;330;14/10/2010
2010004138;1;2;3;7;3;330;18/11/2010
2010004139;3;1;1;1;6;330;01/12/2010
2010004140;2;1;1;1;1;330;21/01/2010
2010004141;1;1;1;1;1;330;02/03/2010
2010004142;1;1;2;1;3;330;13/04/2010
2010004143;1;1;1;2;6;330;09/05/2010
2010004144;1;1;1;3;4;330;16/06/2010
2010004145;2;1;2;1;3;330;02/07/2010
2010004146;1;1;3;1;3;330;23/08/2010
2010004147;1;2;1;1;3;330;08/10/2010
2010004148;1;1;1;1;3;330;20/10/2010
2010004149;3;1;1;8;1;330;21/11/2010
2010004150;2;1;1;9;1;330;28/01/2010
2010004151;3;1;1;1;6;330;02/04/2010
2010004152;2;1;1;3;6;330;03/04/2010
2010004153;1;1;1;1;3;330;18/04/2010
2010004154;1;1;1;1;7;330;21/04/2010
2010004155;1;2;1;1;6;330;22/04/2010
2010004156;1;2;1;1;6;330;29/04/2010
2010004157;3;1;1;1;6;330;09/09/2010
2010004158;1;1;1;1;3;330;13/10/2010
2010004159;1;1;1;1;6;330;19/11/2010
2010004160;2;1;1;2;1;330;16/02/2010
2010004161;1;2;1;1;1;330;13/06/2010
2010004162;1;1;1;1;6;330;17/07/2010
2010004163;1;2;1;1;3;330;08/09/2010
2010004164;1;2;1;1;6;330;30/09/2010
2010004165;1;1;1;1;3;330;01/11/2010
2010004166;5;2;1;8;6;330;12/11/2010
2010004167;3;1;1;8;6;330;01/01/2010
2010004168;2;1;1;1;2;330;15/01/2010
2010004169;1;1;1;1;1;330;16/04/2010
2010004170;1;1;9;1;3;330;17/04/2010
2010004171;1;1;1;1;3;330;24/04/2010
2010004172;1;1;1;1;2;330;03/07/2010
2010004173;1;1;1;1;3;330;26/08/2010
2010004174;1;2;1;1;1;330;18/09/2010
2010004175;1;1;1;2;3;330;22/09/2010
2010004176;1;1;2;1;3;330;07/10/2010
2010004177;2;2;1;2;6;330;28/03/2010
2010004178;1;1;1;7;6;330;15/04/2010
2010004179;1;1;1;1;1;330;01/09/2010
2010004180;3;1;1;1;6;330;29/09/2010
2010004181;1;1;1;1;3;330;30/09/2010
2010004182;1;2;9;1;3;330;30/09/2010
2010004183;4;2;1;1;3;330;13/10/2010
2010004184;3;1;1;1;2;330;20/12/2010
2010004185;3;2;1;2;1;330;19/03/2010
2010004186;1;1;1;1;3;330;20/03/2010
2010004187;5;2;1;2;6;330;27/03/2010
2010004188;1;1;1;1;7;330;26/05/2010
2010004189;1;1;1;1;6;330;29/05/2010
2010004190;3;1;1;1;3;330;13/10/2010
2010004191;1;2;1;1;1;330;27/10/2010
2010004192;3;1;1;2;1;330;14/01/2010
2010004193;5;2;1;1;6;330;23/02/2010
2010004194;5;1;1;1;7;330;27/02/2010
2010004195;1;1;1;1;6;330;16/04/2010
2010004196;1;1;1;1;7;330;21/04/2010
2010004197;1;1;1;1;1;330;24/06/2010
2010004198;1;2;1;1;1;330;27/06/2010
2010004199;1;2;1;1;1;330;06/07/2010
2010004200;1;1;1;1;7;330;13/07/2010
2010004201;2;1;1;7;1;330;17/08/2010
2010004202;3;1;1;1;6;330;21/08/2010
2010004203;1;1;1;1;1;330;02/09/2010
2010004204;1;1;1;1;1;330;14/09/2010
2010004205;3;1;1;1;6;330;17/09/2010
2010004206;1;2;1;1;6;330;07/10/2010
2010004207;5;2;1;8;1;330;08/12/2010
2010004208;4;2;1;1;7;330;01/02/2010
2010004209;1;1;1;1;7;330;08/05/2010
2010004210;1;2;6;1;2;330;15/06/2010
2010004211;2;1;1;1;2;330;14/09/2010
2010004212;1;2;1;1;1;330;24/09/2010
2010004213;1;1;1;2;3;330;10/10/2010
2010004214;1;2;1;1;2;330;15/10/2010
2010004215;5;2;1;1;6;330;19/11/2010
2010004216;1;1;1;1;3;330;23/02/2010
2010004217;3;1;1;1;7;330;01/08/2010
2010004218;1;2;2;8;3;330;04/08/2010
2010004219;1;2;1;1;7;330;20/08/2010
2010004220;2;2;1;1;7;330;28/08/2010
2010004221;1;1;1;1;1;330;13/10/2010
2010004222;1;1;1;2;1;330;04/11/2010
2010004223;3;1;1;1;5;330;24/11/2010
2010004224;1;2;1;4;6;330;06/01/2010
2010004225;3;1;1;1;6;330;08/03/2010
2010004226;3;1;1;1;6;330;01/04/2010
2010004227;1;2;1;1;7;330;11/04/2010
2010004228;1;1;1;1;1;330;18/04/2010
2010004229;1;1;1;1;1;330;26/04/2010
2010004230;1;1;1;1;3;330;01/05/2010
2010004231;1;2;1;1;3;330;20/05/2010
2010004232;3;1;1;1;6;330;02/06/2010
2010004233;3;1;1;1;7;330;11/07/2010
2010004234;1;1;1;1;6;330;17/07/2010
2010004235;5;2;3;1;1;330;24/07/2010
2010004236;1;1;1;1;1;330;28/09/2010
2010004237;5;2;6;2;6;330;09/10/2010
2010004238;1;2;1;2;6;330;07/11/2010
2010004239;3;1;1;2;7;330;05/12/2010
2010004240;1;2;1;1;6;330;30/01/2010
2010004241;1;2;1;1;6;330;16/03/2010
2010004242;1;2;1;1;3;330;03/05/2010
2010004243;3;1;1;1;3;330;06/07/2010
2010004244;1;1;2;1;3;330;06/07/2010
2010004245;1;2;1;1;1;330;30/07/2010
2010004246;3;1;1;1;3;330;08/08/2010
2010004247;1;2;1;1;1;330;14/09/2010
2010004248;1;1;1;1;1;330;01/10/2010
2010004249;1;1;1;1;3;330;12/10/2010
2010004250;1;2;1;1;6;330;20/10/2010
2010004251;3;1;1;1;6;330;29/10/2010
2010004252;1;2;1;1;3;330;14/11/2010
2010004253;1;2;6;1;3;330;08/12/2010
2010004254;1;1;1;1;3;330;10/04/2010
2010004255;1;1;1;1;5;330;19/05/2010
2010004256;1;1;1;1;2;330;21/05/2010
2010004257;1;2;1;1;3;330;23/06/2010
2010004258;3;1;1;1;7;330;09/07/2010
2010004259;2;2;1;1;7;330;12/07/2010
2010004260;1;1;1;1;1;330;31/07/2010
2010004261;3;1;1;1;6;330;10/08/2010
2010004262;3;1;1;1;6;330;05/09/2010
2010004263;1;1;1;1;3;330;16/11/2010
2010004264;3;1;1;1;6;330;31/12/2010
2010004265;3;1;1;3;1;330;03/01/2010
2010004266;2;1;1;1;1;330;07/04/2010
2010004267;1;1;1;2;7;330;23/04/2010
2010004268;1;2;1;1;3;330;28/05/2010
2010004269;1;1;1;1;7;330;03/07/2010
2010004270;1;1;1;1;1;330;16/07/2010
2010004271;1;1;1;1;1;330;30/07/2010
2010004272;1;1;1;1;1;330;10/08/2010
2010004273;1;1;1;1;6;330;12/09/2010
2010004274;1;2;1;1;3;330;25/09/2010
2010004275;1;1;1;1;7;330;20/10/2010
2010004276;1;1;1;2;6;330;05/11/2010
2010004277;1;2;1;2;6;330;12/11/2010
2010004278;1;2;1;1;6;330;11/11/2010
2010004279;1;1;1;1;2;330;24/11/2010
2010004280;1;2;1;1;6;330;06/01/2010
2010004281;3;1;1;1;1;330;07/02/2010
2010004282;1;1;1;1;6;330;02/04/2010
2010004283;1;1;3;1;3;330;25/04/2010
2010004284;1;2;1;1;6;330;26/06/2010
2010004285;2;2;1;1;3;330;24/09/2010
2010004286;1;1;1;1;1;330;20/10/2010
2010004287;3;1;3;1;1;330;14/12/2010
2010004288;2;1;1;1;1;330;12/03/2010
2010004289;1;2;1;8;6;330;12/05/2010
2010004290;1;2;1;1;7;330;17/05/2010
2010004291;1;1;1;1;1;330;21/05/2010
2010004292;3;1;1;9;1;330;22/08/2010
2010004293;1;1;1;1;1;330;28/08/2010
2010004294;1;1;1;1;1;330;23/09/2010
2010004295;1;1;1;2;6;330;04/10/2010
2010004296;2;2;1;2;6;330;23/10/2010
2010004297;3;1;1;9;3;330;29/11/2010
2010004298;1;1;1;3;7;330;30/03/2010
2010004299;1;1;1;1;6;330;21/05/2010
2010004300;1;2;1;1;3;330;29/07/2010
2010004301;1;1;1;1;1;330;01/08/2010
2010004302;3;1;1;3;6;330;31/10/2010
2010004303;2;1;1;1;6;330;11/04/2010
2010004304;1;1;1;2;1;330;06/09/2010
2010004305;1;1;1;1;5;330;25/09/2010
2010004306;1;1;1;7;6;330;26/09/2010
2010004307;1;1;1;1;6;330;05/10/2010
2010004308;1;1;1;1;7;330;13/11/2010
2010004309;5;2;1;1;6;330;23/01/2010
2010004310;1;1;1;7;3;330;06/03/2010
2010004311;1;2;1;1;1;330;09/04/2010
2010004312;2;2;1;1;7;330;31/07/2010
2010004313;2;1;1;1;1;330;02/09/2010
2010004314;1;2;1;1;3;330;06/11/2010
2010004315;1;1;1;1;6;330;22/11/2010
2010004316;1;1;1;1;6;330;01/02/2010
2010004317;1;1;1;1;1;330;08/03/2010
2010004318;1;1;1;1;1;330;18/04/2010
2010004319;1;1;1;1;3;330;19/04/2010
2010004320;1;1;1;1;6;330;04/06/2010
2010004321;1;1;1;1;6;330;19/06/2010
2010004322;1;1;1;1;7;330;22/06/2010
2010004323;3;1;1;1;2;330;26/06/2010
2010004324;1;1;1;1;3;330;26/06/2010
2010004325;1;1;1;1;7;330;07/07/2010
2010004326;1;1;1;1;6;330;10/08/2010
2010004327;1;1;1;1;1;330;29/09/2010
2010004328;2;1;1;1;1;330;07/12/2010
2010004329;1;1;1;1;3;330;20/02/2010
2010004330;1;1;2;1;3;330;18/05/2010
2010004331;1;1;1;1;1;330;27/05/2010
2010004332;1;2;1;1;6;330;27/07/2010
2010004333;1;1;2;1;3;330;20/08/2010
2010004334;2;1;1;1;1;330;27/08/2010
2010004335;3;1;1;1;1;330;10/09/2010
2010004336;2;1;1;8;3;330;19/11/2010
2010004337;3;1;1;1;1;330;28/01/2010
2010004338;1;1;1;8;3;330;18/03/2010
2010004339;1;1;1;1;1;330;20/04/2010
2010004340;1;1;1;1;3;330;15/05/2010
2010004341;1;2;1;1;3;330;26/08/2010
2010004342;3;1;1;1;6;330;24/08/2010
2010004343;1;2;2;1;3;330;10/09/2010
2010004344;1;1;1;1;7;330;26/09/2010
2010004345;2;1;2;1;3;330;02/10/2010
2010004346;1;1;1;2;3;330;22/12/2010
2010004347;3;1;1;1;3;330;24/06/2010
2010004348;1;1;1;1;3;330;02/09/2010
2010004349;3;1;1;2;1;330;07/11/2010
2010004350;2;2;1;1;2;330;27/06/2010
2010004351;1;1;1;1;5;330;02/07/2010
2010004352;3;1;1;1;6;330;13/07/2010
2010004353;1;1;1;1;3;330;28/08/2010
2010004354;3;1;1;2;3;330;03/10/2010
2010004355;1;1;1;1;1;330;13/10/2010
2010004356;1;1;1;1;5;330;08/12/2010
2010004357;1;1;1;1;1;330;29/04/2010
2010004358;1;1;1;8;1;330;14/06/2010
2010004359;1;1;1;1;2;330;21/08/2010
2010004360;1;1;1;1;1;330;16/10/2010
2010004361;1;1;1;1;7;330;06/02/2010
2010004362;3;1;1;2;7;330;21/02/2010
2010004363;1;1;1;1;3;330;14/03/2010
2010004364;1;1;2;1;3;330;26/04/2010
2010004365;1;2;1;1;6;330;27/04/2010
2010004366;1;1;1;1;1;330;18/07/2010
2010004367;1;1;1;8;3;330;25/10/2010
2010004368;5;2;1;8;1;330;05/11/2010
2010004369;1;1;1;2;1;330;17/11/2010
2010004370;1;1;2;1;3;330;10/12/2010
2010004371;1;2;1;1;6;330;15/12/2010
2010004372;3;1;1;1;1;330;23/12/2010
2010004373;2;1;3;1;4;330;05/01/2010
2010004374;3;1;1;1;1;330;18/02/2010
2010004375;1;1;1;1;7;330;19/04/2010
2010004376;1;2;1;1;1;330;25/04/2010
2010004377;3;1;1;1;7;330;03/06/2010
2010004378;2;2;1;1;6;330;05/09/2010
2010004379;2;2;1;1;3;330;26/10/2010
2010004380;3;1;1;1;3;330;06/11/2010
2010004381;1;1;1;1;3;330;06/05/2010
2010004382;1;2;1;1;3;330;24/05/2010
2010004383;3;1;2;1;3;330;27/05/2010
2010004384;5;2;1;1;6;330;22/08/2010
2010004385;1;1;1;1;7;330;20/08/2010
2010004386;3;1;1;1;1;330;16/11/2010
2010004387;3;1;1;1;6;330;23/11/2010
2010004388;1;2;5;1;3;330;05/01/2010
2010004389;3;1;1;1;6;330;16/01/2010
2010004390;1;2;1;1;2;330;25/03/2010
2010004391;1;1;1;2;3;330;30/04/2010
2010004392;1;2;1;1;6;330;27/05/2010
2010004393;1;2;1;1;2;330;26/08/2010
2010004394;1;2;1;1;3;330;02/09/2010
2010004395;2;2;1;9;6;330;29/11/2010
2010004396;5;2;1;1;1;330;14/03/2010
2010004397;1;1;2;1;3;330;02/07/2010
2010004398;2;1;1;1;6;330;03/07/2010
2010004399;3;1;1;1;6;330;25/09/2010
2010004400;1;2;1;1;6;330;29/10/2010
2010004401;2;1;1;8;1;330;17/12/2010
2010004402;1;1;1;1;1;330;21/02/2010
2010004403;1;1;1;1;3;330;08/04/2010
2010004404;1;1;1;1;3;330;21/05/2010
2010004405;3;1;1;1;6;330;21/06/2010
2010004406;1;1;1;1;6;330;09/07/2010
2010004407;3;1;1;1;7;330;14/08/2010
2010004408;2;1;1;1;6;330;24/11/2010
2010004409;3;1;1;2;7;240;05/02/2010
2010004410;3;1;1;1;7;240;23/03/2010
2010004411;3;1;1;2;6;240;28/03/2010
2010004412;1;1;1;1;7;240;10/06/2010
2010004413;1;1;1;1;1;240;18/06/2010
2010004414;1;1;1;1;1;240;02/07/2010
2010004415;1;2;1;1;3;240;31/07/2010
2010004416;1;2;1;1;1;240;18/08/2010
2010004417;3;1;1;1;7;240;27/08/2010
2010004418;1;1;1;1;2;240;06/09/2010
2010004419;1;1;1;1;7;240;24/09/2010
2010004420;1;1;1;1;7;240;27/09/2010
2010004421;1;1;1;1;7;240;24/09/2010
2010004422;1;2;1;1;1;240;03/10/2010
2010004423;1;2;1;1;6;240;29/12/2010
2010004424;5;2;1;1;6;240;31/01/2010
2010004425;1;1;1;1;1;240;23/02/2010
2010004426;1;1;1;1;6;240;20/04/2010
2010004427;2;1;1;2;3;240;30/04/2010
2010004428;1;1;1;1;7;240;30/10/2010
2010004429;5;2;1;1;6;240;09/12/2010
2010004430;2;1;1;1;1;240;07/01/2010
2010004431;1;1;1;4;1;240;28/01/2010
2010004432;5;2;1;1;2;240;29/01/2010
2010004433;5;1;1;1;2;240;13/02/2010
2010004434;1;1;1;1;3;240;13/04/2010
2010004435;1;1;1;1;6;240;05/06/2010
2010004436;1;1;1;1;7;240;05/07/2010
2010004437;1;1;3;1;3;240;17/07/2010
2010004438;4;2;1;1;7;240;25/07/2010
2010004439;1;2;9;1;3;240;26/07/2010
2010004440;1;1;6;1;1;240;29/08/2010
2010004441;1;1;1;1;3;240;31/08/2010
2010004442;3;1;1;1;7;240;25/09/2010
2010004443;5;1;1;1;5;240;22/10/2010
2010004444;1;2;1;1;7;240;12/12/2010
2010004445;1;1;1;1;7;240;26/12/2010
2010004446;3;1;1;8;1;240;05/01/2010
2010004447;5;2;1;5;6;240;07/02/2010
2010004448;1;1;1;1;3;240;20/03/2010
2010004449;1;2;1;1;5;240;18/03/2010
2010004450;1;2;1;1;5;240;02/04/2010
2010004451;1;1;1;1;1;240;11/04/2010
2010004452;1;1;1;1;1;240;14/05/2010
2010004453;1;1;1;1;6;240;27/05/2010
2010004454;3;1;1;2;7;240;31/05/2010
2010004455;3;1;1;1;1;240;05/06/2010
2010004456;1;1;1;1;1;240;07/08/2010
2010004457;1;1;1;7;3;240;14/09/2010
2010004458;3;1;1;2;3;240;21/11/2010
2010004459;5;2;1;1;6;240;25/03/2010
2010004460;1;1;1;1;1;240;14/04/2010
2010004461;1;1;2;1;3;240;28/04/2010
2010004462;1;1;1;8;1;240;07/09/2010
2010004463;2;1;1;2;6;240;20/11/2010
2010004464;2;1;1;1;7;240;03/12/2010
2010004465;1;1;1;1;1;240;23/01/2010
2010004466;1;1;1;1;7;240;26/03/2010
2010004467;1;1;1;1;5;240;30/04/2010
2010004468;1;1;1;1;1;240;05/06/2010
2010004469;1;1;1;1;6;240;23/07/2010
2010004470;1;1;1;1;1;240;07/08/2010
2010004471;3;1;9;1;7;240;10/09/2010
2010004472;1;1;1;1;3;240;30/09/2010
2010004473;1;1;1;1;1;240;19/04/2010
2010004474;2;1;1;1;6;240;25/04/2010
2010004475;1;2;1;1;3;240;04/09/2010
2010004476;1;1;1;1;1;240;07/01/2010
2010004477;1;1;1;1;1;240;12/02/2010
2010004478;1;2;1;1;3;240;16/04/2010
2010004479;1;1;1;1;1;240;08/05/2010
2010004480;3;1;1;1;5;240;18/07/2010
2010004481;1;2;1;1;7;240;19/08/2010
2010004482;1;1;1;1;5;240;30/08/2010
2010004483;1;1;1;1;6;240;26/09/2010
2010004484;1;2;6;1;6;240;28/09/2010
2010004485;1;1;1;1;3;240;21/10/2010
2010004486;1;1;1;1;1;240;22/10/2010
2010004487;1;2;1;1;7;240;06/12/2010
2010004488;1;1;1;1;6;240;27/01/2010
2010004489;5;2;1;1;3;240;08/03/2010
2010004490;1;1;1;1;7;240;30/04/2010
2010004491;1;1;1;1;2;240;18/05/2010
2010004492;1;1;1;1;6;240;20/06/2010
2010004493;1;1;1;1;3;240;05/07/2010
2010004494;1;1;1;1;6;240;18/07/2010
2010004495;3;2;1;1;3;240;04/08/2010
2010004496;1;1;1;1;1;240;06/08/2010
2010004497;5;2;1;1;7;240;28/08/2010
2010004498;1;1;1;1;7;240;06/11/2010
2010004499;1;2;1;3;6;240;12/01/2010
2010004500;1;1;1;1;1;240;24/04/2010
2010004501;3;1;1;1;6;240;17/05/2010
2010004502;1;1;1;1;1;240;25/05/2010
2010004503;1;2;1;1;6;240;03/06/2010
2010004504;1;1;1;1;1;240;06/07/2010
2010004505;1;2;1;1;1;240;20/07/2010
2010004506;1;1;1;1;1;240;07/10/2010
2010004507;1;1;1;1;1;240;08/10/2010
2010004508;1;1;1;1;3;240;17/12/2010
2010004509;3;1;1;1;6;240;04/04/2010
2010004510;1;1;1;1;1;240;20/06/2010
2010004511;1;1;1;1;6;240;27/06/2010
2010004512;1;1;1;1;3;240;14/07/2010
2010004513;1;1;1;1;5;240;24/07/2010
2010004514;3;2;1;8;7;240;25/07/2010
2010004515;1;1;1;1;3;240;30/08/2010
2010004516;2;2;1;1;3;240;26/10/2010
2010004517;1;1;2;1;3;240;28/10/2010
2010004518;1;2;1;1;6;240;29/10/2010
2010004519;4;1;1;1;2;240;01/12/2010
2010004520;2;1;1;1;7;240;12/03/2010
2010004521;1;1;1;3;3;240;04/05/2010
2010004522;1;2;1;1;6;240;11/05/2010
2010004523;1;1;1;1;2;240;25/06/2010
2010004524;1;1;1;1;7;240;29/07/2010
2010004525;1;2;1;1;7;240;26/09/2010
2010004526;2;1;1;1;3;240;01/10/2010
2010004527;1;2;2;1;3;240;14/10/2010
2010004528;1;1;1;1;6;240;16/05/2010
2010004529;1;1;1;1;3;240;13/07/2010
2010004530;1;1;1;4;1;240;02/12/2010
2010004531;3;1;1;1;7;240;14/02/2010
2010004532;1;2;1;1;6;240;03/03/2010
2010004533;5;2;1;1;1;240;12/03/2010
2010004534;1;2;1;1;3;240;02/04/2010
2010004535;1;1;1;1;3;240;10/04/2010
2010004536;1;1;1;1;6;240;15/04/2010
2010004537;1;1;2;1;1;240;21/05/2010
2010004538;1;2;9;1;3;240;24/05/2010
2010004539;1;1;1;1;1;240;20/06/2010
2010004540;1;1;1;1;1;240;02/07/2010
2010004541;1;1;1;1;1;240;16/08/2010
2010004542;1;1;1;1;3;240;16/08/2010
2010004543;3;1;1;8;6;240;18/08/2010
2010004544;1;2;1;1;1;240;21/08/2010
2010004545;5;2;3;1;3;240;25/08/2010
2010004546;1;1;1;2;3;240;06/09/2010
2010004547;1;1;1;1;6;240;25/09/2010
2010004548;1;1;1;1;1;240;08/10/2010
2010004549;3;1;1;3;3;240;12/11/2010
2010004550;1;1;1;8;1;240;21/12/2010
2010004551;1;1;1;7;3;240;21/05/2010
2010004552;1;1;1;1;1;240;13/06/2010
2010004553;1;1;1;1;3;240;22/08/2010
2010004554;3;1;1;1;1;240;02/10/2010
2010004555;1;1;1;2;1;240;05/10/2010
2010004556;5;2;1;1;6;240;23/11/2010
2010004557;2;1;1;1;6;240;15/12/2010
2010004558;3;1;1;2;6;240;20/01/2010
2010004559;3;1;1;1;6;240;23/01/2010
2010004560;1;1;1;2;6;240;28/01/2010
2010004561;1;2;1;1;1;240;02/02/2010
2010004562;1;1;1;1;6;240;05/04/2010
2010004563;1;2;1;1;6;240;19/05/2010
2010004564;1;2;1;1;3;240;04/06/2010
2010004565;1;1;1;8;1;240;08/06/2010
2010004566;1;1;1;2;6;240;16/06/2010
2010004567;1;2;1;1;1;240;03/08/2010
2010004568;1;1;1;1;1;240;06/08/2010
2010004569;1;1;1;2;6;240;24/09/2010
2010004570;3;1;1;1;6;240;26/11/2010
2010004571;3;1;1;5;1;240;17/01/2010
2010004572;1;1;1;1;6;240;29/01/2010
2010004573;1;2;1;1;3;240;27/02/2010
2010004574;2;1;1;8;1;240;01/03/2010
2010004575;3;1;1;8;1;240;29/03/2010
2010004576;3;1;1;1;3;240;12/04/2010
2010004577;1;1;3;1;1;240;20/05/2010
2010004578;1;2;1;1;6;240;20/05/2010
2010004579;1;1;4;1;1;240;24/06/2010
2010004580;1;1;1;1;6;240;03/09/2010
2010004581;2;2;3;1;1;400;05/02/2010
2010004582;1;1;1;1;7;400;12/02/2010
2010004583;1;2;3;1;3;400;03/05/2010
2010004584;3;1;1;8;1;400;26/05/2010
2010004585;3;1;1;1;7;400;01/06/2010
2010004586;1;1;1;1;3;400;20/06/2010
2010004587;1;1;3;1;3;400;05/07/2010
2010004588;1;1;1;1;1;400;08/07/2010
2010004589;2;1;1;1;2;400;15/07/2010
2010004590;3;1;1;1;1;400;20/09/2010
2010004591;3;1;1;1;7;400;15/10/2010
2010004592;3;1;1;2;2;400;20/10/2010
2010004593;3;1;1;3;3;400;08/11/2010
2010004594;3;1;1;1;7;400;18/01/2010
2010004595;3;1;1;8;7;400;24/01/2010
2010004596;1;1;1;1;7;400;01/03/2010
2010004597;1;2;2;1;3;400;26/03/2010
2010004598;1;1;1;8;1;400;30/03/2010
2010004599;1;1;1;8;7;400;03/05/2010
2010004600;3;1;1;1;7;400;11/07/2010
2010004601;3;1;1;1;7;400;01/08/2010
2010004602;3;1;1;1;7;400;17/08/2010
2010004603;2;2;3;1;3;400;18/08/2010
2010004604;1;1;1;1;7;400;19/08/2010
2010004605;1;2;1;1;1;400;22/08/2010
2010004606;1;1;1;1;7;400;29/08/2010
2010004607;1;1;1;1;7;400;01/09/2010
2010004608;1;1;1;3;1;400;10/10/2010
2010004609;3;1;1;1;6;400;19/10/2010
2010004610;1;1;1;1;7;400;19/10/2010
2010004611;1;1;1;2;7;400;08/02/2010
2010004612;3;1;1;1;7;400;27/02/2010
2010004613;1;1;1;1;2;400;03/03/2010
2010004614;1;2;1;2;1;400;21/03/2010
2010004615;1;1;1;1;7;400;03/08/2010
2010004616;3;1;3;1;3;400;19/11/2010
2010004617;3;1;1;1;7;400;10/01/2010
2010004618;5;2;1;1;7;400;25/04/2010
2010004619;1;2;1;1;7;400;01/05/2010
2010004620;1;1;1;2;7;400;08/06/2010
2010004621;1;1;1;1;7;400;16/07/2010
2010004622;2;2;1;1;7;400;01/08/2010
2010004623;1;1;1;1;3;400;27/08/2010
2010004624;1;1;1;1;1;400;30/10/2010
2010004625;3;1;1;2;6;400;04/01/2010
2010004626;1;1;1;1;1;400;15/02/2010
2010004627;1;1;1;7;3;400;09/03/2010
2010004628;1;1;3;2;1;400;20/03/2010