num_acc;lum;agg;inter;atm;col;dep;date
2010005206;3;1;1;1;6;160;02/10/2010
2010005207;2;1;1;9;7;160;11/11/2010
2010005208;1;1;1;8;7;160;19/12/2010
2010005209;1;2;1;1;6;160;10/09/2010
2010005210;3;1;1;8;1;160;07/12/2010
2010005211;2;2;1;1;1;160;05/02/2010
2010005212;1;1;1;2;6;160;21/02/2010
2010005213;1;1;1;6;1;160;08/03/2010
2010005214;1;1;1;7;6;160;12/03/2010
2010005215;1;2;1;1;3;160;14/05/2010
2010005216;2;1;3;1;3;160;07/07/2010
2010005217;5;2;9;1;1;160;19/07/2010
2010005218;5;1;2;1;3;160;31/07/2010
2010005219;1;2;1;1;2;160;15/09/2010
2010005220;1;2;1;1;7;160;26/09/2010
2010005221;2;1;1;1;7;160;01/10/2010
2010005222;1;1;1;4;2;160;06/01/2010
2010005223;3;1;1;1;6;160;30/01/2010
2010005224;1;2;1;1;6;160;15/02/2010
2010005225;1;1;1;1;1;160;18/02/2010
2010005226;3;1;1;2;6;160;21/02/2010
2010005227;1;1;1;1;7;160;18/04/2010
2010005228;1;1;9;1;3;160;15/05/2010
2010005229;2;1;2;1;3;160;22/07/2010
2010005230;1;1;1;1;7;160;22/08/2010
2010005231;2;1;1;8;3;160;31/10/2010
2010005232;1;1;1;2;7;160;11/11/2010
2010005233;3;1;1;1;2;160;16/01/2010
2010005234;2;1;1;2;1;160;25/02/2010
2010005235;2;1;1;1;3;160;04/03/2010
2010005236;1;2;2;1;3;160;08/05/2010
2010005237;1;2;1;1;2;160;06/08/2010
2010005238;1;1;1;1;1;160;20/08/2010
2010005239;1;1;1;1;6;160;21/08/2010
2010005240;1;2;1;1;3;160;29/08/2010
2010005241;3;1;1;1;6;160;04/09/2010
2010005242;3;1;1;1;6;160;07/09/2010
2010005243;1;1;1;1;3;160;19/09/2010
2010005244;1;2;3;1;2;160;20/09/2010
2010005245;1;1;1;1;2;160;29/09/2010
2010005246;3;1;1;1;1;160;27/10/2010
2010005247;3;1;1;2;5;160;28/10/2010
2010005248;1;1;1;3;1;160;22/12/2010
2010005249;5;2;7;1;7;160;15/01/2010
2010005250;3;1;1;9;6;160;18/01/2010
2010005251;2;1;2;1;3;160;04/02/2010
2010005252;2;1;1;1;1;160;04/02/2010
2010005253;1;1;1;2;6;160;30/05/2010
2010005254;2;1;1;1;1;160;23/06/2010
2010005255;1;1;1;1;1;160;08/07/2010
2010005256;1;1;1;1;3;160;17/07/2010
2010005257;3;1;1;1;6;160;21/07/2010
2010005258;1;1;1;1;1;160;02/08/2010
2010005259;2;1;2;1;3;160;16/08/2010
2010005260;2;2;1;1;1;160;24/08/2010
2010005261;1;2;1;7;3;160;01/09/2010
2010005262;1;2;3;1;3;160;01/09/2010
2010005263;1;1;1;1;6;160;08/09/2010
2010005264;5;2;1;1;1;160;29/11/2010
2010005265;1;1;1;4;1;160;10/03/2010
2010005266;1;1;1;1;6;160;25/03/2010
2010005267;1;1;1;1;5;160;09/07/2010
2010005268;1;1;1;1;6;160;25/07/2010
2010005269;1;2;1;1;3;160;06/08/2010
2010005270;3;1;1;1;1;160;12/09/2010
2010005271;1;1;1;1;6;160;13/10/2010
2010005272;5;2;3;1;5;160;14/10/2010
2010005273;5;2;2;2;3;160;21/11/2010
2010005274;3;1;1;1;6;160;02/01/2010
2010005275;1;2;1;1;1;160;11/03/2010
2010005276;3;1;1;1;7;160;28/03/2010
2010005277;1;2;1;1;1;160;15/04/2010
2010005278;1;2;3;1;3;160;28/04/2010
2010005279;1;2;1;8;6;160;04/10/2010
2010005280;1;1;2;8;3;160;30/10/2010
2010005281;1;1;1;4;6;160;07/01/2010
2010005282;1;2;1;1;1;160;12/05/2010
2010005283;1;1;9;1;1;160;06/08/2010
2010005284;1;1;1;1;3;160;06/08/2010
2010005285;1;2;1;1;6;160;14/08/2010
2010005286;1;1;1;1;3;160;24/08/2010
2010005287;5;1;1;1;1;160;13/12/2010
2010005288;3;2;1;4;6;160;06/01/2010
2010005289;3;1;1;1;6;160;11/03/2010
2010005290;2;1;1;1;6;160;14/07/2010
2010005291;3;1;1;1;6;160;21/08/2010
2010005292;3;2;1;1;6;160;21/09/2010
2010005293;3;1;1;1;1;160;15/12/2010
2010005294;2;2;1;2;6;160;03/07/2010
2010005295;1;1;1;1;6;160;07/08/2010
2010005296;1;1;1;1;6;160;26/09/2010
2010005297;2;1;9;1;3;160;29/09/2010
2010005298;2;1;1;1;6;160;07/10/2010
2010005299;5;2;2;1;3;160;21/10/2010
2010005300;3;1;1;2;6;160;31/10/2010
2010005301;1;1;2;1;3;160;02/11/2010
2010005302;1;1;1;1;6;160;02/11/2010
2010005303;1;1;1;3;2;160;12/11/2010
2010005304;5;1;2;3;3;160;06/12/2010
2010005305;1;2;1;1;2;160;08/12/2010
2010005306;5;2;1;2;6;160;21/12/2010
2010005307;1;1;1;1;6;160;30/12/2010
2010005308;1;2;2;2;3;160;18/03/2010
2010005309;2;1;1;1;3;160;19/04/2010
2010005310;1;1;1;1;1;160;23/05/2010
2010005311;1;1;1;3;6;160;12/11/2010
2010005312;5;2;1;1;3;170;05/01/2010
2010005313;1;1;1;1;3;170;17/03/2010
2010005314;1;1;1;1;2;170;10/04/2010
2010005315;1;2;1;1;3;170;20/04/2010
2010005316;1;2;1;1;3;170;02/05/2010
2010005317;1;2;1;1;3;170;06/05/2010
2010005318;5;2;1;1;3;170;23/05/2010
2010005319;1;1;2;1;3;170;05/06/2010
2010005320;1;2;1;1;3;170;25/06/2010
2010005321;1;1;1;1;1;170;05/07/2010
2010005322;1;1;1;1;2;170;02/07/2010
2010005323;1;1;1;1;1;170;29/07/2010
2010005324;1;1;1;1;3;170;13/08/2010
2010005325;2;2;1;1;6;170;30/09/2010
2010005326;1;2;1;1;3;170;11/10/2010
2010005327;1;1;2;1;1;170;07/11/2010
2010005328;3;1;1;9;7;170;12/12/2010
2010005329;3;2;1;1;3;170;18/02/2010
2010005330;1;1;2;1;3;170;23/03/2010
2010005331;3;1;1;2;7;170;28/03/2010
2010005332;1;1;1;1;7;170;18/04/2010
2010005333;1;1;1;1;3;170;13/06/2010
2010005334;1;1;1;1;2;170;27/06/2010
2010005335;1;2;1;1;3;170;04/07/2010
2010005336;5;2;1;1;6;170;10/07/2010
2010005337;1;1;1;1;3;170;19/08/2010
2010005338;4;2;1;1;3;170;22/08/2010
2010005339;1;1;1;1;3;170;19/08/2010
2010005340;3;1;1;1;6;170;13/10/2010
2010005341;2;1;1;1;6;170;17/10/2010
2010005342;1;2;1;1;6;170;03/11/2010
2010005343;5;1;1;3;3;170;18/11/2010
2010005344;1;1;1;2;3;170;06/02/2010
2010005345;1;2;1;2;1;170;02/04/2010
2010005346;1;2;1;1;3;170;08/04/2010
2010005347;1;2;1;1;1;170;15/04/2010
2010005348;1;1;1;1;2;170;15/05/2010
2010005349;1;1;1;1;2;170;25/05/2010
2010005350;1;1;1;1;3;170;07/06/2010
2010005351;1;1;1;1;2;170;20/07/2010
2010005352;1;1;1;1;6;170;24/07/2010
2010005353;1;2;6;1;3;170;26/07/2010
2010005354;1;2;1;1;3;170;30/07/2010
2010005355;5;1;1;1;6;170;11/08/2010
2010005356;3;1;1;1;1;170;25/08/2010
2010005357;1;2;3;7;3;170;18/01/2010
2010005358;1;1;1;1;2;170;07/03/2010
2010005359;1;1;1;1;1;170;21/03/2010
2010005360;1;2;1;1;6;170;25/04/2010
2010005361;3;1;1;1;7;170;02/05/2010
2010005362;1;1;1;1;2;170;02/05/2010
2010005363;1;1;1;1;6;170;29/05/2010
2010005364;1;2;8;1;3;170;06/06/2010
2010005365;1;2;2;1;3;170;08/06/2010
2010005366;2;1;1;1;6;170;12/06/2010
2010005367;3;1;1;2;1;170;19/06/2010
2010005368;1;1;1;1;1;170;05/07/2010
2010005369;1;1;1;1;3;170;07/07/2010
2010005370;2;1;1;8;1;170;10/10/2010
2010005371;3;1;9;1;6;170;16/10/2010
2010005372;1;2;1;1;3;170;22/10/2010
2010005373;1;1;1;7;1;170;31/01/2010
2010005374;1;1;2;1;3;170;16/02/2010
2010005375;1;2;1;1;1;170;17/02/2010
2010005376;1;2;1;1;1;170;05/04/2010
2010005377;2;1;1;1;6;170;01/06/2010
2010005378;1;1;6;7;3;170;30/06/2010
2010005379;1;1;1;1;7;170;13/08/2010
2010005380;1;1;1;1;3;170;30/08/2010
2010005381;1;1;1;2;7;170;15/11/2010
2010005382;1;1;1;2;1;170;12/01/2010
2010005383;1;1;1;1;6;170;05/02/2010
2010005384;3;1;1;1;6;170;16/03/2010
2010005385;1;1;1;1;1;170;29/03/2010
2010005386;1;1;1;6;1;170;04/05/2010
2010005387;3;1;1;1;7;170;16/07/2010
2010005388;2;1;1;1;6;170;24/12/2010
2010005389;1;1;1;1;6;170;11/04/2010
2010005390;1;1;4;1;3;170;20/04/2010
2010005391;1;1;1;1;7;170;25/07/2010
2010005392;1;1;3;1;3;170;21/08/2010
2010005393;5;2;1;1;6;170;31/08/2010
2010005394;1;1;1;1;5;170;22/10/2010
2010005395;5;2;9;1;6;170;11/12/2010
2010005396;3;1;1;2;6;170;19/01/2010
2010005397;1;1;1;1;7;170;19/03/2010
2010005398;1;1;1;1;3;170;08/04/2010
2010005399;1;1;1;1;1;170;08/05/2010
2010005400;1;1;1;1;3;170;16/05/2010
2010005401;1;1;1;7;1;170;03/08/2010
2010005402;1;1;1;1;1;170;05/08/2010
2010005403;1;1;1;1;4;170;23/08/2010
2010005404;1;1;1;1;1;170;21/09/2010
2010005405;1;1;1;1;1;170;18/10/2010
2010005406;1;1;1;1;1;170;25/10/2010
2010005407;1;1;9;9;2;170;11/12/2010
2010005408;1;1;2;1;3;170;13/08/2010
2010005409;1;2;1;1;6;170;21/08/2010
2010005410;1;1;1;1;6;170;08/09/2010
2010005411;2;2;1;1;1;170;23/11/2010
2010005412;1;1;1;4;3;170;04/12/2010
2010005413;5;2;9;8;1;170;10/02/2010
2010005414;3;2;1;1;6;170;10/04/2010
2010005415;5;1;1;1;3;170;14/04/2010
2010005416;1;2;1;1;7;170;14/05/2010
2010005417;1;2;1;1;1;170;02/06/2010
2010005418;1;1;1;1;6;170;06/06/2010
2010005419;1;1;1;1;6;170;05/06/2010
2010005420;1;2;1;1;3;170;08/06/2010
2010005421;1;2;2;1;1;170;18/06/2010
2010005422;1;1;1;1;1;170;30/06/2010
2010005423;1;1;1;1;1;170;30/06/2010
2010005424;1;2;1;1;6;170;04/07/2010
2010005425;1;2;1;1;1;170;05/07/2010
2010005426;1;2;1;1;7;170;16/07/2010
2010005427;1;1;1;1;3;170;18/07/2010
2010005428;1;2;1;1;7;170;18/07/2010
2010005429;2;1;1;1;1;170;22/07/2010
2010005430;1;2;1;1;3;170;28/07/2010
2010005431;1;2;1;1;3;170;04/08/2010
2010005432;1;1;1;1;1;170;17/08/2010
2010005433;1;2;1;1;3;170;20/08/2010
2010005434;1;1;1;1;1;170;23/08/2010
2010005435;1;1;1;1;6;170;03/09/2010
2010005436;1;1;1;1;3;170;08/09/2010
2010005437;1;2;1;1;3;170;10/10/2010
2010005438;1;1;3;1;3;170;20/10/2010
2010005439;1;2;1;1;1;170;10/11/2010
2010005440;1;1;2;7;3;170;16/11/2010
2010005441;1;1;1;1;1;170;10/12/2010
2010005442;1;2;9;2;3;170;22/12/2010
2010005443;3;1;1;2;3;170;20/01/2010
2010005444;3;1;1;2;6;170;24/01/2010
2010005445;1;1;1;8;1;170;29/01/2010
2010005446;1;1;6;1;3;170;02/02/2010
2010005447;1;1;1;1;2;170;06/03/2010
2010005448;1;1;1;1;7;170;09/03/2010
2010005449;2;2;2;1;3;170;27/03/2010
2010005450;1;2;1;1;7;170;12/04/2010
2010005451;1;2;1;1;3;170;17/04/2010
2010005452;1;1;1;1;3;170;21/04/2010
2010005453;1;1;1;3;1;170;16/06/2010
2010005454;1;2;1;1;3;170;24/07/2010
2010005455;1;1;1;1;2;170;24/07/2010
2010005456;1;2;1;1;6;170;31/07/2010
2010005457;1;1;1;1;5;170;01/08/2010
2010005458;3;1;1;5;6;170;21/08/2010
2010005459;2;1;1;1;3;170;25/08/2010
2010005460;1;1;1;1;7;170;01/09/2010
2010005461;1;2;1;7;3;170;07/10/2010
2010005462;1;1;1;3;3;170;17/11/2010
2010005463;1;1;1;1;4;170;05/03/2010
2010005464;5;2;1;1;3;170;15/04/2010
2010005465;3;1;1;1;2;170;14/05/2010
2010005466;1;1;1;1;3;170;24/05/2010
2010005467;5;1;1;1;1;170;18/07/2010
2010005468;1;1;1;1;6;170;30/07/2010
2010005469;1;1;1;1;3;170;07/08/2010
2010005470;1;1;1;1;5;170;09/08/2010
2010005471;1;1;1;1;1;170;15/08/2010
2010005472;3;1;1;1;6;170;12/09/2010
2010005473;1;2;1;1;7;170;26/09/2010
2010005474;2;1;1;1;7;170;27/09/2010
2010005475;3;1;1;1;7;170;28/11/2010
2010005476;1;1;1;1;7;170;06/03/2010
2010005477;1;1;1;1;6;170;05/03/2010
2010005478;1;1;2;1;3;170;10/04/2010
2010005479;3;1;1;1;1;170;13/04/2010
2010005480;2;1;1;1;6;170;04/05/2010
2010005481;2;1;1;1;3;170;10/05/2010
2010005482;1;1;1;1;6;170;23/06/2010
2010005483;1;2;1;1;3;170;30/06/2010
2010005484;1;1;2;1;3;170;07/07/2010
2010005485;1;2;1;1;6;170;29/07/2010
2010005486;1;1;1;1;1;170;31/07/2010
2010005487;1;2;1;1;1;170;29/08/2010
2010005488;3;1;1;1;7;170;11/10/2010
2010005489;1;1;1;1;3;170;12/10/2010
2010005490;1;2;1;1;6;170;21/10/2010
2010005491;1;2;1;1;6;170;26/10/2010
2010005492;3;1;1;2;6;170;29/10/2010
2010005493;3;1;1;1;7;170;17/12/2010
2010005494;1;1;2;1;3;170;17/12/2010
2010005495;1;2;1;4;3;170;18/12/2010
2010005496;1;2;1;1;2;170;17/12/2010
2010005497;3;1;1;1;6;170;17/01/2010
2010005498;1;2;2;1;3;170;25/01/2010
2010005499;5;2;1;2;7;170;27/02/2010
2010005500;3;1;1;1;6;170;05/03/2010
2010005501;1;1;1;1;1;170;23/04/2010
2010005502;1;2;3;1;3;170;30/04/2010
2010005503;1;1;1;1;6;170;10/05/2010
2010005504;1;1;1;1;1;170;04/06/2010
2010005505;1;1;1;1;6;170;20/06/2010
2010005506;1;1;1;7;1;170;27/06/2010
2010005507;1;1;1;1;3;170;20/07/2010
2010005508;3;1;1;1;1;170;24/07/2010
2010005509;1;1;1;1;1;170;28/07/2010
2010005510;1;1;1;1;1;170;29/07/2010
2010005511;4;2;1;1;6;170;30/07/2010
2010005512;1;1;1;1;3;170;08/08/2010
2010005513;3;2;1;1;6;170;29/08/2010
2010005514;1;1;1;1;1;170;16/09/2010
2010005515;3;1;1;1;7;170;18/09/2010
2010005516;1;1;1;1;3;170;10/09/2010
2010005517;5;1;1;1;6;170;26/09/2010
2010005518;1;1;2;1;1;170;27/09/2010
2010005519;3;1;1;1;7;170;31/10/2010
2010005520;1;2;1;2;7;170;01/11/2010
2010005521;2;1;1;8;7;170;16/11/2010
2010005522;3;1;1;1;6;170;08/12/2010
2010005523;3;1;1;2;6;170;17/02/2010
2010005524;4;1;1;1;6;170;25/04/2010
2010005525;1;1;2;8;3;170;08/06/2010
2010005526;1;2;1;1;1;170;05/08/2010
2010005527;1;1;1;1;3;170;07/10/2010
2010005528;3;1;1;2;6;170;22/12/2010
2010005529;2;1;1;1;1;170;17/01/2010
2010005530;3;1;1;1;3;170;25/01/2010
2010005531;1;1;1;1;1;170;09/03/2010
2010005532;1;2;1;1;1;170;06/06/2010
2010005533;1;2;9;1;3;170;24/06/2010
2010005534;1;1;1;1;5;170;13/07/2010
2010005535;1;2;1;1;3;170;22/07/2010
2010005536;1;2;1;1;6;170;26/07/2010
2010005537;1;2;1;1;3;170;16/08/2010
2010005538;3;1;1;2;7;170;18/08/2010
2010005539;3;1;1;1;6;170;04/09/2010
2010005540;1;1;1;1;3;170;27/09/2010
2010005541;1;2;1;1;6;170;26/10/2010
2010005542;3;2;1;1;2;170;20/11/2010
2010005543;1;1;1;9;6;170;18/12/2010
2010005544;5;2;1;1;1;170;25/01/2010
2010005545;1;2;1;8;3;170;20/02/2010
2010005546;3;1;1;1;6;170;12/03/2010
2010005547;1;1;2;1;3;170;12/03/2010
2010005548;1;2;1;1;1;170;13/03/2010
2010005549;1;2;1;1;6;170;26/03/2010
2010005550;4;2;1;6;6;170;27/03/2010
2010005551;1;2;1;1;6;170;29/03/2010
2010005552;1;2;3;1;3;170;18/04/2010
2010005553;1;1;1;1;1;170;08/05/2010
2010005554;1;1;2;1;3;170;22/05/2010
2010005555;1;1;1;1;7;170;21/06/2010
2010005556;1;1;1;1;6;170;23/07/2010
2010005557;1;1;1;1;2;170;28/07/2010
2010005558;1;1;1;1;1;170;07/09/2010
2010005559;4;2;1;3;2;170;02/11/2010
2010005560;3;1;1;8;6;170;13/11/2010
2010005561;2;1;1;1;3;170;20/11/2010
2010005562;3;2;1;1;6;170;09/12/2010
2010005563;1;1;1;1;1;170;24/12/2010
2010005564;1;1;1;1;6;170;21/01/2010
2010005565;1;1;1;1;7;170;18/06/2010
2010005566;2;1;1;1;1;170;24/06/2010
2010005567;1;1;1;1;5;170;28/06/2010
2010005568;1;2;1;1;6;170;08/07/2010
2010005569;3;1;1;1;7;170;25/09/2010
2010005570;1;1;1;1;3;170;22/10/2010
2010005571;1;2;1;1;1;170;22/11/2010
2010005572;3;1;1;8;6;170;20/01/2010
2010005573;1;1;1;1;3;170;25/07/2010
2010005574;1;1;1;1;3;170;08/08/2010
2010005575;1;1;2;8;3;170;24/10/2010
2010005576;1;1;1;1;5;170;05/11/2010
2010005577;2;1;1;8;1;790;13/01/2010
2010005578;1;1;1;1;1;790;03/02/2010
2010005579;3;1;1;1;6;790;03/03/2010
2010005580;1;1;9;1;1;790;18/03/2010
2010005581;1;1;1;1;3;790;30/07/2010
2010005582;2;1;1;1;7;790;05/08/2010
2010005583;3;1;1;1;7;790;26/11/2010
2010005584;3;1;1;1;6;790;18/12/2010
2010005585;1;1;2;1;3;790;10/02/2010
2010005586;1;1;3;1;1;790;10/03/2010
2010005587;3;1;6;1;6;790;15/03/2010
2010005588;1;1;1;1;6;790;22/03/2010
2010005589;1;1;2;2;3;790;31/03/2010
2010005590;1;2;2;1;3;790;16/04/2010
2010005591;1;1;1;1;2;790;20/05/2010
2010005592;1;1;9;2;2;790;10/06/2010
2010005593;3;1;1;1;1;790;07/07/2010
2010005594;3;1;1;1;7;790;10/07/2010
2010005595;3;1;2;1;3;790;10/07/2010
2010005596;1;1;2;1;3;790;15/07/2010
2010005597;2;1;1;1;7;790;12/08/2010
2010005598;3;1;6;5;6;790;17/08/2010
2010005599;3;1;1;1;6;790;13/11/2010
2010005600;2;1;1;4;7;790;18/12/2010
2010005601;5;2;1;1;6;790;07/02/2010
2010005602;1;1;1;1;1;790;22/03/2010
2010005603;1;2;9;2;6;790;30/03/2010
2010005604;1;2;1;1;1;790;23/04/2010
2010005605;1;1;1;1;6;790;10/05/2010
2010005606;2;1;1;1;6;790;14/05/2010
2010005607;1;2;1;1;1;790;22/05/2010
2010005608;1;2;1;1;6;790;18/05/2010
2010005609;1;1;1;1;2;790;30/08/2010
2010005610;1;1;2;1;3;790;15/08/2010
2010005611;3;1;1;8;6;790;27/08/2010
2010005612;1;1;1;2;6;790;04/10/2010
2010005613;5;1;1;8;6;790;16/10/2010
2010005614;3;1;1;1;7;790;21/10/2010
2010005615;1;1;1;1;1;790;03/02/2010
2010005616;1;2;1;1;7;790;10/02/2010
2010005617;1;2;1;7;2;790;16/02/2010
2010005618;5;2;1;1;6;790;02/03/2010
2010005619;5;2;2;1;3;790;12/04/2010
2010005620;1;1;1;2;3;790;31/05/2010
2010005621;1;2;1;1;6;790;11/07/2010
2010005622;1;1;1;2;1;790;27/08/2010
2010005623;3;1;1;1;6;790;23/11/2010
2010005624;3;1;2;5;3;790;06/12/2010
2010005625;1;2;1;1;1;790;07/01/2010
2010005626;3;1;1;2;1;790;25/02/2010
2010005627;1;1;2;1;3;790;16/03/2010
2010005628;3;1;1;1;6;790;01/04/2010
2010005629;1;1;1;1;5;790;16/04/2010
2010005630;1;1;1;1;1;790;24/04/2010
2010005631;1;1;4;1;3;790;17/07/2010
2010005632;1;2;3;1;2;790;18/07/2010
2010005633;1;1;1;1;6;790;26/10/2010
2010005634;2;1;3;1;3;790;05/11/2010
2010005635;3;1;1;9;7;790;11/12/2010
2010005636;1;1;1;1;6;790;11/02/2010
2010005637;1;2;1;1;6;790;13/02/2010
2010005638;3;1;1;1;1;790;05/03/2010
2010005639;2;1;1;2;6;790;20/03/2010
2010005640;1;1;2;1;3;790;20/04/2010
2010005641;3;2;1;1;6;790;23/04/2010
2010005642;1;1;2;1;3;790;07/05/2010
2010005643;1;1;1;2;1;790;10/05/2010
2010005644;3;1;1;1;6;790;06/07/2010
2010005645;1;1;2;1;3;790;06/08/2010
2010005646;3;1;2;1;1;790;16/09/2010
2010005647;3;1;1;8;7;790;18/11/2010
2010005648;1;1;2;1;3;790;27/01/2010
2010005649;2;1;1;8;1;790;24/02/2010
2010005650;1;1;1;1;6;790;06/03/2010
2010005651;1;1;2;1;3;790;02/06/2010
2010005652;1;1;1;1;2;790;06/06/2010
2010005653;1;1;1;7;1;790;01/07/2010
2010005654;1;2;1;1;3;790;03/08/2010
2010005655;1;2;3;1;5;790;21/08/2010
2010005656;3;2;1;1;6;790;12/09/2010
2010005657;3;1;1;1;1;790;30/09/2010
2010005658;1;1;1;1;6;790;07/10/2010
2010005659;1;1;2;7;1;790;08/10/2010
2010005660;1;1;1;1;7;790;09/10/2010
2010005661;4;2;6;3;6;790;03/11/2010
2010005662;1;2;2;8;2;790;23/11/2010
2010005663;1;2;1;1;1;790;17/12/2010
2010005664;1;2;2;1;3;790;24/03/2010
2010005665;1;1;2;1;3;790;22/05/2010
2010005666;1;1;4;1;1;790;21/05/2010
2010005667;1;1;1;1;3;790;04/06/2010
2010005668;1;1;3;3;3;790;17/06/2010
2010005669;1;1;1;1;7;790;16/08/2010
2010005670;1;1;1;1;3;790;13/09/2010
2010005671;1;1;2;1;3;790;01/11/2010
2010005672;3;1;1;9;2;790;01/12/2010
2010005673;1;1;1;1;1;790;30/03/2010
2010005674;1;1;1;1;7;790;12/06/2010
2010005675;1;1;1;1;1;790;15/06/2010
2010005676;1;1;1;1;1;790;24/06/2010
2010005677;1;1;1;1;7;790;24/07/2010
2010005678;1;1;1;1;1;790;01/08/2010
2010005679;1;2;1;1;6;790;08/08/2010
2010005680;2;2;1;1;1;790;14/09/2010
2010005681;3;1;1;1;3;790;15/09/2010
2010005682;1;2;1;1;7;790;23/09/2010
2010005683;3;1;1;1;7;790;13/10/2010
2010005684;3;1;1;3;3;790;08/11/2010
2010005685;3;1;1;1;6;790;13/11/2010
2010005686;3;2;1;3;6;790;21/11/2010
2010005687;3;1;1;2;6;790;16/12/2010
2010005688;1;1;2;1;3;790;23/04/2010
2010005689;1;1;1;8;7;790;15/05/2010
2010005690;5;2;1;1;7;790;01/08/2010
2010005691;1;1;1;1;1;790;19/08/2010
2010005692;3;1;1;5;6;790;20/01/2010
2010005693;3;1;1;2;6;790;02/04/2010
2010005694;2;1;1;1;6;790;10/04/2010
2010005695;1;1;1;1;6;790;15/04/2010
2010005696;1;1;2;1;5;790;18/05/2010
2010005697;1;1;1;1;6;790;25/05/2010
2010005698;3;1;1;1;6;790;16/07/2010
2010005699;1;2;1;1;1;790;26/08/2010
2010005700;1;1;9;7;3;790;11/12/2010
2010005701;5;1;1;1;3;870;20/03/2010
2010005702;1;1;1;1;6;870;14/05/2010
2010005703;3;1;1;1;1;870;15/05/2010
2010005704;1;1;1;1;1;870;28/05/2010
2010005705;1;1;1;1;1;870;03/07/2010
2010005706;3;1;1;2;5;870;14/08/2010
2010005707;3;1;1;3;7;870;27/08/2010
2010005708;5;1;1;1;2;870;19/11/2010
2010005709;2;1;1;4;1;870;26/11/2010
2010005710;1;1;4;1;6;870;05/04/2010
2010005711;1;1;6;1;3;870;04/06/2010
2010005712;1;1;3;1;3;870;10/05/2010
2010005713;1;2;1;1;6;870;12/06/2010
2010005714;1;1;1;1;1;870;27/07/2010
2010005715;1;2;1;8;2;870;03/02/2010
2010005716;3;1;1;1;1;870;14/03/2010
2010005717;1;1;3;1;3;870;26/03/2010
2010005718;1;1;1;1;6;870;16/07/2010
2010005719;1;2;1;1;6;870;23/07/2010
2010005720;3;1;1;8;7;870;22/12/2010
2010005721;1;2;1;1;6;870;27/02/2010
2010005722;2;1;1;2;7;870;02/04/2010
2010005723;1;1;1;1;6;870;21/04/2010
2010005724;2;1;3;1;3;870;21/04/2010
2010005725;1;1;1;1;3;870;23/05/2010
2010005726;1;1;1;1;1;870;12/06/2010
2010005727;5;2;1;1;6;870;04/07/2010
2010005728;2;1;1;1;6;870;09/07/2010
2010005729;1;2;1;1;1;870;09/08/2010
2010005730;1;1;1;2;1;870;16/09/2010
2010005731;1;1;1;1;3;870;18/09/2010
2010005732;1;1;3;1;1;870;02/10/2010
2010005733;1;1;1;1;3;870;15/10/2010
2010005734;1;1;1;8;6;870;15/11/2010
2010005735;5;2;1;3;6;870;18/11/2010
2010005736;3;1;6;1;7;870;01/03/2010
2010005737;1;1;1;1;5;870;30/04/2010
2010005738;2;1;1;1;6;870;06/06/2010
2010005739;1;1;1;1;7;870;10/06/2010
2010005740;1;1;1;1;3;870;30/06/2010
2010005741;1;1;1;1;1;870;14/07/2010
2010005742;1;1;1;1;1;870;20/07/2010
2010005743;1;1;1;1;2;870;25/07/2010
2010005744;3;1;1;1;6;870;19/08/2010
2010005745;1;1;1;2;6;870;04/10/2010
2010005746;3;1;1;1;6;870;17/03/2010
2010005747;1;1;1;1;7;870;24/05/2010
2010005748;1;2;4;1;1;870;07/08/2010
2010005749;1;1;3;2;3;870;01/01/2010
2010005750;1;1;1;4;1;870;28/01/2010
2010005751;3;1;1;1;6;870;21/08/2010
2010005752;1;1;1;2;2;870;05/10/2010
2010005753;1;1;1;1;3;870;11/10/2010
2010005754;1;1;2;8;1;870;16/10/2010
2010005755;2;1;1;2;1;870;03/11/2010
2010005756;1;2;4;2;1;870;12/11/2010
2010005757;5;2;1;1;6;870;11/12/2010
2010005758;1;1;1;4;1;870;18/12/2010
2010005759;3;1;1;2;6;870;23/12/2010
2010005760;3;1;1;1;5;870;03/02/2010
2010005761;3;1;1;1;6;870;18/04/2010
2010005762;1;1;4;1;3;870;08/05/2010
2010005763;2;2;6;1;6;870;06/06/2010
2010005764;1;1;1;1;1;870;12/06/2010
2010005765;1;2;1;1;3;870;04/08/2010
2010005766;1;1;1;1;7;870;06/08/2010
2010005767;2;1;1;1;1;870;11/09/2010
2010005768;1;2;1;1;6;870;18/09/2010
2010005769;4;1;1;1;6;870;09/10/2010
2010005770;3;1;1;2;1;870;04/11/2010
2010005771;1;2;1;2;1;870;10/11/2010
2010005772;5;2;1;2;6;870;21/12/2010
2010005773;1;2;6;1;3;870;03/03/2010
2010005774;1;1;1;1;6;870;26/03/2010
2010005775;1;1;1;1;6;870;24/04/2010
2010005776;1;2;2;1;3;870;14/05/2010
2010005777;1;1;1;1;1;870;24/06/2010
2010005778;1;1;2;1;3;870;01/08/2010
2010005779;3;1;1;1;6;870;29/08/2010
2010005780;2;1;1;1;1;870;22/11/2010
2010005781;3;1;1;8;1;190;19/03/2010
2010005782;1;1;1;3;1;190;16/06/2010