num_acc;lum;agg;inter;atm;col;dep;date
2010005783;1;1;1;2;5;190;21/07/2010
2010005784;1;1;2;2;3;190;09/09/2010
2010005785;1;1;1;1;1;190;14/10/2010
2010005786;1;1;2;2;3;190;10/11/2010
2010005787;1;1;1;1;6;190;17/11/2010
2010005788;1;1;1;2;6;190;20/11/2010
2010005789;1;1;1;4;1;190;16/12/2010
2010005790;1;2;1;2;7;190;14/01/2010
2010005791;5;2;1;2;1;190;09/05/2010
2010005792;3;1;1;1;6;190;08/05/2010
2010005793;1;2;1;1;6;190;22/06/2010
2010005794;1;1;1;1;6;190;08/07/2010
2010005795;1;1;1;1;1;190;24/07/2010
2010005796;1;1;1;1;1;190;26/07/2010
2010005797;1;1;1;1;1;190;04/08/2010
2010005798;1;1;1;1;7;190;08/08/2010
2010005799;1;1;1;1;1;190;08/08/2010
2010005800;1;1;1;1;5;190;20/08/2010
2010005801;1;1;1;9;3;190;09/09/2010
2010005802;3;1;1;1;7;190;21/10/2010
2010005803;1;1;1;2;1;190;12/11/2010
2010005804;2;1;1;1;6;190;09/12/2010
2010005805;2;2;1;1;1;190;21/01/2010
2010005806;5;2;1;1;1;190;18/02/2010
2010005807;1;1;1;1;2;190;05/03/2010
2010005808;2;2;1;1;7;190;02/09/2010
2010005809;3;1;1;2;1;190;03/11/2010
2010005810;3;2;1;2;6;190;22/11/2010
2010005811;1;1;1;8;1;190;03/02/2010
2010005812;3;2;1;2;7;190;12/10/2010
2010005813;3;1;1;5;7;190;07/12/2010
2010005814;1;1;1;1;6;190;11/03/2010
2010005815;3;1;9;1;6;190;11/04/2010
2010005816;1;2;1;1;1;190;27/05/2010
2010005817;1;1;1;1;3;190;04/06/2010
2010005818;1;1;1;1;1;190;04/07/2010
2010005819;1;1;1;1;7;190;14/08/2010
2010005820;3;1;1;1;6;190;14/08/2010
2010005821;2;1;1;1;1;190;21/08/2010
2010005822;1;1;1;1;1;190;30/08/2010
2010005823;3;1;1;1;6;190;26/09/2010
2010005824;2;1;1;1;3;190;13/10/2010
2010005825;1;1;1;1;3;190;26/10/2010
2010005826;3;1;1;3;6;190;18/11/2010
2010005827;1;2;9;1;1;190;09/07/2010
2010005828;1;1;1;8;3;190;24/09/2010
2010005829;1;1;1;2;6;190;30/09/2010
2010005830;1;1;1;1;1;190;12/10/2010
2010005831;1;1;1;1;1;190;20/10/2010
2010005832;3;1;1;1;7;190;28/10/2010
2010005833;1;1;1;1;2;190;26/10/2010
2010005834;1;1;1;1;3;190;23/11/2010
2010005835;3;1;1;8;6;190;27/01/2010
2010005836;1;1;1;1;6;190;27/05/2010
2010005837;1;1;1;1;6;190;07/08/2010
2010005838;1;2;1;1;6;190;08/10/2010
2010005839;2;1;3;1;3;190;20/10/2010
2010005840;2;1;9;1;7;190;23/10/2010
2010005841;1;1;1;3;1;190;09/11/2010
2010005842;1;2;1;1;1;190;06/02/2010
2010005843;1;1;1;1;6;190;26/04/2010
2010005844;1;1;1;1;6;190;15/07/2010
2010005845;1;1;1;2;1;190;02/08/2010
2010005846;1;1;1;1;1;190;27/12/2010
2010005847;2;1;1;1;6;190;18/01/2010
2010005848;3;1;1;1;6;190;07/03/2010
2010005849;1;1;1;7;7;190;04/06/2010
2010005850;1;1;1;1;1;190;15/10/2010
2010005851;1;2;3;1;3;190;13/04/2010
2010005852;2;1;1;1;6;190;30/04/2010
2010005853;1;1;1;1;6;190;13/05/2010
2010005854;1;1;1;1;3;190;09/10/2010
2010005855;1;1;1;1;7;190;19/08/2010
2010005856;3;1;1;2;1;190;17/10/2010
2010005857;3;1;1;4;6;190;13/02/2010
2010005858;1;1;1;1;6;190;30/10/2010
2010005859;3;2;1;2;6;190;11/11/2010
2010005860;3;1;1;1;6;190;05/04/2010
2010005861;1;1;1;1;6;190;30/08/2010
2010005862;3;2;1;3;7;230;27/02/2010
2010005863;1;1;1;2;3;230;05/05/2010
2010005864;1;2;1;1;6;230;13/05/2010
2010005865;1;1;1;1;3;230;22/05/2010
2010005866;1;1;1;1;3;230;02/06/2010
2010005867;1;1;1;3;1;230;16/06/2010
2010005868;5;1;1;1;6;230;05/07/2010
2010005869;1;2;1;1;6;230;19/07/2010
2010005870;1;1;1;3;6;230;04/08/2010
2010005871;2;1;1;3;6;230;24/09/2010
2010005872;3;1;1;1;7;230;01/01/2010
2010005873;2;2;1;1;2;230;11/03/2010
2010005874;1;1;1;1;7;230;17/04/2010
2010005875;1;1;1;1;1;230;18/04/2010
2010005876;1;1;1;1;3;230;21/05/2010
2010005877;5;2;1;1;6;230;01/06/2010
2010005878;1;1;1;3;3;230;28/06/2010
2010005879;3;1;1;1;7;230;07/07/2010
2010005880;1;1;1;1;3;230;25/10/2010
2010005881;3;1;1;2;5;230;12/11/2010
2010005882;5;2;1;2;6;230;17/01/2010
2010005883;1;1;1;4;1;230;16/02/2010
2010005884;1;1;1;8;1;230;19/03/2010
2010005885;1;2;1;1;1;230;30/08/2010
2010005886;3;1;1;1;6;230;17/10/2010
2010005887;1;1;1;4;6;230;28/01/2010
2010005888;1;1;1;8;3;230;29/03/2010
2010005889;1;1;1;1;6;230;03/04/2010
2010005890;1;1;1;1;6;230;03/06/2010
2010005891;3;1;1;1;6;230;08/08/2010
2010005892;2;1;1;1;6;230;03/10/2010
2010005893;3;1;1;2;1;230;04/10/2010
2010005894;3;1;1;2;6;230;26/11/2010
2010005895;3;1;1;1;7;230;01/02/2010
2010005896;1;2;1;2;3;230;12/05/2010
2010005897;3;1;1;1;6;230;21/05/2010
2010005898;1;1;1;7;3;230;04/06/2010
2010005899;1;2;1;1;6;230;06/08/2010
2010005900;1;1;1;3;7;230;22/11/2010
2010005901;5;2;1;2;6;230;24/11/2010
2010005902;1;2;1;1;6;230;11/12/2010
2010005903;1;1;1;1;6;230;07/04/2010
2010005904;3;1;1;1;6;230;17/04/2010
2010005905;3;2;1;1;6;230;13/06/2010
2010005906;1;1;3;1;3;230;05/09/2010
2010005907;3;1;1;1;1;230;05/11/2010
2010005908;3;1;1;2;1;230;12/11/2010
2010005909;1;2;1;1;6;230;09/07/2010
2010005910;5;2;1;1;6;230;24/09/2010
2010005911;1;1;1;2;6;230;27/02/2010
2010005912;1;2;1;1;6;230;22/04/2010
2010005913;1;2;1;1;2;230;13/06/2010
2010005914;1;1;1;8;7;230;19/06/2010
2010005915;5;2;1;1;7;230;08/07/2010
2010005916;1;1;1;2;6;230;10/10/2010
2010005917;3;1;1;5;1;230;14/12/2010
2010005918;3;1;1;3;1;230;21/12/2010
2010005919;3;1;1;5;1;230;30/12/2010
2010005920;3;1;1;4;1;310;11/02/2010
2010005921;1;2;1;1;6;310;25/02/2010
2010005922;1;1;1;1;3;310;29/03/2010
2010005923;2;2;1;1;3;310;06/04/2010
2010005924;1;1;1;1;5;310;10/04/2010
2010005925;1;1;1;1;7;310;21/04/2010
2010005926;4;1;1;1;6;310;23/05/2010
2010005927;1;1;2;1;3;310;08/06/2010
2010005928;1;1;1;1;1;310;29/07/2010
2010005929;1;1;1;1;1;310;31/07/2010
2010005930;1;2;1;1;3;310;27/08/2010
2010005931;3;1;1;1;3;310;12/10/2010
2010005932;3;2;1;9;6;310;26/12/2010
2010005933;1;1;1;1;1;310;31/05/2010
2010005934;2;1;1;1;6;310;23/06/2010
2010005935;1;2;1;1;3;310;25/06/2010
2010005936;4;2;1;1;6;310;14/08/2010
2010005937;1;2;1;1;3;310;25/08/2010
2010005938;1;2;1;1;6;310;02/09/2010
2010005939;3;1;1;1;7;310;12/09/2010
2010005940;1;2;3;1;5;310;01/10/2010
2010005941;1;1;1;1;1;310;10/12/2010
2010005942;1;1;1;8;1;310;24/01/2010
2010005943;3;1;1;1;7;310;21/02/2010
2010005944;1;1;1;1;3;310;18/03/2010
2010005945;1;1;6;2;3;310;27/03/2010
2010005946;1;1;1;1;7;310;21/04/2010
2010005947;1;2;1;1;3;310;30/04/2010
2010005948;2;1;1;1;7;310;21/05/2010
2010005949;5;1;1;1;6;310;10/07/2010
2010005950;5;2;9;1;6;310;15/07/2010
2010005951;3;1;1;1;7;310;18/07/2010
2010005952;1;1;1;1;5;310;04/08/2010
2010005953;3;1;1;1;6;310;28/08/2010
2010005954;3;1;1;1;7;310;29/08/2010
2010005955;3;1;1;3;1;310;16/09/2010
2010005956;3;1;1;1;7;310;03/10/2010
2010005957;3;1;1;1;6;310;08/10/2010
2010005958;3;1;1;1;2;310;14/10/2010
2010005959;3;1;1;3;1;310;01/11/2010
2010005960;1;1;1;1;6;310;15/11/2010
2010005961;5;2;1;1;3;310;24/11/2010
2010005962;1;1;1;1;6;310;15/12/2010
2010005963;1;2;6;7;3;310;13/01/2010
2010005964;3;1;1;2;6;310;20/01/2010
2010005965;1;2;7;1;6;310;26/01/2010
2010005966;1;1;3;1;6;310;30/01/2010
2010005967;5;2;1;1;6;310;30/01/2010
2010005968;3;2;1;2;1;310;17/02/2010
2010005969;3;1;1;1;1;310;26/02/2010
2010005970;5;2;9;1;3;310;15/01/2010
2010005971;1;1;1;1;4;310;01/03/2010
2010005972;1;1;1;1;7;310;13/03/2010
2010005973;1;1;1;2;3;310;22/03/2010
2010005974;2;1;1;1;3;310;25/03/2010
2010005975;1;1;1;1;6;310;14/04/2010
2010005976;1;1;1;1;6;310;18/04/2010
2010005977;1;1;1;1;7;310;21/04/2010
2010005978;5;2;1;1;3;310;26/04/2010
2010005979;1;2;4;1;1;310;21/05/2010
2010005980;3;1;1;2;6;310;19/06/2010
2010005981;2;1;1;1;3;310;16/07/2010
2010005982;1;1;1;1;6;310;30/07/2010
2010005983;1;1;1;3;1;310;02/08/2010
2010005984;3;2;1;1;1;310;07/08/2010
2010005985;2;2;1;1;1;310;30/08/2010
2010005986;1;1;1;1;6;310;02/09/2010
2010005987;1;2;1;1;6;310;09/09/2010
2010005988;1;1;1;1;6;310;11/09/2010
2010005989;1;1;1;1;6;310;19/09/2010
2010005990;1;1;9;1;2;310;08/10/2010
2010005991;2;1;1;2;7;310;02/12/2010
2010005992;1;1;2;1;3;310;07/12/2010
2010005993;3;1;1;1;7;310;19/12/2010
2010005994;3;1;1;3;2;310;31/12/2010
2010005995;1;1;6;4;3;310;09/01/2010
2010005996;3;1;1;1;6;310;26/01/2010
2010005997;5;2;1;1;6;310;21/04/2010
2010005998;3;2;1;1;3;310;07/08/2010
2010005999;1;2;1;1;3;310;21/08/2010
2010006000;1;1;1;1;7;310;26/09/2010
2010006001;1;2;1;1;2;310;25/09/2010
2010006002;2;1;1;1;3;310;09/10/2010
2010006003;3;1;1;1;1;310;24/10/2010
2010006004;2;2;1;1;3;310;07/12/2010
2010006005;1;1;1;1;5;310;25/12/2010
2010006006;5;2;3;1;3;310;15/03/2010
2010006007;1;2;1;8;3;310;04/04/2010
2010006008;1;1;1;3;1;310;04/05/2010
2010006009;1;2;6;1;6;310;16/05/2010
2010006010;1;1;6;1;3;310;05/06/2010
2010006011;1;1;1;1;1;310;09/06/2010
2010006012;1;1;3;1;3;310;02/08/2010
2010006013;1;2;1;1;1;310;06/08/2010
2010006014;1;1;1;1;2;310;06/09/2010
2010006015;3;2;1;1;6;310;28/12/2010
2010006016;1;2;2;1;3;310;10/03/2010
2010006017;1;1;1;1;5;310;13/04/2010
2010006018;1;2;1;1;6;310;20/04/2010
2010006019;1;2;1;1;6;310;25/05/2010
2010006020;1;1;1;1;3;310;12/07/2010
2010006021;3;2;1;1;6;310;09/12/2010
2010006022;5;2;1;8;3;310;05/01/2010
2010006023;3;1;1;2;1;310;03/03/2010
2010006024;5;1;1;1;6;310;14/03/2010
2010006025;5;2;1;1;6;310;16/04/2010
2010006026;1;1;1;1;3;310;10/05/2010
2010006027;5;2;1;1;7;310;06/06/2010
2010006028;1;1;1;1;6;310;24/06/2010
2010006029;1;2;2;1;1;310;29/06/2010
2010006030;1;2;1;1;7;310;08/07/2010
2010006031;1;2;1;1;1;310;15/07/2010
2010006032;1;2;6;1;3;310;05/08/2010
2010006033;3;1;1;1;7;310;14/08/2010
2010006034;1;2;1;1;6;310;08/09/2010
2010006035;1;2;1;1;1;310;28/09/2010
2010006036;3;2;1;2;5;310;10/11/2010
2010006037;5;2;3;2;3;310;20/11/2010
2010006038;1;2;1;1;6;310;08/12/2010
2010006039;2;1;1;1;1;310;08/12/2010
2010006040;1;2;1;1;6;310;13/12/2010
2010006041;5;1;1;1;1;310;25/02/2010
2010006042;1;2;1;7;6;310;16/03/2010
2010006043;1;2;9;1;4;310;16/03/2010
2010006044;3;1;1;1;1;310;20/03/2010
2010006045;1;2;1;1;5;310;28/04/2010
2010006046;1;2;1;2;1;310;14/06/2010
2010006047;1;2;6;1;1;310;09/07/2010
2010006048;1;2;1;1;6;310;16/12/2010
2010006049;1;1;1;1;6;310;27/12/2010
2010006050;1;2;1;2;6;310;16/01/2010
2010006051;2;2;6;1;2;310;22/01/2010
2010006052;1;1;1;4;6;310;08/03/2010
2010006053;1;2;1;1;1;310;17/03/2010
2010006054;1;2;3;1;3;310;19/03/2010
2010006055;1;2;1;2;6;310;01/05/2010
2010006056;2;1;1;1;6;310;05/06/2010
2010006057;1;1;1;2;6;310;08/06/2010
2010006058;3;1;1;1;7;310;01/07/2010
2010006059;1;2;9;1;1;310;18/07/2010
2010006060;1;2;1;1;6;310;09/08/2010
2010006061;1;1;1;1;3;310;11/09/2010
2010006062;2;1;1;1;7;310;22/10/2010
2010006063;3;1;1;1;3;310;17/12/2010
2010006064;1;1;1;6;6;310;27/02/2010
2010006065;5;2;1;1;1;310;02/04/2010
2010006066;1;1;1;1;1;310;05/04/2010
2010006067;1;1;3;1;3;310;27/04/2010
2010006068;5;1;1;1;7;310;08/07/2010
2010006069;3;1;1;1;6;310;27/08/2010
2010006070;5;2;6;1;1;310;29/08/2010
2010006071;1;1;1;1;5;310;05/10/2010
2010006072;3;1;1;1;6;310;17/10/2010
2010006073;1;2;1;1;3;310;19/10/2010
2010006074;3;1;1;1;6;310;21/11/2010
2010006075;3;1;1;1;6;310;23/01/2010
2010006076;1;1;1;1;7;310;05/04/2010
2010006077;5;2;1;1;7;310;30/05/2010
2010006078;1;2;1;1;3;310;01/06/2010
2010006079;1;2;1;7;3;310;10/06/2010
2010006080;1;1;1;2;6;310;13/06/2010
2010006081;1;2;1;1;3;310;31/07/2010
2010006082;1;1;1;1;5;310;03/09/2010
2010006083;5;2;1;2;6;310;17/09/2010
2010006084;3;1;1;3;6;310;10/10/2010
2010006085;1;1;1;1;3;310;23/10/2010
2010006086;5;1;2;8;3;310;13/01/2010
2010006087;1;2;6;1;3;310;29/01/2010
2010006088;1;2;1;1;3;310;24/03/2010
2010006089;1;1;1;1;6;310;13/04/2010
2010006090;1;2;6;1;3;310;11/06/2010
2010006091;1;1;1;1;6;310;30/06/2010
2010006092;1;2;1;1;3;310;21/08/2010
2010006093;1;1;1;1;5;310;03/09/2010
2010006094;1;2;1;1;1;310;26/10/2010
2010006095;3;1;1;1;1;310;06/11/2010
2010006096;1;2;1;1;6;310;01/12/2010
2010006097;3;1;1;1;6;310;27/03/2010
2010006098;5;1;1;1;1;310;26/03/2010
2010006099;1;1;1;1;7;310;30/03/2010
2010006100;3;1;1;1;6;310;28/05/2010
2010006101;1;2;1;8;1;310;11/06/2010
2010006102;1;1;1;3;6;310;14/06/2010
2010006103;1;1;1;1;5;310;26/06/2010
2010006104;1;1;9;1;5;310;12/07/2010
2010006105;1;1;1;1;1;310;25/08/2010
2010006106;1;1;1;1;1;310;08/09/2010
2010006107;1;1;1;1;1;310;26/10/2010
2010006108;3;2;9;2;6;310;09/11/2010
2010006109;3;1;1;1;7;310;12/11/2010
2010006110;3;1;1;9;5;310;28/11/2010
2010006111;1;1;1;4;1;310;17/12/2010
2010006112;1;1;9;1;1;310;22/12/2010
2010006113;1;1;1;2;1;310;06/02/2010
2010006114;1;1;1;1;1;310;20/05/2010
2010006115;1;2;6;1;3;310;25/06/2010
2010006116;1;1;1;1;3;310;25/06/2010
2010006117;1;2;1;1;3;310;07/08/2010
2010006118;1;1;1;1;1;310;17/09/2010
2010006119;2;1;1;8;1;310;28/01/2010
2010006120;3;1;1;2;6;310;09/05/2010
2010006121;1;1;1;1;3;310;23/05/2010
2010006122;3;1;1;1;6;310;08/07/2010
2010006123;1;1;1;1;3;310;10/07/2010
2010006124;1;1;1;1;3;310;24/07/2010
2010006125;5;2;1;1;6;310;31/07/2010
2010006126;1;1;1;1;1;310;19/08/2010
2010006127;1;1;1;7;3;310;20/08/2010
2010006128;1;1;1;1;3;310;17/09/2010
2010006129;1;1;1;1;1;310;30/04/2010
2010006130;1;1;1;1;6;310;06/05/2010
2010006131;1;2;1;8;3;310;30/05/2010
2010006132;1;1;2;1;3;310;26/06/2010
2010006133;1;1;1;1;1;310;08/07/2010
2010006134;1;1;1;1;1;310;10/07/2010
2010006135;1;1;1;1;6;310;14/07/2010
2010006136;1;2;2;1;2;310;08/08/2010
2010006137;1;2;1;2;3;310;17/09/2010
2010006138;1;2;1;1;1;310;06/01/2010
2010006139;1;1;2;1;4;310;15/01/2010
2010006140;1;1;1;1;6;310;03/02/2010
2010006141;1;1;1;1;1;310;21/02/2010
2010006142;1;2;1;1;1;310;17/04/2010
2010006143;1;1;1;1;1;310;04/06/2010
2010006144;3;1;1;1;6;310;17/08/2010
2010006145;2;1;1;1;5;310;10/09/2010
2010006146;1;1;1;1;3;310;01/10/2010
2010006147;1;1;2;5;3;310;17/11/2010
2010006148;1;1;1;1;6;310;26/11/2010
2010006149;1;1;1;1;6;310;22/02/2010
2010006150;1;2;1;1;1;310;04/03/2010
2010006151;1;1;1;1;1;310;18/03/2010
2010006152;1;2;1;1;6;310;16/04/2010
2010006153;3;2;1;1;6;310;10/08/2010
2010006154;5;2;1;1;6;310;06/09/2010
2010006155;1;1;1;1;3;310;13/09/2010
2010006156;5;2;2;2;3;310;09/11/2010
2010006157;2;1;1;2;1;310;25/11/2010
2010006158;3;1;1;4;7;90;01/01/2010
2010006159;1;2;1;1;6;90;18/01/2010
2010006160;1;2;2;1;3;90;30/01/2010
2010006161;1;1;1;1;7;90;28/03/2010
2010006162;1;1;1;1;7;90;22/05/2010
2010006163;1;2;1;1;1;90;18/10/2010
2010006164;1;2;6;1;2;90;11/11/2010
2010006165;1;1;1;1;7;90;02/11/2010
2010006166;1;2;1;7;6;90;24/11/2010
2010006167;1;2;1;1;6;90;29/12/2010
2010006168;1;2;1;4;6;90;07/01/2010
2010006169;1;1;1;1;1;90;01/03/2010
2010006170;1;1;1;1;5;90;25/04/2010
2010006171;2;1;1;1;1;90;30/06/2010
2010006172;3;1;1;1;7;90;20/08/2010
2010006173;1;2;1;1;6;90;21/08/2010
2010006174;1;1;1;1;7;90;14/09/2010
2010006175;1;2;3;1;2;90;07/10/2010
2010006176;3;1;3;8;6;90;18/12/2010
2010006177;5;2;4;1;1;90;24/09/2010
2010006178;2;1;1;1;6;90;03/04/2010
2010006179;2;1;1;1;7;90;01/07/2010
2010006180;1;1;1;1;7;90;12/07/2010
2010006181;1;1;1;1;6;90;19/07/2010
2010006182;1;1;3;1;3;90;20/07/2010
2010006183;1;2;1;1;6;90;20/07/2010
2010006184;1;1;1;1;6;90;29/07/2010
2010006185;1;2;3;1;1;90;08/08/2010
2010006186;3;1;3;1;1;90;17/08/2010
2010006187;1;1;1;1;6;90;21/08/2010
2010006188;2;1;2;1;3;90;23/09/2010
2010006189;1;1;1;1;1;90;05/10/2010
2010006190;3;1;1;1;1;90;29/10/2010
2010006191;1;2;4;7;6;90;28/12/2010
2010006192;1;1;1;6;6;90;03/03/2010
2010006193;1;1;1;8;6;90;21/03/2010
2010006194;1;1;3;1;1;90;24/03/2010
2010006195;1;1;1;1;7;90;02/05/2010
2010006196;1;1;1;1;7;90;17/06/2010
2010006197;1;1;1;1;6;90;27/06/2010
2010006198;1;2;3;1;1;90;23/08/2010
2010006199;1;1;1;1;2;90;23/08/2010
2010006200;1;2;2;1;3;90;18/02/2010
2010006201;2;2;3;8;3;90;04/03/2010
2010006202;5;2;1;1;3;90;14/03/2010
2010006203;2;1;1;1;6;90;26/06/2010
2010006204;1;1;1;1;6;90;08/07/2010
2010006205;1;1;1;1;1;90;25/07/2010
2010006206;1;1;1;1;5;90;19/10/2010
2010006207;3;1;1;1;2;90;12/10/2010
2010006208;1;1;1;1;7;90;16/10/2010
2010006209;3;1;3;1;5;90;18/10/2010
2010006210;2;2;4;1;3;90;13/11/2010
2010006211;3;1;1;3;1;90;21/11/2010
2010006212;5;1;1;1;5;90;30/11/2010
2010006213;3;1;1;1;6;90;18/01/2010
2010006214;1;1;4;1;1;90;13/03/2010
2010006215;1;2;1;1;6;90;23/03/2010
2010006216;1;1;1;1;1;90;17/04/2010
2010006217;1;1;1;2;3;90;15/04/2010
2010006218;5;2;1;1;6;90;15/08/2010
2010006219;1;1;1;1;3;90;22/08/2010
2010006220;1;2;1;1;6;90;10/09/2010
2010006221;3;1;1;1;6;90;12/09/2010
2010006222;3;1;1;3;7;90;17/09/2010
2010006223;3;1;1;3;6;90;26/09/2010
2010006224;3;1;1;3;6;90;26/09/2010
2010006225;2;1;1;3;6;90;10/10/2010
2010006226;1;2;6;1;7;90;14/10/2010
2010006227;3;1;1;2;7;90;17/10/2010
2010006228;3;1;1;3;7;90;09/11/2010
2010006229;2;2;1;1;7;90;08/11/2010
2010006230;3;2;1;2;7;90;17/11/2010
2010006231;1;1;1;1;3;90;13/08/2010
2010006232;1;1;1;1;7;90;04/09/2010
2010006233;3;1;1;4;1;90;11/12/2010
2010006234;1;1;1;4;7;90;17/12/2010
2010006235;1;2;1;1;6;20;04/02/2010
2010006236;5;2;1;1;2;20;17/04/2010
2010006237;3;1;1;1;7;20;18/06/2010
2010006238;5;2;6;1;7;20;24/07/2010
2010006239;5;2;1;1;6;20;22/09/2010
2010006240;1;2;2;2;3;20;24/09/2010
2010006241;1;2;1;1;3;20;10/10/2010
2010006242;2;2;6;2;3;20;16/12/2010
2010006243;5;2;3;1;3;20;13/10/2010
2010006244;2;2;3;1;3;20;20/02/2010
2010006245;1;1;1;1;6;120;16/02/2010
2010006246;1;1;1;1;7;120;17/03/2010
2010006247;3;1;1;1;6;120;03/05/2010
2010006248;1;1;1;1;1;120;21/07/2010
2010006249;1;1;1;1;6;120;16/08/2010
2010006250;1;1;1;8;1;120;27/08/2010
2010006251;1;2;1;3;6;120;04/10/2010
2010006252;1;1;1;1;1;120;17/10/2010
2010006253;3;1;1;1;6;120;30/10/2010
2010006254;3;1;1;4;6;120;24/12/2010
2010006255;1;1;1;1;1;120;05/03/2010
2010006256;1;1;1;1;5;120;25/05/2010
2010006257;1;2;1;1;6;120;29/05/2010
2010006258;1;1;1;1;5;120;12/07/2010
2010006259;1;1;1;1;1;120;16/07/2010
2010006260;1;1;2;1;3;120;22/07/2010
2010006261;1;1;1;1;7;120;29/07/2010
2010006262;1;1;1;8;1;120;25/09/2010
2010006263;3;1;1;9;5;120;23/09/2010
2010006264;3;1;1;1;1;120;23/10/2010
2010006265;1;1;1;9;1;120;01/11/2010
2010006266;3;1;1;2;7;120;18/11/2010
2010006267;1;1;1;1;6;120;28/03/2010
2010006268;1;1;1;1;3;120;03/06/2010
2010006269;1;1;1;1;1;120;08/06/2010
2010006270;1;1;1;1;1;120;02/07/2010
2010006271;1;2;1;1;6;120;07/07/2010
2010006272;3;1;1;1;1;120;13/07/2010
2010006273;1;1;1;1;6;120;18/07/2010
2010006274;3;1;2;2;1;120;15/08/2010
2010006275;2;1;1;1;7;120;17/08/2010
2010006276;3;1;1;1;1;120;30/10/2010
2010006277;1;1;1;1;6;120;05/06/2010
2010006278;1;2;1;1;6;120;11/08/2010
2010006279;1;1;1;7;6;120;19/08/2010
2010006280;1;1;1;1;6;120;24/08/2010
2010006281;1;1;1;8;1;120;03/12/2010
2010006282;1;1;1;1;6;120;23/12/2010
2010006283;1;1;1;1;1;120;04/07/2010
2010006284;1;2;1;1;6;120;11/08/2010
2010006285;1;1;1;1;3;120;26/05/2010
2010006286;3;1;1;1;6;120;26/09/2010
2010006287;1;2;1;2;1;120;30/05/2010
2010006288;2;2;1;1;7;120;01/02/2010
2010006289;1;1;1;1;1;120;04/07/2010
2010006290;3;1;1;1;7;120;19/07/2010
2010006291;1;1;1;1;1;120;20/08/2010
2010006292;1;1;1;1;6;120;19/06/2010
2010006293;1;1;1;1;7;120;03/07/2010
2010006294;1;1;1;1;1;120;12/10/2010
2010006295;3;1;1;2;6;120;03/11/2010
2010006296;3;1;1;2;1;120;22/12/2010
2010006297;2;2;1;1;7;120;16/04/2010
2010006298;1;1;1;8;1;120;26/07/2010
2010006299;1;2;1;1;6;120;23/03/2010
2010006300;1;2;1;1;6;120;01/04/2010
2010006301;1;2;1;1;3;120;05/07/2010
2010006302;1;1;1;1;7;120;30/07/2010
2010006303;1;1;1;7;7;120;10/09/2010
2010006304;1;1;1;1;2;120;13/09/2010
2010006305;3;2;1;1;1;120;26/09/2010
2010006306;5;2;1;1;6;120;16/10/2010
2010006307;1;2;1;1;6;120;29/10/2010
2010006308;1;1;1;3;7;120;08/11/2010
2010006309;1;1;1;2;7;120;25/11/2010
2010006310;3;1;1;1;7;120;04/12/2010
2010006311;1;2;1;1;6;120;08/12/2010
2010006312;1;1;1;1;5;120;18/12/2010
2010006313;1;1;1;1;6;120;27/12/2010
2010006314;1;1;1;2;6;120;30/05/2010
2010006315;1;1;1;1;7;120;01/08/2010
2010006316;1;1;1;1;7;120;01/10/2010
2010006317;1;2;1;1;6;120;01/10/2010
2010006318;1;1;1;1;1;120;31/01/2010
2010006319;1;1;1;1;6;120;19/06/2010
2010006320;5;2;1;4;3;120;08/01/2010
2010006321;3;1;1;4;6;120;08/01/2010
2010006322;3;1;1;1;6;120;23/01/2010
2010006323;1;1;1;1;5;120;30/06/2010
2010006324;1;2;1;1;1;120;16/07/2010
2010006325;3;1;1;1;6;120;19/09/2010
2010006326;3;1;1;2;6;120;24/10/2010
2010006327;3;2;1;2;6;120;06/11/2010
2010006328;1;2;1;2;6;120;09/11/2010
2010006329;1;1;1;1;3;120;13/12/2010
2010006330;1;1;1;1;7;120;25/01/2010
2010006331;3;1;1;1;7;120;16/04/2010
2010006332;5;2;1;1;6;120;22/05/2010
2010006333;1;1;1;2;1;120;11/10/2010
2010006334;1;1;1;1;6;120;16/08/2010
2010006335;1;1;1;1;3;120;20/12/2010
2010006336;1;1;1;1;7;320;29/03/2010
2010006337;1;1;1;1;6;320;03/06/2010
2010006338;1;1;2;1;3;320;13/06/2010
2010006339;1;1;1;1;1;320;16/07/2010
2010006340;1;1;3;7;3;320;16/07/2010
2010006341;1;1;1;1;3;320;26/07/2010
2010006342;1;1;1;1;6;320;10/08/2010
2010006343;1;1;1;1;1;320;14/08/2010
2010006344;1;1;2;7;3;320;26/08/2010
2010006345;1;1;1;1;1;320;19/09/2010
2010006346;1;2;1;1;1;320;22/09/2010
2010006347;2;1;3;2;3;320;25/11/2010
2010006348;2;1;1;9;7;320;19/12/2010
2010006349;3;1;1;8;1;320;08/01/2010
2010006350;1;1;1;1;6;320;25/01/2010
2010006351;1;1;1;6;6;320;27/02/2010
2010006352;1;1;1;1;1;320;14/03/2010
2010006353;1;2;1;1;6;320;18/06/2010
2010006354;1;1;1;1;6;320;04/08/2010
2010006355;1;1;1;1;7;320;24/08/2010
2010006356;1;1;8;1;3;320;27/09/2010
2010006357;1;1;1;1;7;320;07/10/2010
2010006358;1;1;1;1;1;320;04/12/2010
2010006359;1;1;1;1;1;320;31/12/2010
2010006360;1;1;1;1;1;320;23/03/2010
2010006361;3;1;9;1;2;320;15/04/2010
2010006362;1;1;1;1;1;320;11/06/2010