num_acc;lum;agg;inter;atm;col;dep;date
2010006363;1;1;1;1;2;320;21/09/2010
2010006364;2;1;1;1;2;320;03/10/2010
2010006365;1;1;1;1;5;320;05/10/2010
2010006366;1;1;1;1;1;320;26/11/2010
2010006367;3;2;1;1;6;320;10/12/2010
2010006368;3;1;1;1;3;320;16/12/2010
2010006369;1;1;3;1;2;320;26/01/2010
2010006370;3;1;1;1;6;320;10/02/2010
2010006371;2;1;3;3;5;320;12/05/2010
2010006372;3;1;1;2;6;320;15/05/2010
2010006373;1;1;1;1;3;320;17/05/2010
2010006374;1;1;1;1;3;320;25/05/2010
2010006375;1;1;2;1;3;320;05/08/2010
2010006376;1;1;1;1;7;320;14/11/2010
2010006377;1;2;1;1;6;320;11/12/2010
2010006378;3;2;1;1;6;320;27/01/2010
2010006379;1;1;1;8;6;320;28/05/2010
2010006380;1;1;1;1;6;320;06/06/2010
2010006381;1;2;2;1;3;320;23/06/2010
2010006382;1;2;2;1;3;320;05/07/2010
2010006383;1;2;2;1;3;320;23/07/2010
2010006384;1;1;1;1;6;320;27/07/2010
2010006385;1;1;1;1;7;320;28/07/2010
2010006386;1;1;1;1;6;320;27/08/2010
2010006387;1;1;1;1;6;320;29/09/2010
2010006388;5;2;2;1;3;320;05/12/2010
2010006389;1;1;1;5;6;320;31/01/2010
2010006390;1;2;7;1;6;320;03/02/2010
2010006391;1;1;1;1;1;320;23/02/2010
2010006392;1;1;1;2;1;320;27/03/2010
2010006393;1;2;3;1;6;320;08/04/2010
2010006394;1;1;1;1;6;320;30/06/2010
2010006395;1;1;1;1;6;320;03/07/2010
2010006396;1;2;1;1;3;320;02/07/2010
2010006397;1;2;1;1;6;320;06/07/2010
2010006398;1;1;1;1;6;320;15/07/2010
2010006399;3;1;1;1;6;320;17/07/2010
2010006400;3;1;1;1;6;320;24/07/2010
2010006401;1;1;1;1;6;320;05/09/2010
2010006402;1;2;1;2;3;320;16/09/2010
2010006403;3;1;1;1;6;320;15/12/2010
2010006404;1;1;1;8;6;320;09/01/2010
2010006405;1;1;3;2;3;320;07/04/2010
2010006406;1;1;1;1;2;320;11/04/2010
2010006407;1;1;1;1;4;320;25/04/2010
2010006408;1;2;3;1;3;320;14/05/2010
2010006409;1;1;1;1;1;320;15/07/2010
2010006410;1;2;3;7;2;320;14/07/2010
2010006411;1;2;1;1;1;320;03/08/2010
2010006412;1;2;1;1;6;320;02/08/2010
2010006413;1;2;1;7;6;320;10/08/2010
2010006414;3;1;1;1;5;320;01/09/2010
2010006415;1;1;1;1;6;320;05/09/2010
2010006416;1;1;1;1;1;320;10/09/2010
2010006417;1;1;2;1;6;320;17/09/2010
2010006418;1;2;1;1;6;320;26/09/2010
2010006419;3;1;3;2;7;320;24/10/2010
2010006420;1;1;2;1;3;320;28/10/2010
2010006421;1;2;1;7;6;320;11/12/2010
2010006422;1;2;1;1;4;320;15/01/2010
2010006423;1;1;2;1;3;320;03/02/2010
2010006424;1;2;1;1;6;320;14/02/2010
2010006425;1;1;1;1;2;320;25/03/2010
2010006426;1;1;3;1;3;320;28/03/2010
2010006427;1;1;1;8;6;320;09/05/2010
2010006428;1;1;1;1;7;320;12/05/2010
2010006429;1;1;1;8;7;320;13/05/2010
2010006430;1;1;1;1;7;320;14/05/2010
2010006431;1;1;3;1;3;320;28/05/2010
2010006432;1;1;2;1;3;320;28/05/2010
2010006433;1;1;1;1;3;320;07/07/2010
2010006434;1;1;1;1;1;320;08/07/2010
2010006435;1;2;1;1;1;320;13/07/2010
2010006436;1;1;3;1;3;320;01/08/2010
2010006437;1;2;1;1;6;320;13/08/2010
2010006438;1;2;1;1;6;320;26/08/2010
2010006439;1;1;4;1;3;320;11/09/2010
2010006440;3;2;1;1;7;320;26/09/2010
2010006441;1;2;1;1;4;320;29/09/2010
2010006442;1;1;1;1;5;320;30/09/2010
2010006443;1;1;1;1;3;320;03/10/2010
2010006444;5;2;2;2;3;320;07/11/2010
2010006445;3;1;1;5;7;320;24/11/2010
2010006446;3;1;1;9;6;320;20/12/2010
2010006447;2;1;2;2;3;320;21/12/2010
2010006448;1;2;2;1;2;320;22/12/2010
2010006449;1;1;1;8;2;320;29/01/2010
2010006450;3;1;1;1;3;320;03/02/2010
2010006451;3;1;1;2;6;320;06/02/2010
2010006452;1;1;2;1;3;320;10/04/2010
2010006453;1;1;1;1;7;320;17/04/2010
2010006454;1;1;1;2;1;320;16/09/2010
2010006455;1;1;1;1;6;320;06/10/2010
2010006456;3;1;1;2;6;320;26/10/2010
2010006457;3;2;1;1;6;320;31/10/2010
2010006458;5;2;1;1;6;320;26/02/2010
2010006459;3;1;1;1;6;320;21/05/2010
2010006460;3;1;1;1;6;320;29/05/2010
2010006461;1;1;2;1;5;320;31/08/2010
2010006462;3;1;1;3;6;320;14/11/2010
2010006463;1;2;1;1;3;320;30/12/2010
2010006464;1;2;4;1;3;320;03/02/2010
2010006465;1;2;2;1;3;320;23/03/2010
2010006466;1;1;1;1;3;320;15/05/2010
2010006467;1;2;1;1;3;320;02/10/2010
2010006468;3;1;1;1;7;320;27/12/2010
2010006469;1;1;1;1;7;460;24/08/2010
2010006470;1;1;1;1;7;460;27/12/2010
2010006471;1;1;1;1;6;460;09/03/2010
2010006472;3;1;1;1;6;460;14/03/2010
2010006473;1;1;1;1;1;460;03/05/2010
2010006474;1;1;1;1;6;460;06/06/2010
2010006475;2;1;1;1;7;460;14/07/2010
2010006476;1;1;1;1;3;460;18/07/2010
2010006477;1;2;1;1;1;460;08/08/2010
2010006478;3;1;1;1;1;460;22/08/2010
2010006479;1;1;1;2;7;460;16/09/2010
2010006480;1;1;1;1;1;460;15/10/2010
2010006481;1;1;1;2;6;460;12/11/2010
2010006482;1;2;1;7;6;460;08/12/2010
2010006483;1;1;1;1;7;460;01/02/2010
2010006484;1;1;1;1;6;460;24/02/2010
2010006485;3;1;1;1;6;460;27/04/2010
2010006486;1;2;1;1;6;460;26/04/2010
2010006487;1;1;2;1;3;460;28/05/2010
2010006488;1;1;1;1;1;460;26/06/2010
2010006489;3;1;1;1;7;460;16/07/2010
2010006490;1;2;1;1;6;460;21/08/2010
2010006491;1;1;1;1;7;460;05/09/2010
2010006492;1;1;1;8;3;460;08/09/2010
2010006493;1;1;1;2;1;460;08/09/2010
2010006494;3;1;1;1;7;460;14/09/2010
2010006495;1;1;1;2;3;460;04/10/2010
2010006496;1;1;1;8;6;460;03/11/2010
2010006497;1;1;1;1;6;460;10/11/2010
2010006498;3;1;4;8;6;460;20/11/2010
2010006499;1;1;1;1;3;460;20/11/2010
2010006500;1;1;2;1;1;460;04/12/2010
2010006501;1;2;1;1;2;460;29/04/2010
2010006502;1;1;1;1;6;460;12/08/2010
2010006503;1;1;1;1;3;460;21/08/2010
2010006504;1;1;9;1;3;460;22/08/2010
2010006505;1;1;1;1;6;460;12/10/2010
2010006506;2;1;1;1;6;460;13/10/2010
2010006507;3;1;1;2;5;460;17/11/2010
2010006508;1;1;1;1;7;460;18/04/2010
2010006509;2;1;1;1;7;460;25/04/2010
2010006510;1;1;1;1;6;460;22/05/2010
2010006511;3;1;1;1;6;460;10/07/2010
2010006512;1;2;1;1;6;460;24/07/2010
2010006513;3;1;1;1;1;460;26/09/2010
2010006514;5;2;1;3;6;460;17/02/2010
2010006515;1;1;1;1;1;460;23/04/2010
2010006516;1;1;1;7;7;460;02/06/2010
2010006517;1;1;3;1;3;460;23/06/2010
2010006518;1;1;3;1;1;460;25/06/2010
2010006519;1;2;1;1;7;460;18/07/2010
2010006520;1;2;1;1;1;460;06/08/2010
2010006521;1;2;1;1;3;460;20/08/2010
2010006522;1;1;1;1;1;460;21/08/2010
2010006523;1;1;1;1;1;460;09/10/2010
2010006524;1;1;1;1;7;460;30/10/2010
2010006525;1;1;1;1;7;460;23/03/2010
2010006526;1;1;1;1;7;460;09/04/2010
2010006527;1;2;1;1;3;460;09/04/2010
2010006528;1;2;3;1;3;460;26/04/2010
2010006529;1;2;1;1;6;460;26/05/2010
2010006530;1;1;1;1;1;460;25/06/2010
2010006531;3;1;6;1;6;460;30/07/2010
2010006532;1;1;1;1;7;460;08/09/2010
2010006533;1;2;1;2;6;460;08/09/2010
2010006534;2;1;1;1;6;460;11/09/2010
2010006535;1;1;1;2;6;460;16/10/2010
2010006536;1;1;1;1;6;460;26/10/2010
2010006537;3;1;1;2;6;460;07/11/2010
2010006538;5;2;1;2;7;460;20/11/2010
2010006539;1;2;1;9;6;460;28/11/2010
2010006540;3;1;1;1;6;460;08/12/2010
2010006541;1;1;4;2;3;460;06/02/2010
2010006542;1;2;1;1;3;460;06/04/2010
2010006543;1;1;1;1;3;460;04/05/2010
2010006544;1;1;1;1;6;460;22/05/2010
2010006545;3;1;4;2;6;460;02/07/2010
2010006546;1;1;1;1;3;460;22/07/2010
2010006547;2;1;1;1;6;460;26/08/2010
2010006548;1;1;1;8;1;460;08/09/2010
2010006549;2;1;1;1;3;460;05/10/2010
2010006550;1;1;1;1;7;460;08/10/2010
2010006551;1;1;2;1;3;460;14/07/2010
2010006552;1;1;9;1;6;460;19/08/2010
2010006553;1;1;1;2;1;460;07/09/2010
2010006554;1;1;1;1;7;460;08/10/2010
2010006555;5;2;1;1;6;460;03/12/2010
2010006556;1;1;1;3;1;650;06/02/2010
2010006557;1;2;1;1;4;650;25/02/2010
2010006558;1;1;1;1;1;650;27/02/2010
2010006559;1;2;1;1;7;650;17/03/2010
2010006560;1;1;9;1;3;650;09/04/2010
2010006561;1;1;1;1;6;650;21/04/2010
2010006562;3;2;1;1;6;650;25/04/2010
2010006563;1;1;1;1;3;650;06/08/2010
2010006564;3;1;1;1;7;650;28/08/2010
2010006565;1;1;1;1;7;650;29/08/2010
2010006566;5;2;1;1;2;650;26/09/2010
2010006567;1;1;1;1;1;650;08/10/2010
2010006568;3;1;1;3;1;650;01/11/2010
2010006569;1;1;1;1;6;650;22/05/2010
2010006570;1;1;1;1;6;650;31/10/2010
2010006571;1;1;1;6;6;650;28/02/2010
2010006572;1;1;2;1;3;650;07/07/2010
2010006573;1;1;1;1;6;650;26/07/2010
2010006574;1;2;1;8;1;650;12/02/2010
2010006575;1;1;1;1;1;650;22/03/2010
2010006576;1;1;2;1;3;650;01/05/2010
2010006577;1;1;1;1;4;650;07/05/2010
2010006578;1;1;1;1;6;650;07/06/2010
2010006579;3;1;1;1;7;650;22/08/2010
2010006580;1;1;1;1;6;650;27/08/2010
2010006581;5;1;6;1;6;650;13/09/2010
2010006582;5;2;1;3;6;650;08/11/2010
2010006583;2;1;1;1;1;650;13/12/2010
2010006584;3;1;6;1;7;650;27/02/2010
2010006585;5;2;1;1;6;650;21/09/2010
2010006586;1;1;1;1;6;650;09/11/2010
2010006587;1;1;1;1;2;650;02/04/2010
2010006588;1;1;1;1;3;650;28/04/2010
2010006589;5;2;1;1;6;650;13/07/2010
2010006590;1;1;1;1;6;650;11/08/2010
2010006591;1;1;1;1;7;650;18/11/2010
2010006592;1;1;1;4;3;650;07/01/2010
2010006593;1;2;1;1;1;650;23/01/2010
2010006594;5;2;1;1;1;650;24/02/2010
2010006595;1;1;1;1;1;650;25/04/2010
2010006596;5;2;9;2;6;650;09/12/2010
2010006597;3;1;1;4;6;650;13/02/2010
2010006598;1;1;1;1;6;650;22/05/2010
2010006599;1;1;1;1;7;650;10/06/2010
2010006600;5;1;1;2;7;650;04/07/2010
2010006601;1;1;1;1;2;650;18/07/2010
2010006602;1;1;1;2;7;650;17/07/2010
2010006603;1;2;6;1;6;650;25/08/2010
2010006604;1;1;1;1;5;650;05/09/2010
2010006605;3;1;1;3;1;650;14/11/2010
2010006606;1;1;1;1;5;810;23/01/2010
2010006607;1;1;1;1;1;810;24/01/2010
2010006608;2;1;1;4;7;810;28/01/2010
2010006609;1;2;1;1;7;810;10/02/2010
2010006610;2;1;1;1;6;810;07/03/2010
2010006611;1;1;1;1;5;810;01/04/2010
2010006612;1;2;9;1;6;810;02/04/2010
2010006613;3;1;1;1;6;810;08/05/2010
2010006614;1;1;1;1;1;810;24/05/2010
2010006615;3;1;1;1;6;810;26/06/2010
2010006616;1;2;1;1;6;810;26/06/2010
2010006617;1;1;1;1;6;810;06/07/2010
2010006618;1;2;1;1;6;810;23/07/2010
2010006619;1;1;1;1;6;810;27/07/2010
2010006620;1;1;1;2;3;810;01/08/2010
2010006621;1;2;1;1;2;810;09/08/2010
2010006622;1;1;1;1;1;810;10/08/2010
2010006623;1;1;1;1;3;810;19/08/2010
2010006624;3;1;1;1;6;810;15/09/2010
2010006625;1;1;1;1;3;810;30/09/2010
2010006626;3;1;1;1;6;810;06/10/2010
2010006627;1;1;1;2;3;810;03/11/2010
2010006628;1;1;1;1;1;810;26/12/2010
2010006629;1;1;1;1;3;810;18/08/2010
2010006630;3;1;1;1;6;810;23/08/2010
2010006631;1;1;2;1;3;810;21/09/2010
2010006632;1;1;1;1;7;810;01/03/2010
2010006633;1;1;1;1;1;810;13/03/2010
2010006634;1;1;1;1;3;810;06/07/2010
2010006635;1;1;1;1;6;810;24/07/2010
2010006636;1;1;1;7;3;810;13/09/2010
2010006637;1;2;1;1;1;810;28/10/2010
2010006638;3;1;1;2;6;810;28/01/2010
2010006639;1;1;1;1;1;810;10/03/2010
2010006640;1;1;1;1;6;810;18/03/2010
2010006641;5;1;1;1;6;810;02/04/2010
2010006642;3;1;1;1;6;810;18/06/2010
2010006643;1;1;1;1;7;810;06/07/2010
2010006644;1;1;1;1;6;810;23/08/2010
2010006645;1;1;1;1;1;810;23/08/2010
2010006646;1;1;2;2;3;810;08/11/2010
2010006647;1;2;1;1;2;810;03/04/2010
2010006648;1;2;1;1;6;810;31/07/2010
2010006649;1;1;1;1;1;810;13/09/2010
2010006650;3;1;1;1;1;810;19/11/2010
2010006651;1;1;1;1;6;810;04/01/2010
2010006652;3;1;1;1;7;810;06/01/2010
2010006653;1;1;1;1;2;810;23/01/2010
2010006654;3;1;1;2;7;810;04/02/2010
2010006655;3;1;1;2;6;810;03/03/2010
2010006656;1;1;1;1;6;810;12/03/2010
2010006657;1;1;1;1;6;810;18/03/2010
2010006658;1;1;2;1;3;810;02/04/2010
2010006659;1;2;1;1;6;810;12/04/2010
2010006660;1;2;1;1;1;810;20/04/2010
2010006661;1;1;1;1;1;810;23/04/2010
2010006662;3;1;1;1;3;810;28/04/2010
2010006663;1;2;1;1;6;810;18/05/2010
2010006664;1;1;3;1;3;810;28/05/2010
2010006665;1;2;1;1;6;810;05/06/2010
2010006666;3;1;1;1;6;810;11/06/2010
2010006667;1;2;1;1;6;810;12/06/2010
2010006668;1;2;3;2;3;810;16/06/2010
2010006669;3;1;1;1;6;810;26/09/2010
2010006670;3;1;1;1;6;810;05/10/2010
2010006671;3;1;1;1;6;810;27/10/2010
2010006672;3;1;1;1;6;810;04/11/2010
2010006673;3;1;1;1;6;810;15/11/2010
2010006674;5;2;1;1;6;810;18/04/2010
2010006675;1;2;2;8;3;810;15/05/2010
2010006676;1;1;1;1;6;810;17/06/2010
2010006677;1;1;3;1;3;810;26/06/2010
2010006678;1;1;2;1;3;810;23/09/2010
2010006679;1;1;1;2;1;810;09/11/2010
2010006680;3;1;1;1;1;810;02/02/2010
2010006681;1;2;6;1;3;810;26/02/2010
2010006682;1;1;1;1;6;810;12/03/2010
2010006683;1;1;1;2;2;810;03/04/2010
2010006684;1;1;1;1;6;810;21/05/2010
2010006685;1;2;1;1;3;810;22/06/2010
2010006686;3;1;1;1;7;810;28/08/2010
2010006687;1;2;1;7;6;810;27/10/2010
2010006688;3;1;2;1;3;810;14/12/2010
2010006689;3;1;1;9;6;810;20/12/2010
2010006690;5;2;1;1;6;690;05/01/2010
2010006691;5;2;1;1;7;690;21/01/2010
2010006692;1;2;1;1;6;690;02/03/2010
2010006693;1;2;1;8;3;690;30/03/2010
2010006694;1;2;1;1;2;690;21/08/2010
2010006695;1;2;1;1;3;690;08/09/2010
2010006696;5;2;1;1;3;690;01/10/2010
2010006697;1;2;1;1;6;690;06/10/2010
2010006698;1;2;1;6;3;690;25/10/2010
2010006699;1;2;9;1;3;690;28/10/2010
2010006700;5;2;1;1;6;690;26/11/2010
2010006701;5;2;1;2;6;690;20/12/2010
2010006702;1;2;2;1;6;20;01/05/2010
2010006703;1;2;2;1;3;20;29/04/2010
2010006704;1;2;1;1;6;20;13/10/2010
2010006705;3;1;1;2;6;20;13/11/2010
2010006706;1;2;1;1;1;20;15/05/2010
2010006707;1;2;1;2;1;20;01/06/2010
2010006708;5;2;1;1;6;20;23/07/2010
2010006709;1;2;1;8;7;20;17/08/2010
2010006710;1;2;1;1;7;20;22/09/2010
2010006711;1;1;1;8;1;810;04/04/2010
2010006712;1;1;1;1;1;810;25/05/2010
2010006713;1;1;1;1;6;810;08/06/2010
2010006714;1;1;1;1;1;810;02/10/2010
2010006715;3;1;1;1;6;810;27/01/2010
2010006716;3;1;1;1;6;810;25/03/2010
2010006717;3;1;1;1;1;810;27/03/2010
2010006718;1;1;1;1;6;810;31/03/2010
2010006719;2;1;1;1;7;810;11/04/2010
2010006720;5;2;1;8;3;810;19/06/2010
2010006721;3;1;1;1;7;810;15/07/2010
2010006722;1;1;1;1;7;810;24/07/2010
2010006723;1;1;1;1;6;810;25/08/2010
2010006724;1;1;1;1;1;810;03/09/2010
2010006725;1;1;1;3;6;810;10/10/2010
2010006726;1;2;1;1;3;810;12/11/2010
2010006727;3;1;1;1;6;810;13/11/2010
2010006728;1;1;1;8;1;810;03/12/2010
2010006729;1;2;1;1;3;810;27/12/2010
2010006730;1;1;1;1;3;810;03/06/2010
2010006731;1;1;1;3;3;810;14/06/2010
2010006732;3;1;1;1;1;810;23/01/2010
2010006733;1;1;1;1;7;810;14/02/2010
2010006734;1;1;1;1;7;810;27/03/2010
2010006735;3;1;1;1;6;810;30/04/2010
2010006736;1;2;1;1;6;810;07/06/2010
2010006737;1;2;1;8;6;810;01/08/2010
2010006738;3;2;1;1;6;810;23/08/2010
2010006739;1;1;1;1;1;810;19/09/2010
2010006740;1;1;9;1;3;810;08/10/2010
2010006741;5;1;1;1;6;810;12/10/2010
2010006742;3;1;1;8;6;810;22/11/2010
2010006743;2;1;1;8;6;810;07/12/2010
2010006744;1;1;1;1;6;810;27/01/2010
2010006745;1;1;1;3;1;810;29/01/2010
2010006746;1;1;1;1;6;810;04/02/2010
2010006747;1;1;1;8;5;810;12/02/2010
2010006748;1;1;1;1;4;810;23/02/2010
2010006749;1;1;1;1;7;810;17/04/2010
2010006750;3;1;2;1;3;810;24/04/2010
2010006751;1;1;1;1;1;810;22/05/2010
2010006752;1;1;1;1;6;810;26/05/2010
2010006753;1;1;1;7;1;810;21/06/2010
2010006754;1;1;1;1;3;810;22/06/2010
2010006755;1;2;1;1;6;810;17/07/2010
2010006756;1;2;1;1;6;810;25/10/2010
2010006757;1;1;1;6;6;810;30/11/2010
2010006758;1;1;1;1;5;820;18/01/2010
2010006759;3;1;2;2;3;820;28/01/2010
2010006760;1;1;2;1;3;820;15/02/2010
2010006761;3;1;1;1;2;820;09/04/2010
2010006762;3;1;1;1;1;820;22/05/2010
2010006763;1;1;1;1;2;820;08/06/2010
2010006764;1;1;1;1;6;820;27/06/2010
2010006765;1;2;1;1;1;820;12/07/2010
2010006766;1;1;1;1;6;820;22/08/2010
2010006767;1;2;1;1;6;820;24/08/2010
2010006768;1;1;1;1;6;820;29/08/2010
2010006769;1;1;1;2;6;820;24/09/2010
2010006770;1;1;1;1;7;820;30/09/2010
2010006771;1;1;1;1;3;820;05/10/2010
2010006772;1;1;1;1;3;820;03/11/2010
2010006773;3;1;1;1;6;820;19/11/2010
2010006774;3;1;1;8;6;820;22/11/2010
2010006775;3;1;1;1;7;820;26/12/2010
2010006776;1;1;1;1;2;820;28/02/2010
2010006777;1;1;1;1;1;820;25/03/2010
2010006778;1;1;1;2;6;820;09/05/2010
2010006779;1;1;1;1;6;820;18/05/2010
2010006780;1;1;1;1;3;820;27/05/2010
2010006781;1;1;1;1;3;820;03/07/2010
2010006782;1;1;1;1;1;820;04/07/2010
2010006783;1;2;6;7;7;820;08/07/2010
2010006784;1;1;1;1;7;820;23/07/2010
2010006785;1;1;1;2;7;820;17/09/2010
2010006786;3;1;3;1;3;820;12/11/2010
2010006787;1;1;1;1;1;820;08/05/2010
2010006788;1;1;4;1;3;820;08/08/2010
2010006789;1;1;1;1;7;820;16/08/2010
2010006790;1;1;1;1;6;820;29/09/2010
2010006791;1;1;1;3;1;820;09/11/2010
2010006792;3;1;1;1;1;820;30/12/2010
2010006793;1;1;1;4;7;820;09/01/2010
2010006794;5;2;1;1;1;820;05/02/2010
2010006795;3;2;1;1;6;820;02/06/2010
2010006796;1;1;3;1;1;820;14/10/2010
2010006797;3;1;1;1;6;820;16/10/2010
2010006798;1;1;1;1;1;820;22/04/2010
2010006799;3;1;1;1;6;820;09/05/2010
2010006800;1;1;1;3;5;820;11/06/2010
2010006801;1;1;1;1;1;820;06/08/2010
2010006802;1;1;1;2;6;820;03/04/2010
2010006803;3;1;1;1;6;820;09/04/2010
2010006804;3;1;1;1;1;820;30/06/2010
2010006805;1;1;1;7;1;820;11/07/2010
2010006806;1;1;2;1;3;820;15/07/2010
2010006807;1;1;1;1;6;820;30/07/2010
2010006808;1;1;1;1;1;820;04/09/2010
2010006809;1;1;1;2;6;820;24/09/2010
2010006810;3;2;1;1;6;820;25/10/2010
2010006811;1;2;1;1;6;820;25/01/2010
2010006812;2;1;1;1;6;820;07/02/2010
2010006813;1;2;1;1;6;820;24/02/2010
2010006814;1;1;1;1;5;820;05/03/2010
2010006815;1;1;1;1;5;820;06/03/2010
2010006816;3;1;1;1;6;820;07/03/2010
2010006817;1;1;1;1;1;820;11/03/2010
2010006818;3;1;1;1;6;820;13/03/2010
2010006819;3;1;1;1;7;820;18/04/2010
2010006820;3;2;1;1;7;820;30/04/2010
2010006821;3;1;1;1;6;820;16/05/2010
2010006822;1;1;1;1;1;820;01/06/2010
2010006823;1;2;1;1;1;820;25/06/2010
2010006824;1;1;3;1;3;820;29/07/2010
2010006825;1;2;1;1;6;820;29/07/2010
2010006826;2;1;1;1;6;820;02/08/2010
2010006827;3;1;1;1;1;820;08/08/2010
2010006828;1;1;1;1;6;820;16/08/2010
2010006829;1;1;1;1;6;820;23/09/2010
2010006830;1;1;1;1;6;820;03/10/2010
2010006831;1;1;2;1;1;820;26/10/2010
2010006832;3;2;1;1;6;820;31/10/2010
2010006833;1;1;1;5;1;820;04/11/2010
2010006834;1;1;1;1;6;820;22/11/2010
2010006835;1;1;1;1;1;820;13/02/2010
2010006836;1;1;1;2;1;820;27/03/2010
2010006837;1;2;1;1;3;820;29/04/2010
2010006838;1;1;1;1;6;820;08/05/2010
2010006839;1;1;1;1;6;820;23/05/2010
2010006840;2;1;1;8;1;820;10/06/2010
2010006841;1;1;1;1;3;820;27/06/2010
2010006842;1;1;1;1;2;820;17/07/2010
2010006843;2;2;1;1;6;820;05/09/2010
2010006844;1;1;1;1;3;820;25/09/2010
2010006845;1;1;1;1;6;820;04/10/2010
2010006846;3;1;1;1;6;820;09/10/2010
2010006847;3;1;1;1;6;820;24/10/2010
2010006848;1;1;1;3;6;820;20/11/2010
2010006849;5;2;1;8;3;820;19/12/2010
2010006850;1;2;1;1;2;820;13/08/2010
2010006851;1;1;1;1;3;820;14/08/2010
2010006852;1;1;1;1;2;820;02/10/2010
2010006853;1;1;1;1;1;820;26/10/2010
2010006854;1;1;1;1;6;690;12/03/2010
2010006855;1;2;1;;6;690;25/03/2010
2010006856;1;2;1;1;3;690;16/04/2010
2010006857;1;1;1;2;2;690;12/05/2010
2010006858;1;1;1;1;4;690;10/07/2010
2010006859;5;1;1;1;6;690;04/09/2010
2010006860;1;1;1;1;3;690;21/09/2010
2010006861;2;1;1;1;1;690;09/10/2010
2010006862;1;1;1;1;6;690;15/10/2010
2010006863;3;1;1;8;1;690;16/12/2010
2010006864;1;2;1;1;5;690;03/06/2010
2010006865;1;2;9;1;1;690;22/06/2010
2010006866;5;2;1;2;6;690;24/10/2010
2010006867;3;1;1;3;5;690;22/11/2010
2010006868;1;2;1;1;3;690;02/01/2010
2010006869;3;1;1;9;3;690;10/01/2010
2010006870;5;2;1;1;7;690;24/01/2010
2010006871;1;2;1;1;6;690;24/01/2010
2010006872;1;2;1;1;6;690;02/02/2010
2010006873;2;2;3;1;2;690;20/02/2010
2010006874;1;1;1;1;3;690;24/03/2010
2010006875;1;2;1;1;3;690;06/04/2010
2010006876;1;2;6;1;6;690;06/04/2010
2010006877;1;1;1;1;6;690;25/04/2010
2010006878;1;2;1;1;3;690;07/05/2010
2010006879;1;2;2;1;1;690;04/07/2010
2010006880;2;2;1;1;3;690;05/07/2010
2010006881;5;2;1;1;6;690;18/07/2010
2010006882;1;2;1;1;2;690;24/07/2010
2010006883;1;2;1;1;3;690;30/07/2010
2010006884;5;1;1;1;7;690;17/08/2010
2010006885;2;1;1;1;3;690;19/08/2010
2010006886;1;2;1;1;1;690;31/08/2010
2010006887;1;2;1;1;6;690;08/09/2010
2010006888;1;2;1;1;6;690;21/09/2010
2010006889;5;2;1;1;4;690;10/10/2010
2010006890;2;2;1;1;1;690;02/03/2010
2010006891;1;2;1;1;3;690;17/03/2010
2010006892;1;1;1;1;7;690;17/03/2010
2010006893;1;2;1;1;7;690;20/04/2010
2010006894;1;2;1;1;3;690;19/04/2010
2010006895;1;2;2;1;6;690;02/06/2010
2010006896;1;2;1;1;1;690;05/06/2010
2010006897;1;2;1;1;6;690;12/06/2010
2010006898;1;2;1;2;1;690;19/06/2010
2010006899;1;2;1;1;3;690;02/07/2010
2010006900;1;2;1;1;1;690;06/07/2010
2010006901;1;2;1;1;1;690;13/07/2010
2010006902;1;1;1;1;1;690;31/07/2010
2010006903;1;1;1;1;3;690;19/08/2010
2010006904;1;2;9;1;6;690;27/08/2010
2010006905;1;2;3;1;1;690;01/09/2010
2010006906;1;1;1;1;1;690;04/09/2010
2010006907;5;1;1;1;7;690;14/09/2010
2010006908;2;2;1;1;3;690;11/10/2010
2010006909;3;2;1;2;1;690;04/10/2010
2010006910;2;2;1;2;6;690;13/10/2010
2010006911;1;2;2;1;3;690;19/10/2010
2010006912;1;2;1;1;6;690;19/10/2010
2010006913;1;2;1;1;6;690;20/10/2010
2010006914;5;2;1;1;1;690;20/10/2010
2010006915;2;1;1;1;7;690;02/11/2010
2010006916;5;2;1;1;1;690;12/11/2010
2010006917;1;2;1;1;1;690;16/11/2010
2010006918;1;2;1;3;3;690;07/12/2010
2010006919;3;1;1;4;4;690;13/01/2010
2010006920;5;2;1;4;6;690;10/02/2010
2010006921;1;2;1;1;6;690;22/03/2010
2010006922;5;2;1;1;2;690;29/04/2010
2010006923;1;2;1;2;6;690;08/06/2010
2010006924;1;1;1;1;5;690;09/06/2010
2010006925;1;2;1;1;3;690;01/07/2010
2010006926;1;2;1;1;3;690;16/09/2010
2010006927;1;1;1;1;3;690;17/09/2010
2010006928;5;2;9;2;3;690;31/10/2010
2010006929;2;2;1;1;3;690;05/11/2010
2010006930;5;2;1;1;3;690;11/12/2010
2010006931;2;2;1;1;6;690;14/12/2010
2010006932;2;2;1;4;1;690;07/01/2010
2010006933;5;2;1;1;6;690;23/02/2010
2010006934;1;2;1;1;3;690;01/06/2010
2010006935;1;2;1;1;6;690;28/07/2010
2010006936;1;2;1;1;2;690;05/08/2010
2010006937;1;2;1;1;2;690;11/09/2010
2010006938;1;2;1;1;1;690;06/10/2010
2010006939;5;1;1;1;1;690;29/11/2010