num_acc;lum;agg;inter;atm;col;dep;date
2010006940;1;2;1;1;6;690;26/11/2010
2010006941;1;2;1;1;6;690;17/04/2010
2010006942;1;1;6;1;7;690;21/05/2010
2010006943;1;2;2;1;1;690;10/08/2010
2010006944;1;2;1;1;1;690;12/08/2010
2010006945;1;1;1;1;7;690;04/09/2010
2010006946;3;1;1;4;7;690;04/12/2010
2010006947;1;1;2;2;1;690;21/12/2010
2010006948;1;2;1;1;6;690;11/12/2010
2010006949;1;2;1;1;1;690;17/01/2010
2010006950;1;2;1;1;3;690;04/02/2010
2010006951;1;1;1;1;3;690;22/04/2010
2010006952;1;2;1;1;3;690;03/06/2010
2010006953;1;2;1;1;1;690;05/06/2010
2010006954;1;2;1;1;3;690;29/06/2010
2010006955;1;1;9;1;1;690;30/07/2010
2010006956;5;2;1;2;6;690;05/01/2010
2010006957;3;1;1;4;7;690;05/01/2010
2010006958;3;1;1;1;5;690;26/01/2010
2010006959;1;2;1;9;1;690;11/02/2010
2010006960;1;1;1;1;1;690;01/03/2010
2010006961;2;2;1;1;3;690;05/03/2010
2010006962;3;1;1;2;5;690;07/03/2010
2010006963;1;1;1;1;3;690;26/04/2010
2010006964;1;1;1;3;3;690;26/05/2010
2010006965;2;1;1;1;6;690;31/05/2010
2010006966;2;1;1;8;6;690;06/06/2010
2010006967;1;2;1;1;3;690;26/06/2010
2010006968;1;2;1;1;3;690;08/08/2010
2010006969;1;1;1;1;5;690;21/08/2010
2010006970;1;1;1;1;7;690;26/08/2010
2010006971;1;2;3;1;1;690;30/08/2010
2010006972;1;1;1;3;5;690;07/09/2010
2010006973;1;1;1;2;5;690;16/09/2010
2010006974;1;1;1;2;6;690;30/09/2010
2010006975;2;1;1;1;2;690;06/10/2010
2010006976;1;1;1;1;7;690;11/10/2010
2010006977;1;1;1;1;1;690;13/10/2010
2010006978;5;1;1;1;3;690;29/10/2010
2010006979;3;1;1;1;6;690;13/11/2010
2010006980;3;1;1;2;1;690;19/11/2010
2010006981;5;2;1;8;2;690;19/11/2010
2010006982;3;1;1;1;6;690;10/12/2010
2010006983;3;2;9;9;7;690;20/12/2010
2010006984;1;2;1;1;6;690;19/12/2010
2010006985;1;1;1;9;1;690;20/01/2010
2010006986;1;1;1;1;1;690;01/02/2010
2010006987;1;1;1;1;2;690;06/07/2010
2010006988;5;2;1;1;1;690;30/07/2010
2010006989;1;1;1;1;3;690;30/09/2010
2010006990;3;1;1;1;7;690;08/12/2010
2010006991;1;1;1;1;1;690;03/12/2010
2010006992;3;1;1;1;5;690;28/12/2010
2010006993;1;1;1;8;1;690;25/01/2010
2010006994;2;1;1;4;5;690;26/01/2010
2010006995;1;1;1;1;6;690;11/04/2010
2010006996;1;1;1;1;1;690;06/05/2010
2010006997;3;1;1;2;2;690;07/05/2010
2010006998;1;1;1;1;3;690;07/05/2010
2010006999;1;1;1;1;6;690;17/05/2010
2010007000;3;1;1;8;1;690;08/06/2010
2010007001;1;2;1;1;7;690;21/06/2010
2010007002;1;1;1;1;6;690;19/07/2010
2010007003;1;1;1;1;7;690;25/07/2010
2010007004;1;2;1;2;6;690;01/08/2010
2010007005;1;2;7;1;6;690;06/09/2010
2010007006;2;1;1;8;5;690;24/09/2010
2010007007;1;1;1;1;1;690;26/09/2010
2010007008;1;1;1;2;1;690;24/12/2010
2010007009;1;2;6;1;6;690;17/01/2010
2010007010;1;1;1;1;2;690;24/03/2010
2010007011;1;2;1;1;6;690;24/04/2010
2010007012;3;1;1;1;7;690;11/05/2010
2010007013;1;1;1;1;1;690;22/06/2010
2010007014;1;2;1;1;1;690;28/07/2010
2010007015;1;2;1;2;6;690;01/08/2010
2010007016;1;1;1;1;3;690;07/08/2010
2010007017;1;1;1;1;1;690;04/09/2010
2010007018;1;1;1;1;1;690;21/09/2010
2010007019;1;2;1;2;4;690;25/09/2010
2010007020;1;1;1;2;3;690;28/09/2010
2010007021;1;1;9;1;1;690;01/10/2010
2010007022;5;2;6;1;2;690;10/11/2010
2010007023;3;1;1;1;6;690;20/11/2010
2010007024;5;2;1;1;6;690;01/01/2010
2010007025;5;2;1;1;6;690;03/01/2010
2010007026;5;1;1;3;1;690;29/01/2010
2010007027;3;1;1;2;1;690;06/02/2010
2010007028;1;1;1;1;1;690;09/07/2010
2010007029;1;1;1;1;1;690;26/07/2010
2010007030;1;1;1;1;5;690;06/10/2010
2010007031;1;2;1;1;6;690;20/11/2010
2010007032;1;1;1;1;1;690;19/12/2010
2010007033;3;1;1;5;7;690;31/12/2010
2010007034;1;1;1;3;5;690;16/06/2010
2010007035;1;1;1;1;1;690;08/07/2010
2010007036;1;1;1;1;1;690;22/07/2010
2010007037;3;1;1;1;3;690;31/07/2010
2010007038;1;1;1;1;1;690;05/08/2010
2010007039;1;1;1;1;7;690;07/08/2010
2010007040;1;1;1;1;3;690;17/08/2010
2010007041;1;1;2;1;3;690;25/08/2010
2010007042;1;2;1;1;1;690;14/09/2010
2010007043;1;1;1;1;3;690;15/09/2010
2010007044;1;2;1;1;6;690;17/09/2010
2010007045;1;1;1;8;1;690;25/09/2010
2010007046;1;2;1;2;2;690;04/09/2010
2010007047;1;1;1;1;1;690;08/10/2010
2010007048;2;2;1;1;3;690;19/10/2010
2010007049;1;1;1;3;1;690;30/10/2010
2010007050;1;1;1;7;1;690;13/11/2010
2010007051;1;1;1;1;5;690;13/11/2010
2010007052;5;2;1;8;6;690;12/12/2010
2010007053;1;2;7;4;6;690;17/12/2010
2010007054;1;1;1;1;5;690;16/03/2010
2010007055;1;1;1;8;1;690;30/04/2010
2010007056;3;2;1;1;7;690;04/06/2010
2010007057;1;1;1;1;2;690;17/06/2010
2010007058;1;1;1;1;1;690;09/07/2010
2010007059;1;2;1;1;1;690;11/10/2010
2010007060;1;2;1;1;6;690;24/03/2010
2010007061;1;1;1;1;5;690;03/04/2010
2010007062;1;2;2;2;1;690;08/04/2010
2010007063;1;2;1;1;6;690;11/05/2010
2010007064;1;2;2;1;1;690;25/05/2010
2010007065;1;2;1;1;3;690;28/05/2010
2010007066;2;2;1;1;7;690;02/06/2010
2010007067;1;1;1;1;6;690;06/06/2010
2010007068;1;2;1;1;2;690;29/06/2010
2010007069;2;2;1;1;6;690;04/07/2010
2010007070;1;1;1;1;6;690;01/07/2010
2010007071;1;1;1;1;7;690;07/07/2010
2010007072;1;2;1;1;1;690;25/07/2010
2010007073;2;1;1;1;2;690;30/07/2010
2010007074;1;1;1;1;1;690;11/09/2010
2010007075;1;1;1;1;1;690;16/09/2010
2010007076;5;2;1;1;3;690;22/10/2010
2010007077;1;2;1;7;6;690;18/12/2010
2010007078;1;2;4;4;3;690;26/12/2010
2010007079;5;2;1;1;6;690;28/01/2010
2010007080;1;2;2;1;3;690;09/04/2010
2010007081;1;1;1;1;1;690;12/04/2010
2010007082;1;1;1;1;3;690;25/04/2010
2010007083;1;1;1;1;1;690;28/04/2010
2010007084;1;1;1;8;3;690;12/05/2010
2010007085;1;1;1;1;6;690;12/07/2010
2010007086;1;1;1;1;7;690;14/07/2010
2010007087;1;1;1;1;6;690;28/07/2010
2010007088;2;1;1;1;6;690;19/08/2010
2010007089;1;1;1;1;2;690;19/09/2010
2010007090;1;1;1;1;4;690;20/09/2010
2010007091;1;1;1;1;3;690;19/09/2010
2010007092;2;1;9;1;1;690;21/10/2010
2010007093;1;2;1;1;3;690;25/10/2010
2010007094;1;2;1;1;6;690;06/11/2010
2010007095;1;1;1;1;2;690;03/07/2010
2010007096;5;2;1;1;2;690;23/01/2010
2010007097;5;2;1;1;1;690;14/02/2010
2010007098;1;2;1;1;6;690;23/02/2010
2010007099;1;1;2;1;3;690;23/02/2010
2010007100;1;1;1;2;5;690;24/02/2010
2010007101;1;2;1;1;3;690;04/04/2010
2010007102;1;1;1;1;7;690;05/04/2010
2010007103;5;2;1;1;6;690;10/04/2010
2010007104;3;1;1;1;6;690;24/04/2010
2010007105;2;1;1;1;1;690;29/05/2010
2010007106;3;1;1;1;6;690;05/06/2010
2010007107;1;2;1;1;1;690;07/06/2010
2010007108;1;1;1;1;6;690;03/08/2010
2010007109;1;2;2;1;3;690;04/08/2010
2010007110;3;1;1;1;6;690;06/09/2010
2010007111;1;1;1;1;2;690;16/09/2010
2010007112;1;2;9;1;6;690;14/10/2010
2010007113;3;2;1;1;7;690;05/11/2010
2010007114;1;2;1;1;2;690;07/11/2010
2010007115;5;2;1;1;1;690;16/11/2010
2010007116;3;1;1;1;6;690;31/12/2010
2010007117;3;1;3;8;3;690;08/01/2010
2010007118;1;1;3;1;3;690;22/01/2010
2010007119;1;1;1;7;1;690;21/02/2010
2010007120;3;1;1;1;1;690;21/02/2010
2010007121;3;1;1;1;5;690;04/03/2010
2010007122;1;1;1;3;6;690;05/05/2010
2010007123;2;1;1;1;6;690;06/05/2010
2010007124;1;1;3;1;3;690;28/05/2010
2010007125;1;1;1;3;5;690;19/06/2010
2010007126;5;2;1;1;1;690;02/07/2010
2010007127;1;1;1;1;1;690;24/08/2010
2010007128;1;2;1;1;5;690;26/08/2010
2010007129;1;1;1;3;3;690;07/09/2010
2010007130;1;1;1;1;6;690;11/09/2010
2010007131;1;1;1;1;6;690;20/09/2010
2010007132;1;1;1;1;3;690;23/09/2010
2010007133;1;2;1;1;7;690;11/10/2010
2010007134;1;1;1;1;6;690;22/10/2010
2010007135;3;1;1;8;5;690;18/12/2010
2010007136;1;1;1;4;1;690;17/02/2010
2010007137;5;2;1;1;6;690;17/03/2010
2010007138;5;2;1;1;1;690;03/04/2010
2010007139;1;1;1;1;1;690;06/05/2010
2010007140;1;1;1;3;5;690;17/06/2010
2010007141;1;2;1;7;6;690;07/07/2010
2010007142;1;2;9;1;1;690;09/10/2010
2010007143;1;2;1;1;6;690;19/11/2010
2010007144;1;2;1;1;2;690;13/01/2010
2010007145;1;2;1;1;1;690;19/02/2010
2010007146;1;1;1;1;6;690;20/04/2010
2010007147;2;1;1;1;1;690;24/05/2010
2010007148;3;1;1;1;7;690;04/07/2010
2010007149;1;2;1;1;1;690;04/07/2010
2010007150;1;2;1;1;1;690;08/08/2010
2010007151;1;1;1;1;3;690;19/09/2010
2010007152;1;2;1;4;6;690;01/01/2010
2010007153;1;1;1;2;5;690;04/01/2010
2010007154;1;2;1;1;3;690;18/03/2010
2010007155;1;1;1;1;3;690;22/03/2010
2010007156;1;1;1;1;1;690;21/04/2010
2010007157;1;2;1;2;6;690;09/05/2010
2010007158;1;2;1;1;1;690;31/05/2010
2010007159;1;1;1;1;1;690;11/06/2010
2010007160;1;2;2;1;3;690;14/06/2010
2010007161;3;1;1;1;6;690;12/07/2010
2010007162;1;1;1;1;1;690;16/07/2010
2010007163;1;2;1;1;6;690;04/09/2010
2010007164;2;1;1;1;1;690;09/10/2010
2010007165;3;1;1;4;7;10;13/01/2010
2010007166;1;2;1;1;6;10;01/02/2010
2010007167;3;1;1;2;6;10;13/11/2010
2010007168;3;1;1;9;6;10;16/11/2010
2010007169;3;1;1;1;2;10;01/02/2010
2010007170;1;1;1;7;3;10;13/02/2010
2010007171;1;1;1;2;6;10;08/04/2010
2010007172;3;1;1;1;6;10;16/04/2010
2010007173;1;2;3;1;3;10;21/04/2010
2010007174;1;1;1;1;6;10;05/06/2010
2010007175;1;1;2;1;1;10;24/07/2010
2010007176;1;1;1;1;3;10;09/09/2010
2010007177;1;1;1;1;7;10;27/10/2010
2010007178;1;1;1;8;6;10;12/11/2010
2010007179;1;2;1;1;1;10;14/11/2010
2010007180;2;1;1;1;1;10;19/11/2010
2010007181;5;2;9;3;6;10;21/12/2010
2010007182;5;2;1;2;6;10;23/12/2010
2010007183;2;1;1;4;1;10;22/01/2010
2010007184;3;1;1;9;6;10;10/02/2010
2010007185;2;1;1;6;1;10;22/02/2010
2010007186;3;1;1;6;1;10;27/02/2010
2010007187;1;1;1;1;2;10;02/03/2010
2010007188;1;1;1;8;1;10;26/03/2010
2010007189;3;1;1;1;6;10;09/05/2010
2010007190;1;1;1;2;6;10;09/05/2010
2010007191;2;2;2;1;3;10;15/05/2010
2010007192;1;1;1;1;6;10;27/05/2010
2010007193;1;1;1;1;1;10;28/05/2010
2010007194;1;1;1;1;1;10;29/05/2010
2010007195;2;1;1;8;1;10;13/06/2010
2010007196;1;2;1;1;1;10;21/06/2010
2010007197;3;1;1;1;6;10;20/06/2010
2010007198;1;1;2;1;1;10;10/07/2010
2010007199;1;1;1;1;3;10;26/07/2010
2010007200;1;1;2;8;3;10;01/08/2010
2010007201;1;2;7;2;6;10;02/08/2010
2010007202;2;2;1;1;3;10;06/08/2010
2010007203;3;1;1;1;6;10;26/10/2010
2010007204;1;1;1;1;3;10;16/11/2010
2010007205;5;1;1;2;6;10;19/11/2010
2010007206;5;1;1;1;3;10;10/12/2010
2010007207;3;1;1;5;7;10;23/12/2010
2010007208;2;1;1;1;1;10;04/02/2010
2010007209;5;2;1;1;7;10;26/02/2010
2010007210;1;1;1;1;7;10;28/02/2010
2010007211;1;2;1;1;6;10;20/04/2010
2010007212;1;1;1;1;7;10;29/04/2010
2010007213;1;1;1;8;1;10;05/05/2010
2010007214;1;1;1;1;1;10;26/06/2010
2010007215;1;1;1;1;2;10;18/07/2010
2010007216;1;1;1;1;2;10;24/07/2010
2010007217;1;1;1;1;5;10;01/08/2010
2010007218;1;2;1;1;3;10;26/10/2010
2010007219;3;1;1;2;3;10;22/11/2010
2010007220;3;1;1;4;3;10;09/01/2010
2010007221;5;2;1;8;1;10;13/01/2010
2010007222;5;2;1;1;6;10;15/03/2010
2010007223;2;1;1;1;7;10;18/03/2010
2010007224;5;1;1;1;1;10;21/04/2010
2010007225;1;1;1;1;1;10;25/06/2010
2010007226;1;2;1;7;3;10;16/07/2010
2010007227;1;1;1;2;1;10;27/07/2010
2010007228;1;1;1;1;6;10;29/07/2010
2010007229;1;2;1;1;1;10;17/08/2010
2010007230;1;1;1;1;1;10;26/08/2010
2010007231;3;1;1;1;3;10;03/10/2010
2010007232;1;1;1;1;1;10;05/10/2010
2010007233;1;2;1;2;6;10;19/10/2010
2010007234;1;2;1;9;5;10;04/12/2010
2010007235;5;1;1;2;1;10;23/12/2010
2010007236;1;1;1;2;5;10;17/02/2010
2010007237;3;1;1;1;7;10;28/03/2010
2010007238;2;2;1;1;7;10;28/04/2010
2010007239;1;1;1;1;1;10;03/05/2010
2010007240;1;1;1;2;3;10;05/05/2010
2010007241;1;2;6;1;6;10;28/05/2010
2010007242;1;1;1;1;5;10;10/06/2010
2010007243;1;1;3;1;3;10;10/08/2010
2010007244;3;1;1;1;3;10;08/09/2010
2010007245;3;1;1;1;6;10;09/10/2010
2010007246;2;2;1;1;6;10;13/10/2010
2010007247;3;1;1;1;6;10;23/01/2010
2010007248;1;1;1;1;3;10;27/08/2010
2010007249;1;1;1;1;7;10;03/10/2010
2010007250;1;2;1;8;6;10;04/10/2010
2010007251;1;1;1;1;1;10;22/10/2010
2010007252;1;1;1;2;3;10;30/10/2010
2010007253;2;2;1;1;6;10;04/11/2010
2010007254;1;1;1;1;1;10;21/01/2010
2010007255;1;1;1;2;1;10;03/04/2010
2010007256;1;1;1;1;6;10;17/04/2010
2010007257;2;1;1;1;7;10;13/06/2010
2010007258;1;1;3;2;3;10;24/09/2010
2010007259;1;2;1;1;1;10;08/10/2010
2010007260;1;1;1;8;3;10;04/11/2010
2010007261;1;1;1;4;4;10;20/01/2010
2010007262;3;1;1;1;1;10;15/02/2010
2010007263;1;2;1;2;6;10;23/02/2010
2010007264;3;1;1;6;3;10;01/02/2010
2010007265;1;1;1;1;1;10;29/04/2010
2010007266;1;1;1;1;6;10;24/05/2010
2010007267;1;1;1;2;1;10;30/05/2010
2010007268;1;1;1;1;3;10;31/05/2010
2010007269;1;1;1;3;1;10;30/05/2010
2010007270;1;1;1;1;6;10;30/07/2010
2010007271;1;1;1;3;1;10;16/08/2010
2010007272;1;1;1;1;1;10;15/09/2010
2010007273;2;2;1;1;1;10;18/09/2010
2010007274;3;1;1;3;7;10;25/09/2010
2010007275;1;1;1;1;5;10;10/07/2010
2010007276;1;1;6;1;3;10;18/07/2010
2010007277;1;1;1;1;7;10;30/07/2010
2010007278;1;2;1;1;1;10;03/10/2010
2010007279;2;1;1;2;1;10;19/02/2010
2010007280;1;1;1;1;1;10;11/03/2010
2010007281;1;1;1;1;3;10;24/05/2010
2010007282;1;1;1;2;1;10;17/10/2010
2010007283;1;2;1;1;1;10;07/05/2010
2010007284;1;2;1;2;2;10;08/05/2010
2010007285;1;2;1;1;1;10;18/05/2010
2010007286;3;1;1;3;1;10;30/05/2010
2010007287;1;2;1;1;1;10;05/06/2010
2010007288;1;1;1;1;3;10;26/06/2010
2010007289;2;1;6;7;3;10;16/07/2010
2010007290;1;2;9;1;3;10;20/07/2010
2010007291;1;2;1;1;3;10;23/07/2010
2010007292;1;2;1;7;3;10;19/08/2010
2010007293;2;2;1;1;3;10;13/12/2010
2010007294;1;1;4;2;1;10;04/03/2010
2010007295;1;2;1;1;3;10;05/03/2010
2010007296;1;1;1;1;5;10;23/03/2010
2010007297;1;1;1;9;3;10;06/05/2010
2010007298;1;2;1;1;6;10;27/05/2010
2010007299;1;2;1;7;3;10;16/07/2010
2010007300;1;2;1;1;2;10;30/07/2010
2010007301;1;2;1;1;6;10;28/08/2010
2010007302;1;1;1;2;1;10;31/10/2010
2010007303;2;1;1;8;2;10;19/11/2010
2010007304;1;2;2;1;3;10;10/12/2010
2010007305;3;1;1;1;7;10;13/02/2010
2010007306;3;1;1;1;7;10;16/03/2010
2010007307;1;1;1;1;1;10;01/04/2010
2010007308;1;1;1;6;1;10;03/04/2010
2010007309;2;1;1;1;1;10;24/06/2010
2010007310;1;1;1;1;5;10;15/07/2010
2010007311;1;1;1;3;6;10;01/08/2010
2010007312;1;1;1;1;6;10;05/08/2010
2010007313;5;1;1;1;7;10;05/09/2010
2010007314;3;1;1;1;2;10;22/12/2010
2010007315;1;2;1;1;1;10;26/12/2010
2010007316;1;1;1;8;6;10;06/01/2010
2010007317;1;1;1;8;1;10;15/02/2010
2010007318;3;1;1;1;4;10;16/05/2010
2010007319;1;1;1;1;1;10;02/06/2010
2010007320;1;1;1;1;1;10;13/07/2010
2010007321;1;2;1;1;6;10;20/08/2010
2010007322;1;1;1;8;3;10;28/11/2010
2010007323;1;2;1;1;3;10;02/01/2010
2010007324;1;1;1;1;6;10;02/03/2010
2010007325;3;1;1;1;1;10;06/03/2010
2010007326;1;1;1;1;1;10;17/04/2010
2010007327;1;1;1;1;6;10;23/05/2010
2010007328;2;1;1;2;6;10;16/06/2010
2010007329;1;2;1;1;6;10;25/06/2010
2010007330;1;2;1;1;1;10;18/07/2010
2010007331;1;2;1;1;1;10;05/08/2010
2010007332;1;1;1;1;2;10;15/09/2010
2010007333;1;1;1;1;1;10;13/10/2010
2010007334;5;2;1;1;6;10;27/10/2010
2010007335;1;1;1;2;7;10;12/11/2010
2010007336;1;2;6;1;2;10;02/03/2010
2010007337;2;2;1;1;3;10;29/03/2010
2010007338;1;1;1;1;7;10;02/06/2010
2010007339;1;2;1;1;6;10;23/06/2010
2010007340;1;2;9;1;1;10;03/07/2010
2010007341;1;2;1;1;2;10;03/07/2010
2010007342;1;2;6;8;3;10;17/10/2010
2010007343;3;1;1;9;1;10;27/12/2010
2010007344;4;2;1;1;6;10;06/06/2010
2010007345;1;2;1;1;1;10;09/06/2010
2010007346;1;2;9;3;3;10;11/06/2010
2010007347;1;1;1;1;3;10;24/06/2010
2010007348;3;1;1;1;5;10;11/07/2010
2010007349;5;2;6;1;6;10;18/07/2010
2010007350;2;1;1;1;6;10;11/10/2010
2010007351;1;1;1;1;3;10;20/10/2010
2010007352;2;1;1;1;1;10;30/01/2010
2010007353;2;2;1;4;1;10;10/02/2010
2010007354;1;1;2;8;1;10;27/02/2010
2010007355;1;1;1;1;1;10;04/04/2010
2010007356;1;1;1;1;3;10;06/04/2010
2010007357;1;2;1;1;3;10;10/04/2010
2010007358;1;2;1;1;3;10;14/04/2010
2010007359;1;1;1;1;6;10;24/04/2010
2010007360;3;1;1;1;1;10;15/05/2010
2010007361;1;2;1;1;3;10;27/07/2010
2010007362;3;1;1;1;3;10;12/09/2010
2010007363;1;1;1;1;1;10;03/10/2010
2010007364;1;1;1;1;3;10;26/10/2010
2010007365;1;2;1;2;3;10;07/11/2010
2010007366;5;2;1;2;1;10;28/11/2010
2010007367;3;1;1;8;7;10;11/12/2010
2010007368;3;1;1;4;1;10;24/12/2010
2010007369;5;2;2;1;3;10;13/02/2010
2010007370;1;2;1;1;2;10;21/04/2010
2010007371;1;2;1;1;1;10;25/04/2010
2010007372;1;1;1;2;7;10;01/05/2010
2010007373;1;1;2;1;3;10;04/07/2010
2010007374;3;1;1;1;3;10;09/07/2010
2010007375;2;1;2;1;3;10;17/08/2010
2010007376;3;1;1;1;7;10;17/08/2010
2010007377;3;1;1;1;6;10;02/09/2010
2010007378;2;2;1;1;1;10;24/09/2010
2010007379;3;1;1;4;6;10;18/12/2010
2010007380;1;2;9;1;1;70;19/01/2010
2010007381;2;1;1;1;1;70;25/06/2010
2010007382;1;1;1;1;4;70;30/08/2010
2010007383;3;1;1;1;1;70;28/10/2010
2010007384;3;1;1;1;7;70;22/01/2010
2010007385;1;1;1;1;7;70;25/04/2010
2010007386;1;1;1;1;3;70;14/07/2010
2010007387;1;1;1;1;2;70;25/08/2010
2010007388;1;1;1;2;5;70;19/12/2010
2010007389;1;2;1;1;7;70;02/03/2010
2010007390;1;1;1;1;3;70;02/06/2010
2010007391;1;1;1;1;3;70;07/08/2010
2010007392;1;1;1;1;7;70;22/08/2010
2010007393;1;2;1;1;1;70;02/10/2010
2010007394;5;2;1;1;1;70;03/04/2010
2010007395;1;2;1;1;6;70;05/04/2010
2010007396;1;1;1;2;1;70;05/05/2010
2010007397;1;1;1;8;1;70;09/05/2010
2010007398;1;1;1;1;2;70;31/05/2010
2010007399;1;1;1;1;6;70;09/06/2010
2010007400;1;1;1;2;2;70;16/06/2010
2010007401;1;2;6;1;1;70;25/06/2010
2010007402;5;2;1;1;7;70;18/07/2010
2010007403;1;1;1;1;5;70;16/08/2010
2010007404;1;2;1;1;6;70;21/08/2010
2010007405;1;1;1;1;1;70;02/09/2010
2010007406;3;1;1;2;6;70;04/10/2010
2010007407;5;2;1;1;3;70;28/10/2010
2010007408;2;2;1;1;6;70;29/10/2010
2010007409;5;1;6;1;3;70;03/11/2010
2010007410;1;1;1;2;6;70;05/12/2010
2010007411;1;2;1;1;6;70;09/12/2010
2010007412;1;2;1;2;1;70;23/12/2010
2010007413;1;1;1;1;6;70;26/01/2010
2010007414;3;1;1;1;6;70;20/02/2010
2010007415;1;1;1;1;3;70;14/06/2010
2010007416;1;1;1;1;7;70;16/06/2010
2010007417;1;1;1;1;6;70;24/10/2010
2010007418;1;1;1;1;1;70;12/11/2010
2010007419;5;2;1;1;6;70;20/02/2010
2010007420;1;1;9;1;3;70;20/03/2010
2010007421;3;1;1;1;1;70;15/04/2010
2010007422;1;2;1;1;3;70;28/04/2010
2010007423;1;1;1;1;3;70;02/06/2010
2010007424;1;2;1;1;2;70;24/06/2010
2010007425;1;1;1;1;7;70;01/07/2010
2010007426;1;2;1;1;1;70;01/07/2010
2010007427;1;1;1;1;3;70;13/07/2010
2010007428;1;1;1;1;1;70;19/07/2010
2010007429;1;1;1;1;5;70;08/08/2010
2010007430;1;1;1;1;6;70;08/08/2010
2010007431;1;1;1;1;3;70;02/09/2010
2010007432;1;2;1;1;4;70;26/09/2010
2010007433;3;2;1;1;6;70;15/10/2010
2010007434;1;1;1;1;1;70;20/10/2010
2010007435;5;2;1;1;6;70;03/12/2010
2010007436;1;2;1;1;7;70;10/03/2010
2010007437;1;1;9;1;3;70;16/10/2010
2010007438;5;2;1;2;6;70;11/12/2010
2010007439;2;1;1;1;3;70;08/12/2010
2010007440;1;2;1;1;1;70;12/12/2010
2010007441;1;1;1;1;3;70;04/08/2010
2010007442;3;1;1;1;7;70;07/08/2010
2010007443;3;1;1;1;3;70;27/01/2010
2010007444;1;2;1;8;6;70;19/02/2010
2010007445;1;2;1;1;3;70;06/04/2010
2010007446;1;1;1;2;5;70;04/05/2010
2010007447;1;2;1;1;1;70;08/06/2010
2010007448;1;1;1;1;3;70;21/06/2010
2010007449;1;1;1;1;1;70;02/07/2010
2010007450;1;1;1;1;6;70;24/07/2010
2010007451;1;2;1;1;6;70;11/08/2010
2010007452;1;1;1;1;3;70;13/08/2010
2010007453;1;1;1;1;6;70;21/08/2010
2010007454;1;2;1;3;6;70;08/11/2010
2010007455;1;1;1;1;1;70;11/04/2010
2010007456;1;2;9;1;6;70;13/06/2010
2010007457;1;1;1;1;3;70;28/06/2010
2010007458;1;1;1;1;7;70;03/07/2010
2010007459;1;1;1;1;7;70;26/07/2010
2010007460;5;2;1;3;1;70;20/08/2010
2010007461;1;2;1;1;3;70;30/08/2010
2010007462;3;1;1;1;6;70;20/09/2010
2010007463;2;1;1;1;1;70;26/10/2010
2010007464;3;1;1;2;6;70;24/12/2010
2010007465;1;1;1;1;3;70;06/04/2010
2010007466;1;1;1;1;7;70;23/05/2010
2010007467;1;2;1;1;7;70;25/04/2010
2010007468;1;2;1;8;6;70;12/05/2010
2010007469;1;1;1;1;1;70;04/06/2010
2010007470;5;2;1;1;6;70;06/06/2010
2010007471;1;2;1;1;5;70;29/07/2010
2010007472;1;2;1;1;3;70;13/11/2010
2010007473;2;2;1;3;6;70;15/11/2010
2010007474;1;1;1;1;3;70;31/01/2010
2010007475;3;1;1;1;6;70;07/03/2010
2010007476;1;1;1;1;6;70;19/04/2010
2010007477;1;1;1;1;6;70;15/05/2010
2010007478;1;1;1;1;3;70;19/06/2010
2010007479;1;1;1;1;6;70;27/06/2010
2010007480;1;1;1;1;6;70;19/07/2010
2010007481;1;2;1;1;3;70;27/07/2010
2010007482;3;1;1;8;6;70;03/12/2010
2010007483;2;1;1;4;1;70;12/01/2010
2010007484;1;1;1;1;6;70;22/03/2010
2010007485;1;1;1;1;6;70;29/05/2010
2010007486;1;1;1;1;7;70;15/07/2010
2010007487;1;2;1;1;1;70;10/09/2010
2010007488;1;1;1;1;1;70;28/10/2010
2010007489;3;1;1;1;1;70;26/11/2010
2010007490;1;1;1;1;1;70;01/06/2010
2010007491;1;1;1;1;1;70;28/06/2010
2010007492;3;2;1;1;6;70;09/07/2010
2010007493;1;1;1;1;3;70;14/04/2010
2010007494;1;1;1;1;6;70;07/07/2010
2010007495;1;1;1;1;2;70;13/07/2010
2010007496;1;1;1;2;7;70;12/07/2010
2010007497;1;1;1;1;7;70;21/08/2010
2010007498;1;1;1;1;7;70;03/10/2010
2010007499;3;1;1;1;6;260;16/01/2010
2010007500;1;1;1;1;7;260;06/03/2010
2010007501;1;2;1;1;3;260;02/04/2010
2010007502;1;2;1;1;3;260;14/05/2010
2010007503;1;1;1;1;1;260;06/07/2010
2010007504;1;1;1;1;1;260;25/08/2010
2010007505;3;1;2;1;5;260;26/10/2010
2010007506;3;1;1;1;7;260;13/02/2010
2010007507;3;1;1;2;5;260;17/02/2010
2010007508;1;2;1;1;6;260;23/07/2010
2010007509;1;1;1;1;6;260;08/08/2010
2010007510;1;1;1;1;1;260;14/08/2010
2010007511;3;1;1;1;7;260;29/09/2010
2010007512;3;1;5;1;3;260;19/11/2010
2010007513;1;1;1;1;6;260;02/02/2010
2010007514;3;1;1;1;5;260;24/02/2010
2010007515;1;1;1;1;1;260;11/04/2010
2010007516;2;2;1;2;1;260;01/05/2010
2010007517;1;1;1;1;3;260;16/05/2010
2010007518;3;1;1;1;6;260;06/06/2010
2010007519;1;1;1;1;1;260;29/06/2010
2010007520;2;1;1;1;6;260;12/07/2010
2010007521;1;2;2;1;3;260;15/07/2010
2010007522;1;1;1;7;3;260;16/07/2010
2010007523;1;2;1;1;1;260;28/07/2010
2010007524;2;1;1;1;6;260;03/08/2010
2010007525;1;1;2;1;3;260;01/08/2010
2010007526;1;1;1;1;6;260;04/09/2010