num_acc;lum;agg;inter;atm;col;dep;date
2010008106;1;1;1;1;7;420;21/03/2010
2010008107;1;1;1;1;5;420;16/04/2010
2010008108;1;1;1;1;1;420;24/04/2010
2010008109;1;1;1;1;6;420;26/04/2010
2010008110;1;2;1;1;1;420;27/04/2010
2010008111;1;1;1;1;6;420;18/05/2010
2010008112;1;1;1;1;7;420;30/05/2010
2010008113;1;2;1;1;3;420;29/05/2010
2010008114;1;2;1;2;1;420;15/06/2010
2010008115;1;1;1;1;2;420;08/07/2010
2010008116;3;1;1;8;7;420;13/07/2010
2010008117;1;2;1;1;3;420;16/07/2010
2010008118;1;2;6;1;1;420;22/07/2010
2010008119;5;1;1;1;1;420;28/08/2010
2010008120;1;1;1;1;3;420;15/09/2010
2010008121;1;1;1;1;1;420;17/09/2010
2010008122;1;2;1;1;6;420;20/09/2010
2010008123;1;1;1;1;5;420;22/09/2010
2010008124;1;2;1;1;6;420;06/10/2010
2010008125;3;1;9;1;5;420;09/10/2010
2010008126;3;1;1;1;1;420;26/10/2010
2010008127;5;1;1;8;6;420;21/11/2010
2010008128;1;2;1;9;6;420;08/12/2010
2010008129;1;2;1;1;2;420;12/12/2010
2010008130;1;1;1;1;6;420;14/02/2010
2010008131;1;1;1;1;1;420;19/03/2010
2010008132;1;2;1;1;6;420;31/03/2010
2010008133;1;1;1;3;7;420;13/05/2010
2010008134;1;2;9;1;1;420;02/07/2010
2010008135;1;2;9;1;3;420;06/07/2010
2010008136;1;1;2;1;3;420;25/07/2010
2010008137;1;1;1;1;7;420;03/08/2010
2010008138;1;1;1;1;4;420;04/09/2010
2010008139;1;2;1;1;6;420;15/09/2010
2010008140;1;1;1;1;7;420;18/09/2010
2010008141;1;1;1;1;7;420;03/10/2010
2010008142;5;2;1;1;6;420;22/10/2010
2010008143;1;2;1;2;1;420;24/10/2010
2010008144;1;1;1;2;6;420;10/11/2010
2010008145;1;2;1;1;3;420;13/11/2010
2010008146;1;1;2;1;3;420;23/01/2010
2010008147;1;1;1;1;3;420;24/02/2010
2010008148;1;1;1;2;1;420;03/04/2010
2010008149;3;1;1;1;7;420;11/04/2010
2010008150;1;2;1;1;3;420;21/04/2010
2010008151;1;2;6;1;6;420;03/07/2010
2010008152;1;1;1;1;3;420;20/07/2010
2010008153;1;2;1;1;1;420;11/08/2010
2010008154;1;1;1;7;1;420;02/10/2010
2010008155;1;2;1;1;6;420;03/10/2010
2010008156;1;2;1;1;6;420;07/10/2010
2010008157;3;1;1;2;6;420;02/11/2010
2010008158;3;2;1;1;6;420;05/11/2010
2010008159;5;2;1;9;6;420;04/02/2010
2010008160;1;1;1;1;3;420;22/03/2010
2010008161;1;1;1;1;7;420;31/03/2010
2010008162;1;2;1;1;3;420;24/04/2010
2010008163;1;1;1;1;1;420;26/05/2010
2010008164;1;1;1;1;5;420;26/05/2010
2010008165;1;2;6;1;7;420;28/05/2010
2010008166;1;1;1;1;1;420;04/06/2010
2010008167;1;1;1;3;3;420;11/06/2010
2010008168;1;2;1;1;1;420;15/07/2010
2010008169;1;1;1;1;1;420;29/07/2010
2010008170;3;2;1;1;3;420;03/02/2010
2010008171;1;1;1;1;1;420;25/03/2010
2010008172;1;2;1;1;1;420;07/04/2010
2010008173;1;1;1;8;1;420;06/06/2010
2010008174;1;2;1;1;3;420;27/08/2010
2010008175;1;2;1;1;6;420;07/10/2010
2010008176;1;2;2;9;3;420;20/01/2010
2010008177;1;2;1;1;3;420;05/02/2010
2010008178;3;1;1;1;6;420;20/02/2010
2010008179;1;2;6;3;1;420;05/05/2010
2010008180;1;1;1;8;7;420;19/06/2010
2010008181;1;1;1;1;2;420;05/09/2010
2010008182;3;1;1;1;6;420;13/11/2010
2010008183;2;2;1;4;6;420;30/11/2010
2010008184;3;1;1;2;6;730;21/02/2010
2010008185;3;1;1;1;1;730;01/08/2010
2010008186;1;2;1;1;7;730;05/09/2010
2010008187;1;1;1;8;3;730;26/09/2010
2010008188;3;1;1;1;6;730;10/10/2010
2010008189;2;1;1;2;1;730;27/03/2010
2010008190;3;1;1;2;6;730;28/03/2010
2010008191;1;2;1;1;3;730;02/04/2010
2010008192;3;1;1;1;1;730;17/04/2010
2010008193;4;1;1;1;6;730;01/06/2010
2010008194;1;1;1;1;6;730;11/07/2010
2010008195;1;1;6;1;1;730;01/08/2010
2010008196;1;2;1;1;3;730;07/08/2010
2010008197;1;1;1;1;7;730;07/08/2010
2010008198;1;1;1;1;5;730;30/08/2010
2010008199;5;1;1;1;3;730;01/10/2010
2010008200;5;2;1;8;6;730;26/11/2010
2010008201;1;1;1;1;1;730;08/12/2010
2010008202;5;1;1;1;6;730;22/12/2010
2010008203;1;1;9;1;3;730;18/01/2010
2010008204;2;1;1;1;6;730;16/03/2010
2010008205;1;2;1;1;2;730;16/05/2010
2010008206;1;2;1;1;7;730;19/07/2010
2010008207;5;2;1;1;6;730;17/10/2010
2010008208;1;1;1;1;3;730;29/08/2010
2010008209;1;1;3;1;3;730;18/07/2010
2010008210;3;1;1;1;6;730;11/09/2010
2010008211;1;1;1;1;1;730;15/04/2010
2010008212;1;2;2;1;3;730;29/06/2010
2010008213;1;1;1;1;1;730;05/07/2010
2010008214;1;1;1;1;6;730;11/07/2010
2010008215;1;1;1;1;7;730;05/09/2010
2010008216;3;1;3;5;3;730;03/11/2010
2010008217;2;2;1;1;6;730;07/11/2010
2010008218;5;1;1;4;3;730;17/12/2010
2010008219;1;1;1;1;1;730;10/04/2010
2010008220;1;1;4;1;3;730;20/05/2010
2010008221;1;1;2;1;3;730;27/06/2010
2010008222;1;1;1;1;1;730;01/07/2010
2010008223;1;1;1;1;2;730;02/07/2010
2010008224;1;1;1;1;1;730;02/07/2010
2010008225;1;1;1;1;6;730;10/07/2010
2010008226;2;2;1;1;6;730;16/07/2010
2010008227;1;1;1;1;5;730;23/07/2010
2010008228;1;2;1;1;1;730;10/08/2010
2010008229;1;1;2;1;3;730;04/09/2010
2010008230;1;1;1;1;2;730;02/10/2010
2010008231;3;1;1;8;3;730;23/11/2010
2010008232;1;2;1;1;1;730;06/01/2010
2010008233;2;1;3;1;3;730;27/01/2010
2010008234;1;1;1;1;6;730;23/03/2010
2010008235;1;1;4;1;2;730;11/04/2010
2010008236;1;1;1;1;1;730;26/04/2010
2010008237;1;2;7;1;6;730;01/06/2010
2010008238;1;1;1;1;1;730;16/06/2010
2010008239;1;1;1;1;1;730;18/07/2010
2010008240;1;1;1;1;7;730;21/07/2010
2010008241;1;2;1;1;3;730;21/07/2010
2010008242;1;1;1;1;3;730;27/07/2010
2010008243;2;1;1;3;3;730;14/08/2010
2010008244;1;2;1;1;3;730;13/08/2010
2010008245;1;2;1;1;6;730;05/09/2010
2010008246;2;1;1;1;6;730;20/12/2010
2010008247;1;2;1;2;6;730;25/02/2010
2010008248;2;2;1;1;3;730;11/04/2010
2010008249;1;2;1;1;7;730;19/04/2010
2010008250;1;1;1;1;7;730;22/04/2010
2010008251;3;1;1;2;7;730;10/06/2010
2010008252;1;1;2;1;5;730;27/06/2010
2010008253;1;1;1;1;1;730;06/07/2010
2010008254;1;1;6;1;3;730;12/09/2010
2010008255;1;2;6;1;3;730;19/09/2010
2010008256;2;1;1;2;6;730;16/10/2010
2010008257;1;1;1;1;3;730;07/11/2010
2010008258;1;1;2;1;3;730;09/12/2010
2010008259;1;2;1;1;1;730;27/02/2010
2010008260;1;1;1;1;7;730;18/04/2010
2010008261;1;1;1;1;5;730;30/04/2010
2010008262;1;2;1;1;3;730;26/05/2010
2010008263;1;1;1;1;7;730;06/06/2010
2010008264;1;1;1;1;1;730;27/06/2010
2010008265;3;1;1;1;6;730;24/07/2010
2010008266;1;1;1;1;1;730;10/08/2010
2010008267;1;1;1;2;3;730;16/08/2010
2010008268;3;1;2;1;3;730;19/08/2010
2010008269;1;1;1;1;7;730;06/09/2010
2010008270;1;1;1;2;1;730;16/11/2010
2010008271;1;1;1;1;3;730;19/11/2010
2010008272;2;1;2;7;3;730;19/11/2010
2010008273;5;2;1;1;7;730;19/11/2010
2010008274;2;2;1;1;6;730;14/12/2010
2010008275;3;1;1;2;7;730;02/03/2010
2010008276;1;1;1;2;1;730;15/06/2010
2010008277;1;1;1;1;1;730;14/09/2010
2010008278;1;2;1;1;3;730;16/12/2010
2010008279;1;1;1;7;1;730;23/05/2010
2010008280;1;1;1;1;7;730;18/07/2010
2010008281;1;1;1;1;2;730;31/07/2010
2010008282;1;1;1;1;1;730;07/10/2010
2010008283;1;2;1;1;6;730;08/02/2010
2010008284;3;2;1;1;1;730;07/04/2010
2010008285;1;2;1;1;3;730;11/06/2010
2010008286;1;1;4;1;1;730;03/07/2010
2010008287;1;1;1;1;1;730;09/07/2010
2010008288;1;1;1;1;7;730;15/07/2010
2010008289;1;1;1;1;3;730;25/07/2010
2010008290;1;2;4;1;3;730;27/07/2010
2010008291;1;1;1;1;2;730;21/08/2010
2010008292;1;2;1;1;3;730;05/09/2010
2010008293;1;1;1;8;6;730;06/12/2010
2010008294;5;2;1;4;6;730;29/12/2010
2010008295;3;1;1;1;5;730;04/02/2010
2010008296;1;1;1;2;6;730;15/05/2010
2010008297;3;1;1;1;1;730;26/08/2010
2010008298;1;1;1;1;7;730;26/08/2010
2010008299;3;1;1;2;3;730;02/10/2010
2010008300;1;1;1;1;6;730;11/10/2010
2010008301;3;1;1;1;2;730;13/12/2010
2010008302;1;2;1;1;7;730;17/01/2010
2010008303;1;2;1;1;6;730;27/02/2010
2010008304;1;1;1;1;1;730;14/03/2010
2010008305;1;1;1;1;1;730;26/03/2010
2010008306;3;1;1;8;7;730;31/03/2010
2010008307;1;2;1;1;1;730;10/09/2010
2010008308;3;1;1;1;7;730;19/09/2010
2010008309;2;1;1;2;6;730;31/10/2010
2010008310;1;1;1;8;5;730;07/11/2010
2010008311;1;2;7;1;6;730;28/12/2010
2010008312;1;2;6;1;6;730;06/03/2010
2010008313;2;1;1;1;1;730;25/03/2010
2010008314;1;1;1;1;3;730;28/04/2010
2010008315;1;1;1;2;1;730;14/08/2010
2010008316;1;1;2;1;1;730;12/09/2010
2010008317;1;1;4;1;4;730;01/10/2010
2010008318;1;2;1;1;6;730;30/10/2010
2010008319;1;2;1;1;6;730;28/10/2010
2010008320;1;2;6;2;2;730;26/12/2010
2010008321;1;1;1;1;3;730;01/03/2010
2010008322;1;2;1;1;7;730;07/06/2010
2010008323;1;1;1;1;6;730;07/08/2010
2010008324;3;1;1;1;7;730;12/09/2010
2010008325;5;2;1;9;6;730;23/12/2010
2010008326;1;2;1;1;1;730;02/06/2010
2010008327;1;2;1;1;1;730;02/06/2010
2010008328;1;1;1;1;6;730;28/06/2010
2010008329;1;1;3;1;3;730;28/06/2010
2010008330;1;2;1;1;2;730;10/07/2010
2010008331;1;1;1;1;1;730;21/08/2010
2010008332;1;1;1;1;7;730;14/07/2010
2010008333;1;1;1;7;3;730;27/07/2010
2010008334;2;2;1;1;6;740;14/01/2010
2010008335;1;1;1;8;1;740;07/01/2010
2010008336;1;2;1;1;2;740;04/03/2010
2010008337;1;2;1;1;3;740;19/03/2010
2010008338;2;2;1;1;3;740;23/04/2010
2010008339;1;1;1;1;1;740;24/04/2010
2010008340;1;1;1;1;1;740;20/05/2010
2010008341;2;2;6;1;6;740;29/05/2010
2010008342;1;1;1;1;1;740;13/06/2010
2010008343;1;2;1;1;2;740;27/06/2010
2010008344;1;1;9;1;3;740;29/06/2010
2010008345;1;1;2;1;3;740;08/07/2010
2010008346;1;1;1;1;4;740;11/07/2010
2010008347;1;1;1;1;3;740;24/07/2010
2010008348;3;1;1;1;2;740;01/08/2010
2010008349;5;1;3;1;1;740;02/08/2010
2010008350;1;1;1;1;6;740;04/08/2010
2010008351;1;2;1;1;6;740;25/08/2010
2010008352;1;1;1;1;3;740;31/08/2010
2010008353;1;1;1;1;3;740;20/09/2010
2010008354;1;1;1;1;7;740;13/11/2010
2010008355;1;1;1;1;1;740;13/11/2010
2010008356;1;1;1;1;1;740;10/12/2010
2010008357;2;2;1;9;6;740;28/01/2010
2010008358;1;1;1;9;4;740;28/01/2010
2010008359;1;2;1;4;1;740;28/01/2010
2010008360;2;1;1;4;1;740;28/01/2010
2010008361;3;1;1;2;1;740;08/02/2010
2010008362;1;1;1;1;5;740;16/02/2010
2010008363;1;1;1;1;6;740;13/03/2010
2010008364;1;2;1;1;6;740;16/03/2010
2010008365;1;2;1;2;6;740;27/03/2010
2010008366;1;1;1;9;7;740;30/04/2010
2010008367;1;1;1;1;1;740;04/06/2010
2010008368;1;1;1;1;6;740;08/06/2010
2010008369;1;1;1;3;1;740;16/08/2010
2010008370;1;1;3;1;2;740;13/09/2010
2010008371;1;2;1;1;2;740;21/09/2010
2010008372;1;1;1;1;1;740;06/11/2010
2010008373;3;2;1;4;6;740;01/01/2010
2010008374;5;2;1;1;2;740;11/01/2010
2010008375;5;2;1;9;6;740;11/01/2010
2010008376;1;2;1;4;6;740;17/01/2010
2010008377;1;1;1;4;4;740;21/01/2010
2010008378;1;1;1;1;6;740;02/02/2010
2010008379;5;2;1;9;6;740;08/02/2010
2010008380;5;2;1;1;6;740;13/02/2010
2010008381;1;1;1;2;3;740;24/02/2010
2010008382;1;1;1;1;4;740;15/03/2010
2010008383;3;1;1;2;7;740;28/03/2010
2010008384;1;2;1;1;3;740;10/04/2010
2010008385;1;1;1;1;7;740;25/04/2010
2010008386;1;2;1;1;3;740;30/04/2010
2010008387;1;1;1;1;3;740;22/05/2010
2010008388;1;2;1;1;1;740;13/06/2010
2010008389;1;1;1;1;7;740;14/07/2010
2010008390;1;1;1;1;7;740;16/07/2010
2010008391;1;1;6;1;3;740;27/07/2010
2010008392;1;1;1;1;1;740;31/07/2010
2010008393;1;1;1;8;1;740;15/08/2010
2010008394;1;1;1;1;6;740;05/09/2010
2010008395;3;1;1;1;1;740;18/10/2010
2010008396;5;2;6;1;6;740;31/10/2010
2010008397;1;2;1;1;3;740;29/01/2010
2010008398;3;1;1;1;6;740;14/03/2010
2010008399;1;2;8;1;3;740;19/03/2010
2010008400;1;2;1;2;2;740;30/03/2010
2010008401;1;2;1;1;1;740;24/04/2010
2010008402;1;2;1;1;6;740;29/04/2010
2010008403;5;2;1;1;6;740;10/06/2010
2010008404;5;1;1;1;6;740;10/07/2010
2010008405;1;1;3;7;3;740;18/08/2010
2010008406;1;1;3;1;6;740;04/09/2010
2010008407;1;1;2;8;3;740;24/09/2010
2010008408;1;2;1;1;1;740;09/11/2010
2010008409;2;2;1;9;6;740;08/12/2010
2010008410;3;1;1;1;7;740;01/06/2010
2010008411;1;1;1;1;6;740;10/07/2010
2010008412;1;1;3;1;3;740;10/08/2010
2010008413;5;2;1;1;1;740;20/11/2010
2010008414;1;1;1;1;3;740;03/12/2010
2010008415;3;1;1;8;6;740;04/01/2010
2010008416;3;1;1;1;6;740;19/01/2010
2010008417;1;2;1;1;6;740;21/01/2010
2010008418;1;1;1;5;1;740;25/01/2010
2010008419;1;2;1;1;1;740;10/03/2010
2010008420;1;2;2;2;1;740;26/03/2010
2010008421;5;1;1;1;6;740;02/04/2010
2010008422;3;1;1;1;6;740;11/04/2010
2010008423;1;1;1;1;6;740;11/04/2010
2010008424;1;1;6;1;6;740;19/04/2010
2010008425;1;2;6;1;6;740;20/04/2010
2010008426;1;2;1;7;6;740;28/04/2010
2010008427;1;1;1;1;7;740;06/05/2010
2010008428;1;1;3;1;3;740;11/05/2010
2010008429;2;2;6;1;6;740;12/06/2010
2010008430;1;1;1;1;1;740;07/08/2010
2010008431;1;2;1;1;6;740;21/08/2010
2010008432;1;2;1;1;1;740;23/08/2010
2010008433;5;2;1;1;6;740;24/08/2010
2010008434;3;1;1;1;6;740;09/09/2010
2010008435;5;1;2;1;3;740;10/09/2010
2010008436;1;2;1;1;6;740;03/10/2010
2010008437;2;1;9;1;5;740;31/10/2010
2010008438;1;1;1;4;1;740;05/02/2010
2010008439;1;1;1;4;5;740;10/02/2010
2010008440;1;1;1;1;6;740;17/03/2010
2010008441;1;2;6;1;2;740;23/04/2010
2010008442;1;1;1;1;5;740;30/04/2010
2010008443;1;1;1;1;1;740;20/05/2010
2010008444;1;1;1;1;5;740;02/06/2010
2010008445;1;1;1;1;3;740;13/06/2010
2010008446;1;2;1;1;7;740;17/07/2010
2010008447;1;2;1;1;1;740;13/08/2010
2010008448;1;1;1;1;3;740;22/08/2010
2010008449;1;2;1;3;2;740;19/09/2010
2010008450;1;1;1;1;3;740;30/09/2010
2010008451;1;1;1;1;1;740;19/11/2010
2010008452;5;2;1;1;6;740;20/11/2010
2010008453;5;2;1;8;6;740;01/01/2010
2010008454;1;2;1;1;7;740;14/01/2010
2010008455;1;1;1;4;1;740;20/01/2010
2010008456;1;1;1;1;1;740;12/02/2010
2010008457;1;2;1;1;1;740;19/02/2010
2010008458;5;2;1;1;6;740;19/03/2010
2010008459;1;1;1;1;1;740;17/04/2010
2010008460;1;1;1;1;2;740;29/04/2010
2010008461;1;2;1;1;2;740;30/04/2010
2010008462;5;1;1;1;6;740;27/05/2010
2010008463;1;2;1;1;3;740;11/06/2010
2010008464;1;1;1;1;3;740;04/07/2010
2010008465;1;1;1;1;5;740;06/07/2010
2010008466;1;1;1;1;3;740;06/07/2010
2010008467;2;1;1;1;1;740;06/07/2010
2010008468;1;1;3;1;3;740;30/07/2010
2010008469;1;1;1;1;5;740;29/08/2010
2010008470;1;2;1;1;3;740;03/10/2010
2010008471;1;2;1;1;6;740;12/10/2010
2010008472;3;1;1;2;2;740;25/10/2010
2010008473;5;1;3;3;3;740;08/11/2010
2010008474;1;1;1;1;6;740;08/02/2010
2010008475;1;2;1;1;6;740;18/02/2010
2010008476;3;1;1;1;2;740;16/03/2010
2010008477;1;2;1;1;6;740;14/04/2010
2010008478;1;1;1;1;3;740;20/05/2010
2010008479;1;2;1;1;1;740;04/06/2010
2010008480;3;1;1;1;1;740;18/06/2010
2010008481;1;2;1;1;6;740;19/06/2010
2010008482;1;2;3;1;1;740;30/07/2010
2010008483;1;2;1;1;1;740;06/11/2010
2010008484;3;1;1;1;6;740;18/11/2010
2010008485;3;1;1;1;6;740;07/01/2010
2010008486;3;1;1;1;6;740;18/03/2010
2010008487;5;2;1;2;6;740;27/03/2010
2010008488;1;1;1;1;7;740;09/06/2010
2010008489;1;2;1;1;3;740;26/06/2010
2010008490;1;1;1;1;7;740;12/07/2010
2010008491;1;1;3;1;3;740;14/07/2010
2010008492;1;1;1;8;5;740;21/07/2010
2010008493;3;1;1;1;1;740;20/08/2010
2010008494;5;1;1;5;1;740;22/09/2010
2010008495;1;1;1;4;6;740;04/01/2010
2010008496;1;2;1;4;6;740;11/01/2010
2010008497;1;1;1;8;1;740;25/01/2010
2010008498;5;2;1;4;7;740;09/02/2010
2010008499;1;2;1;2;2;740;17/06/2010
2010008500;5;1;2;1;3;740;27/08/2010
2010008501;5;2;1;1;1;740;06/10/2010
2010008502;1;1;1;8;1;740;26/11/2010
2010008503;5;2;1;2;6;740;23/12/2010
2010008504;1;2;1;1;6;740;19/02/2010
2010008505;1;1;1;3;1;740;25/02/2010
2010008506;1;2;1;1;1;740;01/03/2010
2010008507;1;1;1;1;6;740;05/04/2010
2010008508;3;1;1;1;1;740;06/04/2010
2010008509;1;1;1;1;1;740;11/04/2010
2010008510;1;1;1;1;5;740;13/04/2010
2010008511;3;1;1;1;6;740;16/04/2010
2010008512;1;1;1;1;3;740;24/04/2010
2010008513;5;2;1;2;6;740;02/05/2010
2010008514;1;1;1;2;1;740;02/05/2010
2010008515;2;1;1;2;1;740;05/05/2010
2010008516;1;1;1;1;7;740;04/06/2010
2010008517;1;2;1;1;2;740;12/06/2010
2010008518;1;1;1;9;1;740;22/07/2010
2010008519;1;2;2;2;3;740;23/07/2010
2010008520;1;1;3;1;3;740;27/07/2010
2010008521;1;2;2;1;3;740;01/08/2010
2010008522;1;1;1;1;2;740;06/08/2010
2010008523;1;1;1;1;6;740;13/08/2010
2010008524;5;2;6;1;7;740;20/08/2010
2010008525;1;1;6;1;7;740;13/09/2010
2010008526;1;1;2;3;5;740;25/09/2010
2010008527;2;1;1;2;1;740;25/09/2010
2010008528;3;1;1;2;5;740;10/11/2010
2010008529;5;2;3;1;3;740;05/11/2010
2010008530;2;1;1;1;6;740;14/11/2010
2010008531;3;1;1;1;6;740;16/11/2010
2010008532;1;1;1;2;1;740;22/11/2010
2010008533;1;1;1;1;7;740;24/11/2010
2010008534;5;2;1;1;1;740;23/11/2010
2010008535;3;1;1;9;1;740;03/12/2010
2010008536;1;1;3;1;1;740;08/12/2010
2010008537;1;1;1;1;6;740;15/12/2010
2010008538;5;2;1;1;6;740;10/12/2010
2010008539;3;1;1;4;1;740;04/01/2010
2010008540;1;2;1;1;6;740;27/01/2010
2010008541;1;1;1;1;3;740;12/03/2010
2010008542;1;2;1;1;1;740;23/03/2010
2010008543;1;1;1;2;1;740;19/06/2010
2010008544;1;1;1;1;7;740;08/07/2010
2010008545;1;1;1;3;3;740;22/07/2010
2010008546;3;2;1;8;1;740;30/08/2010
2010008547;5;2;1;1;6;740;03/10/2010
2010008548;1;2;1;1;6;740;05/10/2010
2010008549;1;1;1;1;3;740;09/10/2010
2010008550;5;2;2;8;3;740;23/10/2010
2010008551;1;1;1;1;1;740;09/11/2010
2010008552;3;1;1;3;7;740;06/12/2010
2010008553;1;1;3;1;3;740;26/02/2010
2010008554;3;1;1;8;6;740;28/02/2010
2010008555;1;1;1;7;1;740;24/05/2010
2010008556;1;1;1;7;1;740;25/05/2010
2010008557;1;2;1;1;7;740;23/06/2010
2010008558;1;1;1;1;1;740;08/08/2010
2010008559;1;1;1;1;7;740;25/09/2010
2010008560;1;1;1;1;1;740;05/10/2010
2010008561;3;1;1;1;7;740;27/10/2010
2010008562;1;2;1;7;6;740;04/11/2010
2010008563;3;1;1;9;3;740;21/12/2010
2010008564;3;1;1;9;1;740;14/02/2010
2010008565;1;1;1;1;1;740;14/03/2010
2010008566;1;1;1;2;1;740;27/03/2010
2010008567;1;1;1;1;3;740;29/08/2010
2010008568;1;1;1;4;1;740;26/11/2010
2010008569;1;1;1;8;3;740;07/12/2010
2010008570;1;1;1;1;3;740;14/02/2010
2010008571;1;1;1;1;6;740;01/06/2010
2010008572;5;1;1;1;3;740;04/06/2010
2010008573;1;1;1;2;7;740;26/07/2010
2010008574;1;2;1;1;6;740;27/09/2010
2010008575;3;1;1;1;6;740;06/10/2010
2010008576;1;1;1;4;7;740;26/11/2010
2010008577;1;1;1;8;7;740;27/01/2010
2010008578;1;1;2;1;1;740;01/02/2010
2010008579;3;1;1;8;6;740;13/02/2010
2010008580;1;1;2;1;3;740;12/03/2010
2010008581;1;2;1;1;6;740;18/03/2010
2010008582;1;1;1;1;6;740;12/04/2010
2010008583;1;1;1;1;3;740;10/04/2010
2010008584;1;1;1;1;2;740;16/04/2010
2010008585;1;1;1;1;3;740;13/05/2010
2010008586;1;1;1;1;6;740;16/05/2010
2010008587;1;1;1;1;3;740;25/05/2010
2010008588;1;1;1;1;3;740;06/06/2010
2010008589;1;1;1;1;3;740;12/06/2010
2010008590;1;2;1;1;2;740;27/06/2010
2010008591;1;2;1;1;2;740;30/06/2010
2010008592;3;1;1;1;1;740;02/07/2010
2010008593;3;1;1;1;3;740;04/07/2010
2010008594;1;1;2;1;3;740;09/07/2010
2010008595;1;1;1;1;1;740;13/07/2010
2010008596;1;1;1;1;1;740;18/07/2010
2010008597;1;2;3;1;1;740;20/07/2010
2010008598;1;1;1;3;1;740;28/07/2010
2010008599;3;1;1;1;6;740;11/09/2010
2010008600;1;2;2;1;1;740;09/09/2010
2010008601;3;1;1;5;7;740;04/10/2010
2010008602;1;2;2;2;3;740;20/10/2010
2010008603;1;1;1;1;2;740;28/10/2010
2010008604;5;2;1;1;3;740;05/11/2010
2010008605;1;1;1;2;3;740;09/11/2010
2010008606;3;2;1;1;6;740;18/11/2010
2010008607;3;1;1;1;6;740;21/11/2010
2010008608;5;2;4;9;5;740;24/11/2010
2010008609;3;1;1;1;1;740;29/11/2010
2010008610;1;1;1;1;1;740;12/12/2010
2010008611;3;1;1;4;1;740;04/01/2010
2010008612;1;2;2;1;3;740;12/07/2010
2010008613;1;1;1;1;6;740;15/07/2010
2010008614;1;1;1;1;3;740;21/08/2010
2010008615;3;1;1;1;6;740;02/10/2010
2010008616;5;1;1;1;1;740;07/10/2010
2010008617;3;1;1;2;1;740;05/11/2010
2010008618;1;1;1;8;3;740;24/02/2010
2010008619;1;1;1;1;7;740;12/03/2010
2010008620;5;1;1;2;7;740;08/05/2010
2010008621;1;2;9;1;6;740;16/05/2010
2010008622;1;1;1;1;1;740;04/07/2010
2010008623;3;2;1;1;6;740;13/08/2010
2010008624;1;1;1;1;1;740;29/08/2010
2010008625;1;1;1;1;1;740;16/09/2010
2010008626;1;2;1;1;7;740;31/10/2010
2010008627;2;1;1;1;1;740;10/12/2010
2010008628;5;2;1;1;3;740;24/12/2010
2010008629;2;1;1;1;6;630;25/04/2010
2010008630;1;1;1;1;3;630;19/09/2010
2010008631;5;2;6;2;6;630;06/02/2010
2010008632;3;1;1;1;7;630;12/03/2010
2010008633;1;1;1;1;7;630;28/05/2010
2010008634;1;2;1;1;7;630;03/06/2010
2010008635;1;1;1;8;3;630;19/06/2010
2010008636;1;1;1;1;3;630;26/06/2010
2010008637;1;1;1;1;5;630;26/06/2010
2010008638;1;2;1;1;7;630;23/07/2010
2010008639;1;2;1;1;3;630;31/07/2010
2010008640;3;1;1;1;3;630;08/08/2010
2010008641;5;2;1;1;7;630;09/08/2010
2010008642;1;1;1;1;6;630;15/08/2010
2010008643;1;1;2;1;1;630;12/09/2010
2010008644;1;2;2;1;3;630;15/09/2010
2010008645;1;1;1;1;1;630;03/11/2010
2010008646;2;1;1;1;1;630;10/11/2010
2010008647;5;2;1;1;6;630;12/11/2010
2010008648;1;2;1;1;6;630;22/04/2010
2010008649;1;1;1;1;6;630;14/07/2010
2010008650;1;1;1;7;7;630;28/08/2010
2010008651;1;1;1;1;7;630;22/09/2010
2010008652;1;1;1;1;7;630;13/11/2010
2010008653;3;1;1;9;6;630;21/12/2010
2010008654;1;2;1;1;6;630;13/01/2010
2010008655;1;1;1;2;3;630;14/01/2010
2010008656;2;2;1;1;6;630;22/01/2010
2010008657;1;1;1;9;1;630;03/02/2010
2010008658;1;1;1;1;7;630;29/04/2010
2010008659;1;1;1;1;2;630;26/06/2010
2010008660;1;2;6;1;3;630;25/07/2010
2010008661;3;1;1;1;7;630;26/08/2010
2010008662;3;1;1;1;1;630;28/10/2010
2010008663;3;1;1;1;6;630;07/11/2010
2010008664;1;2;6;1;3;630;13/11/2010
2010008665;3;1;1;9;1;630;29/11/2010
2010008666;1;1;1;1;3;630;20/12/2010
2010008667;3;1;1;1;5;630;20/12/2010
2010008668;1;1;1;8;7;630;07/02/2010
2010008669;1;1;1;2;1;630;20/06/2010
2010008670;1;1;1;7;3;630;23/06/2010
2010008671;1;1;1;1;2;630;28/07/2010
2010008672;1;1;1;1;6;630;09/10/2010
2010008673;1;1;1;8;1;630;15/01/2010
2010008674;3;1;1;4;6;630;06/02/2010
2010008675;1;1;9;1;3;630;27/02/2010
2010008676;1;1;1;8;6;630;19/03/2010
2010008677;1;1;1;1;7;630;23/03/2010
2010008678;1;1;1;1;3;630;20/04/2010
2010008679;1;1;1;1;1;630;21/04/2010
2010008680;1;1;1;1;3;630;19/04/2010
2010008681;1;1;1;1;6;630;25/04/2010
2010008682;1;1;1;1;1;630;21/05/2010