num_acc;lum;agg;inter;atm;col;dep;date
2010008683;5;2;1;1;1;630;05/06/2010
2010008684;1;2;1;1;6;630;22/06/2010
2010008685;1;2;1;1;1;630;18/07/2010
2010008686;1;2;1;1;1;630;17/08/2010
2010008687;1;2;1;1;6;630;28/08/2010
2010008688;1;1;1;1;1;630;10/09/2010
2010008689;1;2;1;1;1;630;10/09/2010
2010008690;1;2;1;1;7;630;04/11/2010
2010008691;1;1;1;3;1;630;19/06/2010
2010008692;1;1;1;2;3;630;19/06/2010
2010008693;1;1;1;1;1;630;28/06/2010
2010008694;1;2;1;1;3;630;19/07/2010
2010008695;1;2;3;1;3;630;17/08/2010
2010008696;1;2;1;1;3;630;17/08/2010
2010008697;1;1;1;1;1;630;27/08/2010
2010008698;1;1;1;1;1;630;22/10/2010
2010008699;3;2;1;1;6;630;02/05/2010
2010008700;1;1;1;1;7;630;04/06/2010
2010008701;1;1;1;4;1;630;04/05/2010
2010008702;3;1;1;1;6;630;17/09/2010
2010008703;1;1;1;1;1;630;20/09/2010
2010008704;1;1;1;1;2;630;09/10/2010
2010008705;1;1;1;8;1;630;26/07/2010
2010008706;1;2;1;1;6;630;31/12/2010
2010008707;5;2;1;1;3;630;28/01/2010
2010008708;1;2;1;1;2;630;12/05/2010
2010008709;1;1;1;1;7;630;27/06/2010
2010008710;1;2;1;1;2;630;02/07/2010
2010008711;3;1;1;1;6;630;17/07/2010
2010008712;1;2;6;1;3;630;01/09/2010
2010008713;1;1;2;1;3;630;21/09/2010
2010008714;5;2;1;3;2;630;04/10/2010
2010008715;1;1;1;3;1;630;24/10/2010
2010008716;1;2;1;7;1;630;30/12/2010
2010008717;1;1;1;1;7;630;07/04/2010
2010008718;1;1;1;1;7;630;26/06/2010
2010008719;1;2;1;1;6;630;06/05/2010
2010008720;1;2;1;1;1;630;19/05/2010
2010008721;1;1;3;1;1;630;19/09/2010
2010008722;1;1;1;5;1;630;01/11/2010
2010008723;3;1;1;1;7;630;11/12/2010
2010008724;1;2;1;8;6;630;04/02/2010
2010008725;1;1;1;1;6;630;28/06/2010
2010008726;1;2;1;1;1;630;03/07/2010
2010008727;1;1;1;1;2;630;17/08/2010
2010008728;1;1;1;1;6;630;21/09/2010
2010008729;2;1;1;2;7;630;14/01/2010
2010008730;1;1;1;4;7;630;28/01/2010
2010008731;1;1;1;1;5;630;29/03/2010
2010008732;1;2;1;7;1;630;10/05/2010
2010008733;1;1;1;1;1;630;03/06/2010
2010008734;1;1;1;1;1;630;14/06/2010
2010008735;1;1;1;1;1;630;01/09/2010
2010008736;1;2;1;1;3;630;15/05/2010
2010008737;1;1;1;1;7;630;22/03/2010
2010008738;3;1;1;2;1;630;17/06/2010
2010008739;1;2;1;1;6;630;08/07/2010
2010008740;3;1;1;1;6;630;13/09/2010
2010008741;5;2;1;8;6;630;15/10/2010
2010008742;1;1;2;1;3;630;29/12/2010
2010008743;1;2;1;1;1;630;26/01/2010
2010008744;2;1;1;1;1;630;02/02/2010
2010008745;3;1;1;9;7;630;01/02/2010
2010008746;3;1;1;1;1;630;14/02/2010
2010008747;3;1;1;1;6;630;12/03/2010
2010008748;3;1;1;1;6;630;25/03/2010
2010008749;3;1;1;2;7;630;27/03/2010
2010008750;1;1;1;1;6;630;11/04/2010
2010008751;1;1;1;1;5;630;16/04/2010
2010008752;1;2;1;1;6;630;06/05/2010
2010008753;1;1;2;1;3;630;20/05/2010
2010008754;1;1;1;1;1;630;28/05/2010
2010008755;1;1;1;1;2;630;01/06/2010
2010008756;1;2;1;1;1;630;26/07/2010
2010008757;1;1;2;1;3;630;29/08/2010
2010008758;1;2;1;8;3;630;15/09/2010
2010008759;2;1;1;1;3;630;27/09/2010
2010008760;1;2;1;1;6;630;26/12/2010
2010008761;1;1;1;1;7;630;05/03/2010
2010008762;1;1;1;1;7;630;04/10/2010
2010008763;1;1;1;4;1;630;11/03/2010
2010008764;1;2;1;1;1;630;21/04/2010
2010008765;1;1;1;1;2;630;25/04/2010
2010008766;1;1;2;1;3;630;31/05/2010
2010008767;1;1;1;1;1;630;13/06/2010
2010008768;1;1;1;2;2;630;19/06/2010
2010008769;3;1;1;2;6;630;16/10/2010
2010008770;3;1;1;4;6;630;18/11/2010
2010008771;3;1;1;4;6;630;18/12/2010
2010008772;1;1;1;8;1;630;08/02/2010
2010008773;1;2;1;1;1;630;28/03/2010
2010008774;5;1;1;1;6;630;16/05/2010
2010008775;1;1;1;3;6;630;16/06/2010
2010008776;1;1;1;1;1;630;21/08/2010
2010008777;1;1;1;1;6;630;22/09/2010
2010008778;1;1;1;2;7;630;12/11/2010
2010008779;2;1;1;4;7;630;13/01/2010
2010008780;3;1;1;1;7;630;06/03/2010
2010008781;1;1;1;1;1;630;01/07/2010
2010008782;1;1;1;1;6;630;09/08/2010
2010008783;1;1;1;1;1;630;22/10/2010
2010008784;5;2;1;2;6;630;28/12/2010
2010008785;1;1;1;8;1;630;06/02/2010
2010008786;2;2;1;6;1;630;26/02/2010
2010008787;1;1;1;1;1;630;02/03/2010
2010008788;1;1;1;1;1;630;09/04/2010
2010008789;1;2;2;1;1;630;23/04/2010
2010008790;1;2;1;1;3;630;14/06/2010
2010008791;1;1;1;1;1;630;27/06/2010
2010008792;1;2;1;1;6;630;15/08/2010
2010008793;1;1;2;1;3;630;25/08/2010
2010008794;1;1;1;1;3;630;26/09/2010
2010008795;1;1;1;1;7;630;03/10/2010
2010008796;1;2;1;1;1;630;12/10/2010
2010008797;1;1;1;3;6;630;16/10/2010
2010008798;2;2;1;2;3;630;20/11/2010
2010008799;1;1;1;1;6;630;15/12/2010
2010008800;1;2;1;1;3;630;25/01/2010
2010008801;1;1;2;1;3;630;25/05/2010
2010008802;2;1;1;2;7;630;15/06/2010
2010008803;1;2;1;1;1;630;08/07/2010
2010008804;1;2;1;7;6;630;26/08/2010
2010008805;2;2;1;1;6;630;29/10/2010
2010008806;1;1;1;1;6;630;05/03/2010
2010008807;5;2;1;1;7;630;25/03/2010
2010008808;1;1;1;1;1;630;14/04/2010
2010008809;1;2;1;1;1;630;26/05/2010
2010008810;1;1;1;1;6;630;04/06/2010
2010008811;1;1;1;1;4;630;30/07/2010
2010008812;1;1;1;1;3;630;10/08/2010
2010008813;1;1;2;8;3;630;15/08/2010
2010008814;1;2;1;1;7;630;16/08/2010
2010008815;1;1;1;1;6;630;03/09/2010
2010008816;3;1;1;1;6;630;19/09/2010
2010008817;3;1;1;1;6;630;26/10/2010
2010008818;3;1;1;1;1;630;14/11/2010
2010008819;1;2;1;8;6;630;23/11/2010
2010008820;1;1;1;8;1;30;09/01/2010
2010008821;1;1;1;1;1;30;01/02/2010
2010008822;1;2;1;1;1;30;12/02/2010
2010008823;1;1;1;1;2;30;05/04/2010
2010008824;4;1;3;1;3;30;14/06/2010
2010008825;1;1;1;1;2;30;23/06/2010
2010008826;1;1;1;1;7;30;05/09/2010
2010008827;3;1;1;1;7;30;16/10/2010
2010008828;2;1;1;8;7;30;17/10/2010
2010008829;3;1;1;1;6;30;21/08/2010
2010008830;1;1;1;1;1;30;21/09/2010
2010008831;3;1;1;1;7;30;15/10/2010
2010008832;5;2;1;8;6;30;17/01/2010
2010008833;1;1;1;1;5;30;14/04/2010
2010008834;3;1;1;1;6;30;23/05/2010
2010008835;1;2;1;1;6;30;06/07/2010
2010008836;1;2;1;1;3;30;12/10/2010
2010008837;2;2;4;1;3;30;13/10/2010
2010008838;3;1;6;2;6;30;09/11/2010
2010008839;5;2;1;1;3;30;15/11/2010
2010008840;5;1;1;2;2;30;23/12/2010
2010008841;3;1;1;2;6;30;16/01/2010
2010008842;1;2;1;1;2;30;17/01/2010
2010008843;2;1;1;1;2;30;26/02/2010
2010008844;1;1;1;1;6;30;27/02/2010
2010008845;3;1;1;1;1;30;17/04/2010
2010008846;1;1;1;1;7;30;12/06/2010
2010008847;1;1;1;1;3;30;14/06/2010
2010008848;1;1;1;1;5;30;01/07/2010
2010008849;1;1;1;1;3;30;09/07/2010
2010008850;1;2;2;1;3;30;18/07/2010
2010008851;1;1;1;8;1;30;22/07/2010
2010008852;1;1;1;1;5;30;23/08/2010
2010008853;1;2;1;1;2;30;30/08/2010
2010008854;1;1;1;1;6;30;21/11/2010
2010008855;1;2;1;1;1;30;29/11/2010
2010008856;1;1;1;4;7;30;27/12/2010
2010008857;1;1;1;4;3;30;09/01/2010
2010008858;1;1;1;1;5;30;05/02/2010
2010008859;1;2;1;1;1;30;18/02/2010
2010008860;5;2;1;2;6;30;23/02/2010
2010008861;2;1;1;2;7;30;28/03/2010
2010008862;3;1;1;1;7;30;18/04/2010
2010008863;1;1;1;1;6;30;27/04/2010
2010008864;1;1;2;1;3;30;21/05/2010
2010008865;1;2;1;1;3;30;07/07/2010
2010008866;1;1;3;1;5;30;31/07/2010
2010008867;2;1;1;1;6;30;03/09/2010
2010008868;1;1;2;1;3;30;03/09/2010
2010008869;1;1;1;1;1;30;24/09/2010
2010008870;1;1;1;1;6;30;08/10/2010
2010008871;3;1;1;1;3;30;10/10/2010
2010008872;3;1;1;8;6;30;31/10/2010
2010008873;1;1;1;8;7;30;27/12/2010
2010008874;1;1;1;1;7;30;21/02/2010
2010008875;3;1;1;6;6;30;27/02/2010
2010008876;1;1;1;1;2;30;19/03/2010
2010008877;1;2;1;8;1;30;09/04/2010
2010008878;3;1;1;1;6;30;28/06/2010
2010008879;1;1;2;1;3;30;13/07/2010
2010008880;1;1;1;7;6;30;17/07/2010
2010008881;1;1;1;1;6;30;14/08/2010
2010008882;2;1;1;1;1;30;25/08/2010
2010008883;3;1;1;1;5;30;26/08/2010
2010008884;1;2;1;1;6;30;02/09/2010
2010008885;2;1;1;1;7;30;25/09/2010
2010008886;1;1;1;1;6;30;04/12/2010
2010008887;3;1;1;2;1;30;21/12/2010
2010008888;3;1;1;8;7;30;24/01/2010
2010008889;1;1;1;1;3;30;04/06/2010
2010008890;3;2;1;1;6;30;05/09/2010
2010008891;1;1;1;2;6;30;07/09/2010
2010008892;1;1;1;1;1;30;10/09/2010
2010008893;1;1;1;2;1;30;23/02/2010
2010008894;1;1;1;1;3;30;23/03/2010
2010008895;1;1;1;1;1;30;08/06/2010
2010008896;1;2;1;7;2;30;24/06/2010
2010008897;1;1;1;1;3;30;05/09/2010
2010008898;1;2;1;7;2;30;15/07/2010
2010008899;1;1;3;1;3;30;26/08/2010
2010008900;1;1;1;1;1;30;08/12/2010
2010008901;1;2;1;1;3;30;04/06/2010
2010008902;1;1;1;3;1;30;09/06/2010
2010008903;1;2;1;1;1;30;17/07/2010
2010008904;1;1;1;1;3;30;08/08/2010
2010008905;1;1;1;1;3;30;17/09/2010
2010008906;3;1;1;2;1;30;17/10/2010
2010008907;3;1;1;5;1;30;22/01/2010
2010008908;3;1;1;1;7;30;03/02/2010
2010008909;1;2;1;1;6;30;18/04/2010
2010008910;3;1;1;1;2;30;22/05/2010
2010008911;1;2;1;1;6;30;09/06/2010
2010008912;1;2;1;1;6;30;16/06/2010
2010008913;1;1;1;1;4;30;04/09/2010
2010008914;3;2;1;1;6;30;10/10/2010
2010008915;1;1;3;1;3;30;27/10/2010
2010008916;3;1;1;1;6;30;16/11/2010
2010008917;1;2;1;1;6;30;23/11/2010
2010008918;1;1;1;4;6;30;28/01/2010
2010008919;2;2;1;1;7;30;01/03/2010
2010008920;5;2;1;4;6;30;10/03/2010
2010008921;3;1;1;1;6;30;05/04/2010
2010008922;1;1;1;2;1;30;04/05/2010
2010008923;1;2;1;1;3;30;24/05/2010
2010008924;1;2;1;1;1;30;13/06/2010
2010008925;1;2;1;1;7;30;26/06/2010
2010008926;5;2;1;2;6;30;28/12/2010
2010008927;1;1;1;1;6;30;03/06/2010
2010008928;1;1;1;1;6;30;26/07/2010
2010008929;1;1;2;1;3;30;22/08/2010
2010008930;3;1;1;1;6;30;03/10/2010
2010008931;2;1;1;2;6;30;08/11/2010
2010008932;2;1;1;4;6;30;06/03/2010
2010008933;1;1;1;1;7;30;10/04/2010
2010008934;1;1;1;1;1;30;15/09/2010
2010008935;5;2;1;1;6;30;19/12/2010
2010008936;1;2;1;1;6;30;16/03/2010
2010008937;1;2;1;1;6;150;22/02/2010
2010008938;1;1;1;2;3;150;28/03/2010
2010008939;1;1;1;1;1;150;05/04/2010
2010008940;1;2;1;1;1;150;20/04/2010
2010008941;3;1;1;3;6;150;13/05/2010
2010008942;1;1;9;1;1;150;17/07/2010
2010008943;1;1;1;1;6;150;08/08/2010
2010008944;1;1;1;1;6;150;13/08/2010
2010008945;1;1;1;1;3;150;17/08/2010
2010008946;3;1;1;1;2;150;04/09/2010
2010008947;1;1;1;3;6;150;07/09/2010
2010008948;2;2;1;1;1;150;17/09/2010
2010008949;3;1;1;3;6;150;10/11/2010
2010008950;1;1;1;2;3;150;12/11/2010
2010008951;1;1;1;4;1;150;05/12/2010
2010008952;2;1;1;1;1;150;03/02/2010
2010008953;1;1;1;1;1;150;04/03/2010
2010008954;1;1;1;1;3;150;17/03/2010
2010008955;1;2;1;1;1;150;18/04/2010
2010008956;1;1;1;1;6;150;29/04/2010
2010008957;3;1;1;1;6;150;20/06/2010
2010008958;1;2;1;1;6;150;29/06/2010
2010008959;1;1;1;1;7;150;10/07/2010
2010008960;1;2;1;3;6;150;25/11/2010
2010008961;2;1;1;1;7;150;03/01/2010
2010008962;1;1;1;1;6;150;12/04/2010
2010008963;1;2;1;7;6;150;17/04/2010
2010008964;1;1;1;5;5;150;05/10/2010
2010008965;3;2;1;1;1;150;23/04/2010
2010008966;1;2;1;8;6;150;01/05/2010
2010008967;2;1;9;1;1;150;15/07/2010
2010008968;1;1;1;1;7;150;03/10/2010
2010008969;1;2;1;1;3;150;10/05/2010
2010008970;1;1;1;1;2;150;07/08/2010
2010008971;1;1;1;1;6;150;09/08/2010
2010008972;1;1;1;8;7;150;26/02/2010
2010008973;1;1;1;1;7;150;23/05/2010
2010008974;1;1;1;1;1;150;24/07/2010
2010008975;1;1;1;4;7;150;04/01/2010
2010008976;1;1;1;1;3;150;02/04/2010
2010008977;1;1;1;8;6;150;15/06/2010
2010008978;1;1;1;7;6;150;02/09/2010
2010008979;1;2;1;1;6;150;27/04/2010
2010008980;3;1;1;1;6;150;27/06/2010
2010008981;1;2;1;1;3;150;10/08/2010
2010008982;1;2;1;1;6;150;12/09/2010
2010008983;1;2;1;1;1;150;15/09/2010
2010008984;1;2;1;1;6;150;18/11/2010
2010008985;1;1;1;1;3;150;08/08/2010
2010008986;1;1;1;1;3;150;11/09/2010
2010008987;1;1;1;1;3;150;02/10/2010
2010008988;1;1;1;1;2;150;15/10/2010
2010008989;5;1;2;2;3;150;31/10/2010
2010008990;1;1;2;1;3;150;13/03/2010
2010008991;1;1;1;1;3;150;04/08/2010
2010008992;1;1;3;1;3;150;12/08/2010
2010008993;3;1;2;9;1;150;10/11/2010
2010008994;1;1;1;1;6;430;07/03/2010
2010008995;1;1;1;1;1;430;15/03/2010
2010008996;1;2;1;2;2;430;26/07/2010
2010008997;1;2;1;1;5;430;31/07/2010
2010008998;3;1;1;1;1;430;21/09/2010
2010008999;5;2;1;2;6;430;09/05/2010
2010009000;1;1;1;2;3;430;22/07/2010
2010009001;1;1;1;1;5;430;02/05/2010
2010009002;1;1;1;1;7;430;05/06/2010
2010009003;1;2;1;2;1;430;11/06/2010
2010009004;1;1;1;1;6;430;24/06/2010
2010009005;1;2;1;1;3;430;17/07/2010
2010009006;3;1;1;1;6;430;02/04/2010
2010009007;1;1;1;2;6;430;12/04/2010
2010009008;1;1;1;1;3;430;03/05/2010
2010009009;1;1;1;2;1;430;01/08/2010
2010009010;1;2;2;1;3;430;05/09/2010
2010009011;1;1;1;2;7;430;13/06/2010
2010009012;1;1;1;7;3;430;30/07/2010
2010009013;1;1;1;8;6;430;17/09/2010
2010009014;1;1;1;4;7;430;13/01/2010
2010009015;1;1;1;4;6;430;26/03/2010
2010009016;1;1;1;1;1;430;20/06/2010
2010009017;1;1;1;1;7;430;09/10/2010
2010009018;1;2;1;1;6;430;22/10/2010
2010009019;1;1;1;4;3;430;26/11/2010
2010009020;1;1;1;4;1;430;03/12/2010
2010009021;2;1;1;4;6;430;12/02/2010
2010009022;1;1;2;1;3;430;23/02/2010
2010009023;1;2;1;1;6;430;22/03/2010
2010009024;1;1;9;1;3;430;27/03/2010
2010009025;1;2;1;1;3;430;03/04/2010
2010009026;2;1;1;7;1;430;26/04/2010
2010009027;1;1;1;1;6;430;30/04/2010
2010009028;1;1;1;1;3;430;17/05/2010
2010009029;1;1;1;2;3;430;02/06/2010
2010009030;3;1;1;2;7;430;19/06/2010
2010009031;3;1;1;2;6;430;20/06/2010
2010009032;1;1;1;1;4;430;06/07/2010
2010009033;1;1;1;1;5;430;01/08/2010
2010009034;1;1;1;2;7;430;01/08/2010
2010009035;1;2;1;1;6;430;28/08/2010
2010009036;1;2;1;1;2;430;11/09/2010
2010009037;1;2;1;1;6;430;20/09/2010
2010009038;1;2;1;1;1;430;18/11/2010
2010009039;1;2;1;1;6;430;16/11/2010
2010009040;1;1;1;1;1;430;24/11/2010
2010009041;1;1;1;1;1;430;10/07/2010
2010009042;3;1;1;3;1;430;31/10/2010
2010009043;3;1;1;2;1;430;10/10/2010
2010009044;1;2;1;1;1;430;28/11/2010
2010009045;2;2;1;8;6;430;15/12/2010
2010009046;1;1;1;7;3;430;05/04/2010
2010009047;1;2;1;1;6;430;07/07/2010
2010009048;3;1;1;1;7;430;18/07/2010
2010009049;1;1;1;1;3;430;20/07/2010
2010009050;1;1;1;1;7;430;27/08/2010
2010009051;1;1;1;1;1;430;13/08/2010
2010009052;1;1;1;1;7;430;19/08/2010
2010009053;4;2;1;1;6;430;15/09/2010
2010009054;1;1;1;2;1;430;05/05/2010
2010009055;1;2;1;2;6;430;03/07/2010
2010009056;1;1;1;1;1;430;03/08/2010
2010009057;1;1;1;1;3;430;22/09/2010
2010009058;2;1;1;2;3;430;30/10/2010
2010009059;1;2;1;1;6;430;29/12/2010
2010009060;1;1;1;8;7;430;31/12/2010
2010009061;1;1;1;1;3;430;13/01/2010
2010009062;5;2;1;1;1;430;21/01/2010
2010009063;3;1;1;9;6;430;28/01/2010
2010009064;1;2;1;1;7;430;16/03/2010
2010009065;1;2;3;1;1;430;21/03/2010
2010009066;1;1;1;1;3;430;14/04/2010
2010009067;1;1;1;2;6;430;05/05/2010
2010009068;1;2;1;2;3;430;12/05/2010
2010009069;1;1;1;3;1;430;16/06/2010
2010009070;1;2;1;1;6;430;23/06/2010
2010009071;1;2;1;1;1;430;09/07/2010
2010009072;1;1;1;1;1;430;09/07/2010
2010009073;3;1;1;1;6;430;25/07/2010
2010009074;1;1;1;1;6;430;17/09/2010
2010009075;1;1;1;1;3;430;06/11/2010
2010009076;1;1;1;8;7;430;16/12/2010
2010009077;5;2;1;3;6;430;22/12/2010
2010009078;1;1;1;1;1;430;23/12/2010
2010009079;1;1;1;9;6;430;20/01/2010
2010009080;3;1;1;1;6;430;19/05/2010
2010009081;1;1;1;1;6;430;26/08/2010
2010009082;1;2;9;1;6;430;17/09/2010
2010009083;1;1;1;1;6;430;20/09/2010
2010009084;3;1;1;9;1;430;23/11/2010
2010009085;1;1;1;9;7;430;17/12/2010
2010009086;1;2;1;1;7;430;03/02/2010
2010009087;1;2;1;1;6;430;21/03/2010
2010009088;1;1;1;1;1;430;19/04/2010
2010009089;1;1;1;1;7;430;05/06/2010
2010009090;1;1;1;1;1;430;11/06/2010
2010009091;1;1;6;1;3;430;28/06/2010
2010009092;1;1;1;1;1;430;04/09/2010
2010009093;3;1;1;9;6;430;13/12/2010
2010009094;1;2;1;1;6;430;05/02/2010
2010009095;3;1;1;2;6;430;21/03/2010
2010009096;1;1;1;1;3;430;06/04/2010
2010009097;1;1;1;2;3;430;15/05/2010
2010009098;1;1;2;2;3;430;11/06/2010
2010009099;3;1;1;2;6;430;09/09/2010
2010009100;1;1;1;1;7;430;03/10/2010
2010009101;3;1;1;2;6;430;31/10/2010
2010009102;3;1;1;1;7;30;04/01/2010
2010009103;1;2;1;1;6;30;08/02/2010
2010009104;1;2;1;2;3;30;19/03/2010
2010009105;1;2;2;1;3;30;22/03/2010
2010009106;1;2;2;1;2;30;31/03/2010
2010009107;5;2;1;1;7;30;28/04/2010
2010009108;1;2;2;1;3;30;11/05/2010
2010009109;1;2;3;1;3;30;17/05/2010
2010009110;1;2;3;1;3;30;21/05/2010
2010009111;1;2;3;1;1;30;24/05/2010
2010009112;3;2;1;1;2;30;29/05/2010
2010009113;1;2;1;1;6;30;04/06/2010
2010009114;5;2;9;1;6;30;23/06/2010
2010009115;1;2;3;1;3;30;26/06/2010
2010009116;1;2;9;1;6;30;29/07/2010
2010009117;5;2;1;1;1;30;21/08/2010
2010009118;1;2;1;1;3;30;17/09/2010
2010009119;1;2;3;1;6;30;19/09/2010
2010009120;1;2;2;1;3;30;19/09/2010
2010009121;1;2;1;1;6;30;22/09/2010
2010009122;1;2;1;1;6;30;29/09/2010
2010009123;4;2;1;1;6;30;03/10/2010
2010009124;1;1;1;1;1;30;05/10/2010
2010009125;1;2;1;1;6;30;07/10/2010
2010009126;1;1;1;1;5;30;18/10/2010
2010009127;2;2;3;1;3;30;21/10/2010
2010009128;1;2;1;1;6;30;06/11/2010
2010009129;1;2;1;1;6;30;10/11/2010
2010009130;1;2;1;8;6;30;10/11/2010
2010009131;2;2;1;1;3;30;15/11/2010
2010009132;1;2;2;8;6;30;26/11/2010
2010009133;1;2;1;1;6;30;07/12/2010
2010009134;1;2;1;1;5;30;02/02/2010
2010009135;1;2;4;1;6;30;08/03/2010
2010009136;1;2;2;1;6;30;03/07/2010
2010009137;1;2;1;2;6;30;25/02/2010
2010009138;1;2;1;1;3;30;26/02/2010
2010009139;5;2;2;1;3;30;28/02/2010
2010009140;1;2;2;2;5;30;15/06/2010
2010009141;1;2;2;1;1;30;27/07/2010
2010009142;1;2;6;1;6;30;09/08/2010
2010009143;1;2;1;1;6;30;06/07/2010
2010009144;5;2;1;2;6;30;25/09/2010
2010009145;1;2;1;1;1;30;04/10/2010
2010009146;5;2;1;1;3;30;14/10/2010
2010009147;1;2;1;1;6;30;25/10/2010
2010009148;1;2;1;1;6;30;16/11/2010
2010009149;5;2;2;1;3;30;18/11/2010
2010009150;3;1;1;1;7;570;01/01/2010
2010009151;3;1;1;1;7;570;07/02/2010
2010009152;1;2;1;2;4;570;20/02/2010
2010009153;1;2;1;1;6;570;01/04/2010
2010009154;1;1;9;1;3;570;19/05/2010
2010009155;1;1;1;1;7;570;24/05/2010
2010009156;1;1;1;3;6;570;17/06/2010
2010009157;1;1;2;1;1;570;11/08/2010
2010009158;2;1;1;1;6;570;01/10/2010
2010009159;1;2;1;1;6;570;26/10/2010
2010009160;1;1;9;9;6;570;24/11/2010
2010009161;1;2;1;1;2;570;30/11/2010
2010009162;1;2;1;4;6;570;17/12/2010
2010009163;3;1;1;2;1;570;16/01/2010
2010009164;5;2;7;4;6;570;29/01/2010
2010009165;1;1;1;1;2;570;26/02/2010
2010009166;1;2;1;1;6;570;21/04/2010
2010009167;1;2;1;1;1;570;21/06/2010
2010009168;1;2;1;1;3;570;23/07/2010
2010009169;1;1;3;1;3;570;11/09/2010
2010009170;5;2;1;1;3;570;14/11/2010
2010009171;5;2;1;1;6;570;18/11/2010
2010009172;1;2;1;4;6;570;24/12/2010
2010009173;1;2;1;1;6;570;06/01/2010
2010009174;1;2;1;1;3;570;21/01/2010
2010009175;1;2;1;1;3;570;22/03/2010
2010009176;1;2;1;1;1;570;23/04/2010
2010009177;1;2;1;1;1;570;02/05/2010
2010009178;5;2;9;1;3;570;09/10/2010
2010009179;5;2;1;1;3;570;10/10/2010
2010009180;1;1;1;2;1;570;11/12/2010
2010009181;5;2;1;2;3;570;14/12/2010
2010009182;3;1;1;3;7;570;22/12/2010
2010009183;1;1;1;1;3;570;31/01/2010
2010009184;2;1;3;1;3;570;08/02/2010
2010009185;1;1;1;1;7;570;21/02/2010
2010009186;1;1;1;1;3;570;15/03/2010
2010009187;5;1;1;1;3;570;17/03/2010
2010009188;3;1;1;2;2;570;19/03/2010
2010009189;3;1;1;1;7;570;01/04/2010
2010009190;1;1;1;1;7;570;06/04/2010
2010009191;2;1;1;1;1;570;11/04/2010
2010009192;1;1;1;1;7;570;18/04/2010
2010009193;1;1;1;1;7;570;26/04/2010
2010009194;1;1;1;1;6;570;13/04/2010
2010009195;1;1;9;1;3;570;04/06/2010
2010009196;1;1;2;1;3;570;06/06/2010
2010009197;1;1;1;1;7;570;27/06/2010
2010009198;1;1;1;5;1;570;14/07/2010
2010009199;1;1;1;1;7;570;30/07/2010
2010009200;5;2;1;1;1;570;30/07/2010
2010009201;1;1;1;1;7;570;21/08/2010
2010009202;1;1;1;1;3;570;24/08/2010
2010009203;3;1;1;1;5;570;11/09/2010
2010009204;3;1;1;1;7;570;26/09/2010
2010009205;5;2;1;1;6;570;29/10/2010
2010009206;2;1;1;4;1;570;11/02/2010
2010009207;1;1;1;1;3;570;23/03/2010
2010009208;1;2;1;1;3;570;23/03/2010
2010009209;1;1;1;1;6;570;23/03/2010
2010009210;1;2;1;1;6;570;16/04/2010
2010009211;1;1;2;1;3;570;14/05/2010
2010009212;1;1;1;1;6;570;09/06/2010
2010009213;1;1;1;1;7;570;23/06/2010
2010009214;3;1;6;1;6;570;03/07/2010
2010009215;3;1;1;1;6;570;05/07/2010
2010009216;1;2;1;2;3;570;27/08/2010
2010009217;1;1;1;1;3;570;19/08/2010
2010009218;3;1;1;1;3;570;05/09/2010
2010009219;1;1;1;1;6;570;11/09/2010
2010009220;3;1;1;1;6;570;12/12/2010
2010009221;3;1;1;4;1;570;25/12/2010
2010009222;1;1;2;1;3;570;25/02/2010
2010009223;1;2;4;2;1;570;26/03/2010
2010009224;1;1;1;1;4;570;28/06/2010
2010009225;1;2;1;1;1;570;09/07/2010
2010009226;1;1;1;1;1;570;15/07/2010
2010009227;1;1;1;1;1;570;16/07/2010
2010009228;1;1;1;1;6;570;19/07/2010
2010009229;1;1;1;1;3;570;20/07/2010
2010009230;1;1;1;2;6;570;09/09/2010
2010009231;2;1;1;2;7;570;02/10/2010
2010009232;1;2;1;1;7;570;03/10/2010
2010009233;3;1;1;1;1;570;07/10/2010
2010009234;3;1;1;1;1;570;14/10/2010
2010009235;1;2;1;1;6;570;06/04/2010
2010009236;1;1;1;1;6;570;30/04/2010
2010009237;1;2;1;1;6;570;01/06/2010
2010009238;1;2;1;2;7;570;09/06/2010
2010009239;5;2;1;3;2;570;24/09/2010
2010009240;1;1;1;1;3;570;08/10/2010
2010009241;1;1;1;8;6;570;15/01/2010
2010009242;1;1;1;1;3;570;05/05/2010
2010009243;1;1;1;1;5;570;23/05/2010
2010009244;1;2;1;1;6;570;08/06/2010
2010009245;1;1;1;1;6;570;02/07/2010
2010009246;1;1;1;1;2;570;04/09/2010
2010009247;2;1;1;8;1;570;30/09/2010
2010009248;2;1;1;3;3;570;12/11/2010
2010009249;3;1;1;4;7;570;09/01/2010
2010009250;5;2;1;3;6;570;27/02/2010
2010009251;1;1;1;2;6;570;02/05/2010
2010009252;1;1;1;1;1;570;22/05/2010
2010009253;1;1;1;3;5;570;26/05/2010
2010009254;1;2;1;1;6;570;01/07/2010
2010009255;1;1;1;1;3;570;16/07/2010
2010009256;2;1;1;2;7;570;12/08/2010
2010009257;1;2;1;1;7;570;14/08/2010
2010009258;1;2;3;1;3;570;24/08/2010
2010009259;1;1;1;5;3;570;07/10/2010
2010009260;5;2;1;2;6;570;19/10/2010
2010009261;2;2;1;2;6;570;10/11/2010
2010009262;3;1;1;1;6;570;12/11/2010
2010009263;3;1;1;1;7;570;21/11/2010
2010009264;3;1;1;1;1;570;23/11/2010