num_acc;lum;agg;inter;atm;col;dep;date
2010009844;5;2;1;1;1;670;30/08/2010
2010009845;1;1;1;1;7;670;05/09/2010
2010009846;5;2;1;1;6;670;21/09/2010
2010009847;2;2;1;1;6;670;06/10/2010
2010009848;3;1;1;1;6;670;24/10/2010
2010009849;1;1;1;8;6;670;11/12/2010
2010009850;2;2;1;4;1;670;10/02/2010
2010009851;1;2;1;1;1;670;10/04/2010
2010009852;1;1;1;1;6;670;11/05/2010
2010009853;3;1;1;1;6;670;20/08/2010
2010009854;1;1;1;1;1;670;26/09/2010
2010009855;5;2;1;2;6;670;16/10/2010
2010009856;1;1;9;2;3;670;15/11/2010
2010009857;1;1;2;1;1;670;22/02/2010
2010009858;1;1;1;1;3;670;23/05/2010
2010009859;1;1;1;1;3;670;27/06/2010
2010009860;1;2;1;1;1;670;22/07/2010
2010009861;3;1;2;1;3;670;03/02/2010
2010009862;3;2;1;1;6;670;18/04/2010
2010009863;1;2;2;1;3;670;07/06/2010
2010009864;1;1;1;1;3;670;20/06/2010
2010009865;1;1;1;1;2;670;01/07/2010
2010009866;1;1;1;1;1;670;04/08/2010
2010009867;1;1;1;1;3;670;11/08/2010
2010009868;1;2;1;1;3;670;10/08/2010
2010009869;1;1;1;3;3;670;10/11/2010
2010009870;5;2;1;1;2;670;23/12/2010
2010009871;1;2;1;3;6;670;26/03/2010
2010009872;3;1;1;1;7;670;13/04/2010
2010009873;3;1;1;1;7;670;20/04/2010
2010009874;1;2;2;1;3;670;03/06/2010
2010009875;1;1;1;1;6;670;26/08/2010
2010009876;1;2;9;7;3;670;01/09/2010
2010009877;1;1;1;1;1;670;11/09/2010
2010009878;1;1;1;8;6;670;16/10/2010
2010009879;1;2;1;1;2;670;26/10/2010
2010009880;1;2;1;1;1;670;27/02/2010
2010009881;1;1;1;1;6;670;25/07/2010
2010009882;1;1;1;1;7;670;10/10/2010
2010009883;1;2;1;4;1;670;11/02/2010
2010009884;1;2;1;1;6;670;03/03/2010
2010009885;1;1;1;1;7;670;05/04/2010
2010009886;3;1;1;1;6;670;12/04/2010
2010009887;1;1;1;8;3;670;07/05/2010
2010009888;1;1;1;1;1;670;11/07/2010
2010009889;1;1;1;1;1;670;15/07/2010
2010009890;2;2;1;1;6;670;01/08/2010
2010009891;1;2;1;2;7;670;27/08/2010
2010009892;1;1;1;1;5;670;13/09/2010
2010009893;3;1;1;2;7;670;23/10/2010
2010009894;3;1;1;3;5;670;15/11/2010
2010009895;5;2;1;1;6;670;20/11/2010
2010009896;1;2;1;4;3;670;30/11/2010
2010009897;5;2;1;4;5;670;26/11/2010
2010009898;1;1;3;2;3;670;26/11/2010
2010009899;3;1;1;4;6;670;15/01/2010
2010009900;3;1;1;1;3;670;20/03/2010
2010009901;1;2;1;1;3;670;12/05/2010
2010009902;1;1;1;1;7;670;01/08/2010
2010009903;1;1;1;1;1;670;26/08/2010
2010009904;1;1;1;1;6;670;21/09/2010
2010009905;3;1;1;1;7;670;16/10/2010
2010009906;5;1;6;3;6;670;15/11/2010
2010009907;3;1;1;3;2;670;08/12/2010
2010009908;5;2;6;1;3;670;22/01/2010
2010009909;1;1;6;1;1;670;22/03/2010
2010009910;1;2;1;1;1;670;03/06/2010
2010009911;1;1;1;1;1;670;14/09/2010
2010009912;1;1;1;1;3;670;30/09/2010
2010009913;3;1;1;4;1;670;29/11/2010
2010009914;1;1;1;4;1;670;06/12/2010
2010009915;2;1;1;9;1;670;21/01/2010
2010009916;1;2;1;1;1;670;15/04/2010
2010009917;1;2;1;1;6;670;10/05/2010
2010009918;1;2;1;7;1;670;04/06/2010
2010009919;1;1;1;1;5;670;07/06/2010
2010009920;3;1;1;1;7;670;11/06/2010
2010009921;1;1;1;1;7;670;09/07/2010
2010009922;1;2;1;1;1;670;01/08/2010
2010009923;1;2;9;1;3;670;06/08/2010
2010009924;1;2;1;1;6;670;05/08/2010
2010009925;1;2;1;1;6;670;06/09/2010
2010009926;1;1;1;1;7;670;19/09/2010
2010009927;1;2;1;1;2;670;08/10/2010
2010009928;3;1;1;9;1;670;26/01/2010
2010009929;1;2;1;1;1;670;09/02/2010
2010009930;1;1;1;1;7;670;08/02/2010
2010009931;1;1;1;9;1;670;11/03/2010
2010009932;1;2;1;1;6;670;19/03/2010
2010009933;1;2;1;1;1;670;19/04/2010
2010009934;1;1;1;1;1;670;26/04/2010
2010009935;3;1;1;3;7;670;29/05/2010
2010009936;3;2;1;1;6;670;11/07/2010
2010009937;3;1;1;1;6;670;18/07/2010
2010009938;1;1;1;1;7;670;19/07/2010
2010009939;3;1;1;1;6;670;21/08/2010
2010009940;3;2;1;2;6;670;07/09/2010
2010009941;1;2;1;1;3;670;09/09/2010
2010009942;5;2;1;1;6;670;03/10/2010
2010009943;1;1;1;1;6;670;04/10/2010
2010009944;2;2;1;1;3;670;13/10/2010
2010009945;1;1;1;1;1;670;28/10/2010
2010009946;1;2;1;1;1;670;02/11/2010
2010009947;1;1;1;1;3;670;09/11/2010
2010009948;3;1;1;4;3;670;18/01/2010
2010009949;5;2;1;1;6;670;18/03/2010
2010009950;3;2;1;1;3;670;20/03/2010
2010009951;1;2;1;1;2;670;18/04/2010
2010009952;1;1;1;2;1;670;07/05/2010
2010009953;5;2;1;1;3;670;26/06/2010
2010009954;1;2;1;1;3;670;26/08/2010
2010009955;1;1;1;1;3;670;06/09/2010
2010009956;5;1;1;1;6;670;11/11/2010
2010009957;3;1;1;9;5;670;26/11/2010
2010009958;1;2;1;1;6;670;06/02/2010
2010009959;3;1;1;4;3;670;07/03/2010
2010009960;1;2;1;1;6;670;10/03/2010
2010009961;1;2;1;1;7;670;20/03/2010
2010009962;1;1;1;1;7;670;22/04/2010
2010009963;1;1;1;8;1;670;05/05/2010
2010009964;1;1;1;1;1;670;29/05/2010
2010009965;1;2;1;1;4;670;11/06/2010
2010009966;1;1;1;1;7;670;12/06/2010
2010009967;1;1;2;1;1;670;23/06/2010
2010009968;1;1;1;1;7;670;27/06/2010
2010009969;1;2;1;1;3;670;09/07/2010
2010009970;1;2;1;1;1;670;14/07/2010
2010009971;1;2;3;1;3;670;10/07/2010
2010009972;1;1;1;1;2;670;18/07/2010
2010009973;1;1;1;1;7;670;22/07/2010
2010009974;1;1;1;1;6;670;08/08/2010
2010009975;1;2;1;3;6;670;24/08/2010
2010009976;2;1;6;1;6;670;11/09/2010
2010009977;1;1;1;1;4;670;04/10/2010
2010009978;1;2;1;1;1;670;10/10/2010
2010009979;1;2;3;1;1;670;10/10/2010
2010009980;1;1;1;2;1;670;16/10/2010
2010009981;3;1;1;5;6;670;23/10/2010
2010009982;2;2;3;1;3;670;25/10/2010
2010009983;5;2;1;1;6;670;31/10/2010
2010009984;3;1;1;2;7;670;07/11/2010
2010009985;1;1;9;8;1;670;17/11/2010
2010009986;5;2;1;2;6;670;26/11/2010
2010009987;1;2;1;1;1;670;27/12/2010
2010009988;3;1;1;8;1;670;27/02/2010
2010009989;1;1;1;1;6;670;03/03/2010
2010009990;5;2;1;1;3;670;20/03/2010
2010009991;1;1;1;1;3;670;29/03/2010
2010009992;1;2;1;1;1;670;23/04/2010
2010009993;1;2;1;1;3;670;29/04/2010
2010009994;1;1;1;1;7;670;26/06/2010
2010009995;1;1;1;1;6;670;03/07/2010
2010009996;1;1;1;1;6;670;05/07/2010
2010009997;3;1;1;1;7;670;24/07/2010
2010009998;3;1;1;1;6;670;05/10/2010
2010009999;1;2;1;1;1;670;18/11/2010
2010010000;1;1;1;9;1;670;06/12/2010
2010010001;5;2;1;1;3;670;23/02/2010
2010010002;1;1;4;1;5;670;12/03/2010
2010010003;1;1;1;1;2;670;18/03/2010
2010010004;2;2;1;1;6;670;27/03/2010
2010010005;1;2;1;1;1;670;30/04/2010
2010010006;1;1;1;1;1;670;22/05/2010
2010010007;1;1;1;1;3;670;05/06/2010
2010010008;1;1;1;1;6;670;12/08/2010
2010010009;1;2;1;1;6;670;05/09/2010
2010010010;5;2;1;1;3;670;07/10/2010
2010010011;1;2;1;1;1;670;21/05/2010
2010010012;1;2;1;1;1;670;24/07/2010
2010010013;1;1;2;2;3;670;21/02/2010
2010010014;1;1;1;1;1;670;03/04/2010
2010010015;1;1;1;1;3;670;24/05/2010
2010010016;1;1;1;1;6;670;17/08/2010
2010010017;2;1;1;1;2;670;22/09/2010
2010010018;1;1;1;1;2;670;23/10/2010
2010010019;2;1;1;1;5;670;15/02/2010
2010010020;1;1;1;1;7;670;28/02/2010
2010010021;1;1;1;1;1;670;17/03/2010
2010010022;5;2;1;1;1;670;29/04/2010
2010010023;1;1;1;1;6;670;09/06/2010
2010010024;1;2;1;1;3;670;02/07/2010
2010010025;1;2;1;7;3;670;02/07/2010
2010010026;1;2;1;7;2;670;19/08/2010
2010010027;1;2;1;1;1;670;08/10/2010
2010010028;1;1;1;4;5;670;01/12/2010
2010010029;3;1;1;4;6;670;16/12/2010
2010010030;1;2;9;1;3;670;21/04/2010
2010010031;1;1;1;1;7;670;20/06/2010
2010010032;2;1;1;1;6;670;30/06/2010
2010010033;1;2;1;1;1;670;04/10/2010
2010010034;3;1;1;1;7;670;13/11/2010
2010010035;1;1;1;9;6;670;05/03/2010
2010010036;1;1;1;1;6;670;10/03/2010
2010010037;1;2;1;1;6;670;15/03/2010
2010010038;1;2;1;1;2;670;06/04/2010
2010010039;1;1;1;1;1;670;22/05/2010
2010010040;1;2;1;1;7;670;26/06/2010
2010010041;2;1;6;2;7;670;15/09/2010
2010010042;5;2;1;1;6;670;19/11/2010
2010010043;1;1;1;1;6;670;25/04/2010
2010010044;1;1;1;1;1;670;29/04/2010
2010010045;2;1;1;1;6;670;17/07/2010
2010010046;1;1;1;1;1;670;17/08/2010
2010010047;1;1;1;1;7;670;12/10/2010
2010010048;1;1;1;4;1;670;24/12/2010
2010010049;1;1;1;1;1;670;24/04/2010
2010010050;4;2;1;;;670;23/04/2010
2010010051;1;1;1;2;7;670;20/05/2010
2010010052;1;1;1;7;3;670;04/06/2010
2010010053;1;2;1;1;3;670;26/06/2010
2010010054;2;2;1;1;1;670;08/07/2010
2010010055;2;2;1;3;7;670;14/07/2010
2010010056;5;2;1;2;6;670;22/07/2010
2010010057;1;2;2;1;3;670;07/08/2010
2010010058;1;2;1;1;3;670;21/08/2010
2010010059;1;1;1;1;2;670;02/09/2010
2010010060;1;1;1;2;3;670;15/09/2010
2010010061;3;1;1;1;6;670;24/09/2010
2010010062;1;2;1;1;1;670;17/11/2010
2010010063;1;1;1;1;1;670;01/05/2010
2010010064;1;1;1;1;3;670;06/06/2010
2010010065;1;1;1;1;1;670;22/06/2010
2010010066;3;1;1;1;7;670;27/06/2010
2010010067;3;1;1;1;7;670;23/07/2010
2010010068;5;2;1;1;7;670;31/07/2010
2010010069;2;1;1;1;7;670;10/10/2010
2010010070;1;1;1;1;7;670;16/10/2010
2010010071;1;1;1;1;1;670;16/10/2010
2010010072;3;1;1;1;7;670;24/12/2010
2010010073;1;2;3;1;6;680;21/04/2010
2010010074;1;2;1;1;2;680;04/06/2010
2010010075;1;2;1;1;6;680;13/06/2010
2010010076;3;1;1;1;6;680;07/07/2010
2010010077;1;2;1;1;6;680;26/08/2010
2010010078;1;1;1;1;6;680;10/09/2010
2010010079;1;2;9;7;6;680;05/11/2010
2010010080;3;1;2;1;3;680;08/11/2010
2010010081;3;1;2;1;1;680;23/11/2010
2010010082;1;1;1;1;3;680;16/07/2010
2010010083;1;1;1;1;7;680;28/07/2010
2010010084;2;1;1;1;6;680;01/08/2010
2010010085;3;1;1;1;6;680;06/08/2010
2010010086;1;2;1;7;6;680;13/11/2010
2010010087;1;1;1;1;1;680;27/04/2010
2010010088;1;1;1;2;6;680;30/04/2010
2010010089;1;1;1;1;6;680;29/04/2010
2010010090;1;2;2;1;3;680;08/05/2010
2010010091;1;2;1;1;1;680;04/06/2010
2010010092;1;1;1;1;3;680;18/07/2010
2010010093;1;1;1;1;6;680;04/09/2010
2010010094;2;2;3;1;3;680;13/10/2010
2010010095;3;1;1;8;3;680;15/01/2010
2010010096;1;2;1;1;7;680;27/02/2010
2010010097;3;1;1;1;6;680;15/05/2010
2010010098;1;1;3;1;3;680;30/06/2010
2010010099;2;2;1;1;3;680;07/10/2010
2010010100;1;2;1;1;3;680;06/11/2010
2010010101;3;1;1;2;6;680;10/11/2010
2010010102;5;1;2;2;3;680;25/11/2010
2010010103;5;2;2;4;3;680;30/01/2010
2010010104;1;1;6;1;3;680;29/04/2010
2010010105;2;1;1;1;3;680;12/06/2010
2010010106;1;1;1;1;1;680;14/07/2010
2010010107;2;2;3;1;3;680;01/11/2010
2010010108;1;1;1;1;1;680;07/04/2010
2010010109;1;1;1;1;3;680;23/05/2010
2010010110;1;2;1;1;6;680;24/06/2010
2010010111;2;2;3;2;3;680;27/08/2010
2010010112;1;2;1;1;6;680;23/09/2010
2010010113;5;2;1;8;6;680;04/01/2010
2010010114;1;2;1;1;3;680;24/03/2010
2010010115;1;1;1;1;3;680;24/03/2010
2010010116;1;2;1;2;6;680;20/05/2010
2010010117;1;1;1;1;1;680;29/05/2010
2010010118;1;2;6;1;3;680;29/06/2010
2010010119;1;1;1;1;3;680;11/07/2010
2010010120;1;1;3;1;3;680;21/07/2010
2010010121;1;2;3;1;3;680;10/08/2010
2010010122;1;2;1;1;6;680;11/09/2010
2010010123;1;2;1;1;3;680;14/09/2010
2010010124;1;1;1;1;3;680;05/10/2010
2010010125;1;1;1;1;3;680;08/10/2010
2010010126;2;1;1;1;3;680;03/11/2010
2010010127;2;1;1;1;6;680;14/11/2010
2010010128;3;1;1;1;7;680;20/11/2010
2010010129;5;2;1;1;6;680;23/11/2010
2010010130;1;1;1;1;6;680;31/03/2010
2010010131;2;2;1;1;1;680;27/05/2010
2010010132;1;2;1;8;1;680;15/06/2010
2010010133;1;1;3;1;3;680;03/11/2010
2010010134;2;1;1;4;5;680;27/11/2010
2010010135;3;1;1;8;4;680;18/12/2010
2010010136;5;2;1;1;6;680;17/02/2010
2010010137;1;2;1;1;3;680;09/04/2010
2010010138;1;1;1;1;7;680;23/04/2010
2010010139;4;2;1;1;7;680;13/06/2010
2010010140;1;1;1;1;6;680;07/11/2010
2010010141;1;1;1;8;6;680;01/02/2010
2010010142;1;1;1;4;1;680;10/02/2010
2010010143;2;1;1;9;7;680;17/02/2010
2010010144;1;1;1;2;6;680;01/05/2010
2010010145;1;1;3;1;1;680;29/05/2010
2010010146;2;1;1;1;6;680;10/06/2010
2010010147;4;1;1;1;7;680;02/07/2010
2010010148;3;1;1;1;6;680;02/08/2010
2010010149;1;2;1;1;3;680;25/09/2010
2010010150;3;1;1;1;6;680;05/10/2010
2010010151;1;1;1;4;1;680;26/11/2010
2010010152;2;2;1;4;1;680;14/12/2010
2010010153;1;1;1;4;6;680;24/12/2010
2010010154;1;2;4;7;1;680;03/01/2010
2010010155;1;2;4;1;3;680;08/02/2010
2010010156;1;1;2;1;1;680;16/02/2010
2010010157;3;1;1;1;6;680;25/02/2010
2010010158;1;1;9;1;3;680;19/03/2010
2010010159;5;1;1;1;7;680;21/03/2010
2010010160;1;2;2;8;3;680;01/05/2010
2010010161;1;2;6;1;7;680;26/05/2010
2010010162;3;1;1;1;6;680;12/06/2010
2010010163;1;1;2;1;3;680;22/06/2010
2010010164;1;1;1;1;7;680;26/07/2010
2010010165;2;1;1;1;7;680;29/07/2010
2010010166;1;1;2;1;5;680;05/08/2010
2010010167;1;1;1;1;1;680;15/08/2010
2010010168;1;1;1;1;1;680;12/12/2010
2010010169;2;2;1;5;5;680;22/12/2010
2010010170;1;1;1;4;1;680;09/01/2010
2010010171;3;1;1;1;7;680;16/02/2010
2010010172;1;1;1;1;2;680;25/03/2010
2010010173;1;2;1;1;2;680;28/04/2010
2010010174;1;1;1;3;3;680;04/05/2010
2010010175;1;1;1;8;5;680;14/05/2010
2010010176;1;1;1;1;7;680;24/05/2010
2010010177;1;1;1;1;2;680;15/06/2010
2010010178;1;2;1;1;1;680;11/07/2010
2010010179;5;2;1;1;7;680;31/07/2010
2010010180;2;1;1;1;7;680;09/08/2010
2010010181;1;2;1;1;7;680;20/08/2010
2010010182;2;2;1;8;6;680;22/10/2010
2010010183;1;1;1;4;1;680;15/12/2010
2010010184;3;1;1;4;6;680;29/12/2010
2010010185;1;2;1;1;2;680;22/05/2010
2010010186;1;2;3;1;3;680;15/07/2010
2010010187;1;2;1;1;6;680;22/01/2010
2010010188;1;1;1;2;7;680;03/02/2010
2010010189;1;1;1;1;7;680;17/03/2010
2010010190;1;2;1;1;6;680;09/04/2010
2010010191;1;1;1;1;6;680;01/07/2010
2010010192;2;1;1;1;3;680;27/07/2010
2010010193;1;2;1;1;3;680;13/08/2010
2010010194;2;1;1;2;2;680;24/09/2010
2010010195;3;1;1;1;6;680;23/10/2010
2010010196;5;2;1;1;6;680;12/12/2010
2010010197;1;1;1;8;1;680;22/01/2010
2010010198;1;1;1;4;1;680;26/01/2010
2010010199;1;2;1;7;6;680;01/03/2010
2010010200;3;1;1;4;6;680;10/03/2010
2010010201;4;1;1;1;1;680;13/03/2010
2010010202;1;1;1;1;5;680;07/05/2010
2010010203;1;1;1;1;2;680;02/07/2010
2010010204;1;2;1;1;1;680;27/07/2010
2010010205;5;2;1;2;3;680;23/10/2010
2010010206;2;1;1;1;3;680;28/10/2010
2010010207;3;1;1;1;2;680;04/11/2010
2010010208;3;1;1;1;1;680;20/11/2010
2010010209;2;1;1;8;4;680;09/12/2010
2010010210;1;1;1;2;1;680;29/01/2010
2010010211;1;1;1;1;3;680;10/04/2010
2010010212;1;2;1;1;4;680;06/04/2010
2010010213;3;2;1;1;3;680;05/11/2010
2010010214;3;1;1;1;3;680;09/11/2010
2010010215;1;1;1;1;6;680;16/11/2010
2010010216;1;2;6;1;3;680;13/03/2010
2010010217;1;2;1;1;6;680;17/03/2010
2010010218;1;2;3;8;1;680;04/05/2010
2010010219;1;2;1;1;6;680;23/06/2010
2010010220;1;1;1;1;6;680;03/07/2010
2010010221;2;1;1;1;7;680;23/07/2010
2010010222;1;1;1;1;1;680;22/08/2010
2010010223;1;2;1;1;2;680;22/09/2010
2010010224;1;2;1;1;3;680;07/10/2010
2010010225;3;1;1;1;7;680;23/01/2010
2010010226;1;1;1;1;7;680;24/05/2010
2010010227;1;2;1;1;2;680;05/08/2010
2010010228;1;2;6;1;3;680;22/09/2010
2010010229;1;1;1;1;7;680;18/04/2010
2010010230;1;2;1;1;6;680;18/04/2010
2010010231;1;1;1;1;7;680;29/05/2010
2010010232;1;1;1;1;7;680;05/06/2010
2010010233;1;2;3;1;1;680;20/06/2010
2010010234;3;1;1;1;6;680;27/06/2010
2010010235;1;1;1;2;2;680;05/07/2010
2010010236;1;1;1;1;5;680;01/08/2010
2010010237;3;1;1;1;6;680;09/09/2010
2010010238;1;1;1;1;7;680;18/09/2010
2010010239;5;1;1;4;6;680;25/11/2010
2010010240;2;1;1;8;6;680;06/03/2010
2010010241;1;1;1;1;1;680;24/03/2010
2010010242;1;1;1;1;5;680;02/04/2010
2010010243;1;2;1;1;6;680;23/04/2010
2010010244;1;2;1;1;6;680;25/04/2010
2010010245;1;1;1;1;3;680;22/05/2010
2010010246;1;2;1;1;3;680;20/07/2010
2010010247;3;1;1;1;6;680;25/07/2010
2010010248;5;2;1;2;1;680;24/09/2010
2010010249;1;2;1;1;6;680;12/10/2010
2010010250;5;2;1;1;6;680;03/11/2010
2010010251;3;1;6;1;6;510;13/02/2010
2010010252;1;1;1;1;6;510;12/03/2010
2010010253;3;1;1;8;6;510;13/03/2010
2010010254;1;1;1;1;7;510;17/03/2010
2010010255;1;1;1;1;6;510;18/07/2010
2010010256;1;1;1;1;1;510;17/07/2010
2010010257;1;1;1;1;3;510;03/08/2010
2010010258;1;2;2;1;3;510;03/08/2010
2010010259;1;1;3;1;2;510;21/08/2010
2010010260;1;1;1;7;3;510;07/10/2010
2010010261;3;1;1;1;6;510;15/10/2010
2010010262;2;1;1;1;6;510;29/06/2010
2010010263;1;1;1;1;6;510;09/07/2010
2010010264;1;2;1;8;2;510;28/07/2010
2010010265;5;2;2;1;3;510;02/12/2010
2010010266;1;1;2;1;3;510;05/05/2010
2010010267;3;1;1;1;6;510;03/03/2010
2010010268;1;2;2;8;3;510;21/03/2010
2010010269;1;2;3;1;3;510;23/05/2010
2010010270;1;1;1;1;3;510;05/06/2010
2010010271;1;1;1;1;1;510;15/06/2010
2010010272;1;1;1;1;3;510;25/06/2010
2010010273;1;2;1;1;6;510;25/06/2010
2010010274;1;1;1;1;3;510;23/07/2010
2010010275;1;2;1;1;1;510;05/11/2010
2010010276;2;2;1;1;6;510;07/01/2010
2010010277;3;1;1;9;7;510;15/01/2010
2010010278;1;2;2;9;3;510;17/02/2010
2010010279;2;2;1;1;6;510;19/02/2010
2010010280;1;2;6;1;6;510;27/04/2010
2010010281;1;1;1;8;2;510;28/05/2010
2010010282;1;2;1;1;6;510;29/06/2010
2010010283;1;2;1;2;5;510;21/07/2010
2010010284;1;1;3;1;3;510;11/09/2010
2010010285;1;2;1;1;3;510;29/09/2010
2010010286;3;1;1;8;1;510;30/11/2010
2010010287;1;1;1;3;1;510;26/05/2010
2010010288;3;1;1;1;7;510;22/06/2010
2010010289;1;1;1;1;5;510;12/07/2010
2010010290;3;1;1;2;6;510;27/11/2010
2010010291;3;1;1;1;3;510;30/01/2010
2010010292;1;1;1;5;3;510;24/02/2010
2010010293;1;2;1;1;6;510;22/07/2010
2010010294;1;2;1;1;3;510;05/08/2010
2010010295;2;2;3;1;3;510;04/11/2010
2010010296;5;2;1;1;2;510;07/02/2010
2010010297;1;1;1;1;6;510;08/02/2010
2010010298;1;1;2;1;3;510;24/02/2010
2010010299;3;1;1;3;7;510;20/03/2010
2010010300;3;1;1;8;7;510;20/03/2010
2010010301;1;1;1;1;6;510;07/04/2010
2010010302;1;2;1;1;2;510;20/04/2010
2010010303;1;1;2;8;3;510;11/05/2010
2010010304;1;2;1;1;1;510;14/05/2010
2010010305;3;1;1;1;6;510;16/05/2010
2010010306;1;1;2;1;5;510;29/05/2010
2010010307;1;1;1;1;6;510;31/05/2010
2010010308;1;1;1;1;6;510;11/07/2010
2010010309;1;1;2;1;3;510;13/07/2010
2010010310;3;1;1;3;6;510;07/08/2010
2010010311;1;1;1;1;3;510;14/08/2010
2010010312;3;2;2;1;3;510;18/09/2010
2010010313;1;2;1;1;6;510;19/09/2010
2010010314;1;2;1;5;1;510;01/10/2010
2010010315;2;1;1;1;7;510;06/10/2010
2010010316;1;1;1;1;1;510;12/10/2010
2010010317;3;1;1;2;7;510;13/11/2010
2010010318;3;1;1;2;1;510;24/11/2010
2010010319;1;2;1;1;6;510;15/12/2010
2010010320;1;1;1;1;6;510;27/04/2010
2010010321;3;1;1;3;6;510;12/04/2010
2010010322;1;2;1;1;1;510;15/09/2010
2010010323;2;1;1;1;2;510;07/10/2010
2010010324;1;1;1;8;7;510;16/10/2010
2010010325;1;1;1;1;7;510;10/01/2010
2010010326;1;1;1;5;3;510;19/01/2010
2010010327;3;1;1;1;6;510;19/03/2010
2010010328;1;1;2;1;3;510;09/04/2010
2010010329;5;2;1;1;6;510;18/04/2010
2010010330;1;1;1;1;1;510;20/05/2010
2010010331;1;2;1;1;7;510;04/06/2010
2010010332;3;1;1;1;1;510;13/06/2010
2010010333;2;1;3;1;6;510;19/06/2010
2010010334;3;1;1;1;2;510;12/07/2010
2010010335;1;1;1;1;5;510;16/09/2010
2010010336;1;1;1;7;2;510;03/10/2010
2010010337;1;1;1;1;1;510;03/12/2010
2010010338;1;2;1;1;3;510;24/02/2010
2010010339;1;2;2;1;3;510;04/04/2010
2010010340;1;1;1;1;6;510;22/04/2010
2010010341;1;2;1;1;4;510;22/04/2010
2010010342;1;1;1;1;1;510;24/05/2010
2010010343;1;2;1;1;7;510;04/07/2010
2010010344;2;1;1;7;3;510;22/09/2010
2010010345;1;2;1;1;4;510;26/09/2010
2010010346;1;1;1;1;1;510;24/11/2010
2010010347;2;1;1;1;7;510;03/10/2010
2010010348;1;2;2;1;3;510;03/10/2010
2010010349;3;1;1;4;5;510;04/12/2010
2010010350;3;1;1;1;7;510;26/01/2010
2010010351;3;1;1;1;6;510;14/02/2010
2010010352;3;1;1;1;1;510;14/04/2010
2010010353;1;1;1;7;1;510;27/04/2010
2010010354;2;1;1;1;6;510;14/05/2010
2010010355;3;1;1;1;1;510;14/05/2010
2010010356;1;1;1;1;7;510;24/05/2010
2010010357;1;2;1;1;1;510;27/05/2010
2010010358;1;2;2;1;1;510;05/06/2010
2010010359;1;2;1;3;6;510;08/06/2010
2010010360;1;1;1;1;6;510;09/06/2010
2010010361;1;1;1;1;1;510;21/06/2010
2010010362;1;1;1;1;6;510;30/06/2010
2010010363;1;1;1;1;7;510;16/07/2010
2010010364;1;1;1;2;6;510;23/08/2010
2010010365;5;1;6;2;6;510;30/08/2010
2010010366;1;2;1;1;3;510;31/08/2010
2010010367;3;1;1;1;7;510;02/10/2010
2010010368;3;1;1;1;1;510;17/11/2010
2010010369;1;1;1;1;3;510;17/02/2010
2010010370;1;1;1;1;6;510;02/05/2010
2010010371;2;2;1;1;6;510;23/05/2010
2010010372;2;1;1;1;7;510;21/05/2010
2010010373;1;1;1;1;7;510;06/06/2010
2010010374;1;1;1;1;7;510;05/06/2010
2010010375;1;1;1;1;1;510;30/07/2010
2010010376;1;2;1;1;3;510;16/09/2010
2010010377;1;2;1;1;7;510;12/12/2010
2010010378;1;1;1;1;6;510;05/05/2010
2010010379;1;1;1;1;3;510;09/05/2010
2010010380;1;2;1;1;6;510;17/05/2010
2010010381;1;2;1;1;1;510;24/06/2010
2010010382;3;1;1;1;6;510;09/07/2010
2010010383;1;2;2;1;3;510;16/07/2010
2010010384;1;1;1;1;2;510;23/10/2010
2010010385;2;1;1;7;2;510;30/10/2010
2010010386;1;1;1;1;3;510;04/11/2010
2010010387;3;1;1;1;6;510;19/11/2010
2010010388;1;2;1;1;6;80;11/04/2010
2010010389;1;2;1;1;6;80;19/04/2010
2010010390;5;2;1;1;7;80;01/05/2010
2010010391;1;1;1;1;6;80;07/07/2010
2010010392;1;2;1;1;1;80;12/08/2010
2010010393;1;1;2;1;3;80;11/09/2010
2010010394;1;1;1;1;6;80;25/10/2010
2010010395;1;1;1;1;1;80;28/11/2010
2010010396;5;2;1;1;1;80;01/01/2010
2010010397;2;1;1;5;6;80;21/01/2010
2010010398;1;2;4;1;3;80;15/05/2010
2010010399;1;2;1;1;6;80;20/07/2010
2010010400;1;2;1;1;3;80;21/08/2010
2010010401;5;2;1;1;6;80;29/08/2010
2010010402;3;1;1;1;7;80;19/09/2010
2010010403;1;2;1;1;3;80;21/10/2010
2010010404;1;1;1;8;1;80;31/12/2010
2010010405;1;1;1;1;7;80;17/04/2010
2010010406;1;1;1;1;6;80;10/05/2010
2010010407;1;1;3;1;3;80;09/05/2010
2010010408;3;1;1;1;6;80;07/06/2010
2010010409;1;2;4;1;1;80;06/08/2010
2010010410;1;2;3;1;1;80;02/09/2010
2010010411;3;1;1;2;1;80;29/10/2010
2010010412;3;1;1;2;6;80;05/10/2010
2010010413;5;2;1;2;1;80;07/11/2010
2010010414;3;2;1;3;6;80;11/11/2010
2010010415;3;1;1;1;3;80;06/03/2010
2010010416;1;1;1;1;6;80;13/03/2010
2010010417;2;2;3;1;3;80;27/04/2010
2010010418;1;1;1;1;7;80;02/06/2010
2010010419;1;1;2;1;5;80;16/07/2010
2010010420;1;2;2;1;3;80;10/05/2010
2010010421;1;1;2;1;3;80;16/07/2010
2010010422;3;1;1;1;1;80;18/08/2010