num_acc;lum;agg;inter;atm;col;dep;date
2010010423;1;1;1;1;3;80;24/08/2010
2010010424;1;2;2;1;1;80;15/09/2010
2010010425;1;1;1;1;1;80;01/10/2010
2010010426;3;1;1;2;7;80;01/10/2010
2010010427;5;2;3;2;3;80;08/11/2010
2010010428;1;2;1;1;3;80;25/11/2010
2010010429;2;2;1;8;6;80;06/01/2010
2010010430;3;1;1;8;6;80;06/02/2010
2010010431;1;1;1;1;2;80;10/04/2010
2010010432;1;1;9;1;6;80;17/06/2010
2010010433;1;2;1;1;1;80;17/06/2010
2010010434;1;2;1;1;6;80;23/09/2010
2010010435;1;1;1;1;7;80;29/09/2010
2010010436;1;1;1;1;3;80;19/11/2010
2010010437;2;1;1;4;6;80;11/02/2010
2010010438;1;1;1;1;6;80;09/04/2010
2010010439;1;1;1;1;3;80;17/04/2010
2010010440;3;1;1;1;6;80;15/05/2010
2010010441;1;1;1;1;3;80;16/05/2010
2010010442;1;2;1;1;2;80;22/05/2010
2010010443;1;1;1;1;1;80;06/07/2010
2010010444;3;1;1;1;6;80;11/07/2010
2010010445;5;2;1;1;6;80;02/11/2010
2010010446;1;1;1;1;3;80;24/05/2010
2010010447;1;1;1;1;3;80;09/10/2010
2010010448;5;2;1;2;6;80;31/10/2010
2010010449;3;1;1;2;6;80;19/11/2010
2010010450;1;1;1;9;7;80;28/01/2010
2010010451;3;1;1;2;5;80;23/01/2010
2010010452;2;1;1;1;6;80;29/01/2010
2010010453;2;1;1;1;6;80;27/03/2010
2010010454;1;1;1;1;6;80;05/04/2010
2010010455;1;1;1;1;6;80;17/04/2010
2010010456;3;1;1;1;6;80;23/04/2010
2010010457;1;1;1;1;6;80;23/05/2010
2010010458;1;1;1;1;6;80;31/08/2010
2010010459;1;2;1;8;3;80;08/09/2010
2010010460;1;1;1;1;7;80;04/09/2010
2010010461;1;1;1;1;1;80;22/09/2010
2010010462;2;1;1;5;6;80;15/10/2010
2010010463;2;2;1;1;6;80;29/03/2010
2010010464;3;1;1;1;7;80;24/06/2010
2010010465;1;1;1;1;7;80;25/06/2010
2010010466;1;2;1;1;1;80;28/06/2010
2010010467;1;1;1;1;7;80;14/08/2010
2010010468;1;1;1;1;7;80;19/08/2010
2010010469;1;1;1;1;7;80;07/10/2010
2010010470;1;1;1;1;1;80;01/11/2010
2010010471;1;1;1;4;7;80;29/11/2010
2010010472;3;1;1;4;7;80;23/12/2010
2010010473;1;1;1;1;7;80;08/04/2010
2010010474;1;1;1;1;7;80;23/05/2010
2010010475;4;2;1;1;7;80;23/07/2010
2010010476;1;1;1;1;7;80;02/10/2010
2010010477;3;2;1;2;1;80;06/11/2010
2010010478;3;1;1;1;7;100;01/01/2010
2010010479;1;2;1;8;6;100;21/01/2010
2010010480;3;1;1;1;7;100;21/05/2010
2010010481;1;1;1;1;5;100;29/05/2010
2010010482;1;1;4;7;1;100;29/06/2010
2010010483;1;1;1;1;6;100;30/07/2010
2010010484;1;1;1;1;7;100;06/08/2010
2010010485;1;2;3;3;3;100;24/09/2010
2010010486;1;2;1;1;6;100;06/10/2010
2010010487;1;1;1;1;6;100;16/10/2010
2010010488;3;1;1;6;7;100;12/11/2010
2010010489;2;1;1;2;7;100;15/01/2010
2010010490;1;1;1;1;7;100;18/04/2010
2010010491;3;2;1;1;1;100;19/04/2010
2010010492;3;1;1;2;3;100;30/05/2010
2010010493;3;1;1;1;6;100;04/07/2010
2010010494;1;1;1;1;5;100;19/07/2010
2010010495;2;2;2;1;3;100;13/09/2010
2010010496;3;1;1;1;3;100;09/10/2010
2010010497;1;1;4;1;3;100;10/10/2010
2010010498;1;2;2;1;1;100;01/11/2010
2010010499;3;1;1;3;6;100;17/12/2010
2010010500;5;2;1;8;6;100;21/12/2010
2010010501;5;2;1;1;1;100;04/01/2010
2010010502;1;1;1;1;6;100;22/01/2010
2010010503;1;2;1;1;1;100;03/06/2010
2010010504;1;1;2;1;3;100;03/08/2010
2010010505;3;1;1;1;1;100;18/08/2010
2010010506;1;2;1;1;6;100;27/09/2010
2010010507;1;2;1;1;6;100;03/10/2010
2010010508;1;1;1;1;1;100;04/12/2010
2010010509;2;2;1;1;2;100;24/02/2010
2010010510;5;2;1;1;7;100;12/03/2010
2010010511;1;1;3;1;3;100;19/03/2010
2010010512;1;1;1;1;6;100;23/05/2010
2010010513;1;1;1;1;3;100;19/06/2010
2010010514;1;2;1;1;3;100;26/06/2010
2010010515;1;1;1;1;5;100;03/08/2010
2010010516;3;1;1;1;6;100;20/08/2010
2010010517;1;2;1;1;6;100;19/08/2010
2010010518;3;2;1;1;3;100;22/08/2010
2010010519;1;1;1;1;7;100;21/08/2010
2010010520;3;1;1;2;6;100;02/04/2010
2010010521;2;1;1;1;6;100;02/04/2010
2010010522;3;1;1;1;7;100;05/07/2010
2010010523;1;2;9;1;1;100;04/08/2010
2010010524;1;2;3;1;1;100;10/09/2010
2010010525;5;2;1;1;6;100;30/10/2010
2010010526;3;1;1;1;6;100;06/04/2010
2010010527;2;1;1;1;7;100;21/08/2010
2010010528;1;1;1;1;1;100;14/09/2010
2010010529;1;2;1;1;5;100;10/02/2010
2010010530;2;1;1;1;7;100;02/03/2010
2010010531;1;1;1;1;5;100;26/03/2010
2010010532;1;1;1;1;1;100;09/04/2010
2010010533;1;1;1;1;1;100;23/04/2010
2010010534;1;1;1;7;6;100;23/06/2010
2010010535;1;1;2;1;3;100;27/06/2010
2010010536;3;1;4;1;3;100;30/06/2010
2010010537;1;2;3;1;7;100;04/07/2010
2010010538;1;1;1;1;7;100;14/07/2010
2010010539;1;1;1;1;6;100;20/07/2010
2010010540;1;1;1;1;7;100;23/08/2010
2010010541;1;1;2;1;5;100;29/09/2010
2010010542;1;1;2;2;1;100;04/10/2010
2010010543;3;1;1;1;1;100;02/11/2010
2010010544;1;2;2;1;3;100;18/11/2010
2010010545;3;1;1;4;6;100;01/12/2010
2010010546;3;1;1;2;1;100;16/01/2010
2010010547;1;2;3;1;1;100;24/02/2010
2010010548;1;2;1;1;6;100;02/05/2010
2010010549;1;1;1;1;7;100;13/05/2010
2010010550;1;1;1;1;1;100;18/05/2010
2010010551;1;2;1;1;6;100;25/05/2010
2010010552;1;2;1;1;1;100;19/06/2010
2010010553;1;1;1;1;7;100;18/08/2010
2010010554;1;2;2;2;4;100;10/11/2010
2010010555;1;2;1;1;7;100;15/11/2010
2010010556;5;2;1;1;6;100;19/11/2010
2010010557;3;1;1;1;7;520;12/03/2010
2010010558;1;1;1;1;1;520;30/06/2010
2010010559;2;1;1;1;1;520;14/08/2010
2010010560;1;1;1;1;1;520;05/10/2010
2010010561;4;2;1;2;6;520;31/10/2010
2010010562;1;1;1;5;5;520;22/03/2010
2010010563;1;1;1;1;6;520;29/03/2010
2010010564;1;1;1;7;2;520;24/05/2010
2010010565;1;1;1;1;6;520;02/07/2010
2010010566;3;1;1;1;1;520;29/08/2010
2010010567;1;1;1;5;6;520;21/12/2010
2010010568;3;1;1;1;2;520;03/03/2010
2010010569;1;2;2;1;1;520;07/04/2010
2010010570;1;1;1;1;6;520;25/04/2010
2010010571;1;1;1;1;7;520;28/04/2010
2010010572;1;1;1;1;1;520;06/06/2010
2010010573;1;1;6;1;6;520;19/07/2010
2010010574;1;1;1;1;5;520;04/09/2010
2010010575;1;1;1;2;3;520;30/09/2010
2010010576;1;1;1;1;6;520;07/11/2010
2010010577;3;1;1;1;1;520;03/03/2010
2010010578;1;1;1;1;2;520;26/06/2010
2010010579;3;1;1;1;6;520;26/06/2010
2010010580;1;1;1;1;3;520;26/03/2010
2010010581;1;1;2;1;3;520;06/04/2010
2010010582;1;1;1;1;7;520;11/04/2010
2010010583;1;1;1;1;1;520;18/04/2010
2010010584;1;1;1;1;7;520;22/04/2010
2010010585;5;2;1;1;6;520;15/05/2010
2010010586;1;2;1;1;2;520;17/05/2010
2010010587;2;1;1;2;6;520;14/07/2010
2010010588;1;1;1;1;1;520;17/07/2010
2010010589;1;1;1;1;1;520;19/07/2010
2010010590;1;1;1;1;7;520;25/07/2010
2010010591;1;2;6;2;1;520;25/07/2010
2010010592;1;2;1;2;3;520;08/09/2010
2010010593;1;1;1;1;6;520;22/09/2010
2010010594;1;2;7;1;6;520;17/10/2010
2010010595;5;2;1;9;6;520;09/01/2010
2010010596;1;1;1;4;7;520;12/01/2010
2010010597;1;1;1;2;3;520;20/04/2010
2010010598;5;2;1;2;6;520;15/08/2010
2010010599;3;1;1;5;7;520;14/09/2010
2010010600;3;1;1;1;1;520;23/10/2010
2010010601;3;1;1;1;7;520;15/01/2010
2010010602;1;1;1;7;3;520;18/02/2010
2010010603;1;1;2;1;5;520;05/03/2010
2010010604;1;1;1;1;6;520;25/04/2010
2010010605;1;1;1;1;1;520;12/06/2010
2010010606;1;1;1;1;3;520;18/06/2010
2010010607;1;2;1;1;3;520;16/07/2010
2010010608;1;1;1;1;7;520;17/07/2010
2010010609;1;2;1;1;7;520;28/07/2010
2010010610;1;1;1;1;6;520;29/07/2010
2010010611;2;1;1;1;6;520;29/07/2010
2010010612;5;2;1;1;1;520;07/08/2010
2010010613;1;1;1;1;6;520;12/09/2010
2010010614;3;1;1;1;6;520;26/09/2010
2010010615;1;1;1;1;7;520;24/10/2010
2010010616;1;1;1;1;1;520;09/11/2010
2010010617;5;2;6;2;6;520;13/11/2010
2010010618;1;2;1;1;6;520;18/03/2010
2010010619;1;1;1;1;3;520;14/06/2010
2010010620;1;1;1;7;1;520;08/07/2010
2010010621;1;1;1;1;5;520;10/07/2010
2010010622;1;1;1;1;3;520;11/09/2010
2010010623;1;1;1;1;5;520;13/09/2010
2010010624;3;2;1;1;6;520;22/10/2010
2010010625;1;2;1;1;6;520;18/11/2010
2010010626;1;2;1;1;3;520;19/11/2010
2010010627;1;1;4;2;3;520;24/01/2010
2010010628;1;1;1;1;2;520;16/03/2010
2010010629;3;2;1;1;6;520;23/03/2010
2010010630;1;2;1;1;6;520;27/04/2010
2010010631;1;2;1;1;6;520;04/07/2010
2010010632;1;1;1;7;7;520;07/07/2010
2010010633;1;1;1;1;5;520;13/07/2010
2010010634;1;2;1;1;1;520;31/08/2010
2010010635;1;2;1;1;4;520;22/10/2010
2010010636;1;1;1;1;1;520;31/10/2010
2010010637;3;1;1;1;6;520;06/11/2010
2010010638;2;1;1;4;2;520;24/12/2010
2010010639;1;2;9;4;6;520;28/01/2010
2010010640;3;1;1;4;7;520;11/02/2010
2010010641;1;1;1;2;4;520;26/02/2010
2010010642;1;1;1;1;6;520;02/06/2010
2010010643;5;1;1;1;7;520;23/06/2010
2010010644;1;1;1;1;7;520;10/09/2010
2010010645;3;2;1;1;1;520;11/09/2010
2010010646;3;1;1;3;3;520;26/09/2010
2010010647;1;2;7;1;6;520;13/10/2010
2010010648;1;1;1;4;1;520;16/12/2010
2010010649;1;2;1;1;6;520;14/01/2010
2010010650;1;2;1;1;1;520;02/07/2010
2010010651;1;1;1;1;7;520;12/07/2010
2010010652;1;2;1;1;2;520;23/07/2010
2010010653;1;2;1;1;3;520;06/09/2010
2010010654;2;1;1;5;3;520;18/09/2010
2010010655;1;2;3;1;3;520;05/10/2010
2010010656;1;2;1;1;3;520;02/11/2010
2010010657;3;1;1;2;6;890;13/01/2010
2010010658;1;1;1;8;6;890;03/02/2010
2010010659;1;1;1;1;1;890;19/02/2010
2010010660;2;1;1;1;5;890;23/03/2010
2010010661;1;1;1;3;3;450;03/07/2010
2010010662;1;1;1;1;6;890;07/07/2010
2010010663;1;1;1;1;5;890;23/07/2010
2010010664;1;1;1;1;7;450;04/08/2010
2010010665;1;1;1;1;6;890;24/12/2010
2010010666;3;1;1;1;2;210;30/07/2010
2010010667;2;1;1;2;7;210;27/08/2010
2010010668;1;1;1;1;7;210;31/08/2010
2010010669;1;1;1;1;6;210;05/11/2010
2010010670;1;1;1;1;7;210;11/01/2010
2010010671;1;1;1;1;2;210;12/01/2010
2010010672;1;1;1;1;6;210;04/02/2010
2010010673;1;1;1;1;4;210;21/05/2010
2010010674;1;1;1;1;7;210;29/05/2010
2010010675;1;1;1;1;2;210;02/06/2010
2010010676;1;1;1;1;2;210;22/06/2010
2010010677;1;1;1;1;7;210;24/06/2010
2010010678;1;1;1;1;6;210;27/06/2010
2010010679;3;1;1;4;6;210;09/01/2010
2010010680;1;1;1;1;6;210;04/04/2010
2010010681;1;1;1;8;3;210;20/06/2010
2010010682;1;1;1;1;2;210;08/07/2010
2010010683;1;1;1;1;1;210;17/07/2010
2010010684;1;1;1;1;7;210;20/08/2010
2010010685;1;2;1;1;7;210;09/10/2010
2010010686;3;1;1;1;1;210;28/10/2010
2010010687;1;1;1;4;3;210;04/12/2010
2010010688;1;2;9;1;1;210;23/06/2010
2010010689;5;2;1;1;7;210;18/07/2010
2010010690;1;1;1;1;3;210;10/08/2010
2010010691;1;1;1;1;6;210;29/08/2010
2010010692;1;2;1;1;3;210;02/09/2010
2010010693;2;1;1;1;6;210;11/11/2010
2010010694;1;1;1;1;7;210;13/07/2010
2010010695;1;1;1;1;1;210;27/07/2010
2010010696;5;2;1;1;6;210;22/08/2010
2010010697;1;1;1;1;7;210;27/08/2010
2010010698;1;2;1;1;7;210;19/09/2010
2010010699;3;1;1;1;1;210;27/09/2010
2010010700;2;2;2;1;3;210;23/10/2010
2010010701;3;1;2;2;1;210;23/10/2010
2010010702;5;2;3;1;6;210;24/10/2010
2010010703;3;1;1;2;6;210;12/12/2010
2010010704;1;1;1;2;7;210;21/10/2010
2010010705;1;2;1;1;6;210;30/11/2010
2010010706;5;2;1;8;6;210;08/02/2010
2010010707;5;2;1;1;1;210;14/03/2010
2010010708;3;2;1;1;6;210;21/03/2010
2010010709;1;1;1;1;1;210;23/05/2010
2010010710;5;2;1;1;2;210;05/06/2010
2010010711;1;1;1;1;6;210;13/06/2010
2010010712;1;1;1;1;1;210;02/07/2010
2010010713;5;2;1;1;6;210;05/07/2010
2010010714;1;2;1;1;3;210;08/10/2010
2010010715;3;1;1;1;6;210;10/12/2010
2010010716;5;1;1;1;1;210;04/01/2010
2010010717;3;1;3;8;3;210;17/01/2010
2010010718;1;1;2;1;3;210;18/01/2010
2010010719;3;2;1;8;1;210;07/02/2010
2010010720;1;1;1;1;7;210;13/03/2010
2010010721;1;1;1;1;5;210;15/04/2010
2010010722;1;2;1;1;7;210;01/05/2010
2010010723;1;1;2;1;3;210;02/05/2010
2010010724;1;1;1;1;1;210;03/06/2010
2010010725;3;1;1;2;6;210;16/06/2010
2010010726;1;1;1;1;6;210;03/08/2010
2010010727;1;1;1;1;7;210;21/08/2010
2010010728;1;1;1;7;6;210;10/09/2010
2010010729;1;1;1;5;1;210;23/09/2010
2010010730;3;1;1;1;1;210;03/10/2010
2010010731;1;1;1;3;6;210;04/10/2010
2010010732;1;1;1;8;1;210;10/11/2010
2010010733;3;1;1;1;3;210;16/11/2010
2010010734;3;1;2;8;3;210;10/12/2010
2010010735;1;1;1;1;1;210;22/01/2010
2010010736;3;1;1;2;6;210;07/11/2010
2010010737;3;1;1;4;6;210;09/02/2010
2010010738;3;1;1;1;2;210;19/02/2010
2010010739;1;1;1;1;7;210;16/03/2010
2010010740;2;1;2;1;1;210;26/03/2010
2010010741;3;1;1;1;3;210;18/04/2010
2010010742;1;1;1;1;6;210;31/05/2010
2010010743;5;2;1;1;6;210;30/06/2010
2010010744;1;2;1;1;6;210;19/07/2010
2010010745;1;1;2;1;3;210;09/08/2010
2010010746;1;1;1;2;4;210;16/08/2010
2010010747;1;1;2;1;3;210;23/08/2010
2010010748;1;1;1;1;2;210;26/08/2010
2010010749;1;1;1;9;2;210;20/08/2010
2010010750;1;1;1;3;3;210;27/08/2010
2010010751;1;1;2;1;3;210;19/09/2010
2010010752;1;1;1;1;6;210;03/10/2010
2010010753;1;1;1;3;1;210;19/10/2010
2010010754;2;1;1;9;1;210;24/12/2010
2010010755;3;1;1;9;6;210;17/02/2010
2010010756;1;1;1;4;6;210;12/03/2010
2010010757;1;1;1;1;1;210;12/04/2010
2010010758;1;1;1;1;1;210;28/05/2010
2010010759;3;1;1;1;7;210;27/06/2010
2010010760;1;2;2;1;7;210;04/07/2010
2010010761;1;1;1;1;1;210;25/07/2010
2010010762;1;1;1;3;1;210;08/11/2010
2010010763;5;2;1;8;6;210;11/02/2010
2010010764;1;2;2;1;3;210;18/02/2010
2010010765;1;2;1;1;6;210;01/03/2010
2010010766;1;1;9;7;6;210;07/07/2010
2010010767;1;1;4;7;2;210;08/07/2010
2010010768;5;2;1;1;7;210;13/08/2010
2010010769;1;1;1;4;6;210;16/12/2010
2010010770;3;1;9;9;6;210;05/02/2010
2010010771;1;2;1;1;6;210;23/04/2010
2010010772;1;1;1;1;3;210;13/08/2010
2010010773;3;1;6;1;6;210;09/10/2010
2010010774;1;2;2;1;3;210;26/10/2010
2010010775;5;2;1;1;3;210;26/11/2010
2010010776;3;1;1;8;6;210;02/01/2010
2010010777;2;1;1;4;6;210;28/01/2010
2010010778;3;1;1;8;6;210;31/01/2010
2010010779;3;1;1;1;5;210;15/02/2010
2010010780;4;1;4;1;1;210;09/03/2010
2010010781;1;1;9;1;3;210;19/03/2010
2010010782;1;2;2;1;3;210;27/03/2010
2010010783;1;1;1;1;7;210;18/04/2010
2010010784;1;1;1;1;6;210;24/04/2010
2010010785;1;1;1;1;7;210;15/05/2010
2010010786;1;2;1;1;6;210;07/06/2010
2010010787;1;2;1;1;6;210;19/06/2010
2010010788;1;1;1;1;1;210;29/06/2010
2010010789;1;2;3;1;3;210;29/07/2010
2010010790;1;2;1;1;1;210;07/08/2010
2010010791;1;2;1;2;6;210;16/08/2010
2010010792;1;1;1;1;6;210;19/08/2010
2010010793;1;1;1;8;6;210;06/10/2010
2010010794;2;2;2;1;3;210;09/10/2010
2010010795;2;2;3;1;1;210;18/10/2010
2010010796;1;1;1;1;6;210;04/12/2010
2010010797;3;1;1;4;1;210;11/02/2010
2010010798;1;1;1;1;1;210;22/05/2010
2010010799;1;1;1;1;6;210;17/09/2010
2010010800;2;1;1;4;1;210;16/12/2010
2010010801;1;1;1;1;6;210;04/02/2010
2010010802;1;1;1;1;7;210;18/04/2010
2010010803;3;1;1;8;7;210;03/05/2010
2010010804;5;2;1;1;6;210;26/06/2010
2010010805;1;2;1;1;1;210;01/07/2010
2010010806;1;1;3;1;3;210;20/08/2010
2010010807;1;2;2;1;5;210;25/09/2010
2010010808;1;2;1;2;6;210;08/11/2010
2010010809;1;1;1;4;1;210;01/12/2010
2010010810;3;1;1;1;6;210;11/12/2010
2010010811;3;1;1;2;5;210;12/12/2010
2010010812;5;2;1;4;1;210;16/12/2010
2010010813;3;1;1;1;7;210;25/03/2010
2010010814;3;1;1;5;1;210;08/04/2010
2010010815;1;2;3;1;6;210;05/06/2010
2010010816;1;1;1;1;2;210;07/08/2010
2010010817;3;1;1;9;6;210;07/05/2010
2010010818;1;1;1;1;3;210;08/06/2010
2010010819;1;1;1;2;6;210;01/08/2010
2010010820;2;1;1;2;6;210;22/08/2010
2010010821;3;1;1;2;6;210;23/08/2010
2010010822;3;1;1;8;3;210;06/10/2010
2010010823;3;1;1;1;1;580;27/02/2010
2010010824;1;2;1;1;6;580;04/04/2010
2010010825;1;1;1;1;6;580;18/04/2010
2010010826;3;1;1;1;2;580;26/07/2010
2010010827;1;1;1;1;1;580;19/08/2010
2010010828;3;1;1;2;1;580;24/09/2010
2010010829;1;2;1;1;3;580;01/10/2010
2010010830;2;2;1;1;6;580;05/01/2010
2010010831;3;1;1;2;5;580;15/01/2010
2010010832;1;1;1;1;2;580;02/08/2010
2010010833;1;2;1;1;3;580;06/08/2010
2010010834;4;2;1;3;1;580;09/11/2010
2010010835;1;1;1;1;7;580;24/04/2010
2010010836;1;1;1;1;7;580;17/07/2010
2010010837;1;2;1;1;3;580;11/09/2010
2010010838;2;2;1;2;2;580;02/11/2010
2010010839;3;1;1;1;1;580;04/02/2010
2010010840;1;1;1;1;1;580;01/04/2010
2010010841;1;1;1;1;6;580;11/04/2010
2010010842;1;1;1;1;3;580;23/05/2010
2010010843;1;1;1;1;6;580;11/06/2010
2010010844;1;1;1;1;1;580;17/07/2010
2010010845;1;1;2;1;3;580;11/08/2010
2010010846;1;1;1;1;3;580;11/09/2010
2010010847;1;2;1;1;3;580;01/10/2010
2010010848;1;1;1;1;1;580;27/10/2010
2010010849;3;1;1;1;5;580;06/11/2010
2010010850;1;1;1;3;6;580;27/03/2010
2010010851;1;1;3;1;1;580;22/05/2010
2010010852;1;1;1;1;6;580;14/08/2010
2010010853;1;1;1;1;7;580;11/09/2010
2010010854;3;1;1;2;7;580;12/09/2010
2010010855;1;2;1;5;6;580;15/10/2010
2010010856;1;2;1;1;6;580;23/11/2010
2010010857;1;1;1;8;6;580;20/12/2010
2010010858;1;1;1;1;2;580;17/04/2010
2010010859;1;1;1;1;6;580;18/04/2010
2010010860;1;1;1;1;7;580;24/05/2010
2010010861;1;1;1;1;7;580;07/08/2010
2010010862;1;1;1;1;7;580;23/08/2010
2010010863;2;1;1;2;1;580;27/08/2010
2010010864;1;1;1;1;3;580;05/09/2010
2010010865;1;1;1;1;1;580;06/10/2010
2010010866;1;1;1;1;6;580;29/11/2010
2010010867;2;2;1;1;3;580;13/03/2010
2010010868;1;1;1;1;2;580;26/05/2010
2010010869;1;1;1;2;1;580;22/08/2010
2010010870;1;1;9;1;1;580;20/09/2010
2010010871;1;2;1;1;6;580;02/10/2010
2010010872;1;1;1;1;1;580;10/11/2010
2010010873;5;2;1;1;6;580;12/12/2010
2010010874;1;2;1;1;7;580;27/04/2010
2010010875;1;2;1;1;6;580;04/06/2010
2010010876;1;1;1;1;1;580;01/09/2010
2010010877;1;1;1;8;7;580;05/10/2010
2010010878;1;1;1;2;6;580;03/11/2010
2010010879;2;1;1;4;1;580;10/03/2010
2010010880;1;1;1;1;7;580;21/02/2010
2010010881;1;1;1;1;6;580;13/06/2010
2010010882;1;2;1;1;1;580;23/11/2010
2010010883;1;1;1;1;3;580;11/12/2010
2010010884;1;2;1;1;3;580;23/02/2010
2010010885;1;1;1;9;7;580;05/03/2010
2010010886;1;1;1;1;3;580;04/06/2010
2010010887;2;2;9;1;3;580;28/06/2010
2010010888;1;2;1;1;1;580;10/07/2010
2010010889;3;1;1;2;6;710;17/01/2010
2010010890;2;2;1;2;3;710;20/01/2010
2010010891;3;2;1;2;6;710;21/02/2010
2010010892;3;1;1;1;5;710;18/03/2010
2010010893;1;2;1;1;1;710;26/04/2010
2010010894;1;1;2;1;3;710;31/07/2010
2010010895;1;1;1;1;6;710;12/10/2010
2010010896;1;1;1;1;5;710;04/12/2010
2010010897;3;1;2;2;3;710;20/01/2010
2010010898;1;1;1;1;3;710;15/04/2010
2010010899;1;1;1;1;3;710;26/06/2010
2010010900;1;1;1;3;1;710;12/07/2010
2010010901;1;1;2;2;1;710;02/08/2010
2010010902;1;2;1;1;3;710;02/09/2010
2010010903;5;2;2;1;3;710;18/09/2010
2010010904;5;2;1;1;6;710;12/10/2010
2010010905;5;2;1;1;6;710;24/11/2010
2010010906;1;1;1;1;2;710;27/02/2010
2010010907;1;1;1;1;7;710;07/05/2010
2010010908;1;1;1;1;1;710;15/07/2010
2010010909;5;2;1;1;6;710;30/10/2010
2010010910;1;2;9;2;6;710;10/11/2010
2010010911;1;1;1;4;1;710;17/12/2010
2010010912;1;1;1;1;6;710;28/02/2010
2010010913;5;2;2;1;3;710;05/03/2010
2010010914;1;2;1;1;1;710;17/04/2010
2010010915;1;2;1;7;3;710;04/06/2010
2010010916;1;2;1;2;6;710;12/07/2010
2010010917;3;1;1;1;6;710;18/07/2010
2010010918;1;2;1;1;2;710;08/08/2010
2010010919;1;2;1;7;6;710;01/09/2010
2010010920;1;2;1;3;3;710;07/09/2010
2010010921;1;1;1;8;3;710;04/10/2010
2010010922;1;1;1;7;1;710;07/10/2010
2010010923;1;2;1;1;3;710;02/11/2010
2010010924;5;2;1;2;2;710;08/12/2010
2010010925;1;1;2;8;1;710;11/01/2010
2010010926;3;1;1;5;1;710;16/01/2010
2010010927;1;1;1;1;7;710;28/02/2010
2010010928;1;1;1;1;6;710;22/03/2010
2010010929;1;1;1;1;6;710;16/04/2010
2010010930;1;2;9;1;3;710;19/04/2010
2010010931;1;1;2;1;3;710;24/04/2010
2010010932;1;2;1;2;2;710;09/05/2010
2010010933;1;2;1;1;6;710;07/06/2010
2010010934;1;1;1;1;1;710;03/07/2010
2010010935;3;1;1;1;6;710;03/08/2010
2010010936;1;1;1;1;7;710;28/08/2010
2010010937;1;2;1;1;6;710;30/08/2010
2010010938;1;2;1;1;1;710;30/08/2010
2010010939;1;1;1;2;1;710;30/08/2010
2010010940;1;1;3;1;3;710;31/08/2010
2010010941;3;1;1;1;7;710;28/10/2010
2010010942;5;2;1;2;1;710;23/02/2010
2010010943;3;2;1;1;6;710;11/04/2010
2010010944;1;1;1;1;7;710;03/07/2010
2010010945;1;1;1;3;7;710;14/01/2010
2010010946;1;1;2;1;3;710;10/05/2010
2010010947;1;2;3;1;3;710;04/07/2010
2010010948;1;1;3;1;2;710;26/08/2010
2010010949;1;2;1;1;6;710;31/08/2010
2010010950;1;2;1;8;1;710;06/09/2010
2010010951;1;2;1;1;1;710;20/09/2010
2010010952;3;1;1;1;6;710;30/10/2010
2010010953;3;1;1;1;1;710;06/11/2010
2010010954;3;1;1;2;1;710;20/12/2010
2010010955;3;1;1;8;6;710;23/01/2010
2010010956;5;2;1;1;6;710;12/03/2010
2010010957;1;1;1;2;4;710;31/03/2010
2010010958;3;1;9;1;6;710;08/05/2010
2010010959;2;1;1;1;6;710;28/05/2010
2010010960;1;1;1;1;3;710;10/06/2010
2010010961;3;1;1;1;6;710;09/07/2010
2010010962;4;2;1;1;3;710;15/07/2010
2010010963;1;1;1;1;6;710;24/07/2010
2010010964;1;1;1;1;7;710;19/08/2010
2010010965;5;2;1;2;1;710;16/10/2010
2010010966;3;1;1;8;2;710;24/12/2010
2010010967;1;1;2;4;3;710;28/01/2010
2010010968;3;1;1;8;6;710;15/02/2010
2010010969;1;1;1;1;6;710;18/05/2010
2010010970;5;2;1;1;3;710;22/05/2010
2010010971;1;2;1;1;1;710;07/06/2010
2010010972;1;1;1;1;7;710;29/09/2010
2010010973;3;1;1;1;1;710;04/12/2010
2010010974;3;1;1;1;4;710;22/01/2010
2010010975;1;2;1;1;6;710;27/02/2010
2010010976;1;1;1;1;6;710;11/04/2010
2010010977;1;1;2;1;3;710;20/04/2010
2010010978;1;1;1;1;6;710;02/07/2010
2010010979;1;1;1;7;3;710;07/08/2010
2010010980;1;1;1;1;6;710;30/08/2010
2010010981;3;1;1;1;6;710;03/02/2010
2010010982;3;1;1;1;6;710;16/04/2010
2010010983;1;1;1;1;1;710;22/06/2010
2010010984;5;2;1;2;6;710;16/01/2010
2010010985;2;2;1;2;7;710;25/01/2010
2010010986;1;1;1;4;3;710;11/03/2010
2010010987;1;2;1;1;3;710;22/03/2010
2010010988;1;2;1;1;4;710;07/04/2010
2010010989;1;2;1;1;7;710;24/04/2010
2010010990;1;1;1;1;1;710;15/05/2010
2010010991;1;1;1;1;7;710;21/08/2010
2010010992;1;2;1;1;3;710;10/09/2010
2010010993;1;2;1;1;2;710;29/12/2010
2010010994;2;1;1;9;6;710;20/01/2010
2010010995;1;1;1;2;6;710;25/02/2010
2010010996;1;1;1;1;1;710;15/04/2010
2010010997;1;1;1;2;6;710;01/05/2010
2010010998;1;2;1;1;3;710;22/05/2010
2010010999;5;2;1;2;1;710;25/05/2010
2010011000;1;1;1;1;3;710;19/07/2010