num_acc;lum;agg;inter;atm;col;dep;date
2010011001;3;1;1;1;6;710;27/08/2010
2010011002;1;1;1;1;3;710;02/10/2010
2010011003;1;1;1;2;3;710;09/11/2010
2010011004;1;1;1;1;3;710;16/11/2010
2010011005;3;1;1;2;1;710;23/12/2010
2010011006;3;1;1;1;1;710;16/01/2010
2010011007;1;2;3;1;1;710;05/02/2010
2010011008;3;1;1;2;6;710;01/05/2010
2010011009;3;1;1;1;3;710;03/08/2010
2010011010;5;2;1;1;3;710;15/11/2010
2010011011;3;1;1;1;7;710;18/04/2010
2010011012;1;1;1;1;3;710;27/06/2010
2010011013;1;2;1;1;1;710;01/10/2010
2010011014;1;2;1;1;6;710;01/02/2010
2010011015;1;2;1;1;1;710;11/12/2010
2010011016;3;1;1;2;5;710;24/01/2010
2010011017;2;2;1;1;6;710;31/01/2010
2010011018;1;2;1;1;7;710;23/04/2010
2010011019;1;1;1;1;1;710;25/04/2010
2010011020;1;1;1;1;2;710;29/04/2010
2010011021;1;1;1;1;5;710;15/05/2010
2010011022;1;2;1;1;1;710;18/06/2010
2010011023;3;1;1;8;6;710;19/06/2010
2010011024;1;2;1;1;3;710;30/06/2010
2010011025;1;1;1;1;1;710;01/07/2010
2010011026;1;1;1;1;1;710;08/07/2010
2010011027;1;1;1;1;6;710;24/08/2010
2010011028;1;1;1;2;3;710;05/10/2010
2010011029;1;2;1;1;6;710;22/10/2010
2010011030;3;1;1;3;3;710;06/12/2010
2010011031;5;2;1;1;6;710;11/12/2010
2010011032;1;2;1;1;6;710;21/02/2010
2010011033;1;1;1;1;1;710;26/02/2010
2010011034;1;1;1;1;1;710;07/05/2010
2010011035;1;2;3;1;3;710;30/05/2010
2010011036;3;1;1;1;6;710;13/06/2010
2010011037;1;1;1;7;6;710;02/07/2010
2010011038;1;2;6;1;3;710;26/08/2010
2010011039;2;1;1;8;5;710;30/09/2010
2010011040;1;1;1;1;7;710;05/01/2010
2010011041;5;2;1;1;3;710;03/02/2010
2010011042;1;1;1;1;1;710;02/03/2010
2010011043;2;2;1;1;6;710;22/03/2010
2010011044;1;1;1;1;5;710;11/05/2010
2010011045;3;1;1;1;5;710;16/05/2010
2010011046;1;1;1;7;6;710;01/07/2010
2010011047;3;1;1;2;1;710;03/11/2010
2010011048;1;2;1;9;3;710;21/01/2010
2010011049;3;1;1;5;1;710;22/01/2010
2010011050;2;1;1;2;1;710;23/02/2010
2010011051;3;1;1;1;1;710;31/07/2010
2010011052;1;1;1;1;3;710;04/08/2010
2010011053;1;2;1;2;6;710;15/08/2010
2010011054;1;1;1;8;7;710;17/10/2010
2010011055;2;1;2;1;3;710;21/10/2010
2010011056;1;1;1;4;1;710;09/02/2010
2010011057;4;2;1;1;7;710;19/02/2010
2010011058;1;1;1;1;6;710;23/04/2010
2010011059;1;1;1;1;5;710;31/05/2010
2010011060;1;1;1;1;2;710;30/08/2010
2010011061;1;1;1;1;3;710;03/11/2010
2010011062;1;2;1;1;3;710;14/11/2010
2010011063;1;1;1;1;6;890;04/07/2010
2010011064;2;1;1;2;2;890;16/08/2010
2010011065;3;1;1;1;2;890;02/09/2010
2010011066;1;1;1;1;3;890;18/09/2010
2010011067;1;1;1;1;6;890;12/07/2010
2010011068;1;1;1;1;5;890;04/09/2010
2010011069;1;1;1;1;7;890;12/09/2010
2010011070;1;1;1;8;7;890;30/10/2010
2010011071;1;1;1;2;6;890;10/11/2010
2010011072;3;1;1;1;2;890;17/12/2010
2010011073;1;1;1;1;6;890;10/01/2010
2010011074;1;1;1;1;6;890;03/02/2010
2010011075;3;1;1;1;6;890;16/02/2010
2010011076;1;2;3;1;1;890;17/03/2010
2010011077;4;2;1;1;6;890;05/04/2010
2010011078;1;2;1;1;6;890;10/04/2010
2010011079;1;1;3;1;1;890;17/04/2010
2010011080;5;2;1;1;3;890;01/05/2010
2010011081;1;1;1;1;7;890;21/05/2010
2010011082;5;2;1;1;7;890;24/05/2010
2010011083;1;2;1;1;2;890;03/06/2010
2010011084;1;1;9;7;2;890;02/07/2010
2010011085;1;1;1;2;3;890;01/06/2010
2010011086;4;2;1;1;6;890;28/07/2010
2010011087;1;2;1;1;6;890;21/08/2010
2010011088;1;1;6;1;3;890;21/10/2010
2010011089;1;2;2;4;6;890;30/11/2010
2010011090;4;2;1;1;2;890;03/01/2010
2010011091;2;1;1;5;7;890;21/01/2010
2010011092;1;1;1;8;7;890;30/01/2010
2010011093;1;1;1;1;1;890;23/03/2010
2010011094;1;1;1;1;1;890;19/05/2010
2010011095;1;1;1;1;6;890;17/06/2010
2010011096;1;1;1;1;7;890;06/07/2010
2010011097;1;2;1;1;1;890;08/07/2010
2010011098;1;1;1;1;6;890;18/07/2010
2010011099;1;1;1;1;7;890;28/07/2010
2010011100;1;1;1;1;6;890;13/09/2010
2010011101;1;1;1;1;7;890;25/10/2010
2010011102;1;1;1;2;1;890;14/11/2010
2010011103;5;2;1;2;6;890;15/11/2010
2010011104;3;1;1;1;7;890;12/12/2010
2010011105;1;1;1;1;5;890;18/12/2010
2010011106;2;2;1;1;6;890;03/02/2010
2010011107;1;2;1;1;6;890;12/04/2010
2010011108;3;1;1;1;7;890;17/04/2010
2010011109;1;1;1;1;7;890;04/05/2010
2010011110;1;1;1;1;3;890;25/05/2010
2010011111;1;1;1;1;1;890;07/06/2010
2010011112;1;1;1;1;1;890;13/07/2010
2010011113;1;2;1;1;1;890;23/07/2010
2010011114;1;2;1;1;7;890;11/08/2010
2010011115;3;1;1;1;3;890;06/10/2010
2010011116;3;1;1;1;6;890;15/10/2010
2010011117;1;2;1;2;3;890;19/10/2010
2010011118;1;1;1;8;7;890;23/10/2010
2010011119;1;2;3;1;1;890;24/11/2010
2010011120;1;1;1;4;6;890;28/12/2010
2010011121;1;1;1;4;6;890;28/12/2010
2010011122;1;2;1;8;3;890;31/12/2010
2010011123;3;1;1;1;6;890;14/02/2010
2010011124;1;1;1;1;6;890;27/02/2010
2010011125;1;1;8;1;1;890;05/03/2010
2010011126;3;1;1;1;7;890;06/03/2010
2010011127;3;1;1;1;2;890;10/03/2010
2010011128;1;1;2;1;5;890;16/03/2010
2010011129;3;1;1;1;7;890;20/03/2010
2010011130;1;1;1;1;4;890;02/04/2010
2010011131;1;1;1;1;1;890;17/04/2010
2010011132;3;1;1;1;6;890;13/05/2010
2010011133;3;1;2;1;3;890;21/05/2010
2010011134;3;1;1;1;7;890;28/05/2010
2010011135;1;1;1;1;2;890;07/06/2010
2010011136;1;1;1;2;1;890;10/06/2010
2010011137;1;1;1;1;6;890;17/07/2010
2010011138;3;1;1;1;7;890;10/09/2010
2010011139;3;1;1;1;2;890;11/09/2010
2010011140;5;2;1;4;6;890;08/12/2010
2010011141;3;1;1;4;6;890;01/01/2010
2010011142;1;1;1;1;1;890;16/03/2010
2010011143;1;2;1;1;3;890;15/05/2010
2010011144;1;1;1;1;7;890;21/05/2010
2010011145;1;2;1;1;3;890;04/06/2010
2010011146;1;1;1;1;2;890;06/06/2010
2010011147;1;1;1;1;7;890;21/06/2010
2010011148;3;1;1;1;1;890;22/06/2010
2010011149;1;1;1;1;3;890;09/07/2010
2010011150;3;1;1;1;6;890;04/07/2010
2010011151;1;2;2;1;3;890;24/07/2010
2010011152;2;1;1;1;7;890;30/07/2010
2010011153;2;1;1;1;1;890;07/08/2010
2010011154;1;1;2;1;3;890;30/08/2010
2010011155;1;1;1;1;1;890;01/10/2010
2010011156;1;1;1;4;7;890;01/02/2010
2010011157;3;1;1;1;1;890;03/03/2010
2010011158;2;1;1;7;1;890;16/03/2010
2010011159;1;1;1;1;1;890;16/05/2010
2010011160;1;1;1;2;7;890;09/06/2010
2010011161;1;1;1;1;1;890;30/06/2010
2010011162;1;1;1;1;1;890;16/07/2010
2010011163;1;1;3;1;3;890;14/08/2010
2010011164;1;1;1;1;5;890;21/08/2010
2010011165;2;2;1;2;6;890;19/10/2010
2010011166;3;1;1;3;7;890;12/11/2010
2010011167;1;2;1;1;6;890;09/11/2010
2010011168;1;1;1;1;7;890;20/06/2010
2010011169;3;1;1;1;6;890;01/11/2010
2010011170;1;2;1;1;3;890;05/03/2010
2010011171;1;2;3;1;3;890;03/04/2010
2010011172;5;2;1;1;3;890;25/04/2010
2010011173;1;2;1;8;3;890;14/05/2010
2010011174;1;2;1;7;6;890;08/07/2010
2010011175;3;1;1;1;6;890;26/07/2010
2010011176;1;1;1;1;1;890;13/09/2010
2010011177;1;1;1;1;6;890;27/09/2010
2010011178;5;2;1;1;6;890;04/12/2010
2010011179;1;2;1;2;6;890;25/01/2010
2010011180;3;1;1;1;7;890;31/01/2010
2010011181;3;1;1;1;6;890;22/02/2010
2010011182;1;1;1;1;6;890;05/03/2010
2010011183;1;1;1;1;1;890;08/05/2010
2010011184;1;1;1;1;7;890;23/05/2010
2010011185;1;1;1;1;6;890;20/07/2010
2010011186;1;1;1;1;6;890;15/09/2010
2010011187;2;1;1;5;6;890;09/10/2010
2010011188;1;1;1;1;1;890;31/10/2010
2010011189;1;1;1;1;7;890;17/11/2010
2010011190;5;2;1;8;6;890;01/01/2010
2010011191;3;1;1;1;7;890;07/05/2010
2010011192;1;2;1;1;3;890;17/05/2010
2010011193;1;1;1;1;2;890;30/06/2010
2010011194;5;2;1;1;6;890;03/08/2010
2010011195;1;2;1;1;6;890;03/08/2010
2010011196;1;1;1;1;5;890;05/08/2010
2010011197;3;1;1;1;6;890;12/08/2010
2010011198;1;1;1;1;1;890;01/09/2010
2010011199;1;1;1;2;3;890;30/09/2010
2010011200;2;2;1;2;1;890;28/10/2010
2010011201;1;2;1;1;3;890;05/11/2010
2010011202;3;1;1;1;6;890;26/02/2010
2010011203;1;1;3;7;2;890;17/03/2010
2010011204;3;2;1;1;6;890;23/03/2010
2010011205;1;1;1;1;3;890;14/04/2010
2010011206;2;1;1;1;3;890;20/04/2010
2010011207;1;1;1;1;6;890;26/07/2010
2010011208;1;2;1;1;3;890;28/07/2010
2010011209;1;1;1;1;1;890;10/08/2010
2010011210;3;1;1;5;6;890;05/10/2010
2010011211;1;2;1;1;2;890;24/11/2010
2010011212;1;1;1;3;7;890;08/12/2010
2010011213;3;1;1;9;6;890;26/12/2010
2010011214;3;1;1;9;1;890;27/12/2010
2010011215;1;1;1;1;3;890;29/04/2010
2010011216;1;1;1;1;1;890;24/05/2010
2010011217;2;1;1;1;2;890;29/05/2010
2010011218;3;1;1;1;3;890;04/06/2010
2010011219;1;2;1;1;3;890;27/06/2010
2010011220;1;2;1;1;6;890;19/09/2010
2010011221;1;1;1;2;5;890;19/11/2010
2010011222;3;1;1;1;2;890;02/12/2010
2010011223;2;2;1;8;6;890;09/12/2010
2010011224;1;1;1;4;6;890;08/01/2010
2010011225;3;1;1;1;7;890;30/01/2010
2010011226;3;1;1;1;6;890;04/02/2010
2010011227;1;1;1;1;7;890;30/06/2010
2010011228;3;1;1;1;6;890;13/07/2010
2010011229;4;2;1;1;6;890;14/07/2010
2010011230;1;2;2;1;5;890;18/07/2010
2010011231;3;1;6;2;7;890;27/07/2010
2010011232;1;1;1;1;7;890;07/08/2010
2010011233;2;1;3;5;3;890;02/11/2010
2010011234;1;1;1;1;6;890;06/11/2010
2010011235;1;1;1;1;6;890;18/11/2010
2010011236;1;1;2;1;3;890;26/11/2010
2010011237;1;1;6;1;7;890;14/07/2010
2010011238;1;1;1;1;7;890;13/08/2010
2010011239;1;2;1;1;1;890;10/12/2010
2010011240;3;1;1;1;6;890;24/02/2010
2010011241;1;1;1;1;6;890;22/03/2010
2010011242;1;2;1;7;1;890;22/05/2010
2010011243;1;1;1;1;1;890;03/06/2010
2010011244;1;1;1;1;7;890;24/06/2010
2010011245;1;1;1;1;6;890;30/06/2010
2010011246;1;2;1;1;1;890;02/07/2010
2010011247;2;2;1;1;6;890;06/07/2010
2010011248;1;2;1;1;6;890;24/07/2010
2010011249;3;1;1;1;6;890;24/10/2010
2010011250;1;1;9;1;7;890;10/11/2010
2010011251;2;1;1;1;3;250;02/03/2010
2010011252;1;1;1;7;2;250;23/03/2010
2010011253;2;1;1;1;6;250;28/03/2010
2010011254;1;1;1;2;7;250;27/03/2010
2010011255;1;1;1;1;1;250;29/03/2010
2010011256;1;1;1;8;1;250;01/04/2010
2010011257;1;1;1;1;7;250;24/05/2010
2010011258;2;1;1;2;6;250;04/07/2010
2010011259;1;1;1;1;7;250;09/07/2010
2010011260;1;1;1;1;1;250;04/10/2010
2010011261;3;1;9;1;6;250;15/10/2010
2010011262;1;2;1;1;6;250;18/02/2010
2010011263;2;2;1;1;6;250;25/07/2010
2010011264;1;1;1;1;3;250;09/10/2010
2010011265;1;2;1;1;1;250;22/02/2010
2010011266;1;2;1;1;1;250;08/03/2010
2010011267;1;1;1;1;7;250;11/03/2010
2010011268;1;1;1;1;1;250;24/04/2010
2010011269;1;2;1;1;7;250;24/04/2010
2010011270;1;1;1;1;6;250;28/04/2010
2010011271;1;1;1;3;6;250;06/06/2010
2010011272;1;1;1;1;5;250;13/06/2010
2010011273;1;1;1;2;6;250;19/06/2010
2010011274;1;2;1;1;1;250;06/07/2010
2010011275;5;2;1;3;6;250;15/08/2010
2010011276;3;1;1;1;7;250;25/08/2010
2010011277;1;1;1;1;1;250;05/09/2010
2010011278;1;1;1;2;1;250;07/09/2010
2010011279;1;1;1;3;5;250;07/09/2010
2010011280;1;1;8;1;3;250;20/09/2010
2010011281;3;1;1;1;6;250;29/10/2010
2010011282;1;1;1;2;1;250;24/11/2010
2010011283;3;1;1;1;1;250;09/12/2010
2010011284;2;2;1;4;7;250;16/12/2010
2010011285;1;2;1;1;1;250;19/03/2010
2010011286;1;2;1;1;6;250;27/06/2010
2010011287;1;2;6;1;6;250;05/09/2010
2010011288;1;2;1;8;3;250;15/01/2010
2010011289;3;1;1;1;1;250;04/03/2010
2010011290;1;2;1;1;3;250;20/04/2010
2010011291;1;1;1;1;2;250;22/05/2010
2010011292;1;2;1;1;1;250;15/06/2010
2010011293;2;1;1;1;2;250;30/06/2010
2010011294;1;1;3;1;3;250;20/07/2010
2010011295;3;2;1;1;5;250;10/09/2010
2010011296;5;2;1;1;6;250;21/11/2010
2010011297;5;1;1;2;3;250;22/11/2010
2010011298;1;1;1;1;1;250;16/02/2010
2010011299;4;2;1;3;7;250;27/02/2010
2010011300;1;2;1;1;2;250;25/03/2010
2010011301;1;2;9;1;3;250;09/06/2010
2010011302;1;1;1;1;6;250;25/06/2010
2010011303;5;2;1;1;3;250;17/09/2010
2010011304;1;1;1;1;1;250;18/11/2010
2010011305;3;1;1;4;3;250;14/02/2010
2010011306;1;1;1;1;5;250;04/05/2010
2010011307;1;2;1;2;6;250;27/05/2010
2010011308;1;1;1;1;1;250;05/06/2010
2010011309;3;2;1;1;1;250;09/06/2010
2010011310;3;1;1;1;6;250;13/08/2010
2010011311;1;1;1;1;5;250;22/08/2010
2010011312;1;1;1;1;3;250;19/09/2010
2010011313;1;2;1;1;6;250;06/10/2010
2010011314;1;1;3;8;3;250;16/11/2010
2010011315;3;1;1;4;1;250;17/12/2010
2010011316;5;2;1;8;2;250;16/01/2010
2010011317;2;2;1;8;3;250;22/01/2010
2010011318;5;2;1;8;6;250;24/01/2010
2010011319;1;1;1;5;1;250;07/02/2010
2010011320;1;1;1;1;6;250;27/02/2010
2010011321;1;2;1;1;3;250;01/03/2010
2010011322;1;1;1;8;1;250;01/04/2010
2010011323;1;2;1;1;3;250;07/04/2010
2010011324;1;1;1;1;6;250;24/05/2010
2010011325;1;1;1;7;1;250;30/06/2010
2010011326;1;1;1;1;6;250;18/07/2010
2010011327;1;1;1;1;1;250;10/10/2010
2010011328;1;2;1;1;3;250;26/10/2010
2010011329;2;1;1;1;6;250;13/11/2010
2010011330;3;1;1;4;1;250;24/11/2010
2010011331;1;1;1;4;6;250;10/01/2010
2010011332;1;1;1;4;6;250;09/02/2010
2010011333;1;1;1;1;1;250;05/04/2010
2010011334;1;1;1;1;1;250;10/05/2010
2010011335;1;2;1;1;3;250;24/06/2010
2010011336;2;1;1;2;6;250;24/09/2010
2010011337;3;1;1;1;1;250;29/10/2010
2010011338;3;1;1;5;1;250;29/12/2010
2010011339;1;1;2;1;1;250;23/05/2010
2010011340;1;1;1;1;1;250;25/05/2010
2010011341;2;1;1;1;6;250;06/06/2010
2010011342;2;2;1;1;6;250;15/06/2010
2010011343;3;1;1;1;6;250;20/06/2010
2010011344;3;1;1;1;6;250;06/08/2010
2010011345;5;2;1;3;6;250;20/01/2010
2010011346;1;1;1;1;1;250;29/04/2010
2010011347;5;1;1;1;7;250;24/05/2010
2010011348;3;1;1;1;6;250;01/07/2010
2010011349;5;2;1;1;1;250;05/11/2010
2010011350;3;1;1;9;7;250;30/12/2010
2010011351;3;1;1;3;6;250;02/04/2010
2010011352;1;1;1;1;2;250;25/04/2010
2010011353;1;1;1;1;3;250;14/05/2010
2010011354;1;2;1;1;1;250;21/05/2010
2010011355;1;2;1;1;7;250;24/05/2010
2010011356;1;2;1;1;7;250;24/05/2010
2010011357;1;1;1;1;3;250;02/07/2010
2010011358;1;2;1;1;5;250;06/07/2010
2010011359;1;1;1;1;3;250;11/07/2010
2010011360;1;1;3;8;3;250;23/07/2010
2010011361;1;1;1;1;5;250;04/08/2010
2010011362;1;1;1;1;1;250;28/08/2010
2010011363;1;1;1;1;6;250;18/09/2010
2010011364;3;1;1;4;6;250;16/12/2010
2010011365;4;1;1;4;1;250;18/12/2010
2010011366;1;1;1;4;6;250;01/01/2010
2010011367;3;1;1;4;6;250;27/01/2010
2010011368;1;1;1;1;5;250;15/04/2010
2010011369;1;2;1;1;3;250;08/05/2010
2010011370;1;1;1;1;1;250;15/05/2010
2010011371;1;1;3;1;3;250;23/05/2010
2010011372;3;1;1;3;6;250;30/05/2010
2010011373;2;1;1;1;1;250;23/10/2010
2010011374;3;1;9;8;2;250;09/11/2010
2010011375;1;1;1;9;5;250;05/01/2010
2010011376;5;2;1;1;6;250;29/05/2010
2010011377;1;1;1;1;1;250;26/08/2010
2010011378;2;2;1;1;6;250;01/09/2010
2010011379;2;1;1;1;5;250;01/09/2010
2010011380;1;1;1;1;7;250;03/10/2010
2010011381;1;1;1;2;1;250;25/10/2010
2010011382;5;1;1;1;6;250;29/10/2010
2010011383;1;1;1;1;1;250;05/11/2010
2010011384;3;1;1;4;7;250;05/12/2010
2010011385;3;1;1;1;7;250;22/12/2010
2010011386;1;2;1;4;3;250;24/12/2010
2010011387;1;1;1;4;7;250;08/01/2010
2010011388;1;2;1;1;1;250;01/03/2010
2010011389;1;1;1;6;1;250;09/03/2010
2010011390;1;1;1;5;1;250;12/03/2010
2010011391;3;1;1;1;6;250;18/04/2010
2010011392;2;1;1;2;1;250;05/05/2010
2010011393;1;1;1;1;1;250;18/05/2010
2010011394;1;1;1;1;7;250;20/05/2010
2010011395;1;1;1;1;1;250;04/06/2010
2010011396;1;1;1;1;4;250;05/06/2010
2010011397;1;1;1;1;7;250;09/06/2010
2010011398;1;2;1;1;6;250;19/06/2010
2010011399;3;1;1;2;1;250;05/08/2010
2010011400;2;1;1;1;7;250;13/08/2010
2010011401;1;1;1;1;7;250;02/10/2010
2010011402;3;1;1;1;3;250;17/12/2010
2010011403;5;2;1;2;6;40;21/02/2010
2010011404;1;2;1;1;7;40;08/03/2010
2010011405;1;2;3;1;3;40;02/06/2010
2010011406;1;1;1;1;3;40;03/06/2010
2010011407;1;1;1;1;1;40;07/06/2010
2010011408;1;2;1;1;1;40;08/06/2010
2010011409;2;2;1;1;6;40;15/09/2010
2010011410;5;2;1;8;7;40;25/09/2010
2010011411;1;2;6;1;6;40;19/09/2010
2010011412;1;1;1;1;1;40;05/11/2010
2010011413;3;1;1;1;1;40;20/11/2010
2010011414;1;1;1;1;1;40;16/12/2010
2010011415;5;2;1;9;6;40;26/12/2010
2010011416;1;1;1;1;1;390;24/01/2010
2010011417;3;1;1;9;7;390;13/03/2010
2010011418;1;1;1;1;3;390;14/06/2010
2010011419;3;1;1;1;6;390;22/06/2010
2010011420;1;2;1;1;3;390;24/06/2010
2010011421;1;1;1;1;3;390;27/06/2010
2010011422;2;1;2;4;3;390;01/12/2010
2010011423;3;1;1;4;5;390;16/12/2010
2010011424;1;1;1;1;6;390;09/09/2010
2010011425;5;2;1;2;1;390;23/12/2010
2010011426;3;1;1;5;7;390;19/01/2010
2010011427;1;2;1;5;6;390;12/10/2010
2010011428;3;1;1;2;3;390;07/11/2010
2010011429;3;1;1;1;3;390;23/11/2010
2010011430;1;1;1;4;1;390;06/03/2010
2010011431;3;1;1;1;2;390;31/03/2010
2010011432;3;1;1;6;4;390;18/12/2010
2010011433;3;1;1;2;1;390;24/01/2010
2010011434;2;1;1;8;6;390;17/06/2010
2010011435;1;1;1;1;5;390;03/07/2010
2010011436;1;2;6;2;3;390;18/08/2010
2010011437;3;1;1;1;6;390;31/12/2010
2010011438;2;2;1;8;3;390;26/05/2010
2010011439;1;1;1;1;5;390;03/09/2010
2010011440;2;1;2;8;3;390;30/01/2010
2010011441;3;1;1;1;7;390;25/04/2010
2010011442;1;2;2;2;5;390;11/05/2010
2010011443;1;1;1;1;5;390;19/05/2010
2010011444;1;2;1;1;1;390;09/06/2010
2010011445;1;1;1;1;1;390;11/09/2010
2010011446;1;1;1;1;7;390;23/09/2010
2010011447;3;1;1;2;3;390;26/09/2010
2010011448;5;2;1;2;6;390;03/11/2010
2010011449;1;2;1;1;1;390;06/11/2010
2010011450;5;2;1;2;6;390;08/11/2010
2010011451;1;1;9;4;1;390;14/12/2010
2010011452;3;1;1;6;1;390;18/12/2010
2010011453;1;2;1;1;1;390;26/02/2010
2010011454;3;1;1;1;6;390;20/03/2010
2010011455;3;1;1;1;4;390;26/03/2010
2010011456;1;1;1;1;7;390;10/04/2010
2010011457;1;1;1;1;6;390;03/07/2010
2010011458;1;2;1;1;1;390;03/07/2010
2010011459;1;1;1;1;7;390;14/07/2010
2010011460;1;1;1;1;7;390;10/08/2010
2010011461;1;1;1;1;3;390;22/08/2010
2010011462;1;2;1;1;6;390;02/10/2010
2010011463;3;1;1;1;6;390;19/12/2010
2010011464;1;1;1;9;1;390;08/01/2010
2010011465;1;2;2;1;1;390;23/02/2010
2010011466;1;1;1;1;7;390;25/04/2010
2010011467;3;1;1;1;6;390;10/09/2010
2010011468;1;1;1;1;7;390;22/10/2010
2010011469;1;1;1;1;1;390;24/10/2010
2010011470;5;2;1;3;2;390;08/11/2010
2010011471;2;1;1;1;3;390;09/11/2010
2010011472;1;2;1;8;6;390;24/11/2010
2010011473;1;1;1;4;3;390;09/01/2010
2010011474;1;1;1;4;1;390;09/02/2010
2010011475;1;1;1;1;6;390;19/03/2010
2010011476;1;1;1;1;1;390;24/04/2010
2010011477;5;2;6;1;6;390;06/06/2010
2010011478;1;1;1;1;7;390;13/06/2010
2010011479;1;2;1;1;6;390;29/06/2010
2010011480;5;1;1;1;6;390;15/07/2010
2010011481;1;1;1;1;4;390;21/07/2010
2010011482;1;1;1;7;5;390;31/07/2010
2010011483;1;2;1;1;3;390;11/08/2010
2010011484;3;1;1;1;3;390;30/08/2010
2010011485;1;2;9;1;5;390;22/03/2010
2010011486;1;1;2;2;3;390;03/04/2010
2010011487;3;1;1;1;7;390;16/04/2010
2010011488;1;1;1;2;7;390;17/07/2010
2010011489;3;1;1;1;7;390;22/08/2010
2010011490;1;1;1;1;1;390;19/09/2010
2010011491;5;2;1;4;6;390;02/01/2010
2010011492;3;1;1;1;6;390;18/07/2010
2010011493;5;2;1;1;6;390;14/11/2010
2010011494;1;1;1;4;1;390;09/02/2010
2010011495;5;2;1;2;5;390;23/02/2010
2010011496;1;2;1;1;3;390;23/03/2010
2010011497;1;1;1;1;1;390;25/03/2010
2010011498;1;2;1;1;6;390;04/05/2010
2010011499;1;1;1;1;5;390;29/05/2010
2010011500;5;1;1;1;6;390;26/06/2010
2010011501;1;1;1;1;7;390;02/07/2010
2010011502;1;1;1;1;6;390;07/07/2010
2010011503;1;1;1;1;1;390;10/07/2010
2010011504;1;1;9;1;3;390;21/07/2010
2010011505;1;1;1;1;6;390;04/08/2010
2010011506;1;1;1;1;5;390;21/08/2010
2010011507;3;1;1;2;1;390;03/11/2010
2010011508;2;1;1;3;1;390;10/11/2010
2010011509;1;1;1;4;5;390;24/12/2010
2010011510;2;1;6;1;3;40;09/02/2010
2010011511;1;2;2;1;6;40;10/02/2010
2010011512;1;1;8;1;3;40;15/04/2010
2010011513;1;2;1;1;3;40;11/05/2010
2010011514;1;2;9;1;6;40;13/05/2010
2010011515;1;1;2;1;3;40;17/05/2010
2010011516;1;1;1;1;3;40;18/05/2010
2010011517;1;1;3;1;3;40;30/05/2010
2010011518;3;1;1;1;1;40;27/06/2010
2010011519;1;2;1;1;3;40;03/08/2010
2010011520;1;2;9;1;2;40;22/08/2010
2010011521;5;2;2;1;5;40;16/11/2010
2010011522;1;2;9;7;6;40;11/12/2010
2010011523;1;1;1;1;7;700;11/01/2010
2010011524;1;1;1;1;4;700;30/05/2010
2010011525;1;1;1;1;1;700;25/06/2010
2010011526;1;1;1;1;2;700;27/06/2010
2010011527;1;1;1;1;7;700;30/06/2010
2010011528;1;1;2;7;3;700;04/07/2010
2010011529;1;1;1;1;1;700;05/09/2010
2010011530;1;2;1;1;3;700;13/11/2010
2010011531;3;1;3;2;1;700;15/11/2010
2010011532;3;1;1;1;6;700;23/12/2010
2010011533;1;1;1;4;1;700;24/12/2010
2010011534;1;1;5;2;3;700;24/01/2010
2010011535;3;1;1;2;6;700;24/01/2010
2010011536;1;1;1;1;1;700;12/06/2010
2010011537;5;2;1;2;6;700;22/11/2010
2010011538;1;2;7;1;6;700;14/02/2010
2010011539;2;1;1;6;6;700;28/02/2010
2010011540;1;1;1;1;2;700;23/03/2010
2010011541;1;2;1;1;1;700;25/04/2010
2010011542;1;1;2;1;3;700;29/04/2010
2010011543;5;2;1;1;2;700;29/05/2010
2010011544;1;2;2;1;3;700;04/08/2010
2010011545;1;2;1;1;2;700;31/08/2010
2010011546;1;1;1;1;3;700;05/09/2010
2010011547;1;1;1;1;1;700;05/09/2010
2010011548;1;1;3;5;1;700;30/09/2010
2010011549;2;1;1;2;3;700;25/11/2010
2010011550;3;1;1;8;5;700;13/02/2010
2010011551;1;1;1;1;5;700;02/04/2010
2010011552;1;2;1;1;6;700;23/05/2010
2010011553;3;1;1;1;6;700;06/06/2010
2010011554;1;1;1;1;1;700;07/08/2010
2010011555;1;1;1;1;3;700;23/08/2010
2010011556;1;2;1;1;2;700;17/11/2010
2010011557;1;2;1;1;6;700;05/02/2010
2010011558;1;2;3;1;3;700;25/02/2010
2010011559;1;1;9;1;3;700;22/04/2010
2010011560;1;1;1;1;6;700;15/05/2010
2010011561;1;2;3;1;3;700;22/05/2010
2010011562;1;1;1;1;5;700;25/06/2010
2010011563;1;2;1;1;3;700;01/07/2010
2010011564;1;2;1;8;7;700;23/07/2010
2010011565;1;1;1;1;1;700;04/08/2010
2010011566;1;1;1;2;3;700;18/08/2010
2010011567;1;1;1;8;6;700;24/08/2010
2010011568;1;2;1;1;1;700;02/09/2010
2010011569;1;1;1;2;1;700;07/09/2010
2010011570;1;1;1;1;3;700;28/10/2010
2010011571;1;1;1;2;1;700;31/10/2010
2010011572;3;1;1;4;2;700;03/12/2010
2010011573;1;2;1;2;3;700;22/12/2010
2010011574;1;2;1;1;6;700;13/05/2010
2010011575;1;2;1;1;7;700;22/05/2010
2010011576;1;2;1;1;2;700;22/05/2010
2010011577;1;1;1;1;6;700;22/05/2010
2010011578;1;1;1;1;1;700;12/06/2010