num_acc;lum;agg;inter;atm;col;dep;date
2010011579;2;1;1;1;6;700;27/06/2010
2010011580;1;1;1;1;6;700;27/06/2010
2010011581;1;1;1;7;7;700;30/06/2010
2010011582;5;2;1;2;6;700;08/11/2010
2010011583;1;1;1;8;1;700;02/12/2010
2010011584;1;2;1;4;1;700;08/01/2010
2010011585;3;1;1;8;1;700;11/03/2010
2010011586;1;2;1;2;3;700;01/05/2010
2010011587;1;1;1;2;7;700;05/05/2010
2010011588;2;1;1;1;6;700;27/06/2010
2010011589;1;1;1;1;3;700;25/06/2010
2010011590;1;1;3;1;4;700;10/07/2010
2010011591;1;1;1;1;3;700;02/09/2010
2010011592;1;1;1;1;3;700;09/09/2010
2010011593;3;1;1;4;1;700;29/11/2010
2010011594;2;1;1;4;5;700;05/12/2010
2010011595;1;1;1;3;1;700;19/02/2010
2010011596;1;1;1;1;7;700;29/05/2010
2010011597;1;2;1;1;6;700;19/06/2010
2010011598;1;1;1;8;1;700;17/07/2010
2010011599;1;1;1;1;1;700;25/07/2010
2010011600;1;1;1;1;1;700;04/08/2010
2010011601;5;2;9;1;3;700;25/10/2010
2010011602;1;2;1;1;3;700;27/10/2010
2010011603;3;1;1;3;1;700;06/12/2010
2010011604;3;2;1;9;7;700;01/01/2010
2010011605;3;1;1;1;6;700;28/04/2010
2010011606;1;1;1;1;7;700;22/08/2010
2010011607;5;2;1;8;6;700;27/09/2010
2010011608;2;2;1;1;6;700;10/10/2010
2010011609;2;2;1;1;3;700;13/10/2010
2010011610;5;2;1;1;1;700;31/12/2010
2010011611;2;2;1;1;6;700;31/12/2010
2010011612;5;2;1;2;6;700;25/02/2010
2010011613;1;1;1;1;4;700;10/05/2010
2010011614;1;1;1;1;1;700;28/06/2010
2010011615;1;2;1;1;2;700;02/07/2010
2010011616;3;1;1;4;7;700;02/12/2010
2010011617;1;2;1;1;5;700;19/12/2010
2010011618;1;1;1;1;2;700;24/03/2010
2010011619;1;1;1;1;3;700;18/04/2010
2010011620;1;1;9;1;3;700;22/05/2010
2010011621;1;1;1;7;1;700;07/07/2010
2010011622;1;1;1;1;1;700;14/07/2010
2010011623;1;1;1;1;3;700;02/09/2010
2010011624;3;1;1;4;7;700;15/02/2010
2010011625;1;1;1;1;3;700;20/04/2010
2010011626;1;1;1;1;1;700;08/05/2010
2010011627;1;1;1;1;3;700;09/07/2010
2010011628;1;1;3;1;3;700;21/09/2010
2010011629;2;1;1;8;5;700;19/10/2010
2010011630;1;1;1;2;1;700;30/10/2010
2010011631;3;1;1;4;1;700;27/11/2010
2010011632;3;1;1;5;2;900;19/01/2010
2010011633;3;1;1;1;6;900;21/02/2010
2010011634;1;1;1;2;5;900;28/03/2010
2010011635;1;1;1;1;5;900;08/04/2010
2010011636;3;1;1;1;6;900;22/04/2010
2010011637;1;2;1;1;6;900;05/06/2010
2010011638;3;1;1;1;1;900;10/06/2010
2010011639;1;1;1;1;1;900;12/06/2010
2010011640;1;1;1;1;3;900;09/07/2010
2010011641;5;2;1;3;7;900;08/09/2010
2010011642;3;1;1;1;6;900;22/09/2010
2010011643;5;2;1;1;1;900;25/10/2010
2010011644;1;2;1;3;1;900;16/06/2010
2010011645;1;1;1;1;1;900;14/07/2010
2010011646;1;2;1;1;1;900;04/08/2010
2010011647;1;2;1;1;7;900;07/09/2010
2010011648;1;1;1;1;7;900;03/10/2010
2010011649;1;1;1;1;1;900;25/06/2010
2010011650;1;2;1;1;6;900;29/06/2010
2010011651;1;1;1;1;1;900;08/08/2010
2010011652;3;1;1;1;6;900;08/08/2010
2010011653;1;2;3;1;3;900;28/09/2010
2010011654;1;1;1;8;5;900;10/11/2010
2010011655;1;1;1;8;7;900;26/02/2010
2010011656;2;1;1;1;5;900;03/03/2010
2010011657;1;1;1;8;1;900;26/11/2010
2010011658;1;1;1;1;6;260;04/07/2010
2010011659;3;1;1;1;6;380;07/07/2010
2010011660;1;1;1;1;5;380;12/08/2010
2010011661;1;1;1;1;6;260;12/08/2010
2010011662;3;1;1;8;6;260;20/01/2010
2010011663;1;1;1;1;2;260;16/02/2010
2010011664;3;1;1;2;1;260;17/02/2010
2010011665;1;1;1;1;6;260;12/03/2010
2010011666;1;1;2;1;2;260;23/03/2010
2010011667;1;1;1;1;5;260;18/03/2010
2010011668;1;1;1;1;6;260;06/04/2010
2010011669;3;1;1;1;7;260;20/04/2010
2010011670;1;1;1;1;3;260;29/04/2010
2010011671;1;1;1;1;2;260;13/05/2010
2010011672;3;1;1;1;1;260;16/05/2010
2010011673;1;1;1;1;6;260;05/06/2010
2010011674;1;1;1;1;2;260;12/06/2010
2010011675;1;1;1;1;2;260;29/07/2010
2010011676;1;1;1;1;5;260;01/08/2010
2010011677;1;1;1;1;2;260;12/08/2010
2010011678;3;1;1;1;2;260;13/09/2010
2010011679;1;1;1;1;6;260;02/10/2010
2010011680;1;1;1;1;2;260;26/11/2010
2010011681;3;1;1;1;2;260;18/12/2010
2010011682;1;1;1;8;2;260;13/01/2010
2010011683;3;1;1;1;4;260;15/01/2010
2010011684;2;1;1;1;6;260;21/02/2010
2010011685;3;1;1;1;4;260;10/04/2010
2010011686;1;1;1;1;7;260;30/04/2010
2010011687;1;1;1;1;2;260;01/05/2010
2010011688;1;1;1;2;7;260;16/05/2010
2010011689;1;1;1;2;6;260;21/05/2010
2010011690;1;1;1;1;6;260;12/07/2010
2010011691;1;1;1;1;6;260;29/07/2010
2010011692;3;1;1;1;5;260;31/07/2010
2010011693;1;1;1;1;7;260;10/08/2010
2010011694;3;1;1;1;6;260;10/08/2010
2010011695;1;1;1;1;2;260;21/08/2010
2010011696;1;1;1;1;6;260;03/09/2010
2010011697;1;1;1;6;3;260;13/09/2010
2010011698;2;1;1;1;6;260;07/11/2010
2010011699;1;1;1;1;1;260;16/11/2010
2010011700;3;1;1;2;2;260;18/11/2010
2010011701;1;1;1;1;1;130;23/09/2010
2010011702;1;1;1;2;3;130;04/01/2010
2010011703;1;2;1;8;2;130;23/01/2010
2010011704;3;1;1;1;6;130;09/02/2010
2010011705;1;1;1;1;2;130;05/02/2010
2010011706;1;2;1;1;2;130;15/03/2010
2010011707;5;2;1;1;3;130;03/04/2010
2010011708;1;1;1;1;1;130;28/05/2010
2010011709;1;1;1;1;3;130;14/06/2010
2010011710;1;1;1;1;1;130;29/06/2010
2010011711;1;2;1;1;1;130;30/07/2010
2010011712;1;1;1;1;3;130;08/08/2010
2010011713;1;1;1;1;2;130;22/08/2010
2010011714;1;2;1;1;1;130;28/08/2010
2010011715;2;1;1;1;7;130;12/09/2010
2010011716;1;1;1;1;2;130;14/09/2010
2010011717;3;1;1;1;1;130;29/09/2010
2010011718;1;2;1;1;3;130;28/09/2010
2010011719;2;1;1;1;6;130;04/10/2010
2010011720;3;1;1;3;5;130;30/10/2010
2010011721;1;2;1;1;1;130;02/11/2010
2010011722;2;1;1;2;3;130;15/11/2010
2010011723;2;1;1;9;1;130;29/11/2010
2010011724;3;1;1;1;6;130;09/12/2010
2010011725;3;1;1;1;6;130;22/12/2010
2010011726;3;1;1;9;6;130;22/01/2010
2010011727;3;1;1;1;5;130;31/01/2010
2010011728;1;1;1;1;1;130;21/02/2010
2010011729;1;1;1;1;7;130;09/05/2010
2010011730;3;1;1;1;7;130;25/05/2010
2010011731;1;1;1;1;3;130;04/07/2010
2010011732;2;1;1;1;7;130;10/07/2010
2010011733;1;2;1;1;1;130;13/07/2010
2010011734;3;1;1;1;6;130;23/08/2010
2010011735;3;1;1;1;1;130;28/08/2010
2010011736;1;1;1;1;3;130;14/09/2010
2010011737;3;1;1;1;1;130;02/10/2010
2010011738;3;1;1;1;1;130;01/01/2010
2010011739;1;2;1;1;6;130;19/01/2010
2010011740;5;2;1;2;6;130;24/01/2010
2010011741;1;2;1;1;4;130;05/02/2010
2010011742;1;1;1;1;2;130;07/03/2010
2010011743;1;2;1;1;6;130;30/03/2010
2010011744;3;2;1;1;2;130;29/04/2010
2010011745;2;2;1;1;7;130;14/06/2010
2010011746;1;2;1;1;3;130;14/09/2010
2010011747;3;1;1;1;6;130;28/10/2010
2010011748;1;1;1;1;2;130;30/10/2010
2010011749;1;2;1;1;1;130;11/12/2010
2010011750;3;2;1;1;3;130;11/01/2010
2010011751;1;1;1;8;1;130;25/01/2010
2010011752;1;1;1;1;7;130;08/02/2010
2010011753;5;2;1;1;6;130;07/03/2010
2010011754;3;1;1;1;6;130;04/04/2010
2010011755;1;2;2;1;1;130;08/04/2010
2010011756;1;2;1;1;3;130;11/04/2010
2010011757;1;1;1;1;7;130;08/05/2010
2010011758;1;1;1;1;2;130;03/06/2010
2010011759;1;1;1;8;3;130;11/06/2010
2010011760;3;1;1;1;6;130;13/06/2010
2010011761;1;1;1;1;4;130;24/06/2010
2010011762;1;2;1;1;1;130;03/07/2010
2010011763;1;1;1;1;3;130;25/07/2010
2010011764;1;2;6;1;3;130;30/07/2010
2010011765;1;1;1;1;3;130;10/09/2010
2010011766;3;1;1;1;1;130;24/09/2010
2010011767;1;1;1;1;7;130;29/09/2010
2010011768;1;1;6;1;6;130;29/09/2010
2010011769;1;2;1;2;3;130;04/10/2010
2010011770;1;1;3;1;3;130;18/10/2010
2010011771;1;2;6;1;3;130;26/12/2010
2010011772;1;2;1;1;7;130;11/01/2010
2010011773;1;1;1;1;3;130;11/02/2010
2010011774;1;1;1;7;1;130;26/02/2010
2010011775;1;1;1;1;5;130;02/03/2010
2010011776;1;1;1;2;3;130;15/04/2010
2010011777;1;1;1;1;7;130;22/06/2010
2010011778;1;1;1;1;6;130;09/07/2010
2010011779;3;1;6;1;7;130;18/07/2010
2010011780;3;1;1;1;7;130;15/08/2010
2010011781;3;1;1;2;1;130;16/09/2010
2010011782;3;1;1;1;6;130;29/09/2010
2010011783;3;1;1;1;7;130;31/01/2010
2010011784;1;1;1;1;3;130;28/02/2010
2010011785;1;1;1;1;6;130;08/03/2010
2010011786;2;1;1;5;2;130;23/03/2010
2010011787;1;1;1;1;7;130;11/04/2010
2010011788;1;1;1;1;1;130;24/04/2010
2010011789;1;1;1;1;7;130;29/05/2010
2010011790;1;1;4;1;3;130;06/07/2010
2010011791;1;1;1;1;2;130;01/09/2010
2010011792;1;1;1;1;2;130;06/10/2010
2010011793;1;2;6;1;3;130;29/01/2010
2010011794;1;2;2;1;3;130;31/01/2010
2010011795;3;2;2;1;3;130;02/03/2010
2010011796;2;2;1;1;2;130;26/03/2010
2010011797;1;1;9;1;3;130;06/04/2010
2010011798;2;1;1;1;3;130;25/04/2010
2010011799;1;2;1;1;6;130;03/07/2010
2010011800;5;2;6;1;7;130;22/07/2010
2010011801;1;2;1;1;3;130;28/07/2010
2010011802;3;1;1;1;6;130;31/07/2010
2010011803;5;2;1;1;3;130;17/08/2010
2010011804;3;1;1;1;6;130;31/08/2010
2010011805;1;1;1;1;1;130;04/09/2010
2010011806;3;1;1;1;6;130;12/09/2010
2010011807;1;1;1;1;3;130;16/10/2010
2010011808;1;1;2;1;3;130;09/11/2010
2010011809;1;1;1;1;6;130;24/11/2010
2010011810;1;1;1;4;2;130;07/03/2010
2010011811;5;2;1;1;6;130;24/01/2010
2010011812;1;2;1;4;3;130;12/02/2010
2010011813;1;1;1;1;5;130;11/03/2010
2010011814;1;1;1;1;4;130;24/04/2010
2010011815;1;2;1;1;2;130;09/06/2010
2010011816;1;1;1;1;6;130;12/06/2010
2010011817;1;1;1;1;3;130;23/06/2010
2010011818;1;1;1;1;1;130;23/06/2010
2010011819;2;1;1;1;6;130;28/06/2010
2010011820;1;1;1;1;6;130;21/07/2010
2010011821;1;1;1;1;7;130;29/07/2010
2010011822;3;1;1;1;3;130;30/07/2010
2010011823;1;1;1;1;6;130;29/07/2010
2010011824;1;1;1;1;1;130;03/08/2010
2010011825;5;2;1;1;1;130;13/10/2010
2010011826;1;1;1;1;6;130;14/10/2010
2010011827;1;2;1;1;6;130;28/12/2010
2010011828;1;1;1;8;5;130;27/01/2010
2010011829;1;2;1;8;1;130;22/02/2010
2010011830;3;2;1;1;6;130;03/03/2010
2010011831;3;1;1;1;6;130;19/03/2010
2010011832;1;2;2;1;3;130;23/03/2010
2010011833;2;2;1;1;6;130;18/06/2010
2010011834;1;1;1;1;6;130;30/08/2010
2010011835;3;1;1;1;6;130;18/09/2010
2010011836;3;1;1;1;6;130;30/09/2010
2010011837;1;1;1;1;6;130;29/10/2010
2010011838;1;2;1;1;2;130;05/11/2010
2010011839;1;1;3;1;3;130;22/11/2010
2010011840;1;2;1;1;6;130;11/12/2010
2010011841;3;1;1;1;1;130;04/06/2010
2010011842;1;1;1;1;7;130;25/06/2010
2010011843;3;1;1;1;6;130;06/08/2010
2010011844;1;1;1;1;7;130;24/08/2010
2010011845;1;1;1;1;7;130;19/09/2010
2010011846;3;1;1;8;5;130;16/01/2010
2010011847;1;1;1;1;1;130;01/02/2010
2010011848;1;1;1;1;3;130;07/02/2010
2010011849;1;1;1;7;3;130;09/04/2010
2010011850;1;1;1;1;3;130;13/06/2010
2010011851;1;1;1;1;1;130;20/07/2010
2010011852;1;1;1;1;3;130;17/10/2010
2010011853;1;1;1;1;6;130;14/03/2010
2010011854;1;1;1;1;3;130;20/05/2010
2010011855;1;1;1;1;6;130;13/06/2010
2010011856;1;1;1;1;3;130;12/06/2010
2010011857;1;2;1;1;3;130;01/07/2010
2010011858;1;1;1;1;1;130;27/08/2010
2010011859;2;1;1;1;3;130;10/09/2010
2010011860;1;2;1;1;6;130;24/09/2010
2010011861;1;1;1;2;1;130;05/12/2010
2010011862;3;1;1;1;1;130;15/01/2010
2010011863;5;2;1;1;3;130;29/01/2010
2010011864;1;2;1;1;5;130;20/02/2010
2010011865;1;1;1;1;7;130;13/03/2010
2010011866;1;2;1;1;1;130;05/08/2010
2010011867;1;2;1;1;6;130;09/08/2010
2010011868;1;2;1;1;1;130;16/03/2010
2010011869;1;2;1;1;3;130;27/05/2010
2010011870;1;2;1;1;1;130;13/03/2010
2010011871;1;2;9;1;6;130;22/04/2010
2010011872;1;1;1;1;3;130;22/05/2010
2010011873;5;1;2;1;3;130;23/05/2010
2010011874;1;2;3;1;3;130;16/06/2010
2010011875;1;1;1;1;2;130;21/09/2010
2010011876;1;1;1;1;2;130;24/09/2010
2010011877;1;2;1;7;1;130;26/09/2010
2010011878;5;1;1;1;6;130;14/01/2010
2010011879;1;2;1;1;6;130;23/01/2010
2010011880;1;1;1;1;6;130;25/01/2010
2010011881;1;1;1;2;1;130;06/02/2010
2010011882;5;2;1;1;1;130;31/01/2010
2010011883;1;2;1;1;6;130;12/03/2010
2010011884;5;2;1;1;4;130;17/03/2010
2010011885;1;2;1;8;6;130;23/03/2010
2010011886;1;1;1;1;1;130;29/03/2010
2010011887;1;1;1;1;1;130;05/05/2010
2010011888;1;2;6;1;2;130;13/06/2010
2010011889;1;1;1;6;6;130;20/06/2010
2010011890;1;2;1;1;2;130;24/06/2010
2010011891;1;1;1;1;3;130;04/07/2010
2010011892;1;1;1;1;3;130;28/07/2010
2010011893;1;1;1;2;1;130;02/08/2010
2010011894;1;1;1;1;7;130;08/08/2010
2010011895;1;1;1;1;1;130;28/08/2010
2010011896;1;2;1;1;7;130;28/08/2010
2010011897;1;1;1;1;2;130;03/09/2010
2010011898;1;1;1;1;3;130;11/09/2010
2010011899;1;1;8;1;3;130;26/09/2010
2010011900;1;1;1;1;2;130;05/11/2010
2010011901;1;1;1;1;6;130;09/11/2010
2010011902;1;1;1;3;5;130;20/11/2010
2010011903;3;1;1;1;6;130;06/01/2010
2010011904;1;2;6;1;1;130;02/05/2010
2010011905;1;1;1;1;1;130;02/07/2010
2010011906;1;1;1;1;5;130;30/07/2010
2010011907;1;1;1;1;1;130;02/08/2010
2010011908;2;1;1;1;1;130;05/11/2010
2010011909;2;2;1;3;1;130;22/03/2010
2010011910;1;1;1;1;1;130;27/05/2010
2010011911;1;1;1;1;7;130;11/07/2010
2010011912;3;1;1;1;6;130;21/09/2010
2010011913;1;1;1;1;1;130;22/10/2010
2010011914;3;2;6;1;6;130;05/11/2010
2010011915;1;1;1;1;3;130;09/11/2010
2010011916;1;2;1;1;3;130;09/11/2010
2010011917;3;1;1;5;1;130;05/01/2010
2010011918;3;1;1;1;1;130;17/03/2010
2010011919;1;1;1;2;1;130;05/05/2010
2010011920;1;1;1;1;4;130;03/06/2010
2010011921;1;1;1;1;1;130;06/06/2010
2010011922;1;1;1;1;3;130;06/06/2010
2010011923;2;1;1;1;1;130;17/07/2010
2010011924;2;1;1;1;4;130;05/08/2010
2010011925;3;1;1;1;7;130;12/08/2010
2010011926;1;2;1;1;6;130;30/08/2010
2010011927;3;1;2;1;1;130;09/09/2010
2010011928;3;1;1;1;7;130;26/09/2010
2010011929;3;1;1;1;2;130;20/10/2010
2010011930;2;1;1;1;3;130;13/11/2010
2010011931;3;1;2;1;5;130;03/12/2010
2010011932;1;1;1;1;1;130;23/03/2010
2010011933;1;2;1;1;1;130;04/04/2010
2010011934;1;1;9;1;2;130;15/04/2010
2010011935;1;1;1;1;1;130;15/05/2010
2010011936;1;2;1;1;3;130;01/06/2010
2010011937;1;2;1;1;1;130;18/08/2010
2010011938;5;2;6;1;1;130;04/10/2010
2010011939;1;2;1;1;3;130;12/10/2010
2010011940;1;2;2;1;3;130;08/12/2010
2010011941;3;1;1;1;6;130;11/02/2010
2010011942;1;1;1;1;6;130;26/03/2010
2010011943;1;2;1;1;6;130;11/07/2010
2010011944;1;1;3;1;1;130;24/07/2010
2010011945;1;1;1;1;1;130;15/08/2010
2010011946;2;2;1;1;1;130;22/08/2010
2010011947;1;1;1;1;2;130;11/09/2010
2010011948;1;1;1;1;1;130;24/09/2010
2010011949;1;2;1;1;7;130;02/11/2010
2010011950;3;1;1;2;6;130;23/12/2010
2010011951;1;1;1;1;1;40;15/07/2010
2010011952;1;1;1;1;6;40;19/08/2010
2010011953;1;2;1;1;2;40;08/09/2010
2010011954;1;1;1;1;6;40;04/11/2010
2010011955;1;2;1;1;1;40;09/11/2010
2010011956;1;1;1;1;1;40;16/12/2010
2010011957;1;1;1;4;2;40;26/12/2010
2010011958;3;1;1;2;6;40;04/05/2010
2010011959;2;1;1;1;1;40;13/05/2010
2010011960;3;1;1;2;6;40;20/08/2010
2010011961;1;1;1;1;7;40;11/11/2010
2010011962;1;1;1;1;5;40;10/04/2010
2010011963;2;1;1;1;1;40;22/07/2010
2010011964;1;1;1;1;3;40;04/08/2010
2010011965;2;1;1;1;2;40;12/08/2010
2010011966;3;1;1;1;3;40;20/08/2010
2010011967;3;2;1;1;1;40;18/10/2010
2010011968;1;2;1;2;3;40;24/10/2010
2010011969;2;1;1;9;6;40;16/12/2010
2010011970;1;1;1;1;7;40;12/09/2010
2010011971;1;1;1;1;7;40;13/09/2010
2010011972;1;1;1;1;6;40;12/09/2010
2010011973;1;1;1;1;1;40;11/07/2010
2010011974;1;1;1;1;3;40;17/07/2010
2010011975;1;1;1;1;6;40;20/07/2010
2010011976;1;1;1;1;7;40;04/09/2010
2010011977;2;1;1;1;7;40;08/08/2010
2010011978;1;1;1;1;7;40;13/08/2010
2010011979;2;1;1;1;7;40;17/08/2010
2010011980;1;1;1;1;3;40;21/08/2010
2010011981;1;1;1;1;6;40;26/11/2010
2010011982;1;1;1;1;6;40;25/04/2010
2010011983;1;1;1;1;7;40;29/06/2010
2010011984;1;1;1;8;6;40;14/08/2010
2010011985;1;1;1;1;1;40;16/12/2010
2010011986;1;2;1;1;6;40;01/03/2010
2010011987;1;1;1;1;7;40;11/04/2010
2010011988;3;2;1;1;7;40;05/04/2010
2010011989;1;1;1;1;6;40;30/07/2010
2010011990;1;1;1;4;7;40;27/11/2010
2010011991;3;1;1;1;7;40;27/06/2010
2010011992;1;2;9;1;3;40;29/06/2010
2010011993;1;1;1;1;1;40;25/07/2010
2010011994;1;2;1;1;7;40;16/09/2010
2010011995;1;1;1;1;6;40;24/09/2010
2010011996;2;1;1;1;3;40;03/02/2010
2010011997;1;1;1;1;3;40;06/03/2010
2010011998;1;2;1;1;2;40;17/03/2010
2010011999;1;2;1;1;6;40;03/05/2010
2010012000;1;1;1;1;6;40;23/05/2010
2010012001;1;1;1;1;7;40;30/05/2010
2010012002;5;2;1;1;6;40;27/06/2010
2010012003;1;2;1;1;3;40;16/07/2010
2010012004;1;1;1;1;1;40;26/07/2010
2010012005;1;1;1;1;3;40;26/09/2010
2010012006;3;1;1;1;6;40;25/10/2010
2010012007;1;1;1;1;4;40;06/11/2010
2010012008;1;1;1;1;2;40;05/11/2010
2010012009;1;1;1;1;6;40;07/11/2010
2010012010;1;2;1;8;6;40;30/11/2010
2010012011;3;1;1;1;7;40;30/06/2010
2010012012;1;1;2;1;3;40;16/08/2010
2010012013;1;1;9;1;7;40;13/11/2010
2010012014;1;2;1;1;3;40;12/02/2010
2010012015;3;1;1;1;1;40;14/03/2010
2010012016;1;2;6;1;6;40;29/04/2010
2010012017;3;2;1;1;6;40;29/04/2010
2010012018;1;2;1;1;3;40;12/05/2010
2010012019;1;2;1;1;3;40;25/06/2010
2010012020;1;2;9;1;2;40;12/07/2010
2010012021;1;2;1;1;3;40;03/08/2010
2010012022;1;2;1;1;3;40;08/09/2010
2010012023;1;2;1;1;6;40;06/11/2010
2010012024;1;2;1;1;3;40;25/11/2010
2010012025;1;1;1;8;1;40;06/01/2010
2010012026;2;1;1;1;1;40;14/01/2010
2010012027;1;1;1;2;1;40;25/04/2010
2010012028;1;1;1;1;6;40;09/06/2010
2010012029;1;1;1;1;3;40;20/06/2010
2010012030;1;2;1;1;1;40;07/09/2010
2010012031;1;2;1;1;3;40;05/10/2010
2010012032;5;1;1;1;6;40;06/11/2010
2010012033;1;1;1;1;2;40;24/11/2010
2010012034;2;1;1;1;1;40;08/07/2010
2010012035;1;2;1;1;6;40;12/07/2010
2010012036;3;1;1;9;6;50;31/01/2010
2010012037;1;1;3;8;6;50;20/08/2010
2010012038;1;1;3;2;3;50;30/08/2010
2010012039;3;1;1;2;5;50;04/02/2010
2010012040;2;1;1;8;6;50;18/03/2010
2010012041;5;2;1;1;6;50;10/04/2010
2010012042;1;1;1;1;6;50;24/06/2010
2010012043;1;1;1;1;1;50;23/07/2010
2010012044;1;1;1;1;4;50;20/10/2010
2010012045;1;1;2;1;5;50;12/12/2010
2010012046;3;1;1;1;6;50;21/05/2010
2010012047;1;1;1;1;3;50;06/04/2010
2010012048;3;1;1;1;3;50;10/04/2010
2010012049;1;1;1;8;7;50;30/04/2010
2010012050;1;1;1;2;1;50;25/06/2010
2010012051;3;1;2;1;3;50;11/10/2010
2010012052;3;1;1;2;1;50;22/12/2010
2010012053;3;1;1;1;1;50;18/08/2010
2010012054;1;1;1;1;6;50;13/05/2010
2010012055;1;1;1;1;6;50;25/05/2010
2010012056;1;1;3;1;3;50;30/07/2010
2010012057;1;1;1;1;1;50;25/10/2010
2010012058;2;1;1;8;6;50;21/12/2010
2010012059;1;1;1;1;5;50;30/06/2010
2010012060;1;1;3;1;3;50;16/07/2010
2010012061;1;2;1;1;1;50;17/11/2010
2010012062;1;2;3;1;3;50;13/06/2010
2010012063;1;2;1;8;5;50;18/02/2010
2010012064;1;1;1;1;7;50;11/07/2010
2010012065;1;1;1;1;5;50;03/07/2010
2010012066;1;1;3;1;5;50;31/07/2010
2010012067;5;2;1;1;6;50;24/08/2010
2010012068;1;1;1;1;5;50;24/08/2010
2010012069;1;1;1;1;7;50;30/09/2010
2010012070;1;1;1;1;1;50;30/10/2010
2010012071;1;1;1;1;6;50;29/05/2010
2010012072;1;1;1;1;6;50;05/06/2010
2010012073;1;1;1;1;6;50;23/08/2010
2010012074;1;1;3;1;2;50;21/06/2010
2010012075;3;1;1;1;1;50;28/08/2010
2010012076;3;1;1;1;5;50;08/09/2010
2010012077;3;1;1;1;5;50;13/04/2010
2010012078;1;1;3;1;3;50;23/08/2010
2010012079;1;1;1;1;6;50;28/08/2010
2010012080;2;1;1;8;1;50;07/12/2010
2010012081;5;2;1;1;3;60;16/02/2010
2010012082;1;1;1;1;1;60;17/03/2010
2010012083;2;1;1;2;1;60;23/04/2010
2010012084;1;2;1;1;6;60;15/05/2010
2010012085;1;1;1;1;3;60;15/05/2010
2010012086;1;2;1;1;1;60;11/06/2010
2010012087;5;2;1;1;6;60;21/06/2010
2010012088;1;1;1;1;1;60;24/06/2010
2010012089;1;1;1;1;1;60;29/06/2010
2010012090;1;2;1;1;6;60;29/06/2010
2010012091;1;2;1;1;5;60;30/06/2010
2010012092;1;2;1;1;1;60;04/07/2010
2010012093;1;2;6;1;3;60;10/07/2010
2010012094;1;1;1;1;7;60;16/07/2010
2010012095;5;2;1;1;6;60;26/08/2010
2010012096;1;1;1;1;1;60;21/09/2010
2010012097;1;1;1;1;4;60;28/10/2010
2010012098;3;1;1;1;6;60;29/01/2010
2010012099;3;1;1;1;6;60;05/02/2010
2010012100;5;1;6;1;6;60;08/02/2010
2010012101;5;1;1;3;6;60;17/02/2010
2010012102;1;2;1;1;1;60;28/02/2010
2010012103;3;1;1;1;1;60;25/03/2010
2010012104;1;1;1;1;1;60;31/03/2010
2010012105;1;1;1;2;1;60;01/04/2010
2010012106;1;2;1;1;1;60;01/04/2010
2010012107;5;1;1;1;6;60;04/04/2010
2010012108;1;1;1;1;1;60;22/05/2010
2010012109;1;1;1;1;3;60;22/05/2010
2010012110;1;1;1;1;6;60;22/05/2010
2010012111;1;1;1;1;1;60;25/06/2010
2010012112;1;1;1;1;1;60;24/06/2010
2010012113;1;1;1;1;1;60;16/07/2010
2010012114;1;2;1;1;6;60;16/08/2010
2010012115;1;1;1;1;2;60;22/08/2010
2010012116;1;1;1;1;7;60;24/08/2010
2010012117;1;1;1;1;5;60;22/08/2010
2010012118;3;2;1;5;6;60;24/12/2010
2010012119;3;1;1;1;1;60;06/03/2010
2010012120;1;1;1;1;6;60;17/04/2010
2010012121;1;2;1;1;1;60;08/06/2010
2010012122;1;1;1;1;5;60;29/08/2010
2010012123;2;1;1;2;1;60;17/09/2010
2010012124;3;1;1;8;6;60;20/05/2010
2010012125;1;1;1;7;2;60;08/08/2010
2010012126;1;1;1;1;7;60;26/09/2010
2010012127;1;1;1;8;1;60;15/12/2010
2010012128;1;2;9;1;3;60;28/01/2010
2010012129;5;1;1;1;6;60;07/03/2010
2010012130;1;2;1;1;3;60;09/07/2010
2010012131;1;1;1;7;3;60;31/08/2010
2010012132;1;2;6;7;6;60;31/08/2010
2010012133;1;2;1;1;1;60;03/10/2010
2010012134;5;2;1;2;6;60;30/10/2010
2010012135;5;2;6;1;6;60;08/11/2010
2010012136;4;1;1;2;3;60;05/12/2010
2010012137;1;2;6;1;2;60;07/04/2010
2010012138;5;2;1;1;6;60;06/06/2010
2010012139;5;2;1;1;3;60;22/10/2010
2010012140;1;2;1;1;5;60;16/01/2010
2010012141;5;2;1;1;3;60;06/02/2010
2010012142;1;2;1;1;2;60;31/01/2010
2010012143;1;2;1;1;7;60;15/02/2010
2010012144;1;2;1;1;3;60;05/03/2010
2010012145;1;2;1;1;3;60;28/03/2010
2010012146;1;2;1;2;1;60;04/04/2010
2010012147;5;2;1;1;6;60;17/04/2010
2010012148;1;2;1;1;1;60;27/04/2010
2010012149;5;1;1;1;6;60;08/05/2010
2010012150;1;1;1;8;3;60;28/05/2010
2010012151;2;2;1;1;2;60;02/06/2010
2010012152;1;2;1;1;1;60;07/06/2010
2010012153;1;2;1;1;6;60;02/06/2010
2010012154;1;1;1;1;3;60;09/06/2010
2010012155;1;2;9;1;3;60;12/06/2010
2010012156;1;2;1;1;3;60;23/06/2010
2010012157;1;2;1;1;3;60;28/06/2010
2010012158;1;1;1;1;3;60;28/06/2010
2010012159;1;2;1;1;3;60;01/07/2010
2010012160;1;1;1;1;3;60;04/07/2010
2010012161;1;2;1;1;1;60;13/07/2010
2010012162;1;1;1;1;1;60;19/07/2010