num_acc;lum;agg;inter;atm;col;dep;date
2010012163;1;2;1;1;3;60;20/07/2010
2010012164;1;2;1;1;6;60;19/07/2010
2010012165;5;2;1;1;4;60;21/07/2010
2010012166;1;1;1;7;3;60;28/07/2010
2010012167;1;2;1;1;3;60;02/08/2010
2010012168;1;1;9;1;3;60;11/08/2010
2010012169;1;2;9;1;3;60;04/08/2010
2010012170;2;2;1;1;1;60;19/08/2010
2010012171;5;2;1;1;6;60;14/09/2010
2010012172;1;2;1;1;3;60;25/09/2010
2010012173;2;2;1;2;1;60;11/10/2010
2010012174;1;2;1;1;5;60;12/10/2010
2010012175;1;1;1;1;1;60;10/11/2010
2010012176;1;1;1;1;1;60;02/12/2010
2010012177;1;1;1;1;6;60;09/12/2010
2010012178;2;2;1;1;3;60;12/01/2010
2010012179;2;2;1;2;6;60;13/01/2010
2010012180;1;2;1;1;3;60;18/01/2010
2010012181;1;2;1;1;1;60;19/03/2010
2010012182;1;2;1;1;2;60;19/03/2010
2010012183;5;2;1;3;6;60;21/03/2010
2010012184;1;2;1;1;3;60;24/03/2010
2010012185;1;2;1;1;7;60;27/03/2010
2010012186;1;1;1;1;3;60;02/05/2010
2010012187;1;2;1;1;3;60;10/05/2010
2010012188;1;1;1;1;1;60;17/05/2010
2010012189;1;2;1;7;6;60;25/05/2010
2010012190;1;2;1;1;1;60;30/05/2010
2010012191;1;2;1;1;6;60;01/06/2010
2010012192;1;2;1;1;2;60;26/06/2010
2010012193;1;1;1;1;6;60;05/07/2010
2010012194;1;2;1;1;1;60;09/07/2010
2010012195;1;2;1;1;6;60;19/07/2010
2010012196;5;2;1;1;1;60;21/07/2010
2010012197;1;1;1;1;1;60;05/08/2010
2010012198;1;2;1;1;3;60;11/08/2010
2010012199;5;1;1;1;3;60;16/08/2010
2010012200;1;2;1;1;2;60;31/08/2010
2010012201;1;2;1;1;1;60;16/09/2010
2010012202;1;2;1;1;3;60;20/09/2010
2010012203;3;2;1;1;1;60;20/10/2010
2010012204;1;1;1;1;6;60;23/10/2010
2010012205;1;2;1;2;1;60;25/10/2010
2010012206;5;2;1;1;6;60;12/11/2010
2010012207;2;2;1;1;1;60;30/11/2010
2010012208;1;1;1;1;1;60;09/12/2010
2010012209;1;2;1;1;6;60;08/02/2010
2010012210;1;1;1;1;1;60;28/02/2010
2010012211;1;2;1;1;1;60;02/04/2010
2010012212;1;2;1;4;1;60;14/01/2010
2010012213;3;2;1;1;6;60;29/01/2010
2010012214;1;1;1;1;6;60;13/06/2010
2010012215;1;1;1;1;1;60;10/07/2010
2010012216;1;1;1;1;7;60;05/08/2010
2010012217;2;2;1;1;6;60;09/08/2010
2010012218;1;1;1;1;1;60;11/09/2010
2010012219;1;1;1;1;1;60;17/01/2010
2010012220;5;2;1;1;6;60;10/03/2010
2010012221;5;2;1;1;7;60;30/05/2010
2010012222;1;1;9;7;3;60;25/06/2010
2010012223;1;2;1;1;3;60;24/07/2010
2010012224;1;2;1;1;6;60;09/09/2010
2010012225;1;1;1;2;1;60;13/09/2010
2010012226;1;2;1;1;7;60;18/09/2010
2010012227;1;2;1;1;1;60;19/09/2010
2010012228;1;2;1;1;6;60;26/10/2010
2010012229;1;1;1;1;1;60;23/11/2010
2010012230;3;1;1;2;7;60;07/12/2010
2010012231;1;1;1;1;1;60;27/01/2010
2010012232;3;1;1;2;4;60;15/02/2010
2010012233;1;1;1;1;2;60;04/03/2010
2010012234;3;1;1;1;6;60;10/04/2010
2010012235;1;1;1;1;5;60;25/04/2010
2010012236;1;1;2;1;3;60;28/04/2010
2010012237;5;2;1;1;7;60;08/06/2010
2010012238;3;1;1;1;6;60;12/06/2010
2010012239;1;2;1;1;3;60;12/06/2010
2010012240;1;1;9;1;3;60;18/06/2010
2010012241;1;2;1;1;6;60;18/07/2010
2010012242;1;2;1;1;3;60;23/07/2010
2010012243;1;2;6;1;3;60;18/08/2010
2010012244;1;1;1;1;1;60;30/08/2010
2010012245;1;2;1;1;6;60;13/09/2010
2010012246;1;1;1;1;1;60;01/10/2010
2010012247;1;1;1;2;5;60;04/10/2010
2010012248;1;2;1;1;6;60;26/10/2010
2010012249;5;1;1;1;2;60;13/11/2010
2010012250;3;1;1;4;6;60;11/02/2010
2010012251;1;1;1;1;1;60;23/08/2010
2010012252;1;1;1;1;1;60;29/08/2010
2010012253;1;1;1;1;1;60;29/11/2010
2010012254;1;1;1;1;6;60;10/12/2010
2010012255;1;1;1;3;1;60;01/05/2010
2010012256;1;1;1;1;7;60;18/05/2010
2010012257;1;2;1;1;2;60;31/05/2010
2010012258;1;1;1;1;6;60;01/07/2010
2010012259;1;1;1;1;6;60;22/08/2010
2010012260;2;1;1;1;1;60;23/08/2010
2010012261;4;1;1;1;6;60;08/09/2010
2010012262;1;1;1;1;7;60;10/09/2010
2010012263;1;2;1;7;7;60;28/09/2010
2010012264;1;1;1;1;6;60;07/11/2010
2010012265;3;1;1;1;6;60;03/12/2010
2010012266;3;2;1;1;6;60;06/01/2010
2010012267;1;2;1;1;5;60;16/05/2010
2010012268;5;2;1;1;6;60;18/05/2010
2010012269;1;2;1;1;6;60;19/07/2010
2010012270;1;2;1;1;6;60;19/07/2010
2010012271;1;1;1;1;2;60;29/07/2010
2010012272;5;2;1;1;6;60;31/08/2010
2010012273;1;2;1;1;6;60;10/09/2010
2010012274;1;2;1;1;5;60;15/09/2010
2010012275;1;1;1;2;1;60;18/11/2010
2010012276;1;1;1;3;7;60;23/12/2010
2010012277;1;1;1;1;1;60;02/07/2010
2010012278;1;1;1;1;5;60;02/08/2010
2010012279;1;1;1;1;1;60;03/10/2010
2010012280;1;1;1;1;6;60;16/10/2010
2010012281;1;1;1;1;2;60;21/10/2010
2010012282;1;1;1;4;1;60;19/02/2010
2010012283;1;1;1;1;7;60;22/05/2010
2010012284;1;1;1;1;7;60;23/05/2010
2010012285;3;1;1;3;6;60;13/08/2010
2010012286;2;1;1;1;1;60;22/08/2010
2010012287;1;1;1;1;1;60;12/10/2010
2010012288;1;1;1;1;7;60;22/09/2010
2010012289;1;1;1;1;3;60;06/10/2010
2010012290;1;1;1;1;1;60;12/10/2010
2010012291;1;1;1;1;1;830;21/07/2010
2010012292;1;1;1;1;1;830;20/01/2010
2010012293;1;1;1;1;5;830;27/02/2010
2010012294;1;1;1;1;3;830;12/03/2010
2010012295;1;2;1;2;6;830;21/03/2010
2010012296;1;1;3;1;2;830;21/05/2010
2010012297;1;1;9;1;1;830;23/05/2010
2010012298;3;1;1;1;1;830;29/05/2010
2010012299;1;2;1;1;6;830;24/07/2010
2010012300;1;2;1;1;5;830;24/07/2010
2010012301;2;1;1;1;3;830;13/08/2010
2010012302;1;1;1;8;4;830;04/10/2010
2010012303;3;1;1;8;6;830;13/01/2010
2010012304;1;1;1;1;6;830;02/02/2010
2010012305;1;2;1;1;1;830;08/02/2010
2010012306;1;1;1;1;7;830;20/05/2010
2010012307;1;1;1;1;6;830;27/06/2010
2010012308;1;1;1;1;7;830;27/06/2010
2010012309;1;1;1;1;6;830;14/07/2010
2010012310;1;1;1;1;2;830;14/09/2010
2010012311;1;1;1;1;6;830;16/10/2010
2010012312;3;1;1;1;6;830;19/11/2010
2010012313;1;1;1;1;2;830;13/05/2010
2010012314;1;1;1;1;3;830;24/05/2010
2010012315;3;1;1;1;6;830;24/06/2010
2010012316;1;2;1;1;3;830;21/07/2010
2010012317;1;1;1;1;1;830;03/08/2010
2010012318;1;1;1;1;1;830;12/08/2010
2010012319;5;2;1;3;7;830;21/11/2010
2010012320;1;1;1;1;6;830;22/11/2010
2010012321;1;1;1;1;3;830;31/12/2010
2010012322;1;2;1;1;1;830;13/01/2010
2010012323;5;2;1;1;3;830;29/01/2010
2010012324;1;2;1;1;1;830;30/01/2010
2010012325;1;1;1;1;3;830;18/03/2010
2010012326;1;1;1;2;7;830;22/03/2010
2010012327;1;1;1;1;6;830;25/05/2010
2010012328;1;1;1;1;3;830;01/06/2010
2010012329;1;1;1;1;1;830;25/08/2010
2010012330;1;1;3;1;3;830;23/09/2010
2010012331;1;1;1;1;6;830;29/11/2010
2010012332;1;2;3;1;3;830;15/12/2010
2010012333;1;1;1;1;1;830;05/01/2010
2010012334;3;1;1;9;1;830;09/01/2010
2010012335;1;2;1;1;3;830;24/03/2010
2010012336;3;1;1;1;6;830;14/04/2010
2010012337;1;2;1;1;2;830;17/04/2010
2010012338;3;1;1;1;6;830;17/04/2010
2010012339;1;1;1;1;7;830;18/04/2010
2010012340;1;2;1;1;6;830;18/04/2010
2010012341;1;1;1;1;7;830;02/06/2010
2010012342;1;2;3;1;1;830;11/06/2010
2010012343;2;1;1;1;7;830;02/07/2010
2010012344;3;1;1;1;6;830;14/08/2010
2010012345;1;1;1;1;6;830;19/09/2010
2010012346;5;2;1;1;7;830;22/09/2010
2010012347;1;1;1;2;1;830;11/10/2010
2010012348;3;1;1;1;3;830;18/10/2010
2010012349;1;1;1;1;1;830;25/10/2010
2010012350;3;2;9;3;6;830;31/10/2010
2010012351;3;1;1;1;6;830;03/11/2010
2010012352;1;1;1;1;5;830;23/11/2010
2010012353;1;1;1;1;6;830;04/06/2010
2010012354;1;2;1;1;1;830;22/06/2010
2010012355;1;1;1;1;3;830;11/07/2010
2010012356;1;1;1;1;7;830;24/07/2010
2010012357;1;1;1;1;6;830;26/07/2010
2010012358;1;1;1;1;1;830;03/08/2010
2010012359;1;1;1;7;1;830;05/10/2010
2010012360;3;1;1;3;6;830;05/10/2010
2010012361;1;2;1;1;6;830;12/01/2010
2010012362;1;1;1;1;1;830;03/02/2010
2010012363;1;1;1;1;2;830;17/03/2010
2010012364;1;1;1;1;1;830;11/04/2010
2010012365;2;1;1;2;3;830;23/04/2010
2010012366;1;2;1;1;6;830;27/05/2010
2010012367;1;1;1;1;6;830;11/06/2010
2010012368;1;2;1;1;2;830;12/06/2010
2010012369;1;2;6;1;2;830;22/06/2010
2010012370;1;2;1;1;6;830;07/07/2010
2010012371;1;1;1;1;1;830;09/07/2010
2010012372;1;2;1;1;1;830;18/07/2010
2010012373;1;1;1;1;5;830;19/07/2010
2010012374;1;2;1;1;3;830;27/07/2010
2010012375;1;2;1;1;6;830;05/08/2010
2010012376;1;2;1;1;6;830;08/08/2010
2010012377;1;1;1;1;7;830;25/08/2010
2010012378;1;1;1;1;6;830;03/09/2010
2010012379;1;1;1;1;7;830;05/09/2010
2010012380;1;1;1;1;7;830;09/09/2010
2010012381;1;1;9;1;7;830;09/09/2010
2010012382;1;1;1;1;3;830;26/10/2010
2010012383;1;1;1;1;3;830;06/11/2010
2010012384;3;1;1;2;1;830;17/12/2010
2010012385;1;1;1;2;6;830;30/12/2010
2010012386;1;1;1;8;5;830;31/12/2010
2010012387;1;1;1;1;6;830;08/03/2010
2010012388;1;1;1;1;1;830;10/04/2010
2010012389;3;1;1;1;6;830;16/05/2010
2010012390;1;2;1;1;6;830;28/05/2010
2010012391;1;1;1;1;6;830;07/08/2010
2010012392;1;1;1;1;1;830;08/08/2010
2010012393;1;1;1;1;6;830;20/08/2010
2010012394;2;2;1;1;7;830;06/10/2010
2010012395;1;1;1;1;3;830;09/11/2010
2010012396;1;1;1;1;5;830;21/01/2010
2010012397;1;2;1;8;3;830;15/02/2010
2010012398;1;2;1;1;6;830;11/06/2010
2010012399;1;1;1;1;6;830;03/07/2010
2010012400;1;1;1;1;6;830;12/11/2010
2010012401;3;1;1;1;5;830;19/01/2010
2010012402;1;1;1;1;1;830;30/04/2010
2010012403;1;2;1;1;1;830;04/05/2010
2010012404;3;1;1;1;3;830;11/05/2010
2010012405;1;1;1;1;7;830;14/05/2010
2010012406;1;1;9;1;2;830;14/05/2010
2010012407;1;1;1;1;3;830;15/05/2010
2010012408;1;1;1;1;2;830;03/06/2010
2010012409;1;1;1;1;7;830;18/06/2010
2010012410;1;1;1;1;3;830;23/06/2010
2010012411;1;1;1;1;6;830;06/07/2010
2010012412;1;2;1;1;1;830;06/07/2010
2010012413;1;2;1;1;1;830;13/07/2010
2010012414;1;1;1;1;1;830;20/07/2010
2010012415;5;2;1;1;1;830;21/07/2010
2010012416;1;2;1;1;6;830;26/07/2010
2010012417;1;1;1;1;3;830;04/08/2010
2010012418;1;1;1;1;3;830;31/08/2010
2010012419;1;2;1;1;6;830;02/09/2010
2010012420;1;1;1;1;7;830;01/10/2010
2010012421;3;1;1;1;7;830;23/10/2010
2010012422;1;1;1;1;7;830;17/11/2010
2010012423;1;1;1;9;5;830;09/01/2010
2010012424;3;1;3;8;3;830;13/01/2010
2010012425;3;1;6;1;7;830;07/02/2010
2010012426;1;1;3;1;4;830;14/03/2010
2010012427;3;1;6;1;6;830;21/03/2010
2010012428;3;1;1;3;6;830;22/03/2010
2010012429;2;1;1;2;3;830;22/03/2010
2010012430;1;1;1;2;3;830;16/04/2010
2010012431;1;1;1;1;3;830;28/04/2010
2010012432;1;1;1;1;7;830;09/05/2010
2010012433;1;1;1;1;7;830;18/05/2010
2010012434;1;1;1;1;1;830;24/05/2010
2010012435;1;1;1;1;5;830;31/05/2010
2010012436;1;1;1;1;1;830;09/06/2010
2010012437;1;1;1;1;1;830;10/06/2010
2010012438;3;1;1;1;6;830;19/06/2010
2010012439;1;1;1;1;5;830;01/07/2010
2010012440;1;2;1;1;1;830;03/07/2010
2010012441;1;2;1;1;1;830;06/07/2010
2010012442;1;1;1;1;5;830;29/07/2010
2010012443;2;2;1;1;6;830;16/08/2010
2010012444;1;1;9;1;7;830;21/08/2010
2010012445;1;1;1;1;1;830;07/09/2010
2010012446;1;1;1;1;3;830;09/09/2010
2010012447;3;1;1;1;3;830;17/09/2010
2010012448;1;1;2;1;5;830;24/09/2010
2010012449;5;1;1;1;3;830;13/10/2010
2010012450;5;2;1;1;6;830;26/10/2010
2010012451;1;1;1;1;1;830;28/10/2010
2010012452;1;1;9;1;5;830;18/11/2010
2010012453;1;1;1;8;3;830;25/11/2010
2010012454;2;1;1;2;6;830;04/12/2010
2010012455;1;1;1;1;7;830;08/12/2010
2010012456;5;2;9;1;6;830;30/12/2010
2010012457;3;1;1;1;6;830;30/01/2010
2010012458;1;2;1;1;3;830;01/02/2010
2010012459;1;2;1;1;3;830;10/04/2010
2010012460;3;1;1;1;7;830;11/06/2010
2010012461;1;2;1;1;6;830;14/06/2010
2010012462;5;2;1;1;6;830;07/07/2010
2010012463;1;2;1;1;1;830;08/07/2010
2010012464;1;1;1;1;1;830;09/07/2010
2010012465;3;1;1;1;3;830;17/07/2010
2010012466;1;1;1;1;6;830;08/08/2010
2010012467;1;1;1;1;3;830;12/08/2010
2010012468;1;1;1;1;1;830;12/08/2010
2010012469;3;1;1;1;6;830;02/10/2010
2010012470;1;1;1;1;3;830;12/10/2010
2010012471;1;2;1;1;3;830;27/10/2010
2010012472;3;1;1;3;6;830;21/11/2010
2010012473;1;2;1;1;1;830;24/04/2010
2010012474;1;1;1;1;2;830;01/05/2010
2010012475;1;2;1;1;7;830;16/05/2010
2010012476;1;1;1;1;3;830;29/05/2010
2010012477;1;1;1;1;3;830;24/07/2010
2010012478;1;1;1;1;6;830;27/07/2010
2010012479;5;2;1;1;6;830;14/08/2010
2010012480;1;2;1;1;1;830;23/08/2010
2010012481;3;1;1;1;6;830;24/08/2010
2010012482;1;1;1;1;2;830;24/08/2010
2010012483;5;2;1;1;3;830;09/10/2010
2010012484;3;1;1;1;7;830;07/11/2010
2010012485;1;2;1;1;6;830;12/01/2010
2010012486;5;1;1;2;6;830;17/01/2010
2010012487;1;1;1;1;3;830;12/03/2010
2010012488;1;1;1;1;7;830;28/03/2010
2010012489;1;1;1;1;3;830;12/04/2010
2010012490;1;2;1;1;6;830;15/04/2010
2010012491;1;2;1;1;6;830;29/04/2010
2010012492;1;2;1;1;6;830;01/05/2010
2010012493;1;2;1;1;1;830;03/05/2010
2010012494;1;1;1;8;7;830;04/05/2010
2010012495;1;1;1;1;3;830;20/05/2010
2010012496;1;1;1;1;3;830;22/05/2010
2010012497;3;1;1;1;1;830;23/05/2010
2010012498;3;1;1;1;6;830;24/05/2010
2010012499;1;1;1;2;2;830;28/05/2010
2010012500;1;1;1;1;1;830;29/05/2010
2010012501;1;1;1;1;3;830;04/06/2010
2010012502;1;1;1;1;3;830;05/06/2010
2010012503;1;1;1;1;6;830;05/06/2010
2010012504;5;1;1;1;3;830;13/06/2010
2010012505;5;1;1;1;3;830;13/06/2010
2010012506;1;2;1;3;1;830;15/06/2010
2010012507;1;1;1;1;1;830;17/06/2010
2010012508;1;1;1;1;6;830;11/07/2010
2010012509;2;1;1;1;2;830;12/07/2010
2010012510;5;1;1;1;3;830;13/07/2010
2010012511;2;1;1;1;7;830;17/07/2010
2010012512;1;2;6;1;3;830;21/07/2010
2010012513;5;1;1;1;4;830;08/08/2010
2010012514;2;1;1;1;3;830;07/08/2010
2010012515;5;1;1;1;1;830;13/08/2010
2010012516;1;1;1;1;3;830;17/08/2010
2010012517;3;1;1;1;7;830;02/09/2010
2010012518;1;1;1;1;3;830;02/09/2010
2010012519;1;1;9;1;3;830;05/09/2010
2010012520;1;1;1;1;1;830;22/10/2010
2010012521;5;1;1;1;6;830;29/10/2010
2010012522;5;1;1;1;7;830;04/11/2010
2010012523;3;1;9;1;7;830;08/12/2010
2010012524;1;2;1;1;3;830;13/04/2010
2010012525;1;1;1;1;6;830;26/07/2010
2010012526;3;1;1;5;7;830;05/11/2010
2010012527;5;2;1;2;1;830;03/01/2010
2010012528;1;2;1;1;3;830;18/03/2010
2010012529;5;2;1;1;6;830;03/04/2010
2010012530;1;1;9;1;1;830;17/04/2010
2010012531;5;1;1;2;6;830;02/05/2010
2010012532;5;1;1;1;7;830;14/05/2010
2010012533;2;1;1;1;1;830;15/05/2010
2010012534;1;2;1;1;3;830;22/05/2010
2010012535;1;1;1;1;1;830;22/05/2010
2010012536;1;1;1;1;1;830;09/07/2010
2010012537;1;2;1;1;3;830;14/07/2010
2010012538;1;2;1;1;3;830;27/07/2010
2010012539;5;1;9;1;1;830;13/08/2010
2010012540;1;2;1;1;1;830;23/08/2010
2010012541;5;2;1;1;3;830;02/09/2010
2010012542;1;1;1;1;3;830;25/09/2010
2010012543;2;1;1;1;1;830;18/11/2010
2010012544;1;1;1;1;2;830;18/04/2010
2010012545;5;1;1;1;7;830;12/06/2010
2010012546;5;2;1;3;6;830;17/06/2010
2010012547;5;2;1;1;6;830;25/06/2010
2010012548;1;1;1;1;5;830;01/07/2010
2010012549;1;1;1;1;3;830;11/07/2010
2010012550;1;1;1;1;1;830;15/07/2010
2010012551;2;1;1;9;6;830;29/07/2010
2010012552;3;1;1;1;1;830;01/08/2010
2010012553;1;1;1;1;1;830;05/08/2010
2010012554;5;1;1;1;3;830;19/08/2010
2010012555;1;1;1;1;4;830;24/08/2010
2010012556;1;1;1;1;2;830;28/08/2010
2010012557;3;1;1;3;1;830;08/09/2010
2010012558;1;1;1;1;2;830;19/10/2010
2010012559;1;1;1;1;1;830;21/01/2010
2010012560;3;1;1;1;1;830;31/01/2010
2010012561;1;1;3;2;3;830;04/02/2010
2010012562;3;1;1;3;6;830;17/02/2010
2010012563;2;2;1;1;1;830;14/05/2010
2010012564;1;1;1;6;6;830;01/06/2010
2010012565;1;2;1;1;3;830;05/06/2010
2010012566;1;1;1;1;7;830;14/06/2010
2010012567;1;2;6;1;3;830;22/07/2010
2010012568;1;1;1;1;2;830;22/07/2010
2010012569;3;1;1;1;7;830;27/07/2010
2010012570;1;1;1;1;7;830;01/08/2010
2010012571;3;1;1;1;6;830;03/08/2010
2010012572;1;1;1;1;3;830;24/08/2010
2010012573;2;1;1;1;3;830;04/09/2010
2010012574;3;1;1;1;1;830;29/09/2010
2010012575;1;1;1;1;1;830;17/10/2010
2010012576;1;1;1;3;1;830;01/11/2010
2010012577;1;1;1;1;3;830;18/12/2010
2010012578;1;1;1;8;6;830;26/12/2010
2010012579;1;2;2;1;3;830;18/06/2010
2010012580;3;1;1;1;6;830;28/07/2010
2010012581;3;1;1;1;3;830;05/09/2010
2010012582;3;1;1;1;3;830;03/10/2010
2010012583;3;1;1;1;1;830;13/01/2010
2010012584;1;2;6;1;6;830;22/01/2010
2010012585;1;2;6;1;1;830;02/02/2010
2010012586;1;2;1;1;6;830;03/03/2010
2010012587;1;1;1;1;1;830;19/07/2010
2010012588;5;2;1;1;6;830;11/02/2010
2010012589;1;1;1;1;1;830;19/02/2010
2010012590;1;2;6;1;1;830;17/03/2010
2010012591;3;1;1;1;6;830;02/04/2010
2010012592;1;2;1;1;1;830;06/04/2010
2010012593;1;1;1;1;1;830;27/04/2010
2010012594;1;2;1;1;6;830;20/05/2010
2010012595;1;1;1;1;2;830;28/05/2010
2010012596;3;1;1;1;6;830;15/12/2010
2010012597;1;2;1;1;6;840;12/01/2010
2010012598;1;1;1;1;5;840;13/01/2010
2010012599;1;1;1;1;5;840;02/04/2010
2010012600;1;1;1;1;6;840;22/05/2010
2010012601;1;1;1;1;3;840;24/06/2010
2010012602;1;1;1;1;1;840;09/07/2010
2010012603;1;1;1;1;1;840;31/07/2010
2010012604;1;1;1;1;3;840;03/08/2010
2010012605;2;1;1;1;3;840;23/08/2010
2010012606;1;1;3;1;3;840;26/08/2010
2010012607;1;2;1;1;3;840;01/09/2010
2010012608;1;1;2;1;5;840;16/09/2010
2010012609;3;1;1;1;3;840;09/10/2010
2010012610;1;1;1;1;1;840;16/10/2010
2010012611;3;1;1;6;5;840;25/10/2010
2010012612;1;1;1;1;7;840;07/11/2010
2010012613;3;1;1;1;6;840;10/11/2010
2010012614;3;1;3;1;1;840;10/11/2010
2010012615;3;1;1;2;6;840;11/11/2010
2010012616;1;2;1;1;3;840;28/01/2010
2010012617;1;1;1;1;5;840;10/02/2010
2010012618;1;1;1;1;3;840;12/03/2010
2010012619;1;1;1;1;3;840;13/03/2010
2010012620;1;2;1;1;6;840;01/04/2010
2010012621;1;1;1;1;3;840;01/04/2010
2010012622;1;2;1;8;1;840;01/05/2010
2010012623;1;1;1;6;7;840;15/05/2010
2010012624;1;2;1;1;3;840;26/05/2010
2010012625;1;1;2;1;3;840;25/07/2010
2010012626;1;2;1;1;6;840;04/09/2010
2010012627;1;2;1;1;6;840;02/10/2010
2010012628;3;1;1;1;6;840;13/10/2010
2010012629;1;1;1;1;3;840;20/10/2010
2010012630;1;1;9;1;6;840;03/11/2010
2010012631;1;2;6;1;7;840;22/11/2010
2010012632;3;1;1;2;2;840;23/12/2010
2010012633;1;1;9;6;3;840;14/03/2010
2010012634;1;2;1;1;1;840;16/04/2010
2010012635;1;1;1;1;3;840;18/05/2010
2010012636;1;1;1;1;4;840;27/05/2010
2010012637;1;1;6;1;3;840;28/06/2010
2010012638;1;2;1;1;6;840;20/07/2010
2010012639;1;1;1;1;3;840;21/07/2010
2010012640;5;2;6;1;6;840;28/07/2010
2010012641;1;2;2;1;1;840;29/07/2010
2010012642;1;1;1;1;2;840;14/08/2010
2010012643;3;1;1;1;7;840;04/09/2010
2010012644;1;1;1;1;7;840;05/09/2010
2010012645;1;2;1;1;3;840;06/09/2010
2010012646;5;1;1;3;6;840;24/09/2010
2010012647;5;2;1;1;1;840;27/09/2010
2010012648;2;1;1;1;5;840;28/09/2010
2010012649;5;2;1;1;3;840;09/10/2010
2010012650;1;1;1;6;1;840;25/10/2010
2010012651;2;2;9;1;3;840;04/11/2010
2010012652;5;1;1;5;2;840;06/11/2010
2010012653;1;1;1;1;3;840;23/04/2010
2010012654;1;1;1;1;5;840;07/05/2010
2010012655;1;2;1;1;6;840;10/05/2010
2010012656;1;1;1;1;6;840;08/06/2010
2010012657;1;1;1;1;1;840;28/06/2010
2010012658;1;2;1;1;1;840;03/07/2010
2010012659;1;1;1;2;1;840;20/08/2010
2010012660;3;1;1;1;6;840;01/10/2010
2010012661;1;1;1;1;6;840;23/05/2010
2010012662;1;1;1;1;5;840;04/06/2010
2010012663;1;2;1;1;3;840;06/06/2010
2010012664;1;1;1;1;5;840;13/06/2010
2010012665;1;1;1;1;1;840;31/07/2010
2010012666;1;1;6;1;7;840;03/08/2010
2010012667;1;1;1;1;1;840;05/08/2010
2010012668;1;2;1;7;6;840;06/11/2010
2010012669;1;1;1;1;1;840;23/04/2010
2010012670;1;1;2;1;3;840;19/05/2010
2010012671;1;2;1;1;7;840;26/05/2010
2010012672;1;1;1;1;1;840;14/06/2010
2010012673;1;1;1;1;6;840;30/07/2010
2010012674;3;1;1;1;6;840;27/09/2010
2010012675;1;1;2;1;3;840;26/12/2010
2010012676;3;1;1;1;6;840;15/01/2010
2010012677;1;1;9;1;1;840;04/03/2010
2010012678;1;1;1;1;3;840;09/04/2010
2010012679;1;1;1;1;2;840;17/04/2010
2010012680;1;2;1;1;6;840;06/05/2010
2010012681;1;1;1;1;1;840;18/05/2010
2010012682;1;1;1;1;1;840;18/05/2010
2010012683;1;1;1;1;3;840;31/07/2010
2010012684;1;1;1;1;1;840;23/08/2010
2010012685;1;1;1;1;7;840;31/08/2010
2010012686;1;1;1;7;5;840;19/10/2010
2010012687;1;2;1;1;5;840;24/11/2010
2010012688;3;1;1;8;1;840;18/12/2010
2010012689;1;2;1;1;6;840;08/03/2010
2010012690;1;1;1;7;3;840;15/03/2010
2010012691;1;1;1;1;1;840;17/03/2010
2010012692;1;1;1;1;3;840;18/03/2010
2010012693;1;2;1;1;3;840;22/03/2010
2010012694;3;1;1;1;7;840;24/03/2010
2010012695;1;1;1;1;6;840;03/04/2010
2010012696;1;1;1;2;1;840;05/05/2010
2010012697;1;1;1;1;4;840;30/05/2010
2010012698;1;1;1;1;1;840;19/08/2010
2010012699;1;1;1;1;1;840;27/08/2010
2010012700;2;1;1;1;7;840;26/09/2010
2010012701;1;1;2;1;3;840;19/10/2010
2010012702;5;2;1;1;6;840;05/11/2010
2010012703;1;2;1;3;6;840;05/12/2010
2010012704;1;1;3;1;5;840;22/01/2010
2010012705;1;1;1;1;6;840;12/05/2010
2010012706;1;2;1;1;6;840;09/07/2010
2010012707;1;2;1;1;2;840;19/08/2010
2010012708;1;1;1;1;3;840;01/10/2010
2010012709;1;1;1;1;6;840;23/01/2010
2010012710;1;1;1;1;7;840;22/05/2010
2010012711;1;1;1;1;7;840;29/05/2010
2010012712;1;1;1;1;3;840;31/05/2010
2010012713;1;1;1;2;6;840;06/06/2010
2010012714;1;1;1;1;1;840;11/07/2010
2010012715;1;1;1;1;7;840;16/07/2010
2010012716;1;1;1;1;6;840;22/07/2010
2010012717;2;2;1;1;6;840;08/08/2010
2010012718;1;1;1;1;1;840;11/08/2010
2010012719;3;1;1;1;6;840;12/09/2010
2010012720;1;2;1;1;3;840;10/12/2010
2010012721;1;1;1;1;2;840;18/01/2010
2010012722;1;1;1;2;2;840;07/04/2010
2010012723;1;1;1;1;1;840;27/06/2010
2010012724;1;2;3;1;6;840;10/08/2010
2010012725;3;1;1;1;7;840;22/09/2010
2010012726;1;2;1;1;6;840;05/10/2010
2010012727;3;1;1;1;7;840;16/10/2010
2010012728;1;1;1;1;3;840;10/11/2010
2010012729;3;1;1;1;1;840;19/11/2010
2010012730;3;1;1;1;6;840;03/12/2010
2010012731;1;1;2;1;5;840;04/08/2010
2010012732;3;1;1;1;7;840;05/09/2010
2010012733;3;1;1;2;7;840;25/09/2010
2010012734;1;1;6;1;1;840;05/11/2010
2010012735;1;1;1;1;7;840;13/11/2010
2010012736;5;2;1;1;3;840;28/12/2010
2010012737;3;1;1;1;6;840;18/04/2010
2010012738;1;2;3;7;3;840;26/04/2010
2010012739;2;2;1;1;6;840;18/07/2010
2010012740;1;1;1;1;6;840;04/08/2010
2010012741;5;2;1;1;1;840;27/08/2010
2010012742;2;1;1;1;1;840;30/08/2010