num_acc;lum;agg;inter;atm;col;dep;date
2010014476;2;2;2;1;3;450;03/06/2010
2010014477;1;1;2;1;5;450;07/07/2010
2010014478;1;1;1;1;6;450;05/11/2010
2010014479;1;2;1;1;6;450;13/11/2010
2010014480;5;2;2;1;3;450;19/11/2010
2010014481;5;2;1;1;6;450;10/12/2010
2010014482;3;1;1;9;6;450;13/12/2010
2010014483;5;2;1;3;6;450;18/12/2010
2010014484;2;1;1;1;6;450;04/04/2010
2010014485;1;1;1;1;6;450;12/04/2010
2010014486;1;1;1;1;6;450;05/05/2010
2010014487;3;1;1;1;6;450;12/05/2010
2010014488;1;1;2;1;1;450;21/05/2010
2010014489;1;1;3;1;3;450;03/06/2010
2010014490;1;2;1;1;6;450;07/06/2010
2010014491;1;1;2;1;3;450;21/06/2010
2010014492;3;1;1;9;6;450;23/07/2010
2010014493;1;1;1;1;1;450;10/08/2010
2010014494;5;2;1;1;6;450;14/08/2010
2010014495;1;1;4;1;3;450;11/09/2010
2010014496;3;1;3;1;3;450;06/10/2010
2010014497;3;1;1;1;7;450;13/10/2010
2010014498;3;1;4;3;1;450;11/11/2010
2010014499;1;1;1;1;1;450;15/01/2010
2010014500;1;2;2;1;3;450;09/03/2010
2010014501;1;1;1;1;3;450;18/03/2010
2010014502;1;1;1;1;6;450;01/05/2010
2010014503;1;1;1;1;6;450;07/05/2010
2010014504;2;2;1;1;6;450;20/06/2010
2010014505;1;2;1;1;5;450;06/07/2010
2010014506;1;1;1;1;6;450;01/08/2010
2010014507;2;1;1;1;6;450;02/08/2010
2010014508;1;1;1;1;7;450;10/09/2010
2010014509;1;1;1;1;6;450;24/09/2010
2010014510;1;1;1;1;2;450;09/10/2010
2010014511;1;2;4;8;1;450;20/10/2010
2010014512;1;1;1;2;6;450;28/12/2010
2010014513;3;1;1;1;2;450;02/01/2010
2010014514;3;1;1;1;3;450;14/01/2010
2010014515;2;2;1;2;2;450;20/01/2010
2010014516;1;1;2;2;3;450;29/01/2010
2010014517;3;1;1;1;2;450;10/02/2010
2010014518;1;2;2;1;3;450;13/03/2010
2010014519;1;2;3;1;3;450;19/03/2010
2010014520;1;1;1;8;3;450;20/03/2010
2010014521;1;2;1;1;3;450;20/04/2010
2010014522;1;1;1;1;6;450;01/05/2010
2010014523;1;1;1;5;6;450;09/05/2010
2010014524;1;1;2;1;3;450;02/07/2010
2010014525;3;1;1;1;7;450;02/07/2010
2010014526;1;2;2;7;6;450;06/07/2010
2010014527;1;1;1;1;6;450;05/08/2010
2010014528;3;2;1;1;6;450;14/08/2010
2010014529;1;2;2;1;6;450;11/09/2010
2010014530;3;1;1;1;6;450;29/09/2010
2010014531;1;1;1;1;1;450;10/10/2010
2010014532;1;1;1;1;6;450;12/10/2010
2010014533;1;1;1;8;6;450;17/10/2010
2010014534;1;1;1;9;6;450;28/12/2010
2010014535;3;1;1;9;6;450;04/01/2010
2010014536;2;1;1;1;1;450;18/01/2010
2010014537;2;1;1;1;1;450;16/02/2010
2010014538;1;2;1;1;6;450;02/03/2010
2010014539;1;2;1;1;6;450;07/03/2010
2010014540;1;1;1;1;6;450;19/03/2010
2010014541;1;1;1;1;5;450;09/04/2010
2010014542;1;2;3;7;6;450;19/04/2010
2010014543;1;1;1;1;7;450;01/05/2010
2010014544;1;2;1;1;1;450;01/05/2010
2010014545;1;1;2;1;3;450;14/06/2010
2010014546;1;2;3;1;3;450;15/06/2010
2010014547;1;1;1;1;7;450;26/06/2010
2010014548;1;1;2;1;3;450;21/07/2010
2010014549;1;2;1;1;1;450;03/09/2010
2010014550;1;2;3;7;6;450;13/09/2010
2010014551;1;2;1;1;1;450;05/11/2010
2010014552;1;1;1;1;6;450;12/03/2010
2010014553;1;2;2;1;3;450;21/03/2010
2010014554;1;2;1;1;1;450;19/04/2010
2010014555;3;2;1;1;6;450;13/06/2010
2010014556;1;1;1;8;6;450;04/10/2010
2010014557;3;1;1;1;7;450;09/10/2010
2010014558;1;2;4;1;1;450;24/11/2010
2010014559;3;1;1;1;3;180;22/01/2010
2010014560;3;2;1;1;6;180;06/02/2010
2010014561;1;1;1;1;6;180;21/04/2010
2010014562;5;2;1;1;6;180;03/05/2010
2010014563;1;1;1;1;6;180;07/06/2010
2010014564;3;1;1;1;6;180;19/06/2010
2010014565;5;2;7;1;6;180;20/06/2010
2010014566;1;1;1;1;1;180;14/07/2010
2010014567;1;2;1;1;3;180;22/07/2010
2010014568;3;1;9;1;6;180;28/07/2010
2010014569;1;1;1;1;1;180;28/07/2010
2010014570;1;1;1;2;7;180;22/08/2010
2010014571;1;1;1;1;6;180;05/09/2010
2010014572;3;1;1;1;3;180;18/09/2010
2010014573;3;1;1;1;6;180;29/10/2010
2010014574;3;1;1;1;1;180;26/03/2010
2010014575;1;1;1;1;7;180;06/04/2010
2010014576;1;2;1;1;6;180;04/05/2010
2010014577;1;1;9;1;3;180;23/05/2010
2010014578;1;1;1;1;1;180;23/06/2010
2010014579;1;1;1;1;6;180;25/07/2010
2010014580;1;1;1;1;1;180;04/09/2010
2010014581;1;1;1;1;7;180;06/09/2010
2010014582;5;1;1;1;6;180;11/10/2010
2010014583;3;2;1;2;6;180;15/11/2010
2010014584;1;2;1;4;6;180;27/11/2010
2010014585;3;1;1;1;6;180;15/01/2010
2010014586;1;1;1;1;1;180;05/04/2010
2010014587;3;2;1;1;7;180;14/05/2010
2010014588;3;1;1;2;6;180;10/06/2010
2010014589;3;1;1;1;7;180;27/07/2010
2010014590;1;1;1;1;1;180;01/08/2010
2010014591;1;1;1;1;6;180;27/08/2010
2010014592;3;1;1;1;6;180;04/09/2010
2010014593;3;1;1;1;6;180;02/10/2010
2010014594;1;1;1;1;6;180;12/10/2010
2010014595;1;1;1;1;6;180;17/11/2010
2010014596;1;1;1;4;1;180;25/12/2010
2010014597;3;1;5;8;3;180;29/01/2010
2010014598;1;1;1;1;5;180;09/04/2010
2010014599;1;1;2;2;3;180;05/05/2010
2010014600;3;2;1;2;6;180;30/05/2010
2010014601;3;1;1;1;1;180;10/06/2010
2010014602;1;1;1;1;7;180;25/06/2010
2010014603;1;2;1;1;7;180;26/06/2010
2010014604;1;1;1;1;7;180;14/07/2010
2010014605;1;1;1;3;3;180;08/09/2010
2010014606;1;1;2;1;3;180;12/10/2010
2010014607;1;1;2;1;3;180;20/10/2010
2010014608;1;1;1;1;1;180;18/02/2010
2010014609;2;1;1;1;6;180;11/04/2010
2010014610;2;2;1;1;1;180;12/04/2010
2010014611;2;1;2;1;4;180;04/07/2010
2010014612;1;1;2;1;3;180;05/09/2010
2010014613;1;1;2;1;3;180;12/09/2010
2010014614;5;2;1;1;3;180;13/11/2010
2010014615;3;1;2;2;3;180;16/01/2010
2010014616;3;1;1;1;2;180;26/01/2010
2010014617;1;1;1;1;2;180;01/03/2010
2010014618;1;1;1;1;7;180;05/03/2010
2010014619;1;2;1;4;2;180;10/03/2010
2010014620;1;1;1;8;6;180;27/03/2010
2010014621;1;1;2;1;3;180;30/03/2010
2010014622;3;1;1;1;7;180;17/10/2010
2010014623;1;1;1;4;6;180;09/01/2010
2010014624;1;1;1;1;2;180;26/02/2010
2010014625;1;1;1;1;6;180;03/04/2010
2010014626;1;1;1;1;3;180;27/04/2010
2010014627;1;1;1;1;3;180;18/05/2010
2010014628;1;2;1;1;6;180;24/05/2010
2010014629;1;1;1;1;7;180;29/07/2010
2010014630;1;1;1;1;3;180;26/08/2010
2010014631;1;1;2;1;3;180;10/09/2010
2010014632;1;1;1;1;6;180;21/09/2010
2010014633;1;1;1;1;1;180;24/09/2010
2010014634;1;1;1;1;1;180;02/10/2010
2010014635;1;2;1;1;6;180;09/10/2010
2010014636;1;1;2;1;3;180;18/10/2010
2010014637;3;1;9;1;6;180;28/11/2010
2010014638;5;2;1;8;2;180;01/12/2010
2010014639;3;1;1;1;6;180;18/12/2010
2010014640;1;1;1;8;1;180;18/12/2010
2010014641;1;2;1;1;6;180;18/04/2010
2010014642;1;2;1;1;6;180;12/05/2010
2010014643;1;2;1;1;1;180;23/05/2010
2010014644;1;1;1;3;6;180;02/07/2010
2010014645;1;1;1;1;7;180;26/10/2010
2010014646;1;2;1;2;6;180;24/12/2010
2010014647;2;2;1;4;6;180;28/01/2010
2010014648;3;1;1;2;2;180;29/01/2010
2010014649;1;1;1;4;7;180;20/02/2010
2010014650;1;1;1;2;1;180;27/03/2010
2010014651;1;1;1;1;6;180;18/04/2010
2010014652;1;1;1;1;7;180;24/05/2010
2010014653;1;2;1;1;6;180;24/05/2010
2010014654;1;1;1;1;1;180;09/06/2010
2010014655;1;1;1;1;1;180;04/07/2010
2010014656;1;1;1;1;1;180;07/07/2010
2010014657;1;1;1;4;6;180;23/07/2010
2010014658;1;1;1;1;6;180;30/07/2010
2010014659;1;1;1;1;2;180;21/08/2010
2010014660;1;1;1;2;3;180;23/08/2010
2010014661;3;1;1;1;3;180;29/10/2010
2010014662;3;1;1;1;7;180;02/11/2010
2010014663;3;1;2;1;3;180;15/11/2010
2010014664;1;1;1;1;6;180;16/11/2010
2010014665;1;2;1;4;6;180;02/12/2010
2010014666;1;2;9;1;1;180;17/12/2010
2010014667;3;1;1;1;6;180;19/12/2010
2010014668;1;1;1;9;3;280;28/01/2010
2010014669;1;1;1;1;7;280;01/02/2010
2010014670;1;1;1;1;2;280;15/07/2010
2010014671;1;2;1;1;6;280;29/07/2010
2010014672;1;1;1;8;1;280;14/08/2010
2010014673;5;1;6;1;3;280;19/08/2010
2010014674;3;1;1;2;6;280;01/11/2010
2010014675;1;1;1;3;5;280;11/11/2010
2010014676;3;1;1;1;7;280;23/11/2010
2010014677;3;1;1;4;1;280;06/01/2010
2010014678;1;1;2;1;3;280;03/03/2010
2010014679;3;2;1;1;7;280;14/03/2010
2010014680;1;1;2;1;3;280;13/05/2010
2010014681;1;1;1;1;6;280;19/06/2010
2010014682;3;1;1;1;6;280;20/06/2010
2010014683;1;1;1;1;1;280;22/06/2010
2010014684;1;1;1;1;7;280;22/06/2010
2010014685;1;1;1;1;1;280;30/06/2010
2010014686;1;1;1;1;3;280;07/07/2010
2010014687;1;1;1;1;7;280;31/07/2010
2010014688;3;1;1;1;5;280;02/09/2010
2010014689;3;1;1;1;7;280;03/10/2010
2010014690;4;2;1;8;6;280;30/10/2010
2010014691;2;1;1;1;6;280;12/11/2010
2010014692;3;1;1;8;6;280;20/11/2010
2010014693;2;1;1;4;3;280;06/12/2010
2010014694;1;2;1;1;6;280;21/03/2010
2010014695;1;1;1;1;6;280;14/05/2010
2010014696;1;1;1;1;1;280;31/05/2010
2010014697;1;2;1;1;6;280;24/06/2010
2010014698;1;1;1;8;1;280;02/07/2010
2010014699;5;2;1;1;6;280;10/07/2010
2010014700;1;1;1;1;5;280;25/07/2010
2010014701;1;2;1;1;6;280;25/09/2010
2010014702;1;1;1;1;5;280;08/10/2010
2010014703;1;1;1;1;3;280;31/10/2010
2010014704;3;1;1;1;7;280;03/11/2010
2010014705;3;1;1;2;3;280;08/11/2010
2010014706;5;2;1;1;6;280;15/11/2010
2010014707;3;1;1;4;6;280;09/01/2010
2010014708;3;1;1;1;7;280;29/01/2010
2010014709;1;1;1;1;7;280;14/03/2010
2010014710;2;1;1;1;1;280;18/03/2010
2010014711;1;1;1;1;3;280;24/03/2010
2010014712;2;2;1;1;1;280;28/03/2010
2010014713;1;1;2;1;3;280;28/03/2010
2010014714;1;1;1;1;6;280;07/04/2010
2010014715;1;2;1;1;6;280;05/05/2010
2010014716;1;1;1;1;7;280;30/05/2010
2010014717;1;1;1;1;7;280;02/06/2010
2010014718;4;2;1;1;6;280;20/06/2010
2010014719;1;1;1;1;7;280;27/06/2010
2010014720;1;1;1;1;6;280;06/07/2010
2010014721;1;1;2;1;3;280;26/07/2010
2010014722;1;1;1;1;3;280;10/08/2010
2010014723;1;2;1;1;2;280;24/08/2010
2010014724;2;2;1;2;6;280;09/09/2010
2010014725;3;1;2;1;3;280;04/11/2010
2010014726;3;1;1;2;3;280;10/11/2010
2010014727;3;1;1;2;1;280;18/11/2010
2010014728;1;2;1;1;1;280;11/12/2010
2010014729;3;1;1;9;1;280;16/02/2010
2010014730;3;2;1;1;7;280;10/03/2010
2010014731;1;2;1;1;2;280;25/03/2010
2010014732;2;2;1;1;1;280;25/04/2010
2010014733;3;1;1;1;7;280;23/05/2010
2010014734;1;1;3;1;3;280;17/09/2010
2010014735;3;1;2;1;3;280;19/12/2010
2010014736;1;1;1;4;6;280;09/01/2010
2010014737;3;2;1;1;7;280;22/06/2010
2010014738;1;1;1;1;6;280;16/07/2010
2010014739;1;1;1;1;7;280;04/09/2010
2010014740;5;2;1;1;3;280;22/09/2010
2010014741;1;1;2;1;3;280;22/09/2010
2010014742;1;1;1;1;1;280;27/10/2010
2010014743;1;1;1;4;3;280;08/12/2010
2010014744;3;1;1;2;6;280;11/12/2010
2010014745;1;2;1;1;6;280;28/01/2010
2010014746;2;1;1;1;1;280;12/03/2010
2010014747;1;1;1;1;3;280;20/04/2010
2010014748;1;2;2;1;3;280;24/04/2010
2010014749;4;1;1;1;6;280;23/04/2010
2010014750;1;1;2;1;3;280;03/05/2010
2010014751;5;2;1;1;3;280;22/05/2010
2010014752;1;2;1;1;2;280;12/09/2010
2010014753;1;1;1;1;3;280;08/10/2010
2010014754;1;1;1;1;6;280;20/10/2010
2010014755;1;2;1;2;3;280;09/11/2010
2010014756;1;1;1;2;1;280;14/11/2010
2010014757;1;1;1;1;3;280;18/11/2010
2010014758;1;1;1;2;7;280;01/12/2010
2010014759;3;1;1;4;6;280;08/12/2010
2010014760;1;1;1;1;5;280;01/02/2010
2010014761;3;1;1;1;6;280;07/03/2010
2010014762;1;1;2;8;3;280;20/06/2010
2010014763;1;1;1;1;3;280;29/06/2010
2010014764;1;2;1;1;7;280;03/07/2010
2010014765;1;1;1;3;3;280;15/08/2010
2010014766;1;1;1;1;3;280;27/08/2010
2010014767;1;1;1;8;2;280;15/11/2010
2010014768;1;2;3;1;1;280;07/03/2010
2010014769;1;1;1;1;5;280;24/06/2010
2010014770;1;2;1;1;1;280;26/07/2010
2010014771;1;1;3;1;5;280;20/08/2010
2010014772;1;1;1;1;3;280;18/09/2010
2010014773;1;2;6;1;1;280;22/09/2010
2010014774;1;2;1;1;6;280;22/09/2010
2010014775;3;1;1;1;1;280;16/10/2010
2010014776;1;1;1;1;3;280;27/10/2010
2010014777;1;2;1;1;3;280;29/10/2010
2010014778;3;2;1;2;3;280;22/11/2010
2010014779;3;1;1;1;7;280;03/12/2010
2010014780;1;1;1;4;6;280;04/12/2010
2010014781;1;1;1;1;6;280;22/03/2010
2010014782;1;1;1;8;1;280;10/05/2010
2010014783;4;2;1;1;6;280;12/07/2010
2010014784;1;1;1;1;1;280;20/07/2010
2010014785;1;1;1;1;1;280;23/07/2010
2010014786;1;1;1;1;2;280;31/07/2010
2010014787;3;1;1;1;3;280;13/08/2010
2010014788;5;2;1;1;6;280;05/09/2010
2010014789;3;1;1;2;1;280;23/10/2010
2010014790;3;1;9;1;3;280;16/02/2010
2010014791;1;1;1;1;1;280;18/02/2010
2010014792;1;1;1;1;1;280;08/06/2010
2010014793;1;1;1;1;6;280;28/08/2010
2010014794;1;1;1;1;7;280;31/03/2010
2010014795;1;2;2;1;3;280;06/06/2010
2010014796;1;1;1;1;6;280;27/06/2010
2010014797;1;1;1;1;2;280;03/07/2010
2010014798;1;1;1;1;7;280;04/07/2010
2010014799;1;1;1;1;6;280;07/07/2010
2010014800;1;1;1;1;7;280;18/07/2010
2010014801;1;1;1;1;7;280;21/08/2010
2010014802;1;2;1;1;6;280;17/09/2010
2010014803;5;2;1;1;7;280;23/10/2010
2010014804;1;1;1;1;6;280;29/03/2010
2010014805;3;1;1;1;1;280;18/04/2010
2010014806;1;1;1;1;3;280;27/04/2010
2010014807;1;1;1;1;6;280;14/05/2010
2010014808;1;1;1;1;1;280;20/07/2010
2010014809;1;2;1;1;3;280;11/09/2010
2010014810;1;1;1;5;6;280;08/10/2010
2010014811;1;1;1;2;1;280;15/10/2010
2010014812;2;2;9;1;2;280;27/10/2010
2010014813;3;1;4;1;2;360;07/02/2010
2010014814;3;1;1;2;7;360;18/02/2010
2010014815;1;1;2;1;3;360;19/04/2010
2010014816;1;1;1;8;1;360;12/02/2010
2010014817;3;1;1;1;7;360;16/02/2010
2010014818;1;1;1;3;1;360;30/03/2010
2010014819;1;1;2;1;3;360;18/04/2010
2010014820;1;1;1;1;1;360;18/05/2010
2010014821;1;1;4;1;2;360;20/05/2010
2010014822;1;2;2;1;3;360;27/05/2010
2010014823;1;2;3;1;3;360;18/06/2010
2010014824;1;2;1;1;3;360;24/06/2010
2010014825;1;1;3;1;3;360;27/07/2010
2010014826;3;1;1;1;6;360;18/09/2010
2010014827;1;1;1;1;6;360;19/09/2010
2010014828;1;1;1;1;7;360;22/09/2010
2010014829;3;1;1;1;6;360;24/10/2010
2010014830;3;1;1;8;6;360;31/10/2010
2010014831;1;1;1;2;7;360;25/11/2010
2010014832;5;1;1;1;7;360;13/12/2010
2010014833;5;2;1;1;6;360;04/01/2010
2010014834;5;2;2;2;1;360;22/02/2010
2010014835;1;1;2;1;3;360;06/04/2010
2010014836;2;1;1;1;6;360;23/04/2010
2010014837;1;1;2;1;3;360;24/04/2010
2010014838;1;2;2;1;3;360;27/04/2010
2010014839;2;1;1;1;3;360;27/04/2010
2010014840;1;1;1;1;1;360;12/05/2010
2010014841;1;1;1;1;7;360;31/05/2010
2010014842;1;1;1;8;1;360;17/06/2010
2010014843;1;1;2;1;1;360;17/07/2010
2010014844;1;1;1;1;7;360;31/07/2010
2010014845;1;2;1;1;6;360;09/08/2010
2010014846;3;1;1;2;1;360;16/08/2010
2010014847;1;1;2;1;3;360;07/09/2010
2010014848;5;2;1;1;7;360;16/09/2010
2010014849;3;1;1;1;6;360;19/09/2010
2010014850;1;1;1;1;3;360;01/10/2010
2010014851;1;1;1;1;7;360;02/10/2010
2010014852;1;2;1;1;1;360;07/10/2010
2010014853;1;2;1;1;6;360;13/10/2010
2010014854;4;2;1;1;6;360;13/11/2010
2010014855;3;1;1;4;7;360;25/11/2010
2010014856;3;1;1;4;1;360;03/12/2010
2010014857;3;1;3;1;3;360;12/12/2010
2010014858;2;2;2;1;3;360;31/01/2010
2010014859;3;2;2;1;3;360;12/03/2010
2010014860;3;1;1;1;6;360;09/05/2010
2010014861;1;2;3;3;3;360;10/05/2010
2010014862;1;2;1;1;3;360;01/07/2010
2010014863;1;1;2;1;3;360;06/08/2010
2010014864;1;1;1;1;5;360;29/08/2010
2010014865;4;2;1;1;6;360;06/09/2010
2010014866;1;1;2;8;3;360;24/09/2010
2010014867;3;1;1;1;6;360;18/11/2010
2010014868;3;1;1;1;6;360;30/11/2010
2010014869;1;1;1;2;7;360;07/12/2010
2010014870;3;1;1;8;7;360;23/12/2010
2010014871;2;1;2;1;3;360;25/01/2010
2010014872;3;1;1;1;5;360;20/02/2010
2010014873;1;1;1;1;6;360;05/03/2010
2010014874;1;1;1;1;6;360;01/04/2010
2010014875;5;2;5;2;3;360;02/04/2010
2010014876;1;1;1;1;6;360;03/04/2010
2010014877;1;1;1;1;5;360;07/04/2010
2010014878;1;1;1;1;1;360;22/04/2010
2010014879;3;1;1;1;6;360;29/05/2010
2010014880;1;1;1;1;6;360;04/06/2010
2010014881;2;1;1;1;6;360;12/06/2010
2010014882;1;2;1;1;6;360;24/07/2010
2010014883;1;1;9;3;6;360;11/08/2010
2010014884;1;1;2;8;3;360;10/10/2010
2010014885;2;1;1;5;6;360;22/11/2010
2010014886;3;1;2;2;3;360;16/01/2010
2010014887;1;1;1;4;1;360;01/02/2010
2010014888;3;1;1;1;6;360;15/02/2010
2010014889;1;1;1;9;7;360;18/02/2010
2010014890;1;1;1;4;6;360;10/03/2010
2010014891;1;1;1;1;3;360;24/03/2010
2010014892;1;1;1;1;3;360;16/05/2010
2010014893;1;1;1;1;2;360;24/05/2010
2010014894;1;1;1;8;6;360;16/06/2010
2010014895;1;1;1;1;6;360;24/07/2010
2010014896;1;1;1;1;6;360;07/08/2010
2010014897;1;1;1;1;3;360;16/08/2010
2010014898;1;1;1;1;7;360;17/09/2010
2010014899;1;1;1;1;7;360;22/09/2010
2010014900;1;1;1;8;3;360;13/12/2010
2010014901;1;2;1;1;6;360;19/11/2010
2010014902;1;1;1;4;1;360;06/01/2010
2010014903;3;1;1;8;3;360;20/01/2010
2010014904;1;1;1;1;6;360;07/03/2010
2010014905;3;1;1;1;6;360;13/03/2010
2010014906;3;1;1;2;6;360;27/03/2010
2010014907;1;1;1;1;5;360;16/05/2010
2010014908;1;1;2;1;3;360;18/05/2010
2010014909;1;1;1;1;1;360;20/05/2010
2010014910;2;1;3;5;3;360;25/06/2010
2010014911;3;1;1;1;7;360;25/07/2010
2010014912;1;1;1;1;6;360;29/07/2010
2010014913;2;1;2;1;3;360;17/10/2010
2010014914;1;2;1;3;6;360;09/11/2010
2010014915;3;1;3;1;5;360;16/11/2010
2010014916;3;1;1;8;6;360;13/01/2010
2010014917;2;1;1;9;1;360;30/01/2010
2010014918;1;1;1;1;2;360;09/04/2010
2010014919;1;1;3;1;1;360;03/06/2010
2010014920;1;1;1;1;5;360;02/07/2010
2010014921;1;1;1;1;2;360;22/07/2010
2010014922;1;1;1;1;1;360;30/08/2010
2010014923;3;2;1;1;7;360;08/09/2010
2010014924;3;1;1;1;6;360;26/09/2010
2010014925;2;1;1;5;5;360;02/11/2010
2010014926;3;1;1;3;6;370;26/02/2010
2010014927;1;2;3;1;3;370;27/02/2010
2010014928;1;1;2;1;3;370;16/03/2010
2010014929;1;1;2;1;3;370;15/03/2010
2010014930;1;2;1;1;6;370;14/04/2010
2010014931;3;1;1;1;6;370;18/04/2010
2010014932;1;2;1;1;6;370;12/05/2010
2010014933;1;1;1;1;3;370;22/05/2010
2010014934;1;2;1;1;2;370;30/05/2010
2010014935;5;2;2;1;3;370;02/06/2010
2010014936;3;1;1;1;2;370;04/07/2010
2010014937;3;1;1;1;6;370;05/07/2010
2010014938;1;1;1;7;1;370;23/07/2010
2010014939;3;1;1;3;6;370;01/10/2010
2010014940;1;1;1;8;7;370;13/11/2010
2010014941;2;1;3;2;3;370;29/01/2010
2010014942;1;2;1;1;6;370;10/02/2010
2010014943;2;2;1;1;3;370;11/03/2010
2010014944;1;1;1;1;3;370;24/05/2010
2010014945;1;1;1;1;3;370;03/06/2010
2010014946;1;2;1;1;1;370;30/08/2010
2010014947;1;1;1;1;3;370;10/09/2010
2010014948;3;1;1;1;6;370;26/09/2010
2010014949;3;1;1;1;7;370;20/11/2010
2010014950;2;2;1;5;1;370;26/11/2010
2010014951;3;1;1;1;6;370;27/11/2010
2010014952;1;1;1;1;6;370;30/01/2010
2010014953;1;1;1;8;5;370;18/02/2010
2010014954;1;1;1;1;1;370;23/02/2010
2010014955;1;1;1;1;6;370;11/03/2010
2010014956;1;1;1;1;6;370;11/03/2010
2010014957;1;1;1;1;1;370;06/04/2010
2010014958;1;1;1;1;1;370;13/04/2010
2010014959;1;1;1;1;3;370;28/04/2010
2010014960;3;1;1;1;1;370;20/05/2010
2010014961;1;2;1;2;2;370;29/05/2010
2010014962;3;1;1;1;6;370;05/07/2010
2010014963;1;1;1;7;3;370;20/07/2010
2010014964;1;1;1;1;1;370;03/08/2010
2010014965;3;1;1;1;7;370;12/09/2010
2010014966;1;1;1;1;6;370;14/09/2010
2010014967;1;1;1;1;3;370;17/10/2010
2010014968;5;2;1;9;7;370;03/01/2010
2010014969;1;2;1;1;3;370;17/01/2010
2010014970;3;1;1;1;1;370;28/02/2010
2010014971;5;2;1;1;6;370;23/03/2010
2010014972;3;1;1;1;6;370;29/03/2010
2010014973;1;2;1;1;6;370;02/04/2010
2010014974;1;1;1;1;1;370;11/04/2010
2010014975;1;2;1;1;3;370;16/04/2010
2010014976;1;1;1;1;3;370;18/04/2010
2010014977;1;2;1;1;6;370;21/04/2010
2010014978;1;1;1;1;6;370;03/05/2010
2010014979;1;1;2;1;1;370;20/05/2010
2010014980;1;2;1;1;3;370;21/05/2010
2010014981;1;1;1;1;2;370;10/06/2010
2010014982;1;2;1;1;1;370;20/06/2010
2010014983;1;1;1;1;7;370;24/06/2010
2010014984;1;1;3;1;3;370;25/06/2010
2010014985;1;1;1;1;6;370;03/07/2010
2010014986;1;1;1;1;1;370;06/07/2010
2010014987;1;2;1;1;7;370;16/07/2010
2010014988;1;2;1;1;7;370;17/07/2010
2010014989;3;1;1;1;6;370;28/07/2010
2010014990;1;1;1;1;1;370;09/08/2010
2010014991;1;1;1;1;6;370;21/08/2010
2010014992;1;1;1;1;2;370;01/09/2010
2010014993;1;1;3;1;6;370;02/09/2010
2010014994;3;1;1;1;3;370;11/09/2010
2010014995;1;1;3;8;3;370;30/09/2010
2010014996;2;2;1;1;5;370;12/10/2010
2010014997;3;1;1;8;5;370;16/10/2010
2010014998;1;1;2;1;1;370;20/10/2010
2010014999;3;1;1;1;6;370;03/11/2010
2010015000;1;2;9;2;7;370;05/11/2010
2010015001;1;1;1;2;6;370;06/12/2010
2010015002;1;1;1;7;5;370;17/12/2010
2010015003;1;2;1;8;6;370;23/12/2010
2010015004;1;1;1;1;1;370;05/11/2010
2010015005;3;1;1;2;3;370;06/02/2010
2010015006;1;2;2;1;3;370;08/05/2010
2010015007;1;1;1;1;7;370;02/06/2010
2010015008;3;1;2;1;3;370;20/06/2010
2010015009;3;1;1;1;6;370;09/07/2010
2010015010;1;1;1;1;6;370;03/08/2010
2010015011;3;1;1;1;6;370;11/08/2010
2010015012;3;1;1;1;7;370;22/08/2010
2010015013;1;1;1;1;5;370;30/09/2010
2010015014;3;1;1;3;5;370;22/12/2010
2010015015;3;1;1;1;7;370;27/02/2010
2010015016;1;1;2;1;3;370;02/03/2010
2010015017;1;1;1;2;6;370;05/05/2010
2010015018;1;2;2;3;5;370;10/05/2010
2010015019;2;2;1;1;6;370;12/05/2010
2010015020;3;1;1;1;6;370;15/08/2010
2010015021;2;1;1;1;7;370;04/09/2010
2010015022;5;2;1;1;6;370;08/09/2010
2010015023;1;1;2;1;1;370;16/09/2010
2010015024;5;2;1;1;3;370;15/10/2010
2010015025;1;2;1;1;1;370;20/10/2010
2010015026;3;1;1;1;1;370;19/11/2010
2010015027;3;1;1;1;1;370;19/02/2010
2010015028;1;1;1;1;1;370;09/03/2010
2010015029;3;2;2;1;6;370;14/03/2010
2010015030;1;1;1;1;7;370;18/03/2010
2010015031;1;1;1;1;3;370;11/06/2010
2010015032;1;1;9;1;3;370;16/06/2010
2010015033;1;1;1;1;1;370;01/07/2010
2010015034;5;2;1;1;1;370;11/07/2010
2010015035;1;1;1;1;6;370;26/08/2010
2010015036;3;1;1;1;7;370;11/09/2010
2010015037;1;2;1;1;6;370;18/09/2010
2010015038;1;1;4;1;3;370;25/10/2010
2010015039;1;1;1;1;3;370;15/11/2010
2010015040;2;1;1;1;1;370;27/12/2010
2010015041;3;1;1;4;7;370;13/01/2010
2010015042;1;1;1;8;6;370;15/01/2010
2010015043;3;1;1;1;1;370;17/03/2010
2010015044;1;1;1;1;7;370;15/06/2010
2010015045;1;1;1;1;7;370;21/06/2010
2010015046;1;1;2;1;3;370;04/08/2010
2010015047;3;1;1;5;1;370;17/02/2010
2010015048;1;2;2;1;1;370;30/04/2010
2010015049;1;1;2;1;3;370;16/07/2010
2010015050;5;2;2;2;1;370;24/10/2010
2010015051;5;2;1;4;6;370;12/12/2010
2010015052;1;2;1;1;2;370;30/01/2010