num_acc;lum;agg;inter;atm;col;dep;date
2010015053;1;1;1;1;1;370;23/02/2010
2010015054;1;2;1;1;7;370;24/03/2010
2010015055;3;1;1;1;6;370;16/05/2010
2010015056;1;1;1;1;6;370;24/07/2010
2010015057;1;1;1;1;5;370;26/07/2010
2010015058;5;2;1;1;3;370;11/08/2010
2010015059;2;1;1;1;1;370;31/08/2010
2010015060;1;2;1;1;1;370;08/10/2010
2010015061;1;1;1;1;2;370;10/10/2010
2010015062;3;1;1;9;6;370;11/12/2010
2010015063;3;1;2;1;3;370;17/12/2010
2010015064;5;2;1;2;6;370;21/12/2010
2010015065;1;1;6;1;1;410;16/01/2010
2010015066;1;1;1;1;6;410;17/01/2010
2010015067;5;1;1;1;7;410;15/02/2010
2010015068;3;2;1;4;7;410;17/02/2010
2010015069;3;1;6;1;6;410;21/02/2010
2010015070;3;1;1;1;1;410;30/04/2010
2010015071;3;1;1;1;6;410;15/05/2010
2010015072;1;1;1;7;1;410;04/06/2010
2010015073;1;1;1;1;1;410;14/06/2010
2010015074;1;1;3;1;3;410;24/07/2010
2010015075;1;1;1;1;4;410;30/08/2010
2010015076;5;2;1;1;6;410;16/09/2010
2010015077;1;1;1;1;7;410;25/09/2010
2010015078;3;1;1;1;3;410;26/09/2010
2010015079;1;2;1;1;6;410;14/11/2010
2010015080;2;2;1;3;6;410;25/11/2010
2010015081;5;2;1;2;6;410;19/12/2010
2010015082;3;1;1;2;1;410;20/12/2010
2010015083;3;1;1;1;7;410;25/12/2010
2010015084;1;1;1;1;6;410;01/01/2010
2010015085;1;1;2;1;3;410;30/04/2010
2010015086;1;1;1;1;1;410;03/06/2010
2010015087;5;2;1;1;6;410;19/09/2010
2010015088;1;1;1;1;6;410;22/11/2010
2010015089;2;1;1;9;6;410;14/01/2010
2010015090;5;1;1;9;6;410;30/01/2010
2010015091;3;1;1;1;1;410;21/03/2010
2010015092;1;2;1;1;2;410;31/03/2010
2010015093;1;1;3;1;3;410;14/04/2010
2010015094;1;1;1;1;7;410;30/04/2010
2010015095;1;2;1;1;6;410;26/06/2010
2010015096;1;1;3;1;3;410;25/06/2010
2010015097;3;1;1;1;2;410;27/06/2010
2010015098;5;2;1;1;5;410;13/07/2010
2010015099;1;1;1;8;7;410;12/09/2010
2010015100;5;2;1;1;1;410;02/10/2010
2010015101;1;1;1;1;7;410;09/10/2010
2010015102;3;1;1;2;6;410;11/11/2010
2010015103;1;1;1;4;6;410;24/12/2010
2010015104;2;1;1;1;7;410;15/12/2010
2010015105;3;1;1;4;7;410;12/02/2010
2010015106;1;2;3;1;5;410;24/04/2010
2010015107;1;1;1;1;1;410;01/05/2010
2010015108;1;1;2;1;3;410;21/06/2010
2010015109;1;2;1;1;6;410;02/07/2010
2010015110;1;2;1;1;3;410;31/08/2010
2010015111;1;1;1;1;7;410;16/09/2010
2010015112;1;1;1;1;6;410;15/07/2010
2010015113;1;1;1;2;3;410;15/08/2010
2010015114;1;1;1;1;6;410;18/08/2010
2010015115;1;1;1;7;3;410;19/08/2010
2010015116;1;2;1;1;3;410;02/09/2010
2010015117;3;1;1;5;6;410;24/10/2010
2010015118;1;1;1;1;7;410;01/11/2010
2010015119;1;2;1;4;6;410;08/01/2010
2010015120;1;1;1;1;1;410;13/01/2010
2010015121;2;1;1;8;7;410;28/01/2010
2010015122;3;1;1;2;6;410;28/01/2010
2010015123;1;1;1;1;6;410;06/03/2010
2010015124;1;1;1;1;2;410;18/03/2010
2010015125;1;1;1;1;3;410;20/03/2010
2010015126;1;1;1;1;1;410;08/06/2010
2010015127;1;1;1;1;1;410;09/08/2010
2010015128;3;1;1;1;3;410;01/09/2010
2010015129;1;1;1;1;6;410;06/10/2010
2010015130;2;1;1;1;5;410;09/10/2010
2010015131;2;1;1;1;1;410;10/12/2010
2010015132;3;1;1;1;6;410;16/12/2010
2010015133;3;1;1;1;1;410;13/01/2010
2010015134;1;1;1;1;6;410;30/01/2010
2010015135;3;1;1;8;6;410;17/02/2010
2010015136;1;1;2;2;2;410;24/02/2010
2010015137;1;2;1;1;6;410;13/03/2010
2010015138;1;1;1;1;2;410;02/04/2010
2010015139;1;1;1;7;2;410;20/04/2010
2010015140;1;1;1;7;6;410;21/05/2010
2010015141;1;1;1;1;1;410;13/06/2010
2010015142;1;1;1;7;6;410;22/06/2010
2010015143;1;1;1;1;7;410;06/07/2010
2010015144;1;2;2;1;3;410;13/07/2010
2010015145;2;1;1;1;1;410;29/07/2010
2010015146;1;1;1;1;6;410;06/09/2010
2010015147;1;1;1;1;6;410;18/09/2010
2010015148;3;1;1;1;6;410;30/09/2010
2010015149;5;2;1;1;3;410;07/10/2010
2010015150;3;1;1;1;4;410;09/10/2010
2010015151;1;1;1;1;1;410;18/10/2010
2010015152;1;2;1;1;3;410;15/11/2010
2010015153;5;2;1;2;3;410;26/11/2010
2010015154;1;1;1;2;3;410;09/01/2010
2010015155;3;1;1;8;1;410;11/01/2010
2010015156;1;1;1;1;3;410;18/01/2010
2010015157;1;2;1;1;6;410;12/03/2010
2010015158;1;1;9;1;1;410;10/04/2010
2010015159;1;1;1;1;1;410;07/05/2010
2010015160;1;1;1;1;3;410;11/09/2010
2010015161;3;1;1;1;6;410;25/09/2010
2010015162;1;2;1;9;6;330;07/01/2010
2010015163;1;1;1;1;5;330;08/01/2010
2010015164;5;2;1;1;6;330;11/04/2010
2010015165;1;2;1;1;3;330;18/04/2010
2010015166;1;1;1;1;1;330;02/05/2010
2010015167;1;2;1;1;1;330;07/05/2010
2010015168;2;2;1;1;3;330;20/05/2010
2010015169;1;1;1;1;7;330;07/07/2010
2010015170;1;2;9;1;2;330;18/07/2010
2010015171;1;1;1;4;7;290;18/02/2010
2010015172;3;1;1;2;2;290;03/08/2010
2010015173;1;1;1;1;6;290;09/08/2010
2010015174;1;2;1;1;3;290;11/08/2010
2010015175;5;1;1;3;2;290;11/11/2010
2010015176;1;1;1;3;5;290;12/11/2010
2010015177;1;1;1;1;7;290;30/12/2010
2010015178;1;1;1;9;7;290;13/01/2010
2010015179;1;1;4;1;3;290;21/06/2010
2010015180;1;1;1;1;1;290;22/06/2010
2010015181;1;2;1;1;1;290;14/07/2010
2010015182;2;1;1;1;6;290;24/07/2010
2010015183;1;2;1;1;3;290;05/08/2010
2010015184;1;2;2;1;6;290;12/08/2010
2010015185;1;1;1;1;1;290;24/09/2010
2010015186;1;1;1;1;1;290;16/12/2010
2010015187;1;1;1;1;1;290;20/02/2010
2010015188;1;1;1;1;1;290;20/05/2010
2010015189;1;1;1;8;4;290;04/07/2010
2010015190;1;1;1;1;5;290;05/07/2010
2010015191;1;2;1;1;3;290;09/09/2010
2010015192;1;1;3;1;3;290;15/09/2010
2010015193;1;1;1;1;2;290;28/10/2010
2010015194;1;2;6;8;2;290;31/10/2010
2010015195;4;1;1;2;6;290;14/11/2010
2010015196;1;1;1;2;1;290;19/11/2010
2010015197;2;1;2;8;3;290;22/11/2010
2010015198;2;1;1;4;5;290;26/11/2010
2010015199;3;1;1;9;7;290;11/12/2010
2010015200;3;1;1;1;6;290;11/12/2010
2010015201;1;1;1;8;1;290;16/12/2010
2010015202;3;1;1;9;1;290;18/12/2010
2010015203;3;1;1;2;6;290;19/12/2010
2010015204;4;1;1;1;3;130;15/02/2010
2010015205;3;1;1;1;7;130;25/03/2010
2010015206;1;2;1;1;2;130;10/04/2010
2010015207;1;1;1;1;2;130;17/04/2010
2010015208;1;1;1;1;3;130;21/05/2010
2010015209;1;1;1;1;1;130;26/05/2010
2010015210;3;1;9;1;6;130;09/06/2010
2010015211;1;2;1;1;6;130;17/08/2010
2010015212;1;2;1;1;1;130;29/08/2010
2010015213;1;1;1;3;6;130;31/10/2010
2010015214;5;2;1;1;7;130;01/11/2010
2010015215;1;2;4;7;3;950;04/09/2010
2010015216;3;1;1;2;1;950;10/12/2010
2010015217;5;2;1;1;6;950;16/02/2010
2010015218;1;1;3;1;1;950;05/05/2010
2010015219;1;1;1;2;5;950;11/05/2010
2010015220;1;2;1;1;7;950;13/06/2010
2010015221;1;1;3;1;2;950;27/07/2010
2010015222;1;1;1;1;1;950;29/07/2010
2010015223;1;2;1;1;6;950;09/09/2010
2010015224;1;1;1;1;1;440;22/01/2010
2010015225;1;2;1;1;3;440;30/04/2010
2010015226;2;2;1;3;1;440;08/11/2010
2010015227;1;1;1;1;4;440;31/12/2010
2010015228;1;2;1;1;6;330;01/02/2010
2010015229;1;2;1;1;3;330;19/04/2010
2010015230;1;1;1;1;1;330;24/04/2010
2010015231;1;2;1;1;1;330;19/07/2010
2010015232;5;2;1;1;6;330;20/07/2010
2010015233;1;2;1;1;6;330;31/07/2010
2010015234;1;1;1;1;1;330;07/08/2010
2010015235;1;2;1;1;6;330;03/09/2010
2010015236;1;2;1;1;3;330;25/09/2010
2010015237;5;2;1;1;7;330;13/11/2010
2010015238;1;1;1;1;6;870;08/05/2010
2010015239;1;1;1;1;6;870;02/06/2010
2010015240;1;1;1;1;2;870;05/06/2010
2010015241;1;1;1;1;7;870;08/10/2010
2010015242;1;1;1;1;6;870;15/10/2010
2010015243;1;1;1;1;6;60;01/01/2010
2010015244;5;2;2;8;1;60;03/01/2010
2010015245;1;2;1;1;6;60;20/01/2010
2010015246;1;1;1;1;3;60;21/01/2010
2010015247;1;2;3;1;3;60;21/01/2010
2010015248;1;2;1;2;6;60;25/01/2010
2010015249;1;2;2;1;3;60;27/01/2010
2010015250;1;2;3;1;3;60;29/01/2010
2010015251;5;2;2;1;3;60;29/01/2010
2010015252;1;2;1;1;3;60;30/01/2010
2010015253;1;2;1;1;6;60;02/02/2010
2010015254;5;2;1;1;3;60;03/02/2010
2010015255;1;2;4;1;3;60;24/02/2010
2010015256;1;1;3;1;5;60;01/03/2010
2010015257;5;2;3;1;1;60;03/03/2010
2010015258;1;2;1;1;6;60;06/03/2010
2010015259;2;2;1;1;5;60;13/03/2010
2010015260;1;2;3;1;3;60;16/03/2010
2010015261;1;2;3;1;3;60;18/03/2010
2010015262;1;2;3;1;2;60;19/03/2010
2010015263;1;2;1;1;6;60;20/03/2010
2010015264;1;2;1;1;6;60;23/03/2010
2010015265;1;2;1;1;6;60;25/03/2010
2010015266;1;2;1;1;2;60;25/03/2010
2010015267;1;2;1;1;5;60;01/04/2010
2010015268;1;2;1;1;6;60;02/04/2010
2010015269;5;2;4;1;3;60;03/04/2010
2010015270;1;2;2;1;3;60;11/04/2010
2010015271;1;2;2;1;6;60;13/04/2010
2010015272;1;2;1;1;6;60;15/04/2010
2010015273;1;2;3;1;3;60;19/04/2010
2010015274;1;2;1;1;3;60;22/04/2010
2010015275;5;2;1;1;6;60;24/04/2010
2010015276;1;1;1;1;2;60;27/04/2010
2010015277;5;2;1;1;3;60;28/04/2010
2010015278;1;2;1;1;6;60;30/04/2010
2010015279;1;2;7;2;6;60;05/05/2010
2010015280;1;2;2;1;6;60;05/05/2010
2010015281;1;2;1;1;6;60;06/05/2010
2010015282;1;2;1;2;3;60;08/05/2010
2010015283;1;2;1;1;3;60;13/05/2010
2010015284;1;2;1;1;2;60;14/05/2010
2010015285;1;2;5;1;3;60;15/05/2010
2010015286;1;2;1;1;6;60;18/05/2010
2010015287;1;1;1;1;3;60;20/05/2010
2010015288;5;1;1;1;2;60;22/05/2010
2010015289;1;2;3;1;6;60;24/05/2010
2010015290;1;2;3;1;3;60;25/05/2010
2010015291;1;1;1;1;3;60;26/05/2010
2010015292;1;2;1;9;6;60;28/05/2010
2010015293;1;2;1;1;1;60;31/05/2010
2010015294;1;2;1;1;1;60;01/06/2010
2010015295;2;2;3;1;3;60;02/06/2010
2010015296;4;2;9;1;3;60;16/06/2010
2010015297;1;1;1;1;3;60;18/06/2010
2010015298;2;2;1;1;1;60;19/06/2010
2010015299;1;2;1;1;2;60;21/06/2010
2010015300;1;2;1;1;3;60;24/06/2010
2010015301;1;2;1;1;6;60;27/06/2010
2010015302;5;2;1;1;7;60;28/06/2010
2010015303;1;2;1;1;6;60;29/06/2010
2010015304;1;2;3;1;3;60;29/06/2010
2010015305;1;2;1;1;6;60;30/06/2010
2010015306;1;2;3;1;3;60;05/07/2010
2010015307;1;2;3;1;5;60;05/07/2010
2010015308;5;2;9;1;6;60;05/07/2010
2010015309;5;2;3;1;3;60;08/07/2010
2010015310;1;2;1;1;3;60;11/07/2010
2010015311;1;2;1;1;6;60;11/07/2010
2010015312;1;2;1;1;3;60;15/07/2010
2010015313;1;2;1;1;3;60;18/07/2010
2010015314;1;2;1;1;6;60;19/07/2010
2010015315;4;2;1;1;7;60;27/07/2010
2010015316;1;1;1;1;3;60;26/07/2010
2010015317;1;2;1;1;6;60;31/07/2010
2010015318;1;2;5;1;3;60;04/08/2010
2010015319;1;2;1;1;3;60;10/08/2010
2010015320;1;2;3;1;3;60;11/08/2010
2010015321;1;2;1;1;6;60;15/08/2010
2010015322;1;2;2;1;3;60;20/08/2010
2010015323;1;2;1;7;1;60;21/08/2010
2010015324;1;2;1;1;3;60;21/08/2010
2010015325;1;2;3;1;3;60;22/08/2010
2010015326;1;2;3;1;4;60;22/08/2010
2010015327;2;2;2;1;6;60;23/08/2010
2010015328;5;2;2;1;3;60;29/08/2010
2010015329;1;1;1;1;3;60;29/08/2010
2010015330;1;1;1;1;7;60;02/09/2010
2010015331;1;2;1;1;6;60;01/09/2010
2010015332;1;2;6;1;3;60;03/09/2010
2010015333;1;1;1;1;3;60;10/09/2010
2010015334;1;2;1;1;6;60;15/09/2010
2010015335;1;2;1;1;6;60;20/09/2010
2010015336;1;1;1;1;6;60;23/09/2010
2010015337;2;2;1;1;1;60;27/09/2010
2010015338;5;2;1;1;6;60;13/10/2010
2010015339;1;2;1;1;7;60;24/10/2010
2010015340;1;1;9;1;3;60;29/10/2010
2010015341;5;2;6;2;3;60;30/10/2010
2010015342;1;2;1;8;3;60;02/11/2010
2010015343;5;2;3;2;3;60;02/11/2010
2010015344;5;2;2;1;3;60;26/11/2010
2010015345;5;2;1;1;1;60;30/11/2010
2010015346;5;2;1;1;7;60;01/12/2010
2010015347;1;2;1;1;6;60;03/12/2010
2010015348;2;2;1;1;6;60;03/12/2010
2010015349;1;2;1;1;3;60;04/12/2010
2010015350;5;2;1;1;7;60;12/12/2010
2010015351;5;2;1;8;6;60;19/12/2010
2010015352;1;2;9;1;6;60;28/12/2010
2010015353;1;2;1;1;6;60;01/01/2010
2010015354;5;2;1;1;3;60;06/01/2010
2010015355;1;2;3;1;3;60;07/01/2010
2010015356;1;2;3;1;3;60;07/01/2010
2010015357;5;2;1;3;1;60;07/01/2010
2010015358;2;2;1;3;6;60;08/01/2010
2010015359;1;2;3;3;6;60;09/01/2010
2010015360;5;2;1;1;6;60;12/01/2010
2010015361;5;2;1;3;6;60;14/01/2010
2010015362;5;2;1;3;2;60;14/01/2010
2010015363;1;2;1;1;2;60;15/01/2010
2010015364;2;2;3;3;3;60;15/01/2010
2010015365;1;2;1;1;3;60;22/01/2010
2010015366;5;2;3;1;1;60;26/01/2010
2010015367;1;2;1;1;2;60;29/01/2010
2010015368;1;2;1;1;6;60;01/02/2010
2010015369;1;2;1;1;3;60;03/02/2010
2010015370;1;2;1;1;6;60;06/02/2010
2010015371;1;2;3;1;3;60;07/02/2010
2010015372;4;2;3;1;1;60;09/02/2010
2010015373;5;2;1;1;5;60;12/02/2010
2010015374;5;2;1;1;1;60;15/02/2010
2010015375;1;2;1;3;1;60;22/02/2010
2010015376;1;2;1;1;3;60;23/02/2010
2010015377;1;2;2;1;6;60;24/02/2010
2010015378;1;2;1;1;6;60;25/02/2010
2010015379;1;2;1;1;3;60;01/03/2010
2010015380;1;2;1;3;3;60;03/03/2010
2010015381;1;2;3;1;2;60;06/03/2010
2010015382;1;2;1;1;6;60;10/03/2010
2010015383;1;2;4;1;3;60;11/03/2010
2010015384;1;2;1;1;3;60;12/03/2010
2010015385;5;2;1;1;2;60;17/03/2010
2010015386;1;2;1;1;2;60;15/03/2010
2010015387;1;2;3;1;3;60;19/03/2010
2010015388;5;2;1;1;2;60;21/03/2010
2010015389;1;2;1;1;6;60;22/03/2010
2010015390;5;2;1;1;6;60;24/03/2010
2010015391;1;2;1;1;3;60;24/03/2010
2010015392;1;2;1;1;2;60;26/03/2010
2010015393;1;2;1;1;6;60;27/03/2010
2010015394;1;2;1;1;3;60;28/03/2010
2010015395;5;2;2;1;3;60;30/03/2010
2010015396;1;2;1;1;3;60;31/03/2010
2010015397;1;2;1;1;2;60;01/04/2010
2010015398;5;2;1;1;2;60;02/04/2010
2010015399;1;2;1;1;1;60;03/04/2010
2010015400;5;2;1;1;6;60;04/04/2010
2010015401;1;2;6;1;3;60;09/04/2010
2010015402;1;2;1;3;6;60;08/04/2010
2010015403;2;2;3;1;3;60;12/04/2010
2010015404;1;2;3;1;6;60;15/04/2010
2010015405;1;2;2;1;3;60;15/04/2010
2010015406;1;2;1;1;2;60;19/04/2010
2010015407;1;2;1;1;1;60;19/04/2010
2010015408;1;2;6;1;3;60;19/04/2010
2010015409;1;2;1;1;6;60;19/04/2010
2010015410;1;2;6;1;3;60;21/04/2010
2010015411;1;2;2;3;7;60;23/04/2010
2010015412;5;2;1;3;1;60;23/04/2010
2010015413;1;2;1;1;3;60;24/04/2010
2010015414;1;2;3;1;3;60;26/04/2010
2010015415;1;2;1;1;3;60;27/04/2010
2010015416;1;2;1;1;3;60;27/04/2010
2010015417;1;2;1;1;3;60;28/04/2010
2010015418;1;2;3;1;3;60;28/04/2010
2010015419;1;2;2;1;3;60;29/04/2010
2010015420;1;2;1;1;6;60;05/05/2010
2010015421;1;2;2;1;6;60;07/05/2010
2010015422;2;2;3;1;3;60;07/05/2010
2010015423;1;2;2;1;3;60;11/05/2010
2010015424;1;2;2;1;2;60;11/05/2010
2010015425;1;2;1;1;2;60;12/05/2010
2010015426;1;2;1;1;3;60;12/05/2010
2010015427;1;2;1;1;3;60;14/05/2010
2010015428;1;2;1;1;2;60;14/05/2010
2010015429;1;2;1;1;6;60;15/05/2010
2010015430;1;2;1;1;6;60;17/05/2010
2010015431;1;2;1;1;3;60;19/05/2010
2010015432;1;2;1;1;3;60;20/05/2010
2010015433;1;2;1;1;3;60;21/05/2010
2010015434;1;2;1;1;3;60;22/05/2010
2010015435;1;2;1;1;6;60;23/05/2010
2010015436;1;2;1;1;1;60;23/05/2010
2010015437;1;2;1;1;6;60;23/05/2010
2010015438;1;2;1;1;6;60;26/05/2010
2010015439;1;2;3;1;3;60;31/05/2010
2010015440;1;2;1;1;3;60;31/05/2010
2010015441;1;2;1;1;1;60;05/06/2010
2010015442;1;2;3;1;2;60;05/06/2010
2010015443;5;2;1;1;3;60;06/06/2010
2010015444;1;2;3;1;3;60;08/06/2010
2010015445;1;2;1;1;4;60;08/06/2010
2010015446;1;2;1;1;3;60;10/06/2010
2010015447;1;2;1;1;6;60;11/06/2010
2010015448;5;2;2;1;3;60;11/06/2010
2010015449;5;2;6;1;6;60;12/06/2010
2010015450;1;2;1;1;6;60;19/06/2010
2010015451;1;2;1;1;2;60;20/06/2010
2010015452;1;2;3;1;3;60;21/06/2010
2010015453;1;2;1;1;6;60;22/06/2010
2010015454;1;2;1;1;6;60;23/06/2010
2010015455;1;2;1;1;2;60;23/06/2010
2010015456;1;2;1;1;3;60;25/06/2010
2010015457;1;2;1;1;6;60;25/06/2010
2010015458;1;2;1;1;3;60;28/06/2010
2010015459;1;2;1;1;3;60;30/06/2010
2010015460;1;2;2;1;3;60;30/06/2010
2010015461;1;2;1;1;6;60;07/07/2010
2010015462;1;2;1;1;3;60;07/07/2010
2010015463;1;2;1;1;6;60;08/07/2010
2010015464;1;2;1;1;3;60;09/07/2010
2010015465;1;2;1;1;2;60;10/07/2010
2010015466;1;2;1;1;3;60;12/07/2010
2010015467;1;2;1;1;3;60;16/07/2010
2010015468;1;2;1;1;1;60;17/07/2010
2010015469;1;2;4;1;2;60;19/07/2010
2010015470;1;2;1;1;1;60;20/07/2010
2010015471;2;2;1;1;1;60;20/07/2010
2010015472;1;2;1;1;3;60;21/07/2010
2010015473;1;2;4;1;5;60;23/07/2010
2010015474;1;2;3;1;3;60;23/07/2010
2010015475;1;2;1;1;6;60;25/07/2010
2010015476;1;2;1;1;2;60;26/07/2010
2010015477;1;2;1;1;6;60;26/07/2010
2010015478;1;2;3;1;3;60;29/07/2010
2010015479;1;2;1;1;2;60;29/07/2010
2010015480;1;2;1;1;1;60;31/07/2010
2010015481;1;2;1;1;3;60;02/08/2010
2010015482;1;2;1;1;1;60;04/08/2010
2010015483;1;2;1;1;6;60;08/08/2010
2010015484;5;2;1;1;7;60;09/08/2010
2010015485;1;2;2;1;6;60;09/08/2010
2010015486;1;2;2;1;3;60;09/08/2010
2010015487;1;2;1;1;3;60;09/08/2010
2010015488;1;2;1;1;6;60;12/08/2010
2010015489;1;2;1;3;2;60;14/08/2010
2010015490;1;2;6;1;6;60;16/08/2010
2010015491;1;2;3;1;6;60;16/08/2010
2010015492;1;2;1;1;2;60;19/08/2010
2010015493;1;2;1;1;3;60;22/08/2010
2010015494;1;2;1;1;2;60;25/08/2010
2010015495;1;2;1;1;3;60;27/08/2010
2010015496;1;2;3;1;3;60;01/09/2010
2010015497;1;2;1;1;3;60;01/09/2010
2010015498;2;2;1;1;3;60;01/09/2010
2010015499;1;2;2;1;3;60;03/09/2010
2010015500;5;2;1;1;6;60;03/09/2010
2010015501;1;2;3;1;3;60;05/09/2010
2010015502;1;2;2;1;3;60;06/09/2010
2010015503;4;2;3;1;3;60;06/09/2010
2010015504;1;2;3;1;3;60;07/09/2010
2010015505;1;2;1;1;3;60;14/09/2010
2010015506;1;2;1;1;2;60;14/09/2010
2010015507;1;2;1;1;6;60;14/09/2010
2010015508;1;2;3;1;3;60;14/09/2010
2010015509;1;2;1;1;6;60;14/09/2010
2010015510;1;2;1;1;2;60;15/09/2010
2010015511;1;2;1;1;6;60;18/09/2010
2010015512;5;2;1;1;6;60;19/09/2010
2010015513;1;2;6;1;2;60;21/09/2010
2010015514;1;2;1;1;2;60;21/09/2010
2010015515;1;2;2;1;3;60;21/09/2010
2010015516;1;2;1;1;3;60;23/09/2010
2010015517;1;2;1;1;3;60;23/09/2010
2010015518;5;2;1;1;1;60;23/09/2010
2010015519;1;2;1;1;1;60;24/09/2010
2010015520;5;2;2;3;3;60;24/09/2010
2010015521;1;2;1;1;6;60;25/09/2010
2010015522;1;2;1;1;3;60;28/09/2010
2010015523;1;2;1;1;6;60;29/09/2010
2010015524;1;2;1;1;1;60;30/09/2010
2010015525;1;2;3;1;3;60;01/10/2010
2010015526;1;2;1;1;6;60;03/10/2010
2010015527;1;2;1;1;2;60;03/10/2010
2010015528;2;2;3;1;3;60;05/10/2010
2010015529;2;2;1;1;3;60;05/10/2010
2010015530;1;2;1;1;2;60;06/10/2010
2010015531;1;2;1;1;1;60;08/10/2010
2010015532;1;2;1;1;6;60;08/10/2010
2010015533;1;2;4;1;3;60;10/10/2010
2010015534;1;2;1;1;1;60;14/10/2010
2010015535;1;2;3;1;5;60;15/10/2010
2010015536;1;1;1;1;3;60;15/10/2010
2010015537;1;2;1;1;6;60;18/10/2010
2010015538;1;2;1;1;3;60;18/10/2010
2010015539;1;2;3;1;3;60;20/10/2010
2010015540;2;2;1;1;2;60;20/10/2010
2010015541;1;2;6;1;3;60;21/10/2010
2010015542;1;2;1;1;3;60;21/10/2010
2010015543;1;2;3;1;3;60;22/10/2010
2010015544;5;2;1;1;3;60;24/10/2010
2010015545;1;2;1;1;6;60;26/10/2010
2010015546;1;2;2;1;3;60;26/10/2010
2010015547;1;2;1;1;3;60;27/10/2010
2010015548;1;2;1;1;6;60;29/10/2010
2010015549;5;2;3;3;3;60;01/11/2010
2010015550;5;2;1;2;3;60;29/10/2010
2010015551;1;2;1;1;2;60;03/11/2010
2010015552;1;2;1;1;6;60;03/11/2010
2010015553;1;2;1;1;6;60;05/11/2010
2010015554;5;2;1;1;3;60;05/11/2010
2010015555;5;2;1;1;2;60;05/11/2010
2010015556;5;2;1;1;2;60;07/11/2010
2010015557;1;2;1;1;1;60;07/11/2010
2010015558;1;2;3;1;3;60;08/11/2010
2010015559;1;2;1;1;3;60;09/11/2010
2010015560;5;2;1;1;2;60;11/11/2010
2010015561;5;2;1;1;3;60;12/11/2010
2010015562;1;2;6;1;3;60;13/11/2010
2010015563;5;2;2;1;3;60;14/11/2010
2010015564;1;2;1;2;3;60;15/11/2010
2010015565;2;2;3;3;3;60;16/11/2010
2010015566;1;2;3;1;6;60;17/11/2010
2010015567;1;2;1;1;3;60;17/11/2010
2010015568;1;2;3;1;5;60;17/11/2010
2010015569;4;2;1;1;6;60;22/11/2010
2010015570;1;2;2;1;3;60;23/11/2010
2010015571;1;2;1;1;2;60;23/11/2010
2010015572;1;2;1;1;6;60;23/11/2010
2010015573;5;2;1;1;2;60;26/11/2010
2010015574;5;2;3;1;3;60;04/12/2010
2010015575;1;2;1;2;6;60;08/12/2010
2010015576;5;2;1;1;6;60;10/12/2010
2010015577;5;2;6;1;3;60;11/12/2010
2010015578;5;2;1;1;1;60;12/12/2010
2010015579;2;2;3;1;3;60;15/12/2010
2010015580;1;2;6;1;3;60;17/12/2010
2010015581;1;2;2;1;3;60;17/12/2010
2010015582;1;2;1;1;3;60;17/12/2010
2010015583;5;2;1;1;6;60;17/12/2010
2010015584;1;2;3;2;3;60;26/12/2010
2010015585;5;2;1;1;2;60;28/12/2010
2010015586;1;2;1;1;5;60;31/12/2010
2010015587;2;2;1;1;5;60;01/01/2010
2010015588;1;2;1;7;6;60;02/01/2010
2010015589;1;2;1;1;3;60;05/01/2010
2010015590;2;2;1;1;6;60;06/01/2010
2010015591;1;2;1;1;6;60;08/01/2010
2010015592;1;2;1;3;6;60;08/01/2010
2010015593;1;2;1;1;6;60;08/01/2010
2010015594;1;2;1;1;6;60;11/01/2010
2010015595;1;2;1;1;3;60;12/01/2010
2010015596;1;2;1;1;3;60;13/01/2010
2010015597;1;2;1;2;7;60;14/01/2010
2010015598;1;2;2;1;2;60;14/01/2010
2010015599;2;2;1;3;7;60;14/01/2010
2010015600;1;2;1;1;6;60;14/01/2010
2010015601;5;2;1;1;7;60;15/01/2010
2010015602;5;2;1;1;7;60;15/01/2010
2010015603;1;2;1;1;6;60;18/01/2010
2010015604;1;2;1;1;3;60;21/01/2010
2010015605;1;2;1;1;2;60;23/01/2010
2010015606;1;2;1;2;6;60;25/01/2010
2010015607;1;2;1;1;2;60;28/01/2010
2010015608;1;2;1;1;6;60;30/01/2010
2010015609;1;2;1;1;6;60;29/01/2010
2010015610;1;2;1;1;3;60;01/02/2010
2010015611;1;2;1;1;3;60;05/02/2010
2010015612;1;2;1;1;2;60;07/02/2010
2010015613;1;2;1;1;7;60;07/02/2010
2010015614;1;2;1;1;7;60;07/02/2010
2010015615;5;2;1;3;7;60;08/02/2010
2010015616;1;2;1;1;6;60;15/02/2010
2010015617;2;2;1;2;6;60;17/02/2010
2010015618;1;2;1;3;2;60;17/02/2010
2010015619;1;2;1;1;3;60;17/02/2010
2010015620;2;2;1;3;3;60;19/02/2010
2010015621;1;2;1;1;6;60;28/02/2010
2010015622;1;2;1;1;3;60;24/02/2010
2010015623;1;2;1;1;3;60;24/02/2010
2010015624;5;2;1;1;3;60;26/02/2010
2010015625;1;2;1;1;6;60;28/02/2010
2010015626;1;2;1;1;7;60;02/03/2010
2010015627;1;2;1;1;6;60;03/03/2010
2010015628;1;2;1;1;3;60;09/03/2010
2010015629;1;2;1;1;7;60;09/03/2010
2010015630;1;2;1;1;2;60;11/03/2010
2010015631;1;2;1;1;7;60;12/03/2010
2010015632;1;2;1;1;7;60;18/03/2010
2010015633;5;2;1;1;3;60;19/03/2010
2010015634;1;2;1;1;6;60;20/03/2010
2010015635;1;2;1;1;3;60;23/03/2010
2010015636;2;2;1;1;3;60;23/03/2010
2010015637;1;2;2;1;3;60;24/03/2010
2010015638;1;2;9;1;7;60;26/03/2010
2010015639;1;2;1;1;3;60;30/03/2010
2010015640;1;2;1;1;3;60;31/03/2010