num_acc;lum;agg;inter;atm;col;dep;date
2010015641;1;2;1;1;6;60;01/04/2010
2010015642;5;2;1;1;3;60;01/04/2010
2010015643;1;2;1;1;3;60;02/04/2010
2010015644;1;2;1;1;3;60;09/04/2010
2010015645;5;2;1;1;7;60;14/04/2010
2010015646;1;2;1;1;3;60;17/04/2010
2010015647;1;2;1;1;3;60;18/04/2010
2010015648;1;2;1;1;6;60;19/04/2010
2010015649;1;2;1;1;3;60;20/04/2010
2010015650;1;2;1;1;5;60;21/04/2010
2010015651;1;2;1;1;5;60;23/04/2010
2010015652;1;2;1;1;3;60;27/04/2010
2010015653;1;2;1;1;6;60;29/04/2010
2010015654;1;2;1;1;3;60;29/04/2010
2010015655;2;2;1;1;3;60;30/04/2010
2010015656;1;2;1;1;7;60;04/05/2010
2010015657;1;2;1;1;7;60;03/05/2010
2010015658;1;2;1;1;3;60;28/04/2010
2010015659;1;2;1;1;2;60;07/05/2010
2010015660;1;2;1;1;3;60;08/05/2010
2010015661;1;2;1;1;2;60;12/05/2010
2010015662;5;2;1;1;1;60;13/05/2010
2010015663;1;2;1;1;3;60;13/05/2010
2010015664;5;2;1;1;7;60;13/05/2010
2010015665;1;2;1;1;5;60;14/05/2010
2010015666;1;2;1;1;3;60;14/05/2010
2010015667;1;2;1;1;6;60;16/05/2010
2010015668;1;2;1;1;3;60;20/05/2010
2010015669;1;2;1;1;6;60;20/05/2010
2010015670;1;2;1;1;7;60;19/05/2010
2010015671;1;2;1;1;3;60;21/05/2010
2010015672;1;2;1;1;7;60;22/05/2010
2010015673;1;2;1;1;5;60;23/05/2010
2010015674;1;2;1;1;5;60;24/05/2010
2010015675;1;2;1;1;3;60;25/05/2010
2010015676;1;2;1;1;5;60;25/05/2010
2010015677;1;2;1;1;1;60;25/05/2010
2010015678;1;2;1;1;1;60;29/05/2010
2010015679;1;2;1;7;6;60;29/05/2010
2010015680;1;2;1;1;3;60;07/06/2010
2010015681;5;2;1;1;7;60;06/06/2010
2010015682;1;2;1;1;6;60;08/06/2010
2010015683;1;2;1;1;3;60;14/06/2010
2010015684;1;2;1;1;2;60;16/06/2010
2010015685;5;2;1;1;3;60;19/06/2010
2010015686;1;2;1;1;6;60;22/06/2010
2010015687;1;2;1;1;3;60;24/06/2010
2010015688;1;2;1;1;3;60;25/06/2010
2010015689;5;2;1;1;6;60;29/06/2010
2010015690;1;2;1;1;3;60;01/07/2010
2010015691;1;2;1;1;3;60;02/07/2010
2010015692;1;2;1;1;2;60;02/07/2010
2010015693;1;2;1;1;6;60;02/07/2010
2010015694;1;2;1;1;6;60;05/07/2010
2010015695;5;2;1;1;6;60;08/07/2010
2010015696;1;2;1;1;3;60;08/07/2010
2010015697;1;2;1;1;2;60;09/07/2010
2010015698;1;2;1;1;1;60;10/07/2010
2010015699;1;2;1;1;3;60;10/07/2010
2010015700;5;2;1;1;7;60;10/07/2010
2010015701;1;2;1;1;2;60;13/07/2010
2010015702;5;2;1;1;6;60;13/07/2010
2010015703;1;2;1;1;3;60;14/07/2010
2010015704;1;2;1;1;7;60;14/07/2010
2010015705;1;2;1;1;3;60;15/07/2010
2010015706;1;2;1;1;5;60;15/07/2010
2010015707;1;2;1;1;6;60;15/07/2010
2010015708;1;2;1;1;2;60;20/07/2010
2010015709;1;2;1;1;3;60;22/07/2010
2010015710;1;2;1;7;3;60;22/07/2010
2010015711;1;2;1;1;6;60;27/07/2010
2010015712;1;2;1;1;3;60;27/07/2010
2010015713;1;2;1;1;6;60;01/08/2010
2010015714;1;2;1;1;1;60;02/08/2010
2010015715;1;2;2;1;3;60;03/08/2010
2010015716;5;2;1;1;7;60;08/08/2010
2010015717;1;2;1;1;6;60;08/08/2010
2010015718;1;2;1;1;3;60;07/08/2010
2010015719;2;2;1;1;6;60;28/07/2010
2010015720;1;2;1;7;3;60;12/08/2010
2010015721;1;2;1;1;6;60;13/08/2010
2010015722;5;2;1;1;3;60;16/08/2010
2010015723;1;2;1;1;6;60;16/08/2010
2010015724;1;2;1;1;6;60;17/08/2010
2010015725;5;2;2;1;3;60;18/08/2010
2010015726;1;2;1;1;6;60;18/08/2010
2010015727;1;2;1;1;3;60;18/08/2010
2010015728;1;2;1;1;1;60;18/08/2010
2010015729;1;2;1;7;2;60;19/08/2010
2010015730;1;2;1;1;6;60;21/08/2010
2010015731;1;2;1;1;6;60;23/08/2010
2010015732;1;2;1;1;7;60;23/08/2010
2010015733;1;2;1;1;6;60;24/08/2010
2010015734;1;2;1;1;1;60;25/08/2010
2010015735;1;2;1;1;3;60;27/08/2010
2010015736;1;2;1;1;3;60;28/08/2010
2010015737;1;2;1;7;7;60;30/08/2010
2010015738;1;2;1;1;3;60;31/08/2010
2010015739;1;2;1;1;6;60;30/08/2010
2010015740;1;2;1;1;2;60;02/09/2010
2010015741;2;2;1;1;6;60;04/09/2010
2010015742;1;2;1;1;6;60;06/09/2010
2010015743;1;2;1;1;6;60;07/09/2010
2010015744;1;2;1;1;7;60;07/09/2010
2010015745;1;2;1;1;3;60;08/09/2010
2010015746;1;2;1;1;3;60;08/09/2010
2010015747;1;2;1;1;3;60;09/09/2010
2010015748;5;2;1;1;3;60;10/09/2010
2010015749;1;2;1;1;6;60;11/09/2010
2010015750;1;2;1;1;2;60;13/09/2010
2010015751;1;2;1;1;3;60;13/09/2010
2010015752;1;2;1;1;7;60;16/09/2010
2010015753;2;2;1;1;3;60;18/09/2010
2010015754;1;2;1;1;3;60;20/09/2010
2010015755;1;2;1;1;3;60;24/09/2010
2010015756;1;2;1;3;3;60;24/09/2010
2010015757;1;2;1;1;3;60;28/09/2010
2010015758;1;2;1;1;7;60;29/09/2010
2010015759;1;2;1;1;7;60;29/09/2010
2010015760;1;2;1;1;3;60;30/09/2010
2010015761;1;2;1;1;3;60;30/09/2010
2010015762;1;2;1;1;6;60;05/10/2010
2010015763;1;2;1;1;7;60;07/10/2010
2010015764;1;2;1;1;6;60;08/10/2010
2010015765;2;2;1;1;6;60;10/10/2010
2010015766;1;2;1;1;6;60;11/10/2010
2010015767;1;2;1;1;3;60;12/10/2010
2010015768;1;2;1;1;7;60;12/10/2010
2010015769;1;2;1;1;6;60;13/10/2010
2010015770;1;2;1;1;7;60;18/10/2010
2010015771;1;2;1;1;3;60;19/10/2010
2010015772;1;2;1;1;3;60;20/10/2010
2010015773;5;2;1;1;7;60;20/10/2010
2010015774;3;2;1;1;6;60;23/10/2010
2010015775;1;2;1;1;3;60;26/10/2010
2010015776;1;2;1;1;3;60;23/10/2010
2010015777;1;2;1;1;2;60;26/10/2010
2010015778;1;2;1;7;7;60;26/10/2010
2010015779;2;2;1;1;3;60;27/10/2010
2010015780;1;2;1;7;6;60;28/10/2010
2010015781;1;2;1;1;3;60;29/10/2010
2010015782;1;2;1;1;3;60;03/11/2010
2010015783;1;2;1;1;3;60;04/11/2010
2010015784;5;2;1;1;4;60;04/11/2010
2010015785;1;2;1;1;3;60;05/11/2010
2010015786;1;2;1;1;6;60;06/11/2010
2010015787;2;2;1;1;5;60;06/11/2010
2010015788;1;2;1;1;6;60;06/11/2010
2010015789;1;2;1;1;5;60;06/11/2010
2010015790;1;2;1;1;3;60;08/11/2010
2010015791;1;2;1;1;3;60;08/11/2010
2010015792;1;2;1;1;3;60;16/11/2010
2010015793;1;2;1;1;3;60;16/11/2010
2010015794;1;2;1;1;3;60;19/11/2010
2010015795;1;2;1;1;3;60;19/11/2010
2010015796;1;2;1;1;2;60;22/11/2010
2010015797;5;2;1;1;2;60;23/11/2010
2010015798;1;2;1;1;3;60;29/11/2010
2010015799;1;2;1;1;7;60;30/11/2010
2010015800;1;2;1;1;3;60;01/12/2010
2010015801;2;2;1;2;6;60;05/12/2010
2010015802;5;2;2;2;3;60;05/12/2010
2010015803;5;2;1;1;7;60;05/12/2010
2010015804;5;2;1;1;2;60;07/12/2010
2010015805;5;2;1;1;6;60;08/12/2010
2010015806;2;2;1;1;3;60;08/12/2010
2010015807;1;2;1;1;2;60;09/12/2010
2010015808;5;2;1;1;3;60;09/12/2010
2010015809;1;2;1;1;3;60;10/12/2010
2010015810;5;2;1;1;1;60;10/12/2010
2010015811;1;2;1;1;5;60;11/12/2010
2010015812;1;2;1;1;7;60;13/12/2010
2010015813;1;2;1;1;6;60;15/12/2010
2010015814;1;2;1;1;3;60;15/12/2010
2010015815;1;2;1;1;3;60;18/12/2010
2010015816;1;2;1;1;7;60;27/12/2010
2010015817;1;2;1;1;7;60;31/12/2010
2010015818;5;2;1;1;6;60;18/10/2010
2010015819;1;2;3;1;3;60;02/01/2010
2010015820;2;2;1;1;2;60;04/01/2010
2010015821;5;2;1;1;7;60;05/01/2010
2010015822;1;2;1;2;1;60;08/01/2010
2010015823;2;2;1;2;6;60;08/01/2010
2010015824;1;2;1;1;7;60;09/01/2010
2010015825;5;1;1;1;6;60;11/01/2010
2010015826;1;2;1;1;7;60;11/01/2010
2010015827;5;2;1;1;7;60;12/01/2010
2010015828;2;2;1;1;1;60;17/01/2010
2010015829;2;2;1;1;3;60;19/01/2010
2010015830;1;2;1;1;1;60;23/01/2010
2010015831;2;2;6;1;3;60;28/01/2010
2010015832;1;2;1;1;3;60;28/01/2010
2010015833;5;2;1;1;7;60;31/01/2010
2010015834;5;2;1;1;6;60;04/02/2010
2010015835;5;2;1;2;6;60;05/02/2010
2010015836;1;2;1;1;3;60;06/02/2010
2010015837;1;2;6;1;3;60;08/02/2010
2010015838;1;2;2;4;6;60;11/02/2010
2010015839;1;2;1;1;2;60;15/02/2010
2010015840;1;2;1;1;7;60;15/02/2010
2010015841;1;2;1;3;6;60;17/02/2010
2010015842;5;2;3;2;6;60;27/02/2010
2010015843;1;2;1;2;7;60;03/03/2010
2010015844;1;2;1;2;7;60;05/03/2010
2010015845;1;2;9;1;6;60;08/03/2010
2010015846;5;2;1;1;3;60;09/03/2010
2010015847;2;2;1;1;5;60;09/03/2010
2010015848;1;2;1;1;2;60;11/03/2010
2010015849;1;2;1;1;7;60;11/03/2010
2010015850;2;2;1;1;6;60;12/03/2010
2010015851;1;2;1;1;2;60;15/03/2010
2010015852;1;2;1;1;2;60;16/03/2010
2010015853;1;2;1;1;3;60;19/03/2010
2010015854;1;2;3;1;3;60;20/03/2010
2010015855;1;2;1;1;7;60;22/03/2010
2010015856;1;2;1;1;2;60;23/03/2010
2010015857;1;2;1;1;7;60;23/03/2010
2010015858;1;2;1;1;2;60;25/03/2010
2010015859;1;2;1;1;3;60;26/03/2010
2010015860;1;2;1;1;2;60;26/03/2010
2010015861;1;2;1;1;2;60;29/03/2010
2010015862;1;2;1;1;2;60;29/03/2010
2010015863;1;2;1;1;2;60;01/04/2010
2010015864;1;2;1;1;7;60;02/04/2010
2010015865;1;2;1;1;2;60;02/04/2010
2010015866;1;2;1;1;1;60;02/04/2010
2010015867;1;2;1;1;7;60;06/04/2010
2010015868;1;2;1;1;3;60;06/04/2010
2010015869;1;1;1;1;6;60;07/04/2010
2010015870;1;2;1;1;6;60;12/04/2010
2010015871;1;2;1;2;7;60;14/04/2010
2010015872;1;2;1;1;2;60;14/04/2010
2010015873;1;2;1;1;2;60;15/04/2010
2010015874;2;2;1;1;1;60;15/04/2010
2010015875;1;2;1;1;7;60;16/04/2010
2010015876;5;2;1;1;6;60;18/04/2010
2010015877;1;2;1;1;6;60;18/04/2010
2010015878;1;1;1;1;6;60;20/04/2010
2010015879;1;2;1;1;7;60;23/04/2010
2010015880;1;2;1;1;7;60;25/04/2010
2010015881;1;2;1;1;3;60;25/04/2010
2010015882;1;2;1;1;7;60;26/04/2010
2010015883;5;2;1;1;6;60;27/04/2010
2010015884;1;2;1;1;7;60;29/04/2010
2010015885;1;2;1;1;6;60;30/04/2010
2010015886;1;2;1;1;6;60;30/04/2010
2010015887;1;1;1;1;7;60;01/05/2010
2010015888;1;1;1;3;6;60;02/05/2010
2010015889;1;2;1;1;7;60;03/05/2010
2010015890;1;2;1;1;2;60;03/05/2010
2010015891;1;2;1;1;7;60;03/05/2010
2010015892;1;2;1;1;7;60;04/05/2010
2010015893;5;2;1;1;2;60;08/05/2010
2010015894;1;2;1;1;4;60;11/05/2010
2010015895;1;2;1;1;6;60;11/05/2010
2010015896;1;2;1;1;2;60;15/05/2010
2010015897;5;2;1;1;3;60;16/05/2010
2010015898;1;2;1;1;7;60;17/05/2010
2010015899;1;2;1;1;4;60;17/05/2010
2010015900;1;2;1;1;2;60;18/05/2010
2010015901;1;2;1;1;3;60;18/05/2010
2010015902;1;1;1;1;2;60;20/05/2010
2010015903;1;2;3;1;3;60;21/05/2010
2010015904;1;2;1;1;2;60;25/05/2010
2010015905;1;2;1;1;2;60;26/05/2010
2010015906;1;2;3;1;3;60;26/05/2010
2010015907;1;2;1;1;1;60;27/05/2010
2010015908;1;2;1;1;2;60;29/05/2010
2010015909;1;2;2;1;3;60;31/05/2010
2010015910;1;2;3;1;3;60;01/06/2010
2010015911;2;2;6;1;3;60;02/06/2010
2010015912;1;2;1;1;6;60;04/06/2010
2010015913;1;2;1;1;3;60;05/06/2010
2010015914;1;2;1;1;2;60;05/06/2010
2010015915;1;2;1;1;3;60;08/06/2010
2010015916;1;2;1;1;3;60;10/06/2010
2010015917;1;2;1;1;3;60;14/06/2010
2010015918;1;2;1;1;5;60;14/06/2010
2010015919;1;2;1;1;7;60;17/06/2010
2010015920;1;2;1;1;7;60;17/06/2010
2010015921;1;2;3;1;3;60;19/06/2010
2010015922;1;2;1;1;7;60;20/06/2010
2010015923;1;2;1;1;2;60;20/06/2010
2010015924;1;2;1;1;2;60;22/06/2010
2010015925;2;2;1;1;2;60;22/06/2010
2010015926;1;2;1;1;3;60;23/06/2010
2010015927;1;2;1;1;3;60;23/06/2010
2010015928;1;2;1;1;5;60;24/06/2010
2010015929;1;2;1;1;6;60;24/06/2010
2010015930;1;2;1;1;3;60;25/06/2010
2010015931;1;2;1;1;3;60;25/06/2010
2010015932;1;2;1;1;3;60;26/06/2010
2010015933;1;2;1;1;7;60;26/06/2010
2010015934;1;2;3;1;3;60;30/06/2010
2010015935;1;2;1;1;1;60;30/06/2010
2010015936;1;2;1;1;7;60;02/07/2010
2010015937;5;2;1;1;3;60;02/07/2010
2010015938;1;2;1;1;2;60;05/07/2010
2010015939;1;2;1;1;3;60;05/07/2010
2010015940;5;2;1;1;6;60;05/07/2010
2010015941;1;2;1;1;6;60;09/07/2010
2010015942;1;2;1;1;7;60;09/07/2010
2010015943;1;2;9;1;3;60;10/07/2010
2010015944;1;2;1;1;2;60;12/07/2010
2010015945;1;2;1;1;7;60;16/07/2010
2010015946;1;2;1;1;2;60;17/07/2010
2010015947;1;2;1;1;3;60;17/07/2010
2010015948;1;2;1;1;4;60;17/07/2010
2010015949;1;2;1;1;7;60;18/07/2010
2010015950;5;2;1;1;6;60;20/07/2010
2010015951;1;2;1;1;7;60;21/07/2010
2010015952;1;2;1;1;6;60;21/07/2010
2010015953;1;2;6;1;3;60;22/07/2010
2010015954;1;1;4;1;1;60;22/07/2010
2010015955;1;2;2;1;3;60;22/07/2010
2010015956;1;2;1;1;3;60;23/07/2010
2010015957;1;2;1;1;6;60;24/07/2010
2010015958;5;2;1;1;7;60;28/07/2010
2010015959;1;2;1;1;1;60;29/07/2010
2010015960;1;2;1;1;2;60;30/07/2010
2010015961;1;2;1;1;6;60;31/07/2010
2010015962;1;2;1;1;1;60;02/08/2010
2010015963;1;2;1;1;6;60;03/08/2010
2010015964;1;2;3;1;3;60;03/08/2010
2010015965;1;2;1;1;3;60;04/08/2010
2010015966;5;2;1;1;6;60;08/08/2010
2010015967;1;2;6;1;3;60;09/08/2010
2010015968;1;2;1;1;3;60;09/08/2010
2010015969;5;2;1;1;7;60;09/08/2010
2010015970;1;2;1;1;3;60;10/08/2010
2010015971;1;2;1;1;3;60;11/08/2010
2010015972;1;2;1;1;6;60;12/08/2010
2010015973;1;2;1;3;1;60;13/08/2010
2010015974;1;2;1;3;7;60;13/08/2010
2010015975;1;2;1;3;5;60;14/08/2010
2010015976;1;2;1;7;6;60;18/08/2010
2010015977;1;2;1;1;4;60;18/08/2010
2010015978;1;2;1;1;3;60;19/08/2010
2010015979;2;2;1;1;7;60;22/08/2010
2010015980;1;2;1;1;2;60;22/08/2010
2010015981;1;2;1;1;3;60;22/08/2010
2010015982;1;2;6;1;3;60;23/08/2010
2010015983;2;2;1;1;6;60;25/08/2010
2010015984;1;2;6;1;3;60;25/08/2010
2010015985;1;2;1;1;3;60;26/08/2010
2010015986;1;2;1;1;7;60;26/08/2010
2010015987;1;2;1;1;2;60;31/08/2010
2010015988;1;2;1;1;2;60;31/08/2010
2010015989;5;2;1;1;7;60;01/09/2010
2010015990;1;2;1;1;2;60;06/09/2010
2010015991;1;2;1;1;2;60;06/09/2010
2010015992;1;2;1;1;1;60;07/09/2010
2010015993;1;2;1;1;3;60;08/09/2010
2010015994;1;2;1;1;6;60;09/09/2010
2010015995;1;2;1;1;3;60;09/09/2010
2010015996;1;1;1;1;2;60;11/09/2010
2010015997;1;1;1;1;1;60;13/09/2010
2010015998;1;2;1;1;3;60;14/09/2010
2010015999;5;2;1;1;7;60;17/09/2010
2010016000;1;2;1;1;2;60;17/09/2010
2010016001;1;2;1;1;6;60;21/09/2010
2010016002;1;2;1;1;7;60;22/09/2010
2010016003;1;2;1;1;7;60;22/09/2010
2010016004;1;2;1;1;7;60;23/09/2010
2010016005;1;1;1;1;1;60;24/09/2010
2010016006;1;2;1;1;6;60;24/09/2010
2010016007;1;2;3;1;1;60;24/09/2010
2010016008;5;2;1;1;7;60;26/09/2010
2010016009;1;1;1;1;2;60;26/09/2010
2010016010;5;2;1;1;2;60;26/09/2010
2010016011;1;2;1;1;2;60;27/09/2010
2010016012;1;2;1;1;3;60;29/09/2010
2010016013;2;2;1;1;3;60;02/10/2010
2010016014;1;2;1;2;3;60;04/10/2010
2010016015;1;2;1;1;6;60;04/10/2010
2010016016;1;2;1;3;7;60;04/10/2010
2010016017;1;2;1;1;3;60;05/10/2010
2010016018;1;2;1;1;7;60;05/10/2010
2010016019;1;2;1;1;7;60;07/10/2010
2010016020;5;2;1;1;6;60;09/10/2010
2010016021;2;2;4;1;3;60;10/10/2010
2010016022;5;1;1;1;7;60;10/10/2010
2010016023;5;2;1;1;5;60;11/10/2010
2010016024;1;1;1;1;3;60;12/10/2010
2010016025;1;2;1;1;7;60;13/10/2010
2010016026;2;2;1;1;2;60;13/10/2010
2010016027;2;2;1;1;2;60;13/10/2010
2010016028;1;2;1;1;6;60;14/10/2010
2010016029;1;2;1;1;7;60;14/10/2010
2010016030;1;2;4;1;3;60;14/10/2010
2010016031;5;2;1;1;7;60;15/10/2010
2010016032;1;2;1;1;6;60;21/10/2010
2010016033;1;2;1;1;4;60;22/10/2010
2010016034;5;2;1;3;6;60;25/10/2010
2010016035;1;2;3;1;3;60;26/10/2010
2010016036;5;2;1;1;6;60;27/10/2010
2010016037;1;2;1;1;6;60;28/10/2010
2010016038;1;2;1;2;4;60;01/11/2010
2010016039;1;2;1;1;2;60;03/11/2010
2010016040;1;2;1;1;3;60;03/11/2010
2010016041;1;2;1;1;2;60;04/11/2010
2010016042;1;2;1;1;7;60;07/11/2010
2010016043;2;2;1;1;6;60;08/11/2010
2010016044;2;2;1;1;6;60;09/11/2010
2010016045;1;2;1;1;2;60;10/11/2010
2010016046;1;2;1;1;3;60;12/11/2010
2010016047;5;2;1;1;6;60;12/11/2010
2010016048;1;2;1;2;3;60;15/11/2010
2010016049;1;2;1;1;3;60;16/11/2010
2010016050;1;2;1;1;4;60;17/11/2010
2010016051;1;2;1;1;1;60;18/11/2010
2010016052;1;2;1;1;7;60;18/11/2010
2010016053;1;2;1;1;1;60;18/11/2010
2010016054;1;2;1;1;3;60;19/11/2010
2010016055;1;2;1;1;7;60;19/11/2010
2010016056;1;2;1;1;7;60;21/11/2010
2010016057;1;2;1;1;5;60;23/11/2010
2010016058;1;2;1;1;6;60;23/11/2010
2010016059;2;2;1;1;3;60;25/11/2010
2010016060;1;2;3;1;3;60;25/11/2010
2010016061;1;2;1;1;3;60;25/11/2010
2010016062;1;2;1;1;7;60;25/11/2010
2010016063;5;2;1;1;6;60;25/11/2010
2010016064;1;2;1;1;3;60;26/11/2010
2010016065;1;2;1;1;6;60;27/11/2010
2010016066;1;2;1;1;3;60;27/11/2010
2010016067;1;2;9;1;1;60;27/11/2010
2010016068;2;2;1;1;6;60;27/11/2010
2010016069;1;2;1;1;6;60;30/11/2010
2010016070;5;2;6;1;3;60;01/12/2010
2010016071;2;2;1;1;7;60;03/12/2010
2010016072;5;2;1;1;3;60;03/12/2010
2010016073;2;2;2;1;3;60;04/12/2010
2010016074;1;2;1;2;2;60;05/12/2010
2010016075;3;2;1;2;6;60;06/12/2010
2010016076;1;2;1;1;3;60;08/12/2010
2010016077;1;2;9;7;6;60;09/12/2010
2010016078;2;2;1;1;7;60;12/12/2010
2010016079;2;2;1;1;7;60;12/12/2010
2010016080;2;2;1;1;7;60;13/12/2010
2010016081;1;2;1;1;7;60;14/12/2010
2010016082;5;2;1;1;3;60;14/12/2010
2010016083;1;2;1;1;3;60;15/12/2010
2010016084;5;2;1;1;3;60;15/12/2010
2010016085;1;2;3;1;3;60;16/12/2010
2010016086;1;2;1;1;6;60;16/12/2010
2010016087;1;2;1;1;6;60;17/12/2010
2010016088;1;2;1;1;6;60;19/12/2010
2010016089;2;2;1;1;6;60;20/12/2010
2010016090;5;2;1;1;3;60;22/12/2010
2010016091;1;2;1;1;1;60;29/12/2010
2010016092;1;1;1;1;7;60;30/12/2010
2010016093;5;2;1;1;7;60;31/12/2010
2010016094;1;2;1;1;1;60;31/12/2010
2010016095;1;2;3;1;3;60;05/01/2010
2010016096;5;2;3;1;3;60;05/01/2010
2010016097;1;2;3;1;3;60;12/01/2010
2010016098;1;2;3;3;7;60;08/01/2010
2010016099;1;2;1;7;6;60;22/01/2010
2010016100;1;2;1;1;7;60;28/01/2010
2010016101;1;2;1;1;6;60;29/01/2010
2010016102;1;2;1;7;6;60;15/01/2010
2010016103;5;2;1;1;6;60;04/02/2010
2010016104;1;2;1;1;2;60;10/02/2010
2010016105;5;2;1;1;2;60;12/02/2010
2010016106;5;2;1;3;6;60;22/02/2010
2010016107;1;2;1;1;6;60;25/02/2010
2010016108;1;2;1;1;3;60;26/02/2010
2010016109;2;2;1;1;6;60;03/03/2010
2010016110;5;2;1;1;6;60;06/03/2010
2010016111;1;2;3;1;3;60;04/03/2010
2010016112;5;2;1;1;3;60;09/03/2010
2010016113;5;2;3;1;3;60;19/03/2010
2010016114;1;2;1;1;6;60;15/03/2010
2010016115;5;2;1;1;6;60;25/03/2010
2010016116;5;2;1;1;6;60;31/03/2010
2010016117;1;2;1;1;1;60;06/04/2010
2010016118;1;2;1;1;3;60;01/04/2010
2010016119;1;2;3;1;3;60;02/04/2010
2010016120;1;2;1;1;1;60;09/04/2010
2010016121;1;2;1;1;1;60;13/04/2010
2010016122;1;2;3;1;3;60;14/04/2010
2010016123;1;2;1;1;1;60;28/03/2010
2010016124;1;2;3;1;2;60;08/04/2010
2010016125;1;2;1;1;6;60;15/04/2010
2010016126;1;2;1;1;6;60;14/04/2010
2010016127;5;2;1;1;2;60;22/04/2010
2010016128;1;2;3;1;3;60;24/04/2010
2010016129;5;2;3;1;5;60;24/04/2010
2010016130;1;2;1;1;2;60;26/04/2010
2010016131;1;2;1;1;6;60;25/04/2010
2010016132;1;2;2;1;3;60;27/04/2010
2010016133;5;2;3;1;3;60;17/04/2010
2010016134;1;2;1;8;1;60;02/05/2010
2010016135;1;2;3;2;3;60;04/05/2010
2010016136;1;2;6;1;6;60;05/04/2010
2010016137;1;2;1;1;1;60;28/04/2010
2010016138;1;2;1;1;7;60;19/05/2010
2010016139;1;2;4;1;1;60;17/05/2010
2010016140;1;1;1;1;6;60;15/05/2010
2010016141;5;1;1;1;1;60;22/05/2010
2010016142;1;2;1;1;6;60;20/05/2010
2010016143;1;2;3;1;3;60;20/05/2010
2010016144;5;2;1;1;1;60;30/05/2010
2010016145;1;2;3;1;6;60;01/06/2010
2010016146;5;2;1;1;6;60;06/06/2010
2010016147;1;2;3;1;3;60;12/06/2010
2010016148;1;2;1;1;3;60;14/06/2010
2010016149;1;2;1;1;7;60;18/06/2010
2010016150;1;2;3;1;3;60;10/06/2010
2010016151;1;2;1;2;6;60;25/06/2010
2010016152;1;2;1;1;6;60;25/06/2010
2010016153;1;2;3;1;3;60;07/07/2010
2010016154;1;2;1;1;6;60;11/07/2010
2010016155;1;2;1;1;1;60;17/07/2010
2010016156;1;2;1;1;1;60;17/07/2010
2010016157;1;2;1;1;3;60;30/06/2010
2010016158;1;2;1;1;5;60;11/07/2010
2010016159;1;2;1;1;1;60;19/07/2010
2010016160;1;2;1;1;1;60;20/07/2010
2010016161;1;2;1;1;3;60;24/07/2010
2010016162;1;2;1;1;6;60;25/07/2010
2010016163;1;2;1;1;3;60;01/08/2010
2010016164;5;2;3;1;3;60;01/08/2010
2010016165;5;2;1;1;6;60;05/08/2010
2010016166;1;2;1;1;6;60;22/07/2010
2010016167;1;2;1;1;6;60;06/08/2010
2010016168;5;2;3;1;6;60;11/08/2010
2010016169;5;2;1;1;7;60;19/08/2010
2010016170;5;2;1;1;6;60;16/08/2010
2010016171;1;2;1;1;1;60;11/08/2010
2010016172;1;2;1;1;2;60;19/08/2010
2010016173;1;2;3;1;3;60;16/08/2010
2010016174;2;2;3;1;6;60;23/08/2010
2010016175;1;2;3;1;3;60;03/09/2010
2010016176;1;2;1;2;6;60;13/09/2010
2010016177;1;2;3;1;2;60;04/09/2010
2010016178;1;2;3;1;3;60;13/09/2010
2010016179;1;2;1;1;6;60;15/09/2010
2010016180;5;2;6;1;6;60;17/09/2010
2010016181;1;2;1;1;3;60;20/09/2010
2010016182;1;2;1;1;2;60;22/09/2010
2010016183;1;2;1;1;6;60;25/09/2010
2010016184;1;2;3;1;3;60;27/09/2010
2010016185;1;2;1;1;6;60;27/09/2010
2010016186;1;1;1;1;1;60;30/09/2010
2010016187;5;2;1;1;1;60;01/10/2010
2010016188;1;2;1;1;6;60;06/10/2010
2010016189;5;2;1;2;3;60;10/10/2010
2010016190;1;2;1;1;2;60;06/10/2010
2010016191;5;2;1;1;6;60;12/10/2010
2010016192;1;2;1;7;6;60;12/10/2010
2010016193;1;2;5;1;6;60;19/10/2010
2010016194;1;2;1;1;3;60;15/10/2010
2010016195;2;2;1;1;6;60;16/10/2010
2010016196;1;2;3;1;3;60;20/10/2010
2010016197;1;2;1;3;6;60;25/10/2010
2010016198;3;2;1;1;6;60;28/10/2010
2010016199;1;2;1;1;6;60;30/10/2010
2010016200;5;2;1;1;6;60;02/11/2010
2010016201;5;2;3;1;6;60;10/11/2010
2010016202;1;2;1;1;6;60;14/11/2010
2010016203;1;2;1;1;2;60;10/11/2010
2010016204;1;2;1;3;7;60;16/11/2010
2010016205;5;2;1;2;7;60;20/11/2010
2010016206;1;2;1;2;3;60;28/11/2010
2010016207;5;2;1;1;3;60;03/11/2010
2010016208;5;2;1;2;6;60;15/11/2010
2010016209;5;2;3;1;3;60;21/11/2010
2010016210;5;2;3;1;3;60;22/11/2010
2010016211;2;2;1;1;6;60;22/11/2010
2010016212;1;2;1;1;2;60;24/11/2010
2010016213;2;2;1;1;3;60;01/12/2010
2010016214;1;2;1;1;6;60;18/12/2010
2010016215;5;2;3;1;3;60;18/12/2010
2010016216;1;2;1;1;1;60;20/12/2010
2010016217;1;2;1;2;6;60;01/01/2010
2010016218;5;2;1;1;3;60;01/01/2010
2010016219;5;2;1;2;6;60;04/01/2010
2010016220;1;2;2;1;6;60;04/01/2010
2010016221;1;2;1;1;1;60;04/01/2010
2010016222;5;2;1;1;2;60;04/01/2010
2010016223;1;2;1;2;2;60;05/01/2010
2010016224;1;2;3;1;3;60;05/01/2010
2010016225;1;1;1;1;3;60;05/01/2010
2010016226;1;2;1;1;3;60;06/01/2010
2010016227;1;2;1;1;2;60;06/01/2010
2010016228;2;2;2;1;3;60;06/01/2010
2010016229;5;2;1;1;6;60;06/01/2010
2010016230;5;2;1;1;6;60;06/01/2010
2010016231;1;2;2;1;6;60;07/01/2010
2010016232;5;1;1;2;2;60;07/01/2010
2010016233;5;2;1;3;7;60;08/01/2010
2010016234;1;2;1;2;3;60;08/01/2010