num_acc;lum;agg;inter;atm;col;dep;date
2010017998;1;1;1;9;1;730;04/01/2010
2010017999;5;2;1;4;6;730;27/01/2010
2010018000;1;1;1;5;7;730;02/11/2010
2010018001;1;2;1;1;1;130;05/06/2010
2010018002;1;1;1;1;6;130;31/07/2010
2010018003;5;2;1;1;6;130;17/11/2010
2010018004;1;1;1;1;3;130;24/11/2010
2010018005;1;1;1;3;5;130;01/12/2010
2010018006;3;1;1;1;2;310;02/03/2010
2010018007;3;1;1;1;6;310;18/03/2010
2010018008;1;1;1;3;6;310;04/05/2010
2010018009;1;1;1;1;7;310;10/05/2010
2010018010;1;1;1;1;7;310;08/06/2010
2010018011;1;1;1;1;3;310;11/07/2010
2010018012;1;1;1;1;7;310;10/08/2010
2010018013;1;1;1;1;4;310;15/10/2010
2010018014;3;1;1;1;2;310;14/11/2010
2010018015;1;1;1;1;5;310;26/12/2010
2010018016;1;1;1;1;2;670;02/04/2010
2010018017;2;1;1;2;5;670;06/05/2010
2010018018;1;2;1;8;6;670;09/05/2010
2010018019;1;1;1;1;1;670;15/07/2010
2010018020;1;1;1;1;1;670;27/10/2010
2010018021;1;1;1;1;1;670;07/11/2010
2010018022;3;1;1;4;6;670;21/12/2010
2010018023;2;1;1;1;2;210;29/07/2010
2010018024;1;1;1;1;7;210;07/08/2010
2010018025;3;1;1;1;3;210;13/09/2010
2010018026;1;1;1;1;2;210;25/10/2010
2010018027;3;1;1;1;2;210;07/12/2010
2010018028;3;1;1;4;6;210;24/12/2010
2010018029;1;1;1;3;6;730;01/01/2010
2010018030;1;1;1;1;5;730;26/02/2010
2010018031;1;1;1;8;6;730;05/05/2010
2010018032;1;1;1;1;6;730;04/07/2010
2010018033;1;1;1;8;6;730;15/08/2010
2010018034;1;1;1;8;4;730;15/08/2010
2010018035;1;1;1;2;6;730;16/08/2010
2010018036;5;1;1;1;6;730;02/09/2010
2010018037;3;1;1;1;7;730;12/09/2010
2010018038;3;1;1;1;1;730;17/09/2010
2010018039;3;1;1;1;5;730;16/11/2010
2010018040;2;1;1;4;2;730;17/12/2010
2010018041;1;1;1;1;6;740;24/04/2010
2010018042;1;1;1;1;6;740;12/06/2010
2010018043;1;1;1;1;6;740;05/07/2010
2010018044;3;1;1;1;7;740;10/07/2010
2010018045;1;1;1;1;6;740;13/07/2010
2010018046;3;1;1;1;6;740;22/07/2010
2010018047;1;1;1;1;6;740;26/08/2010
2010018048;2;1;1;5;6;740;12/12/2010
2010018049;1;1;1;1;4;380;04/01/2010
2010018050;3;1;1;1;7;380;02/04/2010
2010018051;1;1;1;8;6;380;01/05/2010
2010018052;1;1;1;1;7;380;09/06/2010
2010018053;3;1;1;1;3;380;14/06/2010
2010018054;1;1;1;1;3;380;26/09/2010
2010018055;1;1;1;1;6;380;19/12/2010
2010018056;1;1;1;4;5;380;24/12/2010
2010018057;3;1;1;9;7;380;26/12/2010
2010018058;1;1;1;1;2;380;30/12/2010
2010018059;1;1;1;1;7;550;05/09/2010
2010018060;3;1;1;2;7;550;23/09/2010
2010018061;1;1;1;1;4;570;14/09/2010
2010018062;1;1;1;4;6;570;16/12/2010
2010018063;1;2;3;1;3;80;22/01/2010
2010018064;1;2;1;3;6;80;03/02/2010
2010018065;1;2;1;1;3;80;14/04/2010
2010018066;5;2;7;1;6;80;02/03/2010
2010018067;5;2;1;1;3;80;17/03/2010
2010018068;2;2;1;1;3;80;24/03/2010
2010018069;1;2;2;2;6;80;28/03/2010
2010018070;5;2;2;2;3;80;04/04/2010
2010018071;5;2;1;2;6;80;03/04/2010
2010018072;2;2;3;1;2;80;23/04/2010
2010018073;1;2;1;1;1;80;28/04/2010
2010018074;1;2;1;1;5;80;28/05/2010
2010018075;1;2;1;1;6;80;02/06/2010
2010018076;1;2;2;1;3;80;03/06/2010
2010018077;1;2;3;1;5;80;18/06/2010
2010018078;1;2;2;1;6;80;15/06/2010
2010018079;1;2;1;1;6;80;28/06/2010
2010018080;3;1;1;1;7;80;14/08/2010
2010018081;1;2;1;1;6;80;27/08/2010
2010018082;5;1;9;1;7;80;17/10/2010
2010018083;1;2;6;8;6;80;19/10/2010
2010018084;5;2;1;3;6;80;13/11/2010
2010018085;1;1;1;1;2;140;03/01/2010
2010018086;1;1;1;1;6;140;14/03/2010
2010018087;1;1;9;1;4;140;19/04/2010
2010018088;1;1;1;1;2;140;20/04/2010
2010018089;1;1;1;1;4;140;03/07/2010
2010018090;1;1;1;1;2;140;17/07/2010
2010018091;1;1;1;1;4;140;18/07/2010
2010018092;1;1;1;1;7;140;19/07/2010
2010018093;1;1;1;1;7;140;02/08/2010
2010018094;1;1;1;8;2;140;23/09/2010
2010018095;3;1;1;5;2;140;22/12/2010
2010018096;2;1;1;1;6;130;24/05/2010
2010018097;1;2;2;1;3;130;13/06/2010
2010018098;1;1;2;1;3;130;04/09/2010
2010018099;3;2;1;1;6;130;26/10/2010
2010018100;1;1;1;1;6;130;22/10/2010
2010018101;2;1;1;8;6;130;13/11/2010
2010018102;1;1;1;1;2;280;03/01/2010
2010018103;3;1;1;1;2;280;03/03/2010
2010018104;1;1;1;8;6;280;20/03/2010
2010018105;1;1;1;1;6;280;29/03/2010
2010018106;1;1;1;6;7;280;03/05/2010
2010018107;1;1;1;1;2;280;18/05/2010
2010018108;3;1;1;1;5;280;21/05/2010
2010018109;1;1;1;1;6;280;05/06/2010
2010018110;1;1;1;1;6;280;05/07/2010
2010018111;1;1;1;1;6;280;13/07/2010
2010018112;1;1;1;1;4;280;22/07/2010
2010018113;1;1;1;1;7;280;26/09/2010
2010018114;1;1;1;8;6;280;24/10/2010
2010018115;3;1;1;1;7;280;01/11/2010
2010018116;1;1;1;1;7;280;26/12/2010
2010018117;3;1;1;4;7;410;10/02/2010
2010018118;3;1;1;9;6;410;17/02/2010
2010018119;1;2;1;2;1;410;20/03/2010
2010018120;1;2;1;1;3;410;22/03/2010
2010018121;1;1;1;1;1;410;30/03/2010
2010018122;3;1;1;1;1;410;17/04/2010
2010018123;1;1;1;1;1;410;27/04/2010
2010018124;2;1;1;1;6;410;03/05/2010
2010018125;1;2;1;1;6;410;08/05/2010
2010018126;1;2;1;1;3;410;13/05/2010
2010018127;1;1;1;1;3;410;13/05/2010
2010018128;1;1;1;1;7;410;21/05/2010
2010018129;1;1;1;1;7;410;12/08/2010
2010018130;3;1;1;2;1;410;26/09/2010
2010018131;5;2;1;1;3;410;26/09/2010
2010018132;1;2;1;1;3;410;28/09/2010
2010018133;1;1;1;1;6;410;17/10/2010
2010018134;3;1;1;1;7;410;02/11/2010
2010018135;2;2;1;1;6;410;20/11/2010
2010018136;2;1;1;2;5;410;21/11/2010
2010018137;3;1;1;4;7;410;03/12/2010
2010018138;2;1;1;2;5;410;24/12/2010
2010018139;1;1;1;1;7;410;29/12/2010
2010018140;1;2;1;1;6;690;21/01/2010
2010018141;1;2;1;1;6;690;03/05/2010
2010018142;1;1;1;1;1;690;07/05/2010
2010018143;1;2;6;1;1;690;20/05/2010
2010018144;1;2;1;1;6;690;23/06/2010
2010018145;1;2;1;1;2;690;27/07/2010
2010018146;1;2;1;1;5;690;26/07/2010
2010018147;1;1;1;2;1;690;23/09/2010
2010018148;3;1;1;1;1;690;01/10/2010
2010018149;1;2;1;1;1;690;23/12/2010
2010018150;1;1;1;1;1;290;08/04/2010
2010018151;3;1;1;2;7;290;25/04/2010
2010018152;1;2;1;7;6;290;28/05/2010
2010018153;1;1;1;1;7;290;10/07/2010
2010018154;1;1;1;1;6;290;03/07/2010
2010018155;5;2;1;3;6;290;12/11/2010
2010018156;3;1;1;1;3;340;04/03/2010
2010018157;1;1;1;1;7;340;12/05/2010
2010018158;1;1;1;1;4;340;02/08/2010
2010018159;3;1;1;1;5;340;28/08/2010
2010018160;1;1;1;1;6;340;02/09/2010
2010018161;3;1;1;1;6;340;23/10/2010
2010018162;3;1;1;1;6;340;07/11/2010
2010018163;1;1;1;1;4;340;25/11/2010
2010018164;3;1;1;1;6;340;27/11/2010
2010018165;1;1;1;1;1;340;01/12/2010
2010018166;3;1;1;8;2;330;02/04/2010
2010018167;1;1;1;8;3;330;15/06/2010
2010018168;1;1;9;1;2;330;05/10/2010
2010018169;3;1;1;8;4;330;18/12/2010
2010018170;1;2;6;1;6;310;02/02/2010
2010018171;5;2;1;1;1;310;01/03/2010
2010018172;5;1;1;1;1;310;12/03/2010
2010018173;1;2;1;1;2;310;06/08/2010
2010018174;1;2;1;1;6;310;23/08/2010
2010018175;1;2;2;1;3;310;22/12/2010
2010018176;3;1;1;1;4;630;22/01/2010
2010018177;3;1;1;1;2;630;23/02/2010
2010018178;1;1;1;1;4;630;17/05/2010
2010018179;1;1;1;2;2;630;01/06/2010
2010018180;3;1;1;1;2;630;18/07/2010
2010018181;1;1;1;1;2;630;30/07/2010
2010018182;2;1;1;1;3;630;11/09/2010
2010018183;4;1;1;1;2;630;28/10/2010
2010018184;3;1;1;1;6;630;01/11/2010
2010018185;3;1;1;1;6;630;10/11/2010
2010018186;3;1;1;1;7;640;23/01/2010
2010018187;1;1;1;1;3;640;18/02/2010
2010018188;3;1;1;1;3;400;12/03/2010
2010018189;1;1;1;1;1;640;17/03/2010
2010018190;1;1;1;1;7;640;27/03/2010
2010018191;1;1;1;1;2;400;21/05/2010
2010018192;2;1;1;1;2;640;02/07/2010
2010018193;2;1;1;1;6;640;13/07/2010
2010018194;1;1;1;1;6;640;26/07/2010
2010018195;5;2;1;2;2;80;22/11/2010
2010018196;1;1;1;1;6;550;18/02/2010
2010018197;1;1;1;1;6;540;09/03/2010
2010018198;3;1;1;1;7;540;02/04/2010
2010018199;3;1;1;1;5;550;17/04/2010
2010018200;1;1;1;8;6;550;17/06/2010
2010018201;1;1;1;1;2;550;28/06/2010
2010018202;1;1;1;1;2;550;02/07/2010
2010018203;1;1;1;1;3;550;24/08/2010
2010018204;3;1;1;8;7;510;17/01/2010
2010018205;3;1;1;4;5;510;01/02/2010
2010018206;1;1;1;1;2;510;12/03/2010
2010018207;3;1;1;1;2;510;21/04/2010
2010018208;1;1;1;1;2;510;31/05/2010
2010018209;5;1;1;1;7;510;15/06/2010
2010018210;1;1;1;1;6;510;26/06/2010
2010018211;1;1;1;1;3;510;16/07/2010
2010018212;1;1;1;8;7;510;26/07/2010
2010018213;1;1;1;1;4;510;29/07/2010
2010018214;3;1;1;1;6;510;12/09/2010
2010018215;1;1;1;1;2;510;11/10/2010
2010018216;3;1;1;1;7;510;24/10/2010
2010018217;5;1;1;1;6;510;25/11/2010
2010018218;1;2;1;1;6;910;30/09/2010
2010018219;1;2;4;1;7;690;01/02/2010
2010018220;1;2;1;1;1;690;28/05/2010
2010018221;1;2;1;1;7;690;21/06/2010
2010018222;1;2;1;6;6;690;12/07/2010
2010018223;1;2;1;1;3;380;28/01/2010
2010018224;1;1;1;1;7;380;18/03/2010
2010018225;1;1;1;1;5;380;24/04/2010
2010018226;1;2;1;1;3;380;27/04/2010
2010018227;1;1;1;1;5;380;29/05/2010
2010018228;1;1;1;1;7;380;21/09/2010
2010018229;5;2;1;1;6;380;15/12/2010
2010018230;1;2;1;1;3;380;22/12/2010
2010018231;1;1;1;1;4;380;13/02/2010
2010018232;1;2;1;1;6;380;08/05/2010
2010018233;1;2;1;1;1;380;10/05/2010
2010018234;1;1;1;1;3;380;31/08/2010
2010018235;1;1;1;1;6;510;02/05/2010
2010018236;1;1;1;1;6;510;01/07/2010
2010018237;3;1;1;1;6;570;13/03/2010
2010018238;1;1;1;1;6;570;28/03/2010
2010018239;1;1;1;1;3;570;13/05/2010
2010018240;1;1;1;1;7;570;10/06/2010
2010018241;1;1;1;1;7;570;24/07/2010
2010018242;3;1;1;1;7;570;05/08/2010
2010018243;1;1;1;1;7;570;25/08/2010
2010018244;3;1;9;1;2;860;04/07/2010
2010018245;2;1;1;1;7;860;04/07/2010
2010018246;1;1;1;1;3;860;19/07/2010
2010018247;1;1;1;1;7;860;29/08/2010
2010018248;2;1;1;1;2;860;25/08/2010
2010018249;2;1;1;1;2;860;06/09/2010
2010018250;3;1;1;1;1;860;16/09/2010
2010018251;1;1;1;4;5;860;07/11/2010
2010018252;3;1;1;8;5;860;08/11/2010
2010018253;1;1;1;2;6;860;11/11/2010
2010018254;3;1;1;1;5;490;15/01/2010
2010018255;2;1;1;1;4;490;17/01/2010
2010018256;1;1;9;1;6;490;03/05/2010
2010018257;1;1;1;1;6;490;11/06/2010
2010018258;1;1;1;1;6;490;02/07/2010
2010018259;2;1;9;1;7;490;26/08/2010
2010018260;1;1;1;1;6;20;31/05/2010
2010018261;1;1;1;1;6;20;06/06/2010
2010018262;1;1;1;1;6;20;30/06/2010
2010018263;2;1;1;2;6;60;05/01/2010
2010018264;1;1;1;1;6;60;25/03/2010
2010018265;1;1;1;1;7;60;01/04/2010
2010018266;1;1;9;1;7;60;29/05/2010
2010018267;1;1;1;1;7;60;09/06/2010
2010018268;1;1;1;1;3;60;22/07/2010
2010018269;1;1;1;1;4;60;30/08/2010
2010018270;1;1;1;1;1;60;31/08/2010
2010018271;1;1;1;1;3;60;29/09/2010
2010018272;5;1;1;1;6;60;01/10/2010
2010018273;2;1;1;1;5;60;03/10/2010
2010018274;5;1;1;1;6;60;19/10/2010
2010018275;3;1;1;1;4;60;08/11/2010
2010018276;5;1;1;3;4;60;20/11/2010
2010018277;1;1;1;1;6;60;10/11/2010
2010018278;3;1;1;1;2;60;16/12/2010
2010018279;1;1;9;1;4;670;02/05/2010
2010018280;5;1;1;9;6;570;20/10/2010
2010018281;1;1;1;8;2;680;07/01/2010
2010018282;3;1;1;1;3;680;23/04/2010
2010018283;1;1;1;1;7;900;20/08/2010
2010018284;1;1;1;1;4;680;02/09/2010
2010018285;5;1;1;3;6;900;23/10/2010
2010018286;1;1;1;1;4;680;04/11/2010
2010018287;1;1;1;1;6;680;24/12/2010
2010018288;1;1;1;6;5;660;12/02/2010
2010018289;3;1;1;1;1;660;21/05/2010
2010018290;3;1;1;1;5;660;16/06/2010
2010018291;3;1;1;1;6;660;19/06/2010
2010018292;1;1;1;1;2;660;18/07/2010
2010018293;1;1;1;7;6;660;18/07/2010
2010018294;3;1;1;1;6;660;22/08/2010
2010018295;1;1;1;1;2;660;04/09/2010
2010018296;1;1;1;1;6;670;01/01/2010
2010018297;1;1;1;1;7;670;02/04/2010
2010018298;1;1;1;1;2;670;07/04/2010
2010018299;1;1;1;1;5;670;02/06/2010
2010018300;1;1;1;1;7;670;21/07/2010
2010018301;1;1;1;1;1;670;10/08/2010
2010018302;3;1;1;1;7;670;13/08/2010
2010018303;2;1;1;1;6;670;26/08/2010
2010018304;1;1;1;1;3;670;01/10/2010
2010018305;2;1;1;1;1;670;04/11/2010
2010018306;3;1;1;1;2;670;19/11/2010
2010018307;2;1;1;1;7;670;23/11/2010
2010018308;1;1;1;1;7;670;23/12/2010
2010018309;1;1;1;2;7;620;02/02/2010
2010018310;1;1;1;2;7;620;02/02/2010
2010018311;1;1;1;1;6;620;10/03/2010
2010018312;3;1;1;1;6;620;14/03/2010
2010018313;1;1;1;1;6;620;12/04/2010
2010018314;1;1;1;1;6;620;28/07/2010
2010018315;2;1;1;1;6;620;12/08/2010
2010018316;2;1;1;1;2;620;13/08/2010
2010018317;1;1;1;1;6;620;13/08/2010
2010018318;1;1;1;2;3;620;28/09/2010
2010018319;3;1;1;5;6;620;08/10/2010
2010018320;3;1;1;1;6;620;22/11/2010
2010018321;1;1;1;1;6;620;26/12/2010
2010018322;1;2;1;1;6;910;24/10/2010
2010018323;5;2;1;8;3;950;07/02/2010
2010018324;1;1;2;1;3;950;20/09/2010
2010018325;1;1;1;1;5;380;18/01/2010
2010018326;1;1;1;1;1;380;31/01/2010
2010018327;3;1;1;1;2;380;12/03/2010
2010018328;3;1;1;1;6;380;25/04/2010
2010018329;1;1;1;1;6;380;29/04/2010
2010018330;1;1;1;1;2;380;05/06/2010
2010018331;3;1;1;1;2;380;28/07/2010
2010018332;2;1;1;1;5;380;08/09/2010
2010018333;1;1;1;1;1;380;08/09/2010
2010018334;1;1;1;1;6;380;10/09/2010
2010018335;1;1;1;1;7;380;12/09/2010
2010018336;1;1;1;5;3;380;20/09/2010
2010018337;1;1;1;1;3;380;05/10/2010
2010018338;3;1;1;1;6;380;10/10/2010
2010018339;3;1;1;8;6;860;10/01/2010
2010018340;3;1;1;4;2;860;12/01/2010
2010018341;3;1;9;1;2;250;12/05/2010
2010018342;1;1;1;1;7;250;07/08/2010
2010018343;1;1;1;1;3;130;13/01/2010
2010018344;2;1;9;1;6;130;17/01/2010
2010018345;1;1;1;1;2;130;05/04/2010
2010018346;1;1;1;1;2;130;12/05/2010
2010018347;1;1;1;1;3;130;09/07/2010
2010018348;1;1;1;1;2;130;06/08/2010
2010018349;1;1;1;1;2;130;17/08/2010
2010018350;1;1;1;1;6;130;06/09/2010
2010018351;1;1;1;1;4;130;07/09/2010
2010018352;2;1;9;1;3;130;10/09/2010
2010018353;3;1;9;9;2;130;08/10/2010
2010018354;1;1;1;2;6;130;13/10/2010
2010018355;1;1;1;1;5;130;09/11/2010
2010018356;1;1;1;1;4;130;29/11/2010
2010018357;3;1;9;1;6;130;18/12/2010
2010018358;1;1;1;1;4;60;21/01/2010
2010018359;5;1;1;1;2;60;20/02/2010
2010018360;1;1;1;3;6;830;08/05/2010
2010018361;1;1;1;1;2;60;17/07/2010
2010018362;1;1;1;1;2;60;29/07/2010
2010018363;1;1;1;1;4;60;30/08/2010
2010018364;1;1;1;1;4;60;03/09/2010
2010018365;1;1;1;2;3;60;13/09/2010
2010018366;1;1;1;1;6;60;15/09/2010
2010018367;1;1;1;1;6;60;08/11/2010
2010018368;2;1;1;1;3;60;10/11/2010
2010018369;5;1;1;1;1;60;11/12/2010
2010018370;3;1;1;1;5;60;27/12/2010
2010018371;1;1;1;8;6;770;27/03/2010
2010018372;3;1;1;1;4;770;31/03/2010
2010018373;1;1;1;1;7;770;06/05/2010
2010018374;3;1;1;1;2;770;14/10/2010
2010018375;1;1;1;4;6;640;08/01/2010
2010018376;2;1;9;1;2;640;13/06/2010
2010018377;1;1;1;1;6;640;13/08/2010
2010018378;2;1;1;7;2;640;05/09/2010
2010018379;1;1;6;7;3;660;11/04/2010
2010018380;1;1;1;1;2;660;26/04/2010
2010018381;2;1;3;1;3;660;19/11/2010
2010018382;5;2;1;1;3;660;23/11/2010
2010018383;1;1;1;9;6;630;31/01/2010
2010018384;5;2;1;1;1;740;12/12/2010
2010018385;1;1;1;1;7;740;02/10/2010
2010018386;1;1;6;1;6;740;30/10/2010
2010018387;1;2;2;1;3;740;05/11/2010
2010018388;1;2;1;1;6;740;15/11/2010
2010018389;3;2;1;2;3;740;15/11/2010
2010018390;2;2;1;1;6;740;28/10/2010
2010018391;5;2;1;1;1;740;26/11/2010
2010018392;2;1;1;8;1;740;28/11/2010
2010018393;5;2;1;9;6;740;29/11/2010
2010018394;1;1;1;4;3;740;17/12/2010
2010018395;3;1;1;1;2;110;16/01/2010
2010018396;3;1;1;1;6;110;23/02/2010
2010018397;1;1;1;1;6;110;14/04/2010
2010018398;1;1;1;1;6;110;30/04/2010
2010018399;1;1;1;1;6;110;04/06/2010
2010018400;1;1;1;1;3;110;12/07/2010
2010018401;1;1;1;1;3;110;21/08/2010
2010018402;1;1;1;1;6;110;23/10/2010
2010018403;1;1;2;1;3;590;07/03/2010
2010018404;3;1;1;1;7;590;23/05/2010
2010018405;1;1;1;1;7;590;08/07/2010
2010018406;1;2;1;1;6;590;10/07/2010
2010018407;1;1;1;8;3;590;26/10/2010
2010018408;3;1;1;1;3;590;01/11/2010
2010018409;3;1;1;2;1;590;12/11/2010
2010018410;1;1;4;1;3;470;22/03/2010
2010018411;3;1;1;1;2;470;09/05/2010
2010018412;1;1;1;1;2;470;10/09/2010
2010018413;1;1;1;7;2;470;15/12/2010
2010018414;1;1;1;1;2;280;28/05/2010
2010018415;1;1;1;1;6;720;01/06/2010
2010018416;1;1;1;1;7;720;15/06/2010
2010018417;1;1;1;1;6;720;21/07/2010
2010018418;3;1;1;3;6;720;08/11/2010
2010018419;1;1;1;1;6;890;18/07/2010
2010018420;2;1;1;1;6;890;30/08/2010
2010018421;1;1;1;1;6;890;05/09/2010
2010018422;1;1;1;1;4;890;27/10/2010
2010018423;2;1;1;4;3;890;27/11/2010
2010018424;1;1;1;8;3;890;03/12/2010
2010018425;3;1;1;1;1;250;26/04/2010
2010018426;1;1;1;3;6;250;11/05/2010
2010018427;5;2;1;2;2;90;05/01/2010
2010018428;5;2;1;2;7;90;05/01/2010
2010018429;3;1;1;1;7;90;16/01/2010
2010018430;1;2;1;1;7;90;20/03/2010
2010018431;1;2;3;1;3;90;29/06/2010
2010018432;1;2;1;1;1;90;16/07/2010
2010018433;1;2;3;1;3;90;02/08/2010
2010018434;5;2;1;1;6;90;04/09/2010
2010018435;1;2;1;1;2;90;27/09/2010
2010018436;4;2;3;1;7;90;07/12/2010
2010018437;3;1;1;9;7;910;20/02/2010
2010018438;1;1;1;3;3;910;02/04/2010
2010018439;5;2;1;1;6;910;04/04/2010
2010018440;3;1;1;1;6;910;11/04/2010
2010018441;1;2;6;1;3;910;15/04/2010
2010018442;1;1;1;8;2;910;11/05/2010
2010018443;1;1;1;1;5;910;12/05/2010
2010018444;1;1;1;1;3;380;03/03/2010
2010018445;1;1;1;2;7;380;19/06/2010
2010018446;5;2;1;1;6;380;25/06/2010
2010018447;2;2;3;1;6;380;11/07/2010
2010018448;1;1;1;1;6;380;22/08/2010
2010018449;1;1;1;1;7;380;28/08/2010
2010018450;1;1;1;1;6;380;10/10/2010
2010018451;1;2;3;8;6;90;02/01/2010
2010018452;3;1;1;1;6;90;23/01/2010
2010018453;1;1;1;1;2;90;04/06/2010
2010018454;1;2;3;1;3;90;06/08/2010
2010018455;1;2;2;1;3;90;23/10/2010
2010018456;1;2;1;1;6;90;03/11/2010
2010018457;2;2;2;8;6;90;15/11/2010
2010018458;1;2;1;1;6;90;23/11/2010
2010018459;3;1;1;1;6;90;21/12/2010
2010018460;3;1;2;1;7;90;22/10/2010
2010018461;1;2;9;1;6;90;06/12/2010
2010018462;1;1;1;8;3;310;04/03/2010
2010018463;3;1;1;1;2;310;04/06/2010
2010018464;2;1;1;1;4;310;02/07/2010
2010018465;1;1;1;2;7;310;01/08/2010
2010018466;1;1;1;1;6;310;01/08/2010
2010018467;3;1;1;1;2;310;03/08/2010
2010018468;1;1;1;1;4;310;16/08/2010
2010018469;3;1;1;1;6;330;09/02/2010
2010018470;1;1;1;1;1;330;01/11/2010
2010018471;3;1;1;1;2;330;24/03/2010
2010018472;1;1;1;6;6;330;30/03/2010
2010018473;1;1;1;8;1;330;23/04/2010
2010018474;1;1;1;1;7;330;03/05/2010
2010018475;2;1;1;1;7;330;24/07/2010
2010018476;1;1;1;1;4;330;11/08/2010
2010018477;5;1;1;1;6;330;17/10/2010
2010018478;3;1;1;1;7;330;30/10/2010
2010018479;1;1;1;3;6;330;21/11/2010
2010018480;2;1;1;2;6;330;05/12/2010
2010018481;2;1;1;3;2;330;05/12/2010
2010018482;1;1;1;1;6;330;26/12/2010
2010018483;1;1;1;1;6;740;07/06/2010
2010018484;1;1;1;2;7;740;02/07/2010
2010018485;1;1;1;1;7;740;02/08/2010
2010018486;1;1;1;1;2;740;03/09/2010
2010018487;1;1;1;8;2;740;02/11/2010
2010018488;1;1;1;1;3;460;08/08/2010
2010018489;1;1;1;2;1;460;24/09/2010
2010018490;1;1;9;1;7;460;20/10/2010
2010018491;1;1;1;3;1;720;08/05/2010
2010018492;3;1;1;9;7;720;11/12/2010
2010018493;3;1;1;1;7;680;10/04/2010
2010018494;3;1;1;1;7;680;03/06/2010
2010018495;3;1;1;1;2;680;03/10/2010
2010018496;1;1;1;1;2;530;04/01/2010
2010018497;3;1;1;1;2;530;10/02/2010
2010018498;1;1;1;1;6;530;03/08/2010
2010018499;1;1;1;3;2;530;07/08/2010
2010018500;1;1;1;1;6;530;08/10/2010
2010018501;1;1;1;1;7;440;28/05/2010
2010018502;3;1;1;1;1;440;21/06/2010
2010018503;2;1;1;1;6;440;01/08/2010
2010018504;5;1;1;2;1;440;12/11/2010
2010018505;1;1;1;1;7;490;26/12/2010
2010018506;1;1;1;1;6;470;08/08/2010
2010018507;3;1;1;2;6;820;20/11/2010
2010018508;1;1;1;1;6;201;11/01/2010
2010018509;1;1;1;1;1;201;24/03/2010
2010018510;1;2;1;1;3;201;21/05/2010
2010018511;1;2;9;1;1;201;01/06/2010
2010018512;2;1;1;1;7;201;17/06/2010
2010018513;1;1;1;1;7;201;29/06/2010
2010018514;1;1;1;1;1;201;16/09/2010
2010018515;1;1;1;1;1;201;03/11/2010
2010018516;1;1;1;2;1;201;21/06/2010
2010018517;1;1;1;3;3;201;10/11/2010
2010018518;1;1;1;6;6;210;07/03/2010
2010018519;1;1;1;2;2;390;28/03/2010
2010018520;1;1;1;1;7;210;01/11/2010
2010018521;1;1;1;1;1;380;24/05/2010
2010018522;1;1;1;1;2;380;29/05/2010
2010018523;1;1;1;1;7;380;21/07/2010
2010018524;5;1;6;1;7;380;03/08/2010
2010018525;1;2;1;1;6;380;01/08/2010
2010018526;1;2;1;7;1;380;09/08/2010
2010018527;2;2;3;1;3;380;09/08/2010
2010018528;5;2;2;1;6;380;19/08/2010
2010018529;1;1;1;1;6;380;27/08/2010
2010018530;3;2;1;1;6;380;01/09/2010
2010018531;5;2;1;2;6;380;16/11/2010
2010018532;1;2;1;1;3;380;30/11/2010
2010018533;1;2;1;1;7;60;16/01/2010
2010018534;1;1;1;1;1;60;25/03/2010
2010018535;1;2;2;1;5;60;01/04/2010
2010018536;1;2;1;1;1;60;27/04/2010
2010018537;1;1;1;1;5;60;01/06/2010
2010018538;1;2;1;1;1;60;26/06/2010
2010018539;1;2;1;1;1;60;04/07/2010
2010018540;1;2;1;1;5;60;06/07/2010
2010018541;1;1;1;1;4;60;27/07/2010
2010018542;1;2;1;1;6;60;24/09/2010
2010018543;1;1;3;1;3;60;19/10/2010
2010018544;3;1;1;2;5;780;01/01/2010
2010018545;3;1;1;4;6;780;30/01/2010
2010018546;1;2;1;1;6;780;28/03/2010
2010018547;1;1;3;1;3;780;23/04/2010
2010018548;1;1;1;1;7;780;29/04/2010
2010018549;5;2;1;1;1;780;03/05/2010
2010018550;1;1;2;1;3;780;03/06/2010
2010018551;1;1;1;1;1;780;24/06/2010
2010018552;1;2;1;1;3;780;24/06/2010
2010018553;1;2;1;1;1;780;23/08/2010
2010018554;1;2;1;1;3;330;21/03/2010
2010018555;5;1;1;1;6;330;05/04/2010
2010018556;1;2;6;1;6;330;24/04/2010
2010018557;3;1;1;2;6;330;10/06/2010
2010018558;5;1;1;2;6;330;31/10/2010
2010018559;1;2;1;1;1;330;04/11/2010
2010018560;1;2;1;1;3;660;30/01/2010
2010018561;1;2;1;1;3;660;25/09/2010
2010018562;5;2;1;1;6;660;08/12/2010
2010018563;3;1;1;4;3;670;08/01/2010
2010018564;2;1;1;5;5;670;14/01/2010
2010018565;1;1;1;1;4;670;18/04/2010
2010018566;1;1;1;1;3;670;13/06/2010
2010018567;1;1;1;1;7;670;16/07/2010
2010018568;3;1;1;1;1;670;08/08/2010
2010018569;1;1;1;1;2;670;19/09/2010
2010018570;1;1;1;1;7;790;19/05/2010
2010018571;1;1;1;1;3;790;28/07/2010
2010018572;3;1;1;1;1;790;12/12/2010
2010018573;1;1;1;1;6;860;10/07/2010
2010018574;1;1;1;8;3;170;07/01/2010
2010018575;1;1;9;4;4;170;05/02/2010
2010018576;2;1;1;1;6;330;22/05/2010
2010018577;1;1;1;1;6;740;06/06/2010