num_acc;lum;agg;inter;atm;col;dep;date
2010018578;1;1;1;1;2;740;13/09/2010
2010018579;1;1;1;8;6;740;05/10/2010
2010018580;5;1;1;1;7;740;29/10/2010
2010018581;1;1;1;1;2;740;08/11/2010
2010018582;1;1;1;1;6;740;08/11/2010
2010018583;1;1;1;1;7;740;10/12/2010
2010018584;1;1;1;1;5;740;16/12/2010
2010018585;1;1;1;8;6;740;19/12/2010
2010018586;1;2;1;1;6;220;07/02/2010
2010018587;1;2;1;1;6;220;24/05/2010
2010018588;1;1;2;1;3;220;31/08/2010
2010018589;3;2;1;1;7;220;04/09/2010
2010018590;1;1;6;1;7;220;10/09/2010
2010018591;3;1;1;2;3;220;29/09/2010
2010018592;1;1;1;1;3;220;30/09/2010
2010018593;3;1;1;1;4;220;26/11/2010
2010018594;1;1;1;1;5;201;03/01/2010
2010018595;2;2;6;1;6;201;09/05/2010
2010018596;1;1;1;1;3;201;28/05/2010
2010018597;3;1;1;1;6;201;04/07/2010
2010018598;3;1;1;1;6;201;21/08/2010
2010018599;1;1;1;2;6;201;24/09/2010
2010018600;1;1;1;2;6;201;24/09/2010
2010018601;1;1;1;1;6;201;27/09/2010
2010018602;3;1;1;1;7;201;12/12/2010
2010018603;2;2;6;1;6;740;16/12/2010
2010018604;1;1;1;1;5;740;23/02/2010
2010018605;2;2;1;1;6;740;13/03/2010
2010018606;1;1;1;1;7;740;19/03/2010
2010018607;5;2;1;1;6;740;26/03/2010
2010018608;1;2;1;1;6;740;11/05/2010
2010018609;1;2;9;1;3;740;26/05/2010
2010018610;1;2;1;1;2;740;30/06/2010
2010018611;1;1;1;1;3;740;20/07/2010
2010018612;2;1;1;1;7;740;01/09/2010
2010018613;1;2;1;3;3;740;05/10/2010
2010018614;1;2;3;4;5;740;27/11/2010
2010018615;2;2;6;1;3;740;11/12/2010
2010018616;3;1;1;8;6;10;26/12/2010
2010018617;1;1;1;1;3;10;12/01/2010
2010018618;3;1;1;1;6;10;20/03/2010
2010018619;1;1;1;1;6;10;27/04/2010
2010018620;1;1;1;1;2;10;26/05/2010
2010018621;1;1;1;1;5;10;09/06/2010
2010018622;1;1;1;3;7;10;11/06/2010
2010018623;3;1;1;1;7;10;27/06/2010
2010018624;1;1;1;1;2;10;05/07/2010
2010018625;3;1;1;1;2;10;13/07/2010
2010018626;1;1;1;1;3;10;03/08/2010
2010018627;1;1;1;1;4;10;05/08/2010
2010018628;3;1;1;1;4;10;04/09/2010
2010018629;3;1;1;1;7;10;12/11/2010
2010018630;3;1;1;3;3;10;06/12/2010
2010018631;3;1;1;4;6;10;30/11/2010
2010018632;3;1;1;1;2;10;11/12/2010
2010018633;1;2;1;1;6;420;20/02/2010
2010018634;1;2;9;1;3;420;13/03/2010
2010018635;1;1;1;1;1;420;07/04/2010
2010018636;1;2;1;1;3;420;27/04/2010
2010018637;1;2;1;3;6;420;26/05/2010
2010018638;1;2;1;1;3;420;28/06/2010
2010018639;1;1;1;1;3;420;09/07/2010
2010018640;1;1;1;1;6;420;13/07/2010
2010018641;1;2;1;2;1;420;22/07/2010
2010018642;1;2;1;1;6;420;30/08/2010
2010018643;1;1;1;1;1;420;20/09/2010
2010018644;1;1;1;1;3;420;09/10/2010
2010018645;2;1;1;7;5;420;02/12/2010
2010018646;1;1;1;1;3;910;06/04/2010
2010018647;1;1;1;1;2;910;06/07/2010
2010018648;1;1;1;1;3;910;03/08/2010
2010018649;1;1;1;1;7;910;10/08/2010
2010018650;1;1;1;1;3;910;06/10/2010
2010018651;1;1;1;1;3;510;08/02/2010
2010018652;3;1;3;1;3;510;18/02/2010
2010018653;1;1;1;1;2;510;01/06/2010
2010018654;1;1;2;1;3;510;12/06/2010
2010018655;2;1;1;1;1;510;14/06/2010
2010018656;1;1;2;1;3;510;13/07/2010
2010018657;1;1;1;1;4;510;15/07/2010
2010018658;1;1;1;1;3;510;20/07/2010
2010018659;1;1;1;1;6;510;05/08/2010
2010018660;2;1;2;1;3;510;09/08/2010
2010018661;1;1;1;1;7;510;31/08/2010
2010018662;1;2;1;1;6;510;26/08/2010
2010018663;3;1;3;1;3;510;04/09/2010
2010018664;1;1;2;2;3;510;16/09/2010
2010018665;1;2;1;1;2;510;11/10/2010
2010018666;3;1;1;1;6;510;30/10/2010
2010018667;3;1;1;1;6;510;04/11/2010
2010018668;3;1;2;1;3;510;28/11/2010
2010018669;3;1;3;8;3;510;28/11/2010
2010018670;2;1;1;8;1;510;15/12/2010
2010018671;1;1;2;1;3;510;17/12/2010
2010018672;3;1;1;4;5;510;20/12/2010
2010018673;1;1;1;1;7;520;16/01/2010
2010018674;2;1;1;1;2;520;15/02/2010
2010018675;1;1;1;1;7;520;29/05/2010
2010018676;1;1;1;1;6;520;14/06/2010
2010018677;1;1;1;1;7;520;21/06/2010
2010018678;1;1;1;1;3;520;16/07/2010
2010018679;3;1;1;4;5;620;02/02/2010
2010018680;3;1;2;9;4;620;02/02/2010
2010018681;1;1;9;1;6;620;28/08/2010
2010018682;1;1;1;4;2;620;26/11/2010
2010018683;5;2;1;1;3;310;24/04/2010
2010018684;3;1;1;1;2;310;24/05/2010
2010018685;1;2;1;1;6;310;15/06/2010
2010018686;5;2;1;1;3;310;25/07/2010
2010018687;5;2;6;2;3;310;17/09/2010
2010018688;1;2;1;1;7;310;26/09/2010
2010018689;1;2;6;1;7;310;28/09/2010
2010018690;1;2;1;1;2;310;06/11/2010
2010018691;1;2;4;1;3;310;13/12/2010
2010018692;5;2;1;1;6;310;29/12/2010
2010018693;1;2;1;1;1;60;02/02/2010
2010018694;1;2;1;2;3;60;16/02/2010
2010018695;1;2;1;1;6;60;18/02/2010
2010018696;1;1;6;1;6;60;11/03/2010
2010018697;1;2;1;1;1;60;20/04/2010
2010018698;1;1;1;1;1;60;09/05/2010
2010018699;1;1;6;1;3;60;11/05/2010
2010018700;1;1;1;1;5;60;25/05/2010
2010018701;1;1;1;8;1;60;15/06/2010
2010018702;1;2;1;1;3;60;24/06/2010
2010018703;1;1;1;1;3;60;30/06/2010
2010018704;1;1;1;7;2;60;18/07/2010
2010018705;1;2;1;1;1;60;15/07/2010
2010018706;1;1;1;1;3;60;19/07/2010
2010018707;5;1;1;1;7;60;24/07/2010
2010018708;1;1;1;1;1;60;13/09/2010
2010018709;1;1;1;1;3;60;03/11/2010
2010018710;1;2;1;1;1;60;09/11/2010
2010018711;1;2;9;1;2;60;02/12/2010
2010018712;2;2;9;1;3;60;01/12/2010
2010018713;3;1;2;1;3;60;15/12/2010
2010018714;3;1;6;1;6;60;16/12/2010
2010018715;2;2;1;1;6;690;02/02/2010
2010018716;1;1;4;1;5;690;20/03/2010
2010018717;2;2;1;3;1;690;11/05/2010
2010018718;1;2;6;1;3;690;22/09/2010
2010018719;5;2;6;1;7;690;12/11/2010
2010018720;1;2;1;1;3;690;19/11/2010
2010018721;3;1;1;1;1;690;09/12/2010
2010018722;3;2;1;1;6;690;21/03/2010
2010018723;1;2;3;1;1;690;13/04/2010
2010018724;1;2;1;1;3;690;22/04/2010
2010018725;1;2;1;1;6;690;14/05/2010
2010018726;1;2;1;1;1;690;17/06/2010
2010018727;1;2;6;1;3;690;07/07/2010
2010018728;1;2;1;3;3;690;24/09/2010
2010018729;1;2;1;1;1;690;26/10/2010
2010018730;5;2;1;3;3;690;31/10/2010
2010018731;1;2;1;1;6;690;05/11/2010
2010018732;3;2;1;1;3;690;12/11/2010
2010018733;1;2;1;1;6;690;19/11/2010
2010018734;1;2;1;1;3;690;19/11/2010
2010018735;1;2;1;1;6;690;30/11/2010
2010018736;1;2;1;1;6;690;26/11/2010
2010018737;2;2;1;4;6;690;30/11/2010
2010018738;5;2;1;1;2;380;31/01/2010
2010018739;1;1;1;1;7;380;26/02/2010
2010018740;1;2;1;1;3;380;29/03/2010
2010018741;1;1;1;1;1;380;29/06/2010
2010018742;1;1;2;1;1;380;07/07/2010
2010018743;1;2;1;1;5;380;11/07/2010
2010018744;1;1;1;1;2;380;12/07/2010
2010018745;1;1;1;1;3;380;21/07/2010
2010018746;1;1;1;1;3;380;30/08/2010
2010018747;1;1;1;1;2;380;29/09/2010
2010018748;1;2;6;2;6;380;21/11/2010
2010018749;1;1;1;1;1;380;12/12/2010
2010018750;5;2;3;1;6;380;15/12/2010
2010018751;2;2;1;1;6;740;09/01/2010
2010018752;3;1;1;4;5;740;13/01/2010
2010018753;1;2;1;1;4;740;15/03/2010
2010018754;1;1;1;1;3;740;04/04/2010
2010018755;1;1;1;1;7;740;19/04/2010
2010018756;1;1;9;1;3;740;24/05/2010
2010018757;1;2;1;1;6;740;28/06/2010
2010018758;1;2;1;1;3;740;28/06/2010
2010018759;3;1;1;1;6;740;08/07/2010
2010018760;1;2;6;1;6;740;24/07/2010
2010018761;3;1;1;1;7;740;25/07/2010
2010018762;3;1;1;1;1;740;30/07/2010
2010018763;2;2;6;2;6;740;12/08/2010
2010018764;1;1;1;1;1;740;17/08/2010
2010018765;3;1;1;1;3;740;26/08/2010
2010018766;1;2;1;8;1;740;06/11/2010
2010018767;1;1;1;1;3;340;30/01/2010
2010018768;1;1;1;1;1;340;02/02/2010
2010018769;1;1;6;1;7;340;06/03/2010
2010018770;1;1;1;3;1;340;04/05/2010
2010018771;1;2;1;1;3;340;21/05/2010
2010018772;5;2;1;1;1;340;25/08/2010
2010018773;1;1;1;1;6;340;30/08/2010
2010018774;1;1;1;1;5;340;14/09/2010
2010018775;1;1;1;2;1;340;05/10/2010
2010018776;3;1;1;2;1;340;11/10/2010
2010018777;2;1;1;2;1;340;09/11/2010
2010018778;1;2;1;2;1;340;21/11/2010
2010018779;1;1;1;1;3;340;27/12/2010
2010018780;1;1;9;8;3;10;09/01/2010
2010018781;3;1;1;4;1;10;09/02/2010
2010018782;1;1;1;1;6;10;06/05/2010
2010018783;1;1;9;1;2;10;13/07/2010
2010018784;2;1;1;1;6;20;04/02/2010
2010018785;2;1;1;4;2;20;10/02/2010
2010018786;2;1;1;1;2;20;09/04/2010
2010018787;1;1;1;1;6;20;30/04/2010
2010018788;1;1;1;1;6;20;04/09/2010
2010018789;3;1;1;9;3;20;06/12/2010
2010018790;3;1;1;4;2;20;19/12/2010
2010018791;3;1;1;1;7;780;05/01/2010
2010018792;1;1;3;1;1;780;10/04/2010
2010018793;1;1;1;1;7;780;28/06/2010
2010018794;1;1;6;1;3;780;28/06/2010
2010018795;2;1;1;1;1;780;08/09/2010
2010018796;1;2;1;1;4;780;29/09/2010
2010018797;1;2;1;2;6;780;08/11/2010
2010018798;1;2;1;1;1;780;20/11/2010
2010018799;1;2;1;1;6;780;16/11/2010
2010018800;1;1;1;1;2;130;27/03/2010
2010018801;1;1;1;1;3;130;02/07/2010
2010018802;1;2;1;1;3;130;04/09/2010
2010018803;1;1;1;1;5;130;24/09/2010
2010018804;3;1;1;1;6;130;28/09/2010
2010018805;3;2;1;1;7;130;12/12/2010
2010018806;5;2;1;9;3;950;01/03/2010
2010018807;5;2;2;6;3;950;28/02/2010
2010018808;5;2;2;2;4;950;20/04/2010
2010018809;1;1;1;1;2;950;20/08/2010
2010018810;3;1;1;1;6;950;03/10/2010
2010018811;1;1;1;8;1;950;09/11/2010
2010018812;2;2;1;1;1;950;07/12/2010
2010018813;3;1;1;1;6;90;17/02/2010
2010018814;1;1;1;1;7;90;05/04/2010
2010018815;1;1;1;1;6;90;21/04/2010
2010018816;1;1;1;1;3;90;26/06/2010
2010018817;1;1;1;1;3;90;27/06/2010
2010018818;1;1;1;1;5;90;17/07/2010
2010018819;1;2;1;1;3;350;18/03/2010
2010018820;1;2;1;1;3;350;21/05/2010
2010018821;3;1;6;1;7;350;09/06/2010
2010018822;1;1;1;1;3;350;17/06/2010
2010018823;1;2;6;1;7;350;07/07/2010
2010018824;1;1;1;1;1;350;29/08/2010
2010018825;3;1;1;2;3;560;12/01/2010
2010018826;1;2;1;8;6;560;29/01/2010
2010018827;3;2;1;1;6;560;21/03/2010
2010018828;1;1;1;1;3;560;24/04/2010
2010018829;1;1;1;1;4;560;30/04/2010
2010018830;1;1;1;1;1;560;20/05/2010
2010018831;1;1;1;1;5;560;31/05/2010
2010018832;1;1;1;1;3;560;23/07/2010
2010018833;1;1;1;1;5;560;27/07/2010
2010018834;1;1;1;1;6;560;25/08/2010
2010018835;1;2;1;1;2;560;02/09/2010
2010018836;1;1;1;1;1;560;20/09/2010
2010018837;1;1;2;1;3;560;25/09/2010
2010018838;3;1;1;8;4;560;29/10/2010
2010018839;5;2;1;1;6;560;30/12/2010
2010018840;3;1;1;8;7;420;03/08/2010
2010018841;1;1;9;1;4;420;20/08/2010
2010018842;3;1;1;6;2;420;04/10/2010
2010018843;3;1;1;1;6;880;21/03/2010
2010018844;2;1;1;3;2;880;12/06/2010
2010018845;5;1;3;1;3;380;19/03/2010
2010018846;3;1;9;2;6;380;12/04/2010
2010018847;1;1;1;1;3;380;14/04/2010
2010018848;1;2;1;1;1;380;15/07/2010
2010018849;1;1;1;1;7;380;16/07/2010
2010018850;1;2;9;1;3;380;15/09/2010
2010018851;1;2;1;1;3;380;12/09/2010
2010018852;1;1;1;1;7;130;02/01/2010
2010018853;1;1;1;1;3;130;11/04/2010
2010018854;1;1;1;1;7;130;27/07/2010
2010018855;3;1;1;1;7;410;31/12/2010
2010018856;3;1;1;1;2;410;22/01/2010
2010018857;1;1;1;1;4;410;11/03/2010
2010018858;1;1;1;1;7;180;31/05/2010
2010018859;1;1;1;1;1;180;30/07/2010
2010018860;1;1;1;1;5;180;09/08/2010
2010018861;3;1;1;1;2;410;21/08/2010
2010018862;1;1;1;1;7;410;11/09/2010
2010018863;3;1;1;1;6;180;12/10/2010
2010018864;3;1;1;5;6;180;24/10/2010
2010018865;1;1;1;1;6;410;24/10/2010
2010018866;3;1;1;8;6;410;02/11/2010
2010018867;1;1;1;1;6;180;05/11/2010
2010018868;1;2;1;1;6;340;18/02/2010
2010018869;1;1;1;1;5;340;16/05/2010
2010018870;3;1;1;1;1;340;27/07/2010
2010018871;3;1;1;1;2;340;17/10/2010
2010018872;3;1;1;1;6;340;06/11/2010
2010018873;1;1;1;1;1;340;19/11/2010
2010018874;1;1;1;1;2;340;07/12/2010
2010018875;1;1;1;8;7;10;07/02/2010
2010018876;1;1;1;1;7;10;02/05/2010
2010018877;1;1;1;2;6;10;06/05/2010
2010018878;1;1;1;3;7;10;07/09/2010
2010018879;1;1;1;1;7;10;31/12/2010
2010018880;1;1;1;1;7;140;15/01/2010
2010018881;5;2;1;3;5;140;27/02/2010
2010018882;1;1;3;1;3;140;19/06/2010
2010018883;1;1;1;1;4;140;30/06/2010
2010018884;1;1;1;1;6;140;29/07/2010
2010018885;1;1;1;1;3;140;03/09/2010
2010018886;1;2;1;2;3;140;27/10/2010
2010018887;2;1;2;1;3;140;18/11/2010
2010018888;3;1;1;1;6;130;09/01/2010
2010018889;3;1;1;2;1;130;18/02/2010
2010018890;5;2;6;1;6;130;18/02/2010
2010018891;1;1;1;1;3;130;26/02/2010
2010018892;1;2;1;1;3;130;12/03/2010
2010018893;1;1;1;1;3;130;13/04/2010
2010018894;3;1;1;1;1;130;25/04/2010
2010018895;1;1;1;1;2;130;21/05/2010
2010018896;2;1;1;1;7;130;30/05/2010
2010018897;1;1;1;1;7;130;12/06/2010
2010018898;1;1;1;1;3;130;13/07/2010
2010018899;1;2;1;1;6;130;30/07/2010
2010018900;1;2;1;1;6;130;03/08/2010
2010018901;1;1;1;1;3;130;16/08/2010
2010018902;1;2;1;1;5;130;06/09/2010
2010018903;3;1;1;1;1;130;23/09/2010
2010018904;1;1;1;1;3;130;07/10/2010
2010018905;1;1;1;2;1;130;10/10/2010
2010018906;3;1;1;6;5;130;18/10/2010
2010018907;3;1;1;6;6;130;26/10/2010
2010018908;1;1;1;1;3;130;17/11/2010
2010018909;1;1;1;2;2;30;05/02/2010
2010018910;1;1;1;1;7;30;22/03/2010
2010018911;2;1;1;1;6;30;15/05/2010
2010018912;1;1;1;1;3;30;14/06/2010
2010018913;1;1;1;1;2;30;04/11/2010
2010018914;3;1;1;9;7;30;26/11/2010
2010018915;1;1;1;1;5;630;18/01/2010
2010018916;3;1;1;1;1;630;18/02/2010
2010018917;1;1;6;8;7;630;01/08/2010
2010018918;3;1;1;1;2;630;01/10/2010
2010018919;3;1;9;2;7;630;24/10/2010
2010018920;3;1;1;1;6;630;19/11/2010
2010018921;1;2;1;1;6;60;31/03/2010
2010018922;1;2;1;1;6;60;07/08/2010
2010018923;1;2;1;1;6;60;11/08/2010
2010018924;3;1;1;1;6;60;22/09/2010
2010018925;3;1;9;8;6;490;23/08/2010
2010018926;1;1;1;1;5;720;08/10/2010
2010018927;1;1;1;1;2;400;14/07/2010
2010018928;1;1;1;1;6;400;14/07/2010
2010018929;1;1;1;1;7;400;27/08/2010
2010018930;3;1;1;1;2;400;18/09/2010
2010018931;1;1;1;4;5;400;02/12/2010
2010018932;1;1;1;1;2;400;25/02/2010
2010018933;1;1;1;8;7;400;11/05/2010
2010018934;1;1;1;1;2;400;24/05/2010
2010018935;3;1;9;1;2;400;23/09/2010
2010018936;3;1;1;1;7;400;18/10/2010
2010018937;1;1;1;1;2;400;12/11/2010
2010018938;5;2;1;2;6;100;20/01/2010
2010018939;1;2;6;1;6;100;27/01/2010
2010018940;2;2;1;1;1;100;27/01/2010
2010018941;2;2;1;1;6;100;01/02/2010
2010018942;1;2;2;1;1;100;19/02/2010
2010018943;1;2;1;1;6;100;02/03/2010
2010018944;1;2;4;1;2;100;24/02/2010
2010018945;1;2;1;1;2;100;24/02/2010
2010018946;5;2;4;1;6;100;24/02/2010
2010018947;1;2;1;1;3;100;04/03/2010
2010018948;1;2;1;1;6;100;09/03/2010
2010018949;1;2;9;1;3;100;10/03/2010
2010018950;2;1;1;1;7;100;10/03/2010
2010018951;1;2;3;1;6;100;12/03/2010
2010018952;1;2;1;1;1;100;13/03/2010
2010018953;1;2;6;1;2;100;22/03/2010
2010018954;2;2;3;1;3;100;22/03/2010
2010018955;1;2;2;1;4;100;24/03/2010
2010018956;1;2;5;1;7;100;31/03/2010
2010018957;1;2;2;1;3;100;03/04/2010
2010018958;1;2;2;1;3;100;05/04/2010
2010018959;1;2;5;1;5;100;10/04/2010
2010018960;5;2;6;3;3;100;07/04/2010
2010018961;1;2;3;1;4;100;06/04/2010
2010018962;1;2;3;1;3;100;15/04/2010
2010018963;1;2;1;1;2;100;16/04/2010
2010018964;1;2;1;1;3;100;22/04/2010
2010018965;1;1;1;1;4;100;28/04/2010
2010018966;1;2;2;1;3;100;22/04/2010
2010018967;1;2;1;1;7;100;29/04/2010
2010018968;5;1;1;1;7;100;30/04/2010
2010018969;1;2;2;1;6;100;19/04/2010
2010018970;1;2;1;1;7;100;29/04/2010
2010018971;1;2;1;9;6;100;20/04/2010
2010018972;1;2;1;1;3;100;12/05/2010
2010018973;1;2;2;1;7;100;18/05/2010
2010018974;1;2;6;1;6;100;18/05/2010
2010018975;1;2;1;1;7;100;21/05/2010
2010018976;1;2;1;1;2;100;27/05/2010
2010018977;1;2;2;1;7;100;31/05/2010
2010018978;1;2;1;1;6;100;17/05/2010
2010018979;1;2;1;1;3;100;05/06/2010
2010018980;1;2;2;1;4;100;09/06/2010
2010018981;2;2;2;1;3;100;11/06/2010
2010018982;1;2;2;1;7;100;09/06/2010
2010018983;2;2;1;1;6;100;20/06/2010
2010018984;1;2;2;1;3;100;22/06/2010
2010018985;1;2;1;1;6;100;23/06/2010
2010018986;1;2;6;1;2;100;25/06/2010
2010018987;1;2;2;1;6;100;01/07/2010
2010018988;1;2;3;1;6;100;05/07/2010
2010018989;1;2;4;1;6;100;02/07/2010
2010018990;2;2;3;1;6;100;06/07/2010
2010018991;1;2;2;1;3;100;10/07/2010
2010018992;1;2;5;1;6;100;12/07/2010
2010018993;1;2;1;1;7;100;13/07/2010
2010018994;1;2;1;1;7;100;21/07/2010
2010018995;1;2;2;1;7;100;29/07/2010
2010018996;1;2;6;1;3;100;27/07/2010
2010018997;1;2;1;1;3;100;30/07/2010
2010018998;1;2;2;1;6;100;04/08/2010
2010018999;1;2;1;1;6;100;08/08/2010
2010019000;1;2;1;1;6;100;02/08/2010
2010019001;1;2;2;1;3;100;06/08/2010
2010019002;1;2;1;1;3;100;12/08/2010
2010019003;1;2;2;1;5;100;17/08/2010
2010019004;2;2;1;1;2;100;24/08/2010
2010019005;1;2;4;3;3;100;27/08/2010
2010019006;1;2;1;1;6;100;29/08/2010
2010019007;1;1;1;1;6;100;03/09/2010
2010019008;1;2;1;1;5;100;06/09/2010
2010019009;1;2;1;1;6;100;03/09/2010
2010019010;1;2;2;1;3;100;01/09/2010
2010019011;1;2;1;1;1;100;06/09/2010
2010019012;1;2;1;1;7;100;31/08/2010
2010019013;1;2;2;1;6;100;10/09/2010
2010019014;5;2;3;1;6;100;14/09/2010
2010019015;1;2;3;1;6;100;13/09/2010
2010019016;1;2;3;1;6;100;15/09/2010
2010019017;2;2;3;1;7;100;11/09/2010
2010019018;1;2;2;1;6;100;16/09/2010
2010019019;1;2;3;1;6;100;21/09/2010
2010019020;1;2;3;1;2;100;15/09/2010
2010019021;1;2;2;1;6;100;28/09/2010
2010019022;1;2;1;1;6;100;03/10/2010
2010019023;2;2;2;1;3;100;03/10/2010
2010019024;1;2;2;1;7;100;01/10/2010
2010019025;2;2;1;1;2;100;08/10/2010
2010019026;2;2;3;1;2;100;11/10/2010
2010019027;1;2;2;1;3;100;12/10/2010
2010019028;1;2;3;1;7;100;12/10/2010
2010019029;5;2;2;1;2;100;17/10/2010
2010019030;1;2;2;1;6;100;18/10/2010
2010019031;1;2;2;1;6;100;18/10/2010
2010019032;2;2;2;1;6;100;20/10/2010
2010019033;5;2;2;1;3;100;23/10/2010
2010019034;5;2;1;1;6;100;22/10/2010
2010019035;1;2;1;1;1;100;29/10/2010
2010019036;2;2;1;1;3;100;08/11/2010
2010019037;5;2;3;3;7;100;11/11/2010
2010019038;1;2;2;2;6;100;14/11/2010
2010019039;1;2;1;1;1;100;16/11/2010
2010019040;2;2;1;1;6;100;20/11/2010
2010019041;1;2;3;4;6;100;25/11/2010
2010019042;5;2;2;1;6;100;04/12/2010
2010019043;5;2;1;2;6;100;06/12/2010
2010019044;5;2;3;1;3;100;04/12/2010
2010019045;5;2;1;1;6;100;10/12/2010
2010019046;1;2;1;1;6;100;11/12/2010
2010019047;1;2;1;1;6;670;23/04/2010
2010019048;1;2;2;1;3;670;28/05/2010
2010019049;3;1;1;1;1;670;27/06/2010
2010019050;1;1;1;1;7;670;05/09/2010
2010019051;1;1;1;1;1;670;14/09/2010
2010019052;1;1;1;2;2;670;15/11/2010
2010019053;1;1;1;2;3;670;19/11/2010
2010019054;5;2;1;4;2;670;01/12/2010
2010019055;1;1;1;1;6;670;25/01/2010
2010019056;2;1;1;9;5;670;29/01/2010
2010019057;5;2;1;1;6;670;15/02/2010
2010019058;1;1;2;1;3;670;18/03/2010
2010019059;1;1;1;1;3;670;22/04/2010
2010019060;1;1;1;2;3;670;29/06/2010
2010019061;1;2;1;1;1;670;10/07/2010
2010019062;1;1;1;1;3;670;15/07/2010
2010019063;1;2;1;1;6;670;17/07/2010
2010019064;3;1;1;1;2;670;19/11/2010
2010019065;2;1;1;2;1;60;08/01/2010
2010019066;1;2;3;1;1;60;03/02/2010
2010019067;1;2;1;1;3;60;29/03/2010
2010019068;1;1;1;1;6;60;21/04/2010
2010019069;5;1;1;1;1;60;30/04/2010
2010019070;1;2;1;1;6;60;01/06/2010
2010019071;1;1;1;1;1;60;29/06/2010
2010019072;1;2;1;2;1;60;17/08/2010
2010019073;1;1;1;1;1;60;16/10/2010
2010019074;1;2;1;7;3;60;29/11/2010
2010019075;1;1;1;1;6;650;29/05/2010
2010019076;3;1;1;1;6;650;20/10/2010
2010019077;1;1;1;1;4;20;01/07/2010
2010019078;1;1;1;8;2;20;20/10/2010
2010019079;1;2;1;1;7;380;02/04/2010
2010019080;1;2;3;1;6;380;05/06/2010
2010019081;1;1;3;1;1;380;21/06/2010
2010019082;3;1;1;1;3;380;08/07/2010
2010019083;1;2;9;1;1;380;29/07/2010
2010019084;3;1;1;1;1;380;04/08/2010
2010019085;1;1;1;1;3;380;18/08/2010
2010019086;2;1;1;1;5;380;18/09/2010
2010019087;1;2;1;2;7;380;24/09/2010
2010019088;1;2;1;1;3;380;19/10/2010
2010019089;1;1;6;3;1;380;31/10/2010
2010019090;1;2;1;1;6;380;03/11/2010
2010019091;3;1;1;1;1;380;11/12/2010
2010019092;3;1;1;5;7;30;31/12/2010
2010019093;1;1;1;8;2;180;22/01/2010
2010019094;1;1;1;1;2;180;19/03/2010
2010019095;1;1;1;6;6;180;12/04/2010
2010019096;1;1;1;3;6;180;10/05/2010
2010019097;1;1;1;1;6;180;26/06/2010
2010019098;1;1;1;1;6;180;07/09/2010
2010019099;1;1;1;1;6;180;12/09/2010
2010019100;2;1;1;1;2;210;25/03/2010
2010019101;1;1;1;1;6;210;01/04/2010
2010019102;1;1;1;4;7;210;10/05/2010
2010019103;1;1;1;1;3;210;18/06/2010
2010019104;3;1;1;1;6;210;01/08/2010
2010019105;1;1;1;8;6;210;02/08/2010
2010019106;1;1;1;1;6;210;14/08/2010
2010019107;3;1;1;2;6;210;15/08/2010
2010019108;1;1;1;1;7;210;13/09/2010
2010019109;1;1;1;1;3;210;26/09/2010
2010019110;3;1;1;1;6;210;27/10/2010
2010019111;3;1;1;1;2;210;15/12/2010
2010019112;3;1;1;1;6;40;17/10/2010
2010019113;3;1;1;1;4;50;06/11/2010
2010019114;3;1;1;1;2;40;14/11/2010
2010019115;5;2;1;2;2;290;25/01/2010
2010019116;2;1;1;8;7;290;06/10/2010
2010019117;3;1;1;1;2;100;22/01/2010
2010019118;3;1;1;1;5;100;23/01/2010
2010019119;1;1;1;1;6;100;21/02/2010
2010019120;3;1;1;1;7;100;24/05/2010
2010019121;1;1;1;1;2;100;25/07/2010
2010019122;1;1;1;1;3;130;27/01/2010
2010019123;1;1;9;7;3;130;16/03/2010
2010019124;1;1;1;1;3;130;26/03/2010
2010019125;2;1;1;2;3;130;05/05/2010
2010019126;1;2;3;1;3;130;05/06/2010
2010019127;1;2;1;1;3;130;26/05/2010
2010019128;1;1;1;1;7;130;28/06/2010
2010019129;1;1;1;1;3;130;30/08/2010
2010019130;1;2;1;1;3;130;15/10/2010
2010019131;3;1;1;8;1;130;28/11/2010
2010019132;1;1;1;8;3;130;28/11/2010
2010019133;1;1;1;1;7;730;27/01/2010
2010019134;1;1;1;1;7;730;31/01/2010
2010019135;1;1;1;1;2;730;25/02/2010
2010019136;1;1;1;1;7;730;05/04/2010
2010019137;1;1;1;1;6;730;24/06/2010
2010019138;1;1;1;1;3;730;13/08/2010
2010019139;1;1;1;1;6;730;26/08/2010
2010019140;1;1;1;1;5;730;20/12/2010
2010019141;1;1;1;1;7;730;27/12/2010
2010019142;1;1;1;1;6;380;12/01/2010
2010019143;1;1;1;9;2;380;20/01/2010
2010019144;1;1;1;1;6;380;23/03/2010
2010019145;1;1;1;1;7;380;07/07/2010
2010019146;1;1;1;1;3;260;19/10/2010
2010019147;3;1;1;1;6;260;26/10/2010
2010019148;1;1;1;1;6;380;20/12/2010
2010019149;3;1;1;2;6;350;24/02/2010
2010019150;1;1;1;1;7;350;25/06/2010
2010019151;1;1;1;7;3;350;13/09/2010
2010019152;1;1;1;9;5;350;09/11/2010
2010019153;3;1;1;1;5;640;23/01/2010
2010019154;1;1;1;3;6;640;08/05/2010
2010019155;1;1;1;1;7;640;30/05/2010
2010019156;1;1;1;1;3;670;24/02/2010
2010019157;2;1;1;9;3;670;12/03/2010