num_acc;lum;agg;inter;atm;col;dep;date
2010020312;1;2;1;1;5;130;02/12/2010
2010020313;1;2;1;1;3;130;29/10/2010
2010020314;1;2;6;1;3;130;03/12/2010
2010020315;5;2;1;1;6;130;07/12/2010
2010020316;5;2;1;1;2;130;27/11/2010
2010020317;1;2;9;1;6;130;29/11/2010
2010020318;1;2;3;1;1;130;28/10/2010
2010020319;5;2;1;3;7;130;23/12/2010
2010020320;5;2;1;1;4;130;12/11/2010
2010020321;2;2;1;1;6;130;10/12/2010
2010020322;5;2;1;1;6;130;05/10/2010
2010020323;1;2;1;1;6;130;13/12/2010
2010020324;1;2;1;1;6;130;19/12/2010
2010020325;5;2;1;3;4;130;21/12/2010
2010020326;4;2;1;1;3;130;14/12/2010
2010020327;5;2;1;1;1;130;03/12/2010
2010020328;1;2;1;1;3;130;27/09/2010
2010020329;1;2;1;1;6;130;15/12/2010
2010020330;5;2;1;1;2;130;22/12/2010
2010020331;1;1;1;1;6;130;23/12/2010
2010020332;1;2;1;1;6;130;27/10/2010
2010020333;5;2;1;1;5;130;24/12/2010
2010020334;1;2;1;1;6;130;04/12/2010
2010020335;5;2;1;1;6;130;05/12/2010
2010020336;1;2;1;1;6;130;26/10/2010
2010020337;5;2;1;1;2;130;14/12/2010
2010020338;5;2;1;1;6;130;24/11/2010
2010020339;5;2;1;1;6;130;10/12/2010
2010020340;1;2;1;1;2;130;07/12/2010
2010020341;1;2;1;1;6;130;08/12/2010
2010020342;1;2;1;1;3;130;28/10/2010
2010020343;5;2;1;1;6;130;06/12/2010
2010020344;1;2;2;1;3;130;07/09/2010
2010020345;1;2;1;1;3;130;15/10/2010
2010020346;1;2;1;1;6;130;30/11/2010
2010020347;1;2;1;1;6;130;02/10/2010
2010020348;5;2;1;1;3;130;05/12/2010
2010020349;1;2;1;1;2;130;30/11/2010
2010020350;5;2;1;1;1;130;19/11/2010
2010020351;1;2;1;1;6;130;31/12/2010
2010020352;1;2;1;1;3;130;07/12/2010
2010020353;5;2;1;1;3;130;19/12/2010
2010020354;5;2;1;1;6;130;26/12/2010
2010020355;1;2;3;1;6;130;27/12/2010
2010020356;1;2;2;1;3;130;25/12/2010
2010020357;1;2;1;1;3;130;24/12/2010
2010020358;1;2;1;1;2;130;28/12/2010
2010020359;1;2;9;1;3;130;29/12/2010
2010020360;5;2;6;1;3;130;02/12/2010
2010020361;1;2;1;1;3;130;30/10/2010
2010020362;1;2;1;1;3;130;24/06/2010
2010020363;5;2;1;1;6;130;15/12/2010
2010020364;5;2;1;1;2;130;23/12/2010
2010020365;1;2;1;1;6;130;11/12/2010
2010020366;5;2;1;1;6;130;11/12/2010
2010020367;1;2;1;1;3;130;19/10/2010
2010020368;1;2;6;1;2;130;16/12/2010
2010020369;5;2;1;1;2;130;18/12/2010
2010020370;1;2;1;1;2;130;13/09/2010
2010020371;1;2;1;1;4;130;27/08/2010
2010020372;1;2;1;1;1;130;28/10/2010
2010020373;1;2;1;1;3;130;10/12/2010
2010020374;1;2;3;1;2;130;20/12/2010
2010020375;1;2;1;1;6;130;26/11/2010
2010020376;1;2;1;1;2;130;28/10/2010
2010020377;1;2;1;1;6;130;24/09/2010
2010020378;5;2;1;1;6;130;08/08/2010
2010020379;5;2;3;3;3;130;27/11/2010
2010020380;5;2;1;1;2;130;19/07/2010
2010020381;1;2;1;1;6;130;23/12/2010
2010020382;5;1;1;2;6;130;21/12/2010
2010020383;1;2;1;1;6;130;20/12/2010
2010020384;2;2;1;1;2;130;08/12/2010
2010020385;1;2;1;1;2;130;03/11/2010
2010020386;1;2;1;1;7;130;09/12/2010
2010020387;5;2;2;1;3;130;15/12/2010
2010020388;1;2;1;1;6;130;20/10/2010
2010020389;1;2;1;1;6;130;07/12/2010
2010020390;5;2;1;1;2;130;08/12/2010
2010020391;1;2;1;1;2;130;06/12/2010
2010020392;1;2;1;1;3;130;27/09/2010
2010020393;1;2;1;1;6;130;21/09/2010
2010020394;1;2;1;2;6;130;03/12/2010
2010020395;1;2;1;1;2;130;09/11/2010
2010020396;1;2;1;1;6;130;25/11/2010
2010020397;1;2;1;1;3;130;01/09/2010
2010020398;1;2;1;1;6;130;29/11/2010
2010020399;1;2;3;1;1;130;30/11/2010
2010020400;1;2;1;1;6;130;12/11/2010
2010020401;1;2;3;1;3;130;08/09/2010
2010020402;1;2;1;1;7;130;15/12/2010
2010020403;1;2;1;1;3;130;15/10/2010
2010020404;2;2;1;1;1;130;05/12/2010
2010020405;5;2;6;1;6;130;16/12/2010
2010020406;1;2;1;1;3;130;29/11/2010
2010020407;1;2;1;1;6;130;17/11/2010
2010020408;1;2;1;1;3;130;23/11/2010
2010020409;1;2;1;1;3;130;22/11/2010
2010020410;5;2;1;3;6;130;20/11/2010
2010020411;1;2;1;8;6;130;20/11/2010
2010020412;5;2;2;1;3;130;14/12/2010
2010020413;2;2;1;1;3;130;15/10/2010
2010020414;1;2;1;1;3;130;10/12/2010
2010020415;5;2;3;1;3;130;09/12/2010
2010020416;1;2;1;1;3;130;27/10/2010
2010020417;5;2;2;1;1;130;09/12/2010
2010020418;1;2;1;1;6;130;20/12/2010
2010020419;1;2;3;1;3;130;15/12/2010
2010020420;1;2;1;2;6;130;29/12/2010
2010020421;1;2;1;2;5;130;20/01/2010
2010020422;1;2;1;1;3;130;11/10/2010
2010020423;5;2;1;1;1;130;06/12/2010
2010020424;1;2;1;1;6;130;27/01/2010
2010020425;1;2;3;1;3;130;14/12/2010
2010020426;5;2;1;1;6;130;08/12/2010
2010020427;1;2;2;2;3;130;18/12/2010
2010020428;1;2;1;1;2;130;23/12/2010
2010020429;1;2;1;1;6;130;13/12/2010
2010020430;1;2;1;1;6;130;24/12/2010
2010020431;1;2;3;1;2;130;23/12/2010
2010020432;1;2;1;1;3;130;20/12/2010
2010020433;1;2;1;1;6;130;30/12/2010
2010020434;1;2;1;1;6;130;03/12/2010
2010020435;2;2;1;1;6;130;08/12/2010
2010020436;5;2;1;1;6;130;09/01/2010
2010020437;1;2;1;1;6;130;10/12/2010
2010020438;1;2;1;1;2;130;13/12/2010
2010020439;1;1;1;1;1;130;08/02/2010
2010020440;5;2;1;1;6;130;11/02/2010
2010020441;1;2;1;2;4;130;10/02/2010
2010020442;1;2;3;1;3;130;29/01/2010
2010020443;1;2;1;1;3;130;14/12/2010
2010020444;1;2;1;2;3;130;05/02/2010
2010020445;1;2;2;1;5;130;01/02/2010
2010020446;1;2;3;1;3;130;02/02/2010
2010020447;1;2;1;2;6;130;04/02/2010
2010020448;1;2;1;1;6;130;03/02/2010
2010020449;1;2;2;1;3;130;01/02/2010
2010020450;1;2;1;1;6;130;05/02/2010
2010020451;5;2;1;1;6;130;06/02/2010
2010020452;5;2;1;1;6;130;07/02/2010
2010020453;1;2;1;1;6;130;05/02/2010
2010020454;1;2;1;2;6;130;05/02/2010
2010020455;1;2;1;1;6;130;23/01/2010
2010020456;2;2;1;1;2;130;08/01/2010
2010020457;5;2;3;1;2;130;31/01/2010
2010020458;1;2;1;1;2;130;28/01/2010
2010020459;5;2;1;1;6;130;11/12/2010
2010020460;4;2;1;1;3;130;03/02/2010
2010020461;1;2;1;7;6;130;01/02/2010
2010020462;5;2;1;1;1;130;24/01/2010
2010020463;4;2;2;1;3;130;23/01/2010
2010020464;1;2;1;1;6;130;06/08/2010
2010020465;1;2;1;9;6;130;01/02/2010
2010020466;5;2;1;9;7;130;01/02/2010
2010020467;1;2;1;1;6;130;02/02/2010
2010020468;2;2;7;1;6;130;28/12/2010
2010020469;1;2;1;1;2;130;10/02/2010
2010020470;1;2;1;1;2;130;28/12/2010
2010020471;1;2;1;6;2;130;06/02/2010
2010020472;5;2;3;1;7;130;15/12/2010
2010020473;1;2;1;9;6;130;01/02/2010
2010020474;5;2;1;1;3;130;27/12/2010
2010020475;5;2;1;1;6;130;08/02/2010
2010020476;1;2;1;1;3;130;01/02/2010
2010020477;1;2;1;1;2;130;04/02/2010
2010020478;1;2;1;1;1;130;04/02/2010
2010020479;1;2;1;1;2;130;02/02/2010
2010020480;1;2;1;1;6;130;28/01/2010
2010020481;5;2;1;1;3;130;11/12/2010
2010020482;1;2;1;1;5;130;08/02/2010
2010020483;5;2;1;1;6;130;03/02/2010
2010020484;1;2;1;1;6;130;29/01/2010
2010020485;1;2;1;1;3;130;17/12/2010
2010020486;1;2;3;1;3;130;14/02/2010
2010020487;1;2;1;1;6;130;12/02/2010
2010020488;5;2;2;1;3;130;13/02/2010
2010020489;1;2;1;1;6;130;06/02/2010
2010020490;1;2;1;1;2;130;11/02/2010
2010020491;1;1;1;1;2;130;31/12/2010
2010020492;1;2;3;1;3;130;29/01/2010
2010020493;1;2;1;1;4;130;13/02/2010
2010020494;1;2;1;1;3;130;09/02/2010
2010020495;5;2;1;1;1;130;12/02/2010
2010020496;1;2;1;1;1;130;20/02/2010
2010020497;5;2;2;2;3;130;23/11/2010
2010020498;1;2;3;1;6;130;06/02/2010
2010020499;5;2;1;1;7;130;11/02/2010
2010020500;1;2;1;1;6;130;15/02/2010
2010020501;5;2;3;2;3;130;11/02/2010
2010020502;5;2;3;1;3;130;08/11/2010
2010020503;1;2;3;1;3;130;12/02/2010
2010020504;1;2;1;1;2;130;02/12/2010
2010020505;4;2;1;1;1;130;12/02/2010
2010020506;1;1;1;1;6;130;08/02/2010
2010020507;5;2;1;1;2;130;18/02/2010
2010020508;1;2;1;1;7;130;25/10/2010
2010020509;2;2;1;1;3;130;19/02/2010
2010020510;5;2;1;1;6;130;14/02/2010
2010020511;1;2;3;1;6;130;18/02/2010
2010020512;1;2;1;1;6;130;12/02/2010
2010020513;1;2;1;1;3;130;19/01/2010
2010020514;5;2;1;1;1;130;25/12/2010
2010020515;5;2;1;1;6;130;17/12/2010
2010020516;1;2;2;1;3;130;18/10/2010
2010020517;5;2;1;1;6;130;19/02/2010
2010020518;2;2;2;1;6;130;01/04/2010
2010020519;1;2;2;1;6;130;22/02/2010
2010020520;1;2;1;1;6;130;05/01/2010
2010020521;1;2;1;1;3;130;14/12/2010
2010020522;5;2;1;9;6;130;08/02/2010
2010020523;1;2;1;1;6;130;01/02/2010
2010020524;1;2;1;1;5;130;26/02/2010
2010020525;5;2;1;1;6;130;28/02/2010
2010020526;1;2;1;1;6;130;28/02/2010
2010020527;2;2;1;1;6;130;26/02/2010
2010020528;5;2;1;1;6;130;27/02/2010
2010020529;5;2;9;1;1;130;15/02/2010
2010020530;1;2;1;1;2;130;12/02/2010
2010020531;1;2;1;1;6;130;01/03/2010
2010020532;1;2;1;1;6;130;21/02/2010
2010020533;1;2;1;2;4;130;24/02/2010
2010020534;5;2;1;1;3;130;24/02/2010
2010020535;1;2;2;1;1;130;03/02/2010
2010020536;3;2;1;1;6;130;13/02/2010
2010020537;1;2;6;1;2;130;24/02/2010
2010020538;1;2;1;1;6;130;07/02/2010
2010020539;1;2;1;1;5;130;15/02/2010
2010020540;1;2;1;1;7;130;01/03/2010
2010020541;1;2;1;1;3;130;06/02/2010
2010020542;5;2;1;2;4;130;17/02/2010
2010020543;1;2;1;1;3;130;15/02/2010
2010020544;1;2;1;2;4;130;16/02/2010
2010020545;5;2;1;1;7;130;08/02/2010
2010020546;5;2;1;1;2;130;21/01/2010
2010020547;1;2;2;1;3;130;19/02/2010
2010020548;1;2;1;1;7;130;26/02/2010
2010020549;5;2;1;1;3;130;24/02/2010
2010020550;1;2;1;1;6;130;25/02/2010
2010020551;1;2;1;1;3;130;14/02/2010
2010020552;1;2;1;1;4;130;21/02/2010
2010020553;1;2;1;2;3;130;19/02/2010
2010020554;1;2;2;1;3;130;06/02/2010
2010020555;5;2;1;1;2;130;23/02/2010
2010020556;1;2;2;1;3;130;22/01/2010
2010020557;1;2;1;1;6;130;11/02/2010
2010020558;5;2;9;1;2;130;18/02/2010
2010020559;5;2;1;1;6;130;10/02/2010
2010020560;1;2;6;1;6;130;14/02/2010
2010020561;1;2;1;1;6;130;01/02/2010
2010020562;1;2;1;1;5;130;13/12/2010
2010020563;1;2;1;1;6;130;23/02/2010
2010020564;1;2;1;1;6;130;25/02/2010
2010020565;5;2;2;1;3;130;05/03/2010
2010020566;1;2;1;1;2;130;25/02/2010
2010020567;1;2;1;1;3;130;25/02/2010
2010020568;1;2;1;1;6;130;24/02/2010
2010020569;5;2;1;1;6;130;19/01/2010
2010020570;5;2;3;1;7;130;24/02/2010
2010020571;5;2;1;1;3;130;14/12/2010
2010020572;5;2;1;1;6;130;28/02/2010
2010020573;5;2;6;2;2;130;08/12/2010
2010020574;5;2;1;1;7;130;23/02/2010
2010020575;5;2;1;1;3;130;02/03/2010
2010020576;1;2;3;8;2;130;07/03/2010
2010020577;1;2;1;1;2;130;25/02/2010
2010020578;1;2;1;1;2;130;20/02/2010
2010020579;2;2;2;1;7;130;25/02/2010
2010020580;1;2;1;1;2;130;28/01/2010
2010020581;5;2;1;1;6;130;26/02/2010
2010020582;1;2;1;9;1;130;25/02/2010
2010020583;1;2;1;7;6;130;25/02/2010
2010020584;5;2;3;1;3;130;28/02/2010
2010020585;1;2;1;1;6;130;22/02/2010
2010020586;1;2;1;1;6;130;02/03/2010
2010020587;2;2;1;1;2;130;19/01/2010
2010020588;1;2;1;1;6;130;06/02/2010
2010020589;1;2;1;1;1;130;25/10/2010
2010020590;1;2;1;1;6;130;31/01/2010
2010020591;1;2;2;1;6;130;07/02/2010
2010020592;5;2;1;1;2;130;26/02/2010
2010020593;5;2;3;3;3;130;22/02/2010
2010020594;5;2;3;1;1;130;04/03/2010
2010020595;5;2;1;1;2;130;23/02/2010
2010020596;5;2;3;1;3;130;21/02/2010
2010020597;1;2;1;1;6;130;23/02/2010
2010020598;3;2;1;1;6;130;24/02/2010
2010020599;1;2;1;1;5;130;02/03/2010
2010020600;4;2;1;1;3;130;09/03/2010
2010020601;1;2;1;1;6;130;02/02/2010
2010020602;1;2;1;1;6;130;02/03/2010
2010020603;1;2;1;2;2;130;16/02/2010
2010020604;1;2;1;1;3;130;01/03/2010
2010020605;1;2;1;1;6;130;07/10/2010
2010020606;3;2;1;3;1;130;04/02/2010
2010020607;1;2;1;1;2;130;20/09/2010
2010020608;1;2;1;1;6;130;09/03/2010
2010020609;1;2;2;1;3;130;09/03/2010
2010020610;2;2;1;1;6;130;02/12/2010
2010020611;1;2;1;1;2;130;29/01/2010
2010020612;1;2;1;1;6;130;13/11/2010
2010020613;1;2;2;1;3;130;27/02/2010
2010020614;1;2;3;1;2;130;05/03/2010
2010020615;5;2;2;2;3;130;23/02/2010
2010020616;5;2;1;1;3;130;06/03/2010
2010020617;1;2;1;1;1;130;01/02/2010
2010020618;1;2;1;1;6;130;01/12/2010
2010020619;1;2;9;1;3;130;01/02/2010
2010020620;5;2;1;1;7;130;11/03/2010
2010020621;1;2;1;1;1;130;26/02/2010
2010020622;1;2;1;2;3;130;07/03/2010
2010020623;5;2;1;9;4;130;20/11/2010
2010020624;1;2;8;1;6;130;04/03/2010
2010020625;1;2;1;1;6;130;04/03/2010
2010020626;1;2;1;1;6;130;06/03/2010
2010020627;1;1;1;2;2;130;26/02/2010
2010020628;1;2;1;1;2;130;02/03/2010
2010020629;1;2;1;1;2;130;16/02/2010
2010020630;4;2;1;2;3;130;05/12/2010
2010020631;1;2;1;1;4;130;26/02/2010
2010020632;5;2;1;1;6;130;09/09/2010
2010020633;1;2;2;1;5;130;05/02/2010
2010020634;1;2;1;1;6;130;01/03/2010
2010020635;1;2;2;1;3;130;21/02/2010
2010020636;1;2;2;1;3;130;21/02/2010
2010020637;1;2;1;1;2;130;01/03/2010
2010020638;1;2;1;1;2;130;14/03/2010
2010020639;1;2;1;1;7;130;15/03/2010
2010020640;1;2;6;2;2;130;27/02/2010
2010020641;1;2;1;1;6;130;23/02/2010
2010020642;1;2;1;1;2;130;26/01/2010
2010020643;1;2;1;1;3;130;14/03/2010
2010020644;1;2;1;1;3;130;10/03/2010
2010020645;1;2;1;1;3;130;18/02/2010
2010020646;1;2;1;1;6;130;12/03/2010
2010020647;5;2;1;1;2;130;20/02/2010
2010020648;1;2;1;1;3;130;06/03/2010
2010020649;1;2;9;1;2;130;02/03/2010
2010020650;1;2;3;1;3;130;13/03/2010
2010020651;1;2;1;1;2;130;24/02/2010
2010020652;1;2;1;1;2;130;11/03/2010
2010020653;2;2;1;1;6;130;03/03/2010
2010020654;1;2;1;1;7;130;11/03/2010
2010020655;1;2;1;1;3;130;24/02/2010
2010020656;1;2;3;1;4;130;28/02/2010
2010020657;1;2;3;1;3;130;26/02/2010
2010020658;2;2;1;8;6;130;09/03/2010
2010020659;1;2;1;1;4;130;14/03/2010
2010020660;1;2;1;8;2;130;27/02/2010
2010020661;1;2;1;1;6;130;20/02/2010
2010020662;1;2;6;1;7;130;12/03/2010
2010020663;5;2;2;1;1;130;23/02/2010
2010020664;1;2;1;1;4;130;08/03/2010
2010020665;1;2;1;1;3;130;31/01/2010
2010020666;1;2;1;1;6;130;09/03/2010
2010020667;1;2;1;1;6;130;18/02/2010
2010020668;1;2;3;1;6;130;19/02/2010
2010020669;1;2;1;1;6;130;16/03/2010
2010020670;1;2;2;1;3;130;12/03/2010
2010020671;1;2;1;1;6;130;18/03/2010
2010020672;1;2;1;1;6;130;12/03/2010
2010020673;2;2;1;1;3;130;18/02/2010
2010020674;1;2;6;1;3;130;05/03/2010
2010020675;5;2;1;1;6;130;15/03/2010
2010020676;4;2;2;1;6;130;20/03/2010
2010020677;1;2;2;1;3;130;07/03/2010
2010020678;5;2;2;1;3;130;17/03/2010
2010020679;1;2;1;1;2;130;15/02/2010
2010020680;1;2;1;1;3;130;15/03/2010
2010020681;1;2;1;1;1;130;15/03/2010
2010020682;1;2;6;1;7;130;09/03/2010
2010020683;1;2;1;1;1;130;07/03/2010
2010020684;1;2;1;1;6;130;10/03/2010
2010020685;1;2;1;1;3;130;11/03/2010
2010020686;1;2;1;8;6;130;23/03/2010
2010020687;3;2;2;1;3;130;07/03/2010
2010020688;1;2;1;1;6;130;13/03/2010
2010020689;1;2;1;1;2;130;08/12/2010
2010020690;1;2;1;2;7;130;03/03/2010
2010020691;1;2;1;1;1;130;06/03/2010
2010020692;1;2;1;1;6;130;20/03/2010
2010020693;5;2;1;1;6;130;23/03/2010
2010020694;2;2;1;1;3;130;10/12/2010
2010020695;1;2;1;1;7;130;23/03/2010
2010020696;1;2;1;1;7;130;26/02/2010
2010020697;1;2;1;1;6;130;13/03/2010
2010020698;1;2;2;1;3;130;19/03/2010
2010020699;1;2;1;1;6;130;15/03/2010
2010020700;1;2;1;1;6;130;18/03/2010
2010020701;5;2;1;1;6;130;25/03/2010
2010020702;1;2;1;1;2;130;19/03/2010
2010020703;1;2;1;1;6;130;18/03/2010
2010020704;1;2;1;1;6;130;19/03/2010
2010020705;1;2;1;1;6;130;10/03/2010
2010020706;5;2;1;1;1;130;13/02/2010
2010020707;1;2;1;1;2;130;15/03/2010
2010020708;5;2;1;1;2;130;04/03/2010
2010020709;5;2;1;1;6;130;03/03/2010
2010020710;1;2;1;1;1;130;12/02/2010
2010020711;1;2;2;1;3;130;20/12/2010
2010020712;5;2;1;1;2;130;06/03/2010
2010020713;2;2;1;1;6;130;19/03/2010
2010020714;1;2;1;1;6;130;16/08/2010
2010020715;1;2;1;1;6;130;20/03/2010
2010020716;1;2;1;1;6;130;17/03/2010
2010020717;1;2;3;1;6;130;17/03/2010
2010020718;1;2;1;1;6;130;17/03/2010
2010020719;1;2;2;1;6;130;21/03/2010
2010020720;5;2;3;1;3;130;29/03/2010
2010020721;5;2;1;8;7;130;27/03/2010
2010020722;1;2;2;1;6;130;18/03/2010
2010020723;1;2;1;1;5;130;10/12/2010
2010020724;1;1;1;1;3;130;04/02/2010
2010020725;1;2;2;1;2;130;12/03/2010
2010020726;5;2;1;1;1;130;29/11/2010
2010020727;1;2;1;1;6;130;01/02/2010
2010020728;1;2;1;1;6;130;17/02/2010
2010020729;1;2;1;1;6;130;20/03/2010
2010020730;5;2;1;1;1;130;28/03/2010
2010020731;2;2;1;1;6;130;18/03/2010
2010020732;1;2;2;1;2;130;16/03/2010
2010020733;5;2;1;1;3;130;03/12/2010
2010020734;1;2;1;1;6;130;27/02/2010
2010020735;1;2;1;1;6;130;24/02/2010
2010020736;1;2;1;1;6;130;18/08/2010
2010020737;5;2;1;1;6;130;17/02/2010
2010020738;1;2;1;1;6;130;17/02/2010
2010020739;1;2;2;1;3;130;07/02/2010
2010020740;1;2;1;1;1;130;13/06/2010
2010020741;1;2;3;1;6;130;12/03/2010
2010020742;5;2;3;1;3;130;17/03/2010
2010020743;1;2;1;1;6;130;18/03/2010
2010020744;1;2;2;1;3;130;28/03/2010
2010020745;1;2;1;1;6;130;17/03/2010
2010020746;1;2;1;1;6;130;28/03/2010
2010020747;2;2;1;1;2;130;25/03/2010
2010020748;1;2;1;1;6;130;22/02/2010
2010020749;1;2;1;1;6;130;19/03/2010
2010020750;1;2;1;1;2;130;03/02/2010
2010020751;5;2;1;1;6;130;20/03/2010
2010020752;4;2;1;1;6;130;28/03/2010
2010020753;1;2;3;1;1;130;25/03/2010
2010020754;1;2;1;1;6;130;09/11/2010
2010020755;1;2;1;1;2;130;26/03/2010
2010020756;4;2;9;1;6;130;12/03/2010
2010020757;5;2;1;1;2;130;20/03/2010
2010020758;1;2;1;1;1;130;08/11/2010
2010020759;1;2;1;1;6;130;06/03/2010
2010020760;1;2;1;2;4;130;22/03/2010
2010020761;1;2;1;1;2;130;21/11/2010
2010020762;1;2;1;1;3;130;21/03/2010
2010020763;1;2;1;1;3;130;16/03/2010
2010020764;2;2;1;1;3;130;19/02/2010
2010020765;1;2;1;1;3;130;24/03/2010
2010020766;5;2;3;1;3;130;07/11/2010
2010020767;5;2;9;1;3;130;24/03/2010
2010020768;2;2;1;1;6;130;02/12/2010
2010020769;1;2;1;1;6;130;07/12/2010
2010020770;1;2;1;1;6;130;18/03/2010
2010020771;1;2;1;1;3;130;17/03/2010
2010020772;1;2;1;1;6;130;04/02/2010
2010020773;1;2;1;1;3;130;25/03/2010
2010020774;1;2;1;1;3;130;29/03/2010
2010020775;5;2;1;2;6;130;04/02/2010
2010020776;1;2;1;1;3;130;19/11/2010
2010020777;1;2;1;1;6;130;03/04/2010
2010020778;1;2;1;1;3;130;18/11/2010
2010020779;1;2;1;1;3;130;29/03/2010
2010020780;1;2;3;1;3;130;26/03/2010
2010020781;1;1;1;1;2;130;28/03/2010
2010020782;1;2;1;1;2;130;25/03/2010
2010020783;5;2;1;1;2;130;27/03/2010
2010020784;1;2;1;1;6;130;06/04/2010
2010020785;1;2;3;1;6;130;06/04/2010
2010020786;1;2;1;1;2;130;06/03/2010
2010020787;1;2;1;1;6;130;07/03/2010
2010020788;5;2;1;1;3;130;23/03/2010
2010020789;1;2;1;1;2;130;29/03/2010
2010020790;1;2;1;1;1;130;31/03/2010
2010020791;1;2;1;1;6;130;17/03/2010
2010020792;1;2;1;1;6;130;28/03/2010
2010020793;1;2;1;1;6;130;07/04/2010
2010020794;1;2;1;1;2;130;14/03/2010
2010020795;1;2;1;1;1;130;18/03/2010
2010020796;1;2;1;1;6;130;18/03/2010
2010020797;1;2;1;1;6;130;01/04/2010
2010020798;1;2;1;1;2;130;29/03/2010
2010020799;1;2;1;1;6;130;24/03/2010
2010020800;1;2;1;1;6;130;15/09/2010
2010020801;1;2;1;1;2;130;31/03/2010
2010020802;5;2;6;1;3;130;12/03/2010
2010020803;1;2;1;1;6;130;08/04/2010
2010020804;1;2;1;1;6;130;08/04/2010
2010020805;1;2;9;1;2;130;09/04/2010
2010020806;1;2;1;1;3;130;19/03/2010
2010020807;1;2;3;1;3;130;30/03/2010
2010020808;1;2;1;1;3;130;27/03/2010
2010020809;5;2;1;1;6;130;23/11/2010
2010020810;5;2;1;3;6;130;22/02/2010
2010020811;5;2;1;1;7;130;19/03/2010
2010020812;1;2;6;1;1;130;01/03/2010
2010020813;1;2;1;2;3;130;30/03/2010
2010020814;1;2;1;1;2;130;19/03/2010
2010020815;5;2;3;1;2;130;27/03/2010
2010020816;1;2;1;1;6;130;10/03/2010
2010020817;5;2;1;1;6;130;03/04/2010
2010020818;1;2;1;1;7;130;09/04/2010
2010020819;1;2;1;1;6;130;10/04/2010
2010020820;1;2;2;1;2;130;10/04/2010
2010020821;1;2;1;1;6;130;15/03/2010
2010020822;1;2;1;1;7;130;26/03/2010
2010020823;1;2;1;1;2;130;10/04/2010
2010020824;1;2;1;1;3;130;10/12/2010
2010020825;1;2;3;1;2;130;27/03/2010
2010020826;1;2;1;1;3;130;17/11/2010
2010020827;1;2;1;1;2;130;29/03/2010
2010020828;1;2;1;1;6;130;10/04/2010
2010020829;5;2;1;1;3;130;09/04/2010
2010020830;1;2;1;1;2;130;03/03/2010
2010020831;5;2;1;1;6;130;18/11/2010
2010020832;2;2;3;1;3;130;27/03/2010
2010020833;5;2;1;1;3;130;05/04/2010
2010020834;1;2;1;1;2;130;16/03/2010
2010020835;5;2;1;2;6;130;04/04/2010
2010020836;5;2;1;1;2;130;05/04/2010
2010020837;1;2;1;1;6;130;22/03/2010
2010020838;1;2;1;1;6;130;13/04/2010
2010020839;2;2;1;1;6;130;14/04/2010
2010020840;5;2;1;1;7;130;16/04/2010
2010020841;1;2;1;1;2;130;15/04/2010
2010020842;1;2;1;1;6;130;14/04/2010
2010020843;1;2;2;1;3;130;15/03/2010
2010020844;1;2;3;1;3;130;29/04/2010
2010020845;1;2;1;1;6;130;10/02/2010
2010020846;1;2;3;1;3;130;15/03/2010
2010020847;1;2;1;1;2;130;10/04/2010
2010020848;5;2;1;1;6;130;31/12/2010
2010020849;5;2;1;1;3;130;01/03/2010
2010020850;1;2;1;1;7;130;24/02/2010
2010020851;5;2;1;3;1;130;22/03/2010
2010020852;1;2;1;1;6;130;20/05/2010
2010020853;1;2;1;1;3;130;14/03/2010
2010020854;1;2;1;1;6;130;19/03/2010
2010020855;5;2;1;1;3;130;23/01/2010
2010020856;1;2;1;1;3;130;23/03/2010
2010020857;1;2;1;3;2;130;21/12/2010
2010020858;1;2;1;1;6;130;09/03/2010
2010020859;1;2;2;1;3;130;05/02/2010
2010020860;5;2;3;1;2;130;14/03/2010
2010020861;1;2;1;1;3;130;01/04/2010
2010020862;1;2;1;2;3;130;21/11/2010
2010020863;5;2;3;1;3;130;31/03/2010
2010020864;1;2;1;1;2;130;23/01/2010
2010020865;1;2;1;1;6;130;11/04/2010
2010020866;1;2;1;1;2;130;13/04/2010
2010020867;1;2;1;1;3;130;13/04/2010
2010020868;1;2;6;1;6;130;21/01/2010
2010020869;5;2;1;8;6;130;12/02/2010
2010020870;1;2;1;1;6;130;20/04/2010
2010020871;5;2;1;1;6;130;07/02/2010
2010020872;1;2;1;1;6;130;01/04/2010
2010020873;1;2;1;1;6;130;07/04/2010
2010020874;1;2;1;1;5;130;21/04/2010
2010020875;2;2;1;1;3;130;15/03/2010
2010020876;1;2;3;1;3;130;15/04/2010
2010020877;1;2;1;1;6;130;24/03/2010
2010020878;1;2;1;1;4;130;24/03/2010
2010020879;1;2;1;1;3;130;14/04/2010
2010020880;2;2;1;1;1;130;14/04/2010
2010020881;1;2;1;1;7;130;15/04/2010
2010020882;1;2;1;1;2;130;13/04/2010
2010020883;1;2;1;1;2;130;08/04/2010
2010020884;1;2;1;1;2;130;03/04/2010
2010020885;5;2;1;1;6;130;18/04/2010
2010020886;1;2;1;1;3;130;24/03/2010
2010020887;1;2;1;1;6;130;02/04/2010
2010020888;1;2;3;8;3;130;16/04/2010