num_acc;lum;agg;inter;atm;col;dep;date
2010020889;1;2;1;1;6;130;14/03/2010
2010020890;1;2;3;1;7;130;16/04/2010
2010020891;1;2;1;1;7;130;01/04/2010
2010020892;1;2;1;1;7;130;28/03/2010
2010020893;1;2;1;1;5;130;20/04/2010
2010020894;1;2;1;1;2;130;11/04/2010
2010020895;1;2;1;1;1;130;14/04/2010
2010020896;1;2;1;8;3;130;25/03/2010
2010020897;1;2;1;1;2;130;24/03/2010
2010020898;2;2;6;1;3;130;30/03/2010
2010020899;1;2;1;1;3;130;18/04/2010
2010020900;1;2;2;1;3;130;13/04/2010
2010020901;1;2;1;1;6;130;01/04/2010
2010020902;1;2;1;1;6;130;24/03/2010
2010020903;1;2;1;1;6;130;11/03/2010
2010020904;5;2;2;1;3;130;04/04/2010
2010020905;5;2;3;1;3;130;07/12/2010
2010020906;1;2;1;1;6;130;01/04/2010
2010020907;1;2;1;1;2;130;24/03/2010
2010020908;1;2;1;1;6;130;26/04/2010
2010020909;1;2;1;1;4;130;21/04/2010
2010020910;1;2;1;1;3;130;17/04/2010
2010020911;1;2;1;1;6;130;20/04/2010
2010020912;1;2;1;1;7;130;09/04/2010
2010020913;1;2;3;1;3;130;07/03/2010
2010020914;1;2;1;1;2;130;05/04/2010
2010020915;1;2;1;1;4;130;04/03/2010
2010020916;5;2;8;1;2;130;09/04/2010
2010020917;1;2;1;1;6;130;28/01/2010
2010020918;1;2;1;1;6;130;08/04/2010
2010020919;1;2;1;1;6;130;22/03/2010
2010020920;1;2;1;1;6;130;23/04/2010
2010020921;1;2;9;1;6;130;22/04/2010
2010020922;5;2;3;1;3;130;22/04/2010
2010020923;1;2;1;1;7;130;02/02/2010
2010020924;1;2;1;1;6;130;26/04/2010
2010020925;5;2;1;1;6;130;25/04/2010
2010020926;1;2;2;1;6;130;24/04/2010
2010020927;1;2;1;1;6;130;24/04/2010
2010020928;1;2;1;1;6;130;26/04/2010
2010020929;1;2;1;1;7;130;25/04/2010
2010020930;5;2;3;1;3;130;22/04/2010
2010020931;1;2;1;1;6;130;08/02/2010
2010020932;2;2;3;1;3;130;02/03/2010
2010020933;1;2;2;1;3;130;31/03/2010
2010020934;1;2;3;1;6;130;18/04/2010
2010020935;1;2;1;1;6;130;22/04/2010
2010020936;1;2;1;1;7;130;12/04/2010
2010020937;1;2;1;1;3;130;28/08/2010
2010020938;1;2;1;1;2;130;06/04/2010
2010020939;1;2;1;1;6;130;17/04/2010
2010020940;1;2;2;1;3;130;27/03/2010
2010020941;5;2;1;1;3;130;30/03/2010
2010020942;1;2;1;1;6;130;23/04/2010
2010020943;2;2;1;1;6;130;27/03/2010
2010020944;1;2;1;1;2;130;25/04/2010
2010020945;5;2;1;1;2;130;19/04/2010
2010020946;1;2;1;1;6;130;01/04/2010
2010020947;2;2;1;2;1;130;24/04/2010
2010020948;5;2;1;1;3;130;21/04/2010
2010020949;1;2;1;3;6;130;16/04/2010
2010020950;1;2;1;1;6;130;21/04/2010
2010020951;1;2;1;1;6;130;09/03/2010
2010020952;1;2;1;1;7;130;04/03/2010
2010020953;1;2;1;1;6;130;30/04/2010
2010020954;1;2;1;1;6;130;02/12/2010
2010020955;2;2;1;1;6;130;15/04/2010
2010020956;1;2;1;1;6;130;02/04/2010
2010020957;1;2;3;1;3;130;21/04/2010
2010020958;2;2;1;1;6;130;02/05/2010
2010020959;1;2;1;1;2;130;24/04/2010
2010020960;1;2;1;1;6;130;03/04/2010
2010020961;1;2;1;1;6;130;17/04/2010
2010020962;1;2;1;1;6;130;30/04/2010
2010020963;5;2;1;1;3;130;29/04/2010
2010020964;5;2;1;1;6;130;13/03/2010
2010020965;1;2;1;1;6;130;06/02/2010
2010020966;1;2;1;1;6;130;20/04/2010
2010020967;1;2;1;1;6;130;20/04/2010
2010020968;1;2;1;1;6;130;15/04/2010
2010020969;1;2;2;1;3;130;23/04/2010
2010020970;1;2;2;1;6;130;05/05/2010
2010020971;2;2;1;1;2;130;23/04/2010
2010020972;5;2;1;1;2;130;14/04/2010
2010020973;1;2;1;1;3;130;14/03/2010
2010020974;1;2;1;1;3;130;02/04/2010
2010020975;1;2;1;1;4;130;28/04/2010
2010020976;1;2;1;1;6;130;02/05/2010
2010020977;1;2;1;1;6;130;01/05/2010
2010020978;2;2;1;1;6;130;23/03/2010
2010020979;1;2;1;1;6;130;15/04/2010
2010020980;1;2;1;1;6;130;01/05/2010
2010020981;1;2;1;1;6;130;02/05/2010
2010020982;1;2;2;1;3;130;28/04/2010
2010020983;1;2;1;1;3;130;02/04/2010
2010020984;1;2;1;1;3;130;25/04/2010
2010020985;1;2;1;1;2;130;25/02/2010
2010020986;1;2;2;1;3;130;30/04/2010
2010020987;1;2;1;1;2;130;16/04/2010
2010020988;1;2;1;2;3;130;05/05/2010
2010020989;1;2;1;1;1;130;06/05/2010
2010020990;1;2;2;1;3;130;05/04/2010
2010020991;1;2;1;1;3;130;13/09/2010
2010020992;1;2;9;1;6;130;09/03/2010
2010020993;1;2;1;1;3;130;09/03/2010
2010020994;5;2;1;1;3;130;14/03/2010
2010020995;1;2;1;1;6;130;01/04/2010
2010020996;1;2;1;1;5;130;15/03/2010
2010020997;1;2;3;1;3;130;02/04/2010
2010020998;1;2;1;1;6;130;24/04/2010
2010020999;1;2;9;1;3;130;20/04/2010
2010021000;1;2;1;1;3;130;19/04/2010
2010021001;5;2;1;1;6;130;03/04/2010
2010021002;1;2;1;2;2;130;20/11/2010
2010021003;1;2;1;1;3;130;27/04/2010
2010021004;1;2;9;1;2;130;03/12/2010
2010021005;1;2;1;1;7;130;24/04/2010
2010021006;1;2;3;1;3;130;28/04/2010
2010021007;1;2;1;1;3;130;05/04/2010
2010021008;1;2;1;1;6;130;03/05/2010
2010021009;1;2;1;1;6;130;15/04/2010
2010021010;1;2;1;1;6;130;27/04/2010
2010021011;2;2;1;1;6;130;20/04/2010
2010021012;1;2;1;1;3;130;06/05/2010
2010021013;1;2;1;1;6;130;26/04/2010
2010021014;2;2;1;1;2;130;26/01/2010
2010021015;1;2;1;1;2;130;23/03/2010
2010021016;1;2;1;1;1;130;18/04/2010
2010021017;1;2;1;1;2;130;21/03/2010
2010021018;5;2;1;1;2;130;04/04/2010
2010021019;5;2;1;2;6;130;03/05/2010
2010021020;1;2;1;1;1;130;02/05/2010
2010021021;5;2;1;1;2;130;04/03/2010
2010021022;1;2;1;1;1;130;24/04/2010
2010021023;5;2;1;1;1;130;13/08/2010
2010021024;1;2;1;1;2;130;28/04/2010
2010021025;5;2;1;3;6;130;10/05/2010
2010021026;1;2;1;1;7;130;09/05/2010
2010021027;5;2;1;3;1;130;10/05/2010
2010021028;5;2;1;1;6;130;10/05/2010
2010021029;2;2;1;1;6;130;08/05/2010
2010021030;1;2;1;2;6;130;05/05/2010
2010021031;1;2;1;1;6;130;06/05/2010
2010021032;1;2;1;1;3;130;21/04/2010
2010021033;2;2;9;2;7;130;15/12/2010
2010021034;1;2;1;1;2;130;28/04/2010
2010021035;1;2;1;3;6;130;12/04/2010
2010021036;1;2;1;1;6;130;08/05/2010
2010021037;1;2;3;1;3;130;12/05/2010
2010021038;1;2;2;1;6;130;14/05/2010
2010021039;5;2;1;1;5;130;15/05/2010
2010021040;5;2;2;1;6;130;16/05/2010
2010021041;2;2;1;1;6;130;01/02/2010
2010021042;1;2;1;1;6;130;26/04/2010
2010021043;5;2;1;1;3;130;22/11/2010
2010021044;1;2;1;1;6;130;27/04/2010
2010021045;1;2;1;1;6;130;04/05/2010
2010021046;1;2;2;1;3;130;28/04/2010
2010021047;5;2;1;3;2;130;08/05/2010
2010021048;1;2;1;1;7;130;09/05/2010
2010021049;1;2;4;1;7;130;18/03/2010
2010021050;1;2;1;1;6;130;16/05/2010
2010021051;5;2;2;1;3;130;18/05/2010
2010021052;2;2;9;1;6;130;03/05/2010
2010021053;1;2;1;2;6;130;03/05/2010
2010021054;1;2;1;1;6;130;19/01/2010
2010021055;1;2;1;1;2;130;07/05/2010
2010021056;1;2;1;1;7;130;12/05/2010
2010021057;1;2;1;1;4;130;09/05/2010
2010021058;1;2;2;1;3;130;13/05/2010
2010021059;1;2;1;1;2;130;06/05/2010
2010021060;1;2;1;1;5;130;25/04/2010
2010021061;1;2;1;1;6;130;06/05/2010
2010021062;1;2;1;1;6;130;16/04/2010
2010021063;2;2;1;1;6;130;17/04/2010
2010021064;1;2;1;1;6;130;17/04/2010
2010021065;5;2;1;1;2;130;25/04/2010
2010021066;1;2;1;1;2;130;10/04/2010
2010021067;1;2;1;1;6;130;18/05/2010
2010021068;5;2;2;1;3;130;26/01/2010
2010021069;1;2;1;1;6;130;29/03/2010
2010021070;2;2;1;1;1;130;21/05/2010
2010021071;1;2;1;1;3;130;14/05/2010
2010021072;5;2;1;1;6;130;21/05/2010
2010021073;1;2;1;1;2;130;19/05/2010
2010021074;1;2;1;1;6;130;19/04/2010
2010021075;1;2;1;1;3;130;22/04/2010
2010021076;1;2;1;8;6;130;23/04/2010
2010021077;1;2;3;8;4;130;06/05/2010
2010021078;1;2;3;1;2;130;07/05/2010
2010021079;1;2;1;1;6;130;11/05/2010
2010021080;1;2;1;8;2;130;04/05/2010
2010021081;1;2;1;1;2;130;21/05/2010
2010021082;1;2;2;1;3;130;30/04/2010
2010021083;5;2;3;1;6;130;23/04/2010
2010021084;4;2;2;2;3;130;03/01/2010
2010021085;1;2;1;1;2;130;31/03/2010
2010021086;1;2;1;2;3;130;04/01/2010
2010021087;1;2;1;1;6;130;04/01/2010
2010021088;1;2;9;1;6;130;28/04/2010
2010021089;1;2;1;1;3;130;05/01/2010
2010021090;1;2;1;3;2;130;04/05/2010
2010021091;2;2;1;1;3;130;05/01/2010
2010021092;1;2;1;1;3;130;16/04/2010
2010021093;1;2;3;8;1;130;07/01/2010
2010021094;5;2;1;1;3;130;30/03/2010
2010021095;3;2;1;2;6;130;09/01/2010
2010021096;1;2;1;1;6;130;21/04/2010
2010021097;5;2;1;1;2;130;09/01/2010
2010021098;1;2;1;2;3;130;05/05/2010
2010021099;1;2;1;6;6;130;04/05/2010
2010021100;1;2;1;1;2;130;18/05/2010
2010021101;1;2;2;1;3;130;10/01/2010
2010021102;1;2;1;1;2;130;15/05/2010
2010021103;5;2;2;1;3;130;10/01/2010
2010021104;1;2;1;1;3;130;15/05/2010
2010021105;5;2;1;1;1;130;12/01/2010
2010021106;1;2;6;1;2;130;15/05/2010
2010021107;1;2;1;1;6;130;15/01/2010
2010021108;1;2;1;1;7;130;08/03/2010
2010021109;1;2;1;1;3;130;15/01/2010
2010021110;1;2;1;1;6;130;13/05/2010
2010021111;5;2;1;1;3;130;17/01/2010
2010021112;1;2;9;1;1;130;11/05/2010
2010021113;1;2;1;1;2;130;18/01/2010
2010021114;1;2;3;2;3;130;01/05/2010
2010021115;1;2;3;1;3;130;31/03/2010
2010021116;5;2;3;1;3;130;19/01/2010
2010021117;1;2;1;1;3;130;24/05/2010
2010021118;1;2;1;2;3;130;20/01/2010
2010021119;1;2;1;1;7;130;12/05/2010
2010021120;1;2;1;2;5;130;20/01/2010
2010021121;1;2;1;1;3;130;30/04/2010
2010021122;1;2;1;1;3;130;21/01/2010
2010021123;1;2;1;1;3;130;29/03/2010
2010021124;1;2;1;1;2;130;22/01/2010
2010021125;1;2;1;1;2;130;07/05/2010
2010021126;1;2;1;1;7;130;06/05/2010
2010021127;5;2;1;1;2;130;22/01/2010
2010021128;1;2;7;1;2;130;24/05/2010
2010021129;1;2;1;1;3;130;07/05/2010
2010021130;5;2;1;1;2;130;25/01/2010
2010021131;1;2;1;1;4;130;06/05/2010
2010021132;5;2;2;1;3;130;26/01/2010
2010021133;1;2;3;1;3;130;27/04/2010
2010021134;5;2;1;1;6;130;23/05/2010
2010021135;5;2;2;1;7;130;27/01/2010
2010021136;2;2;1;1;6;130;23/05/2010
2010021137;5;2;1;1;1;130;23/05/2010
2010021138;1;2;1;1;6;130;13/05/2010
2010021139;1;2;1;1;1;130;25/05/2010
2010021140;1;2;1;1;6;130;26/04/2010
2010021141;1;2;1;1;6;130;28/04/2010
2010021142;1;2;2;1;6;130;21/04/2010
2010021143;1;2;2;1;6;130;23/04/2010
2010021144;1;2;3;1;6;130;08/04/2010
2010021145;1;2;1;1;6;130;04/03/2010
2010021146;1;2;1;3;6;130;05/05/2010
2010021147;1;2;1;1;3;130;28/04/2010
2010021148;1;2;1;1;2;130;08/04/2010
2010021149;1;2;3;1;3;130;27/04/2010
2010021150;5;2;1;1;5;130;08/05/2010
2010021151;1;2;7;1;3;130;19/05/2010
2010021152;1;2;2;1;3;130;29/04/2010
2010021153;1;2;1;3;6;130;05/05/2010
2010021154;1;2;1;1;2;130;25/05/2010
2010021155;1;2;1;1;3;130;22/04/2010
2010021156;1;2;1;1;6;130;11/05/2010
2010021157;5;2;2;1;3;130;19/05/2010
2010021158;2;2;3;1;3;130;03/02/2010
2010021159;3;2;1;1;3;130;25/05/2010
2010021160;1;2;1;1;6;130;26/05/2010
2010021161;1;2;1;1;3;130;20/05/2010
2010021162;1;2;1;1;1;130;24/05/2010
2010021163;1;2;1;1;4;130;16/04/2010
2010021164;1;2;2;1;3;130;21/05/2010
2010021165;1;2;6;1;6;130;24/05/2010
2010021166;1;2;1;1;3;130;18/05/2010
2010021167;1;2;1;1;1;130;20/05/2010
2010021168;1;2;1;1;6;130;24/04/2010
2010021169;1;2;1;1;1;130;26/04/2010
2010021170;1;2;2;1;3;130;30/04/2010
2010021171;1;2;1;1;3;130;19/05/2010
2010021172;2;2;1;1;3;130;21/05/2010
2010021173;1;2;1;1;6;130;20/05/2010
2010021174;1;2;1;1;6;130;19/04/2010
2010021175;1;2;1;1;7;130;02/04/2010
2010021176;1;2;1;1;4;130;20/05/2010
2010021177;1;2;1;1;6;130;21/05/2010
2010021178;4;2;1;1;6;130;29/05/2010
2010021179;5;2;1;1;6;130;30/05/2010
2010021180;1;2;1;1;1;130;16/05/2010
2010021181;5;2;1;1;6;130;19/05/2010
2010021182;1;2;1;1;6;130;20/05/2010
2010021183;1;2;1;1;4;130;18/05/2010
2010021184;1;2;1;1;2;130;18/05/2010
2010021185;1;2;3;1;3;130;21/04/2010
2010021186;1;2;1;1;6;130;18/05/2010
2010021187;1;2;1;1;2;130;24/05/2010
2010021188;1;2;1;1;3;130;17/05/2010
2010021189;1;2;1;1;5;130;01/06/2010
2010021190;1;2;1;1;6;130;26/05/2010
2010021191;1;2;1;2;3;130;12/05/2010
2010021192;4;2;2;3;3;130;05/05/2010
2010021193;1;2;2;1;6;130;30/04/2010
2010021194;1;2;1;1;6;130;25/05/2010
2010021195;2;2;1;1;6;130;18/05/2010
2010021196;5;2;1;1;6;130;13/05/2010
2010021197;1;2;2;1;3;130;21/05/2010
2010021198;1;2;1;1;1;130;27/05/2010
2010021199;1;2;1;1;3;130;27/05/2010
2010021200;1;2;3;1;6;130;28/05/2010
2010021201;1;2;1;1;3;130;26/05/2010
2010021202;1;2;1;1;2;130;19/05/2010
2010021203;5;2;1;3;6;130;05/05/2010
2010021204;1;2;1;1;6;130;15/05/2010
2010021205;1;2;1;1;2;130;12/05/2010
2010021206;5;2;1;1;2;130;30/05/2010
2010021207;4;2;1;1;6;130;29/05/2010
2010021208;1;2;1;1;1;130;25/05/2010
2010021209;1;2;3;1;5;130;26/05/2010
2010021210;2;2;3;1;7;130;04/05/2010
2010021211;1;2;1;1;3;130;22/05/2010
2010021212;1;2;1;1;7;130;30/05/2010
2010021213;2;2;2;1;3;130;27/05/2010
2010021214;1;2;1;1;6;130;17/05/2010
2010021215;1;2;1;1;2;130;03/05/2010
2010021216;1;2;1;1;2;130;17/05/2010
2010021217;2;2;1;1;2;130;13/05/2010
2010021218;1;2;1;1;2;130;03/06/2010
2010021219;1;2;1;1;2;130;05/05/2010
2010021220;1;2;1;1;6;130;31/05/2010
2010021221;1;2;2;1;7;130;27/05/2010
2010021222;5;2;1;1;6;130;31/05/2010
2010021223;1;2;1;6;6;130;31/05/2010
2010021224;1;2;1;1;1;130;02/05/2010
2010021225;1;2;1;1;3;130;30/05/2010
2010021226;1;2;3;1;3;130;03/06/2010
2010021227;1;2;1;1;7;130;31/05/2010
2010021228;1;2;2;1;2;130;25/05/2010
2010021229;1;2;1;1;7;130;31/05/2010
2010021230;1;1;1;1;3;130;07/04/2010
2010021231;1;2;1;1;3;130;30/05/2010
2010021232;1;2;1;1;2;130;27/05/2010
2010021233;1;2;2;1;3;130;04/06/2010
2010021234;1;2;4;1;2;130;28/05/2010
2010021235;5;2;1;2;6;130;06/04/2010
2010021236;5;2;2;1;6;130;05/06/2010
2010021237;1;2;5;1;3;130;02/06/2010
2010021238;1;2;6;1;3;130;29/05/2010
2010021239;1;2;1;1;6;130;28/05/2010
2010021240;5;2;1;1;6;130;21/05/2010
2010021241;1;2;1;1;3;130;09/06/2010
2010021242;1;2;1;1;3;130;31/05/2010
2010021243;1;2;1;1;6;130;19/05/2010
2010021244;1;2;1;1;3;130;05/06/2010
2010021245;1;2;3;1;6;130;05/06/2010
2010021246;1;2;1;1;6;130;01/06/2010
2010021247;1;2;1;1;4;130;01/05/2010
2010021248;5;2;3;1;3;130;25/05/2010
2010021249;2;2;1;2;6;130;05/05/2010
2010021250;1;2;1;1;6;130;07/05/2010
2010021251;1;2;6;1;6;130;10/06/2010
2010021252;1;2;1;1;3;130;05/06/2010
2010021253;1;2;1;1;3;130;12/05/2010
2010021254;1;2;1;1;3;130;11/05/2010
2010021255;1;2;1;2;6;130;26/03/2010
2010021256;1;2;1;1;2;130;02/06/2010
2010021257;1;2;1;1;6;130;09/06/2010
2010021258;1;2;2;1;6;130;11/06/2010
2010021259;1;2;1;1;6;130;25/05/2010
2010021260;1;2;1;1;6;130;11/06/2010
2010021261;1;2;3;1;2;130;11/06/2010
2010021262;1;2;1;1;6;130;12/06/2010
2010021263;2;2;3;1;3;130;13/06/2010
2010021264;1;2;1;1;6;130;13/06/2010
2010021265;5;2;1;1;6;130;28/05/2010
2010021266;1;2;1;1;3;130;16/06/2010
2010021267;1;2;1;1;6;130;16/06/2010
2010021268;1;2;1;1;7;130;17/06/2010
2010021269;1;2;1;1;3;130;28/05/2010
2010021270;1;2;1;1;6;130;18/05/2010
2010021271;1;2;1;1;5;130;10/05/2010
2010021272;1;2;1;1;1;130;30/04/2010
2010021273;1;2;1;1;6;130;08/06/2010
2010021274;1;2;1;1;6;130;29/05/2010
2010021275;1;2;1;1;6;130;04/05/2010
2010021276;1;2;1;1;6;130;13/05/2010
2010021277;1;2;1;1;2;130;18/05/2010
2010021278;5;2;1;2;7;130;05/05/2010
2010021279;1;2;1;1;5;130;26/05/2010
2010021280;1;2;1;1;3;130;22/05/2010
2010021281;5;2;2;1;6;130;16/05/2010
2010021282;5;2;1;1;6;130;27/05/2010
2010021283;1;2;1;1;6;130;08/06/2010
2010021284;1;2;1;1;6;130;07/06/2010
2010021285;1;2;1;1;3;130;07/06/2010
2010021286;1;2;1;1;6;130;18/04/2010
2010021287;5;2;1;1;5;130;04/07/2010
2010021288;1;2;2;1;3;130;02/06/2010
2010021289;1;2;1;1;3;130;10/05/2010
2010021290;1;2;1;1;3;130;15/03/2010
2010021291;1;2;1;1;6;130;19/02/2010
2010021292;1;2;1;1;6;130;15/04/2010
2010021293;1;2;1;1;3;130;22/05/2010
2010021294;1;2;1;1;3;130;23/05/2010
2010021295;1;2;2;1;3;130;06/05/2010
2010021296;5;2;2;6;3;130;15/05/2010
2010021297;1;2;1;1;2;130;12/07/2010
2010021298;5;2;1;2;3;130;15/06/2010
2010021299;1;2;3;1;3;130;29/03/2010
2010021300;1;2;1;1;2;130;28/04/2010
2010021301;1;2;1;1;6;130;28/05/2010
2010021302;1;2;9;1;1;130;07/05/2010
2010021303;1;2;1;1;5;130;29/05/2010
2010021304;1;2;1;1;1;130;17/05/2010
2010021305;1;2;1;1;3;130;11/06/2010
2010021306;1;2;1;1;6;130;02/06/2010
2010021307;1;2;6;1;3;130;02/06/2010
2010021308;1;2;1;1;3;130;28/05/2010
2010021309;1;2;1;1;3;130;03/06/2010
2010021310;1;2;1;1;3;130;08/06/2010
2010021311;1;2;1;1;2;130;12/06/2010
2010021312;1;2;2;1;3;130;13/06/2010
2010021313;5;2;1;1;7;130;13/06/2010
2010021314;1;2;1;1;6;130;07/05/2010
2010021315;5;2;1;1;3;130;12/06/2010
2010021316;5;2;3;2;2;130;05/05/2010
2010021317;1;2;1;1;2;130;13/05/2010
2010021318;1;2;1;1;1;130;07/06/2010
2010021319;1;1;1;1;6;130;18/06/2010
2010021320;1;2;7;1;3;130;14/06/2010
2010021321;5;2;2;1;3;130;09/06/2010
2010021322;1;2;1;1;2;130;03/06/2010
2010021323;1;2;1;1;2;130;08/06/2010
2010021324;1;2;1;1;6;130;17/04/2010
2010021325;1;2;1;1;3;130;21/05/2010
2010021326;1;2;1;1;2;130;03/05/2010
2010021327;1;2;3;1;3;130;30/05/2010
2010021328;1;2;3;1;6;130;02/02/2010
2010021329;5;2;1;1;6;130;21/06/2010
2010021330;1;2;1;1;6;130;09/06/2010
2010021331;1;2;1;1;2;130;14/06/2010
2010021332;1;2;1;1;1;130;14/06/2010
2010021333;2;2;9;1;6;130;18/05/2010
2010021334;5;2;3;3;2;130;15/06/2010
2010021335;1;2;3;1;3;130;25/03/2010
2010021336;1;2;1;1;7;130;08/05/2010
2010021337;1;2;1;1;1;130;17/05/2010
2010021338;2;2;1;1;3;130;22/02/2010
2010021339;1;2;1;1;2;130;04/06/2010
2010021340;1;2;1;1;3;130;19/04/2010
2010021341;5;2;1;1;7;130;13/05/2010
2010021342;1;2;1;1;2;130;11/05/2010
2010021343;1;2;1;1;7;130;07/01/2010
2010021344;1;2;1;1;6;130;15/06/2010
2010021345;1;2;1;1;6;130;21/06/2010
2010021346;1;2;1;1;3;130;16/06/2010
2010021347;5;2;1;1;7;130;19/06/2010
2010021348;1;2;1;3;2;130;15/06/2010
2010021349;1;2;1;1;6;130;17/06/2010
2010021350;5;2;3;1;6;130;10/06/2010
2010021351;1;2;3;1;3;130;09/06/2010
2010021352;1;2;3;1;2;130;11/06/2010
2010021353;1;2;1;1;6;130;04/06/2010
2010021354;1;2;2;1;3;130;19/06/2010
2010021355;1;2;1;1;3;130;29/05/2010
2010021356;1;2;1;1;2;130;12/05/2010
2010021357;1;2;1;1;6;130;17/06/2010
2010021358;1;2;1;1;2;130;31/03/2010
2010021359;1;2;3;1;3;130;09/04/2010
2010021360;1;2;1;1;3;130;14/05/2010
2010021361;1;2;1;1;3;130;16/06/2010
2010021362;1;2;1;1;3;130;02/06/2010
2010021363;1;2;1;1;6;130;11/05/2010
2010021364;1;2;1;1;6;130;14/06/2010
2010021365;1;2;3;1;6;130;22/06/2010
2010021366;5;2;1;1;6;130;24/06/2010
2010021367;1;2;3;1;3;130;15/06/2010
2010021368;1;2;1;1;3;130;14/05/2010
2010021369;1;2;1;1;1;130;20/06/2010
2010021370;1;2;1;1;3;130;16/06/2010
2010021371;1;2;3;1;3;130;25/05/2010
2010021372;1;2;1;1;5;130;28/05/2010
2010021373;1;2;1;1;3;130;18/06/2010
2010021374;5;2;2;1;3;130;27/06/2010
2010021375;5;2;1;1;7;130;27/06/2010
2010021376;1;2;3;1;6;130;17/06/2010
2010021377;1;2;2;1;3;130;08/06/2010
2010021378;1;2;1;1;3;130;21/06/2010
2010021379;1;2;2;1;3;130;23/06/2010
2010021380;1;1;1;1;1;130;18/06/2010
2010021381;1;2;6;1;2;130;01/05/2010
2010021382;1;2;2;1;6;130;28/04/2010
2010021383;1;1;1;1;7;130;24/06/2010
2010021384;1;2;1;1;1;130;22/06/2010
2010021385;1;2;2;1;2;130;18/06/2010
2010021386;1;2;1;1;6;130;16/06/2010
2010021387;1;2;1;1;2;130;25/06/2010
2010021388;1;2;3;2;3;130;15/06/2010
2010021389;2;2;1;1;2;130;16/06/2010
2010021390;1;2;1;1;6;130;01/06/2010
2010021391;1;2;2;1;3;130;03/06/2010
2010021392;3;2;1;1;2;130;18/06/2010
2010021393;1;2;1;1;6;130;21/06/2010
2010021394;1;2;1;1;3;130;16/06/2010
2010021395;1;2;1;1;6;130;04/06/2010
2010021396;1;2;1;1;6;130;23/06/2010
2010021397;1;2;1;1;3;130;08/06/2010
2010021398;1;2;1;1;2;130;29/04/2010
2010021399;2;2;3;1;6;130;05/06/2010
2010021400;1;2;1;1;6;130;18/04/2010
2010021401;2;2;1;1;7;130;30/06/2010
2010021402;1;2;1;1;2;130;24/05/2010
2010021403;1;2;1;1;6;130;08/06/2010
2010021404;1;2;1;1;6;130;25/05/2010
2010021405;1;2;1;1;6;130;27/05/2010
2010021406;1;2;1;1;1;130;22/05/2010
2010021407;1;2;1;1;2;130;12/06/2010
2010021408;1;2;1;1;2;130;23/06/2010
2010021409;1;2;1;1;6;130;20/05/2010
2010021410;1;2;3;1;6;130;30/05/2010
2010021411;1;2;3;1;6;130;20/05/2010
2010021412;1;2;1;1;3;130;19/04/2010
2010021413;1;2;1;1;6;130;30/05/2010
2010021414;1;2;1;1;6;130;12/06/2010
2010021415;1;2;1;1;6;130;21/06/2010
2010021416;1;2;1;1;6;130;22/05/2010
2010021417;2;2;1;1;6;130;27/06/2010
2010021418;1;2;1;1;2;130;24/06/2010
2010021419;1;2;3;1;3;130;18/06/2010
2010021420;5;2;1;6;7;130;21/06/2010
2010021421;1;2;1;1;6;130;24/06/2010
2010021422;1;2;3;1;3;130;25/06/2010
2010021423;1;2;1;1;6;130;23/06/2010
2010021424;1;1;1;3;2;130;15/06/2010
2010021425;1;1;1;1;6;130;25/06/2010
2010021426;1;2;9;1;3;130;12/06/2010
2010021427;1;2;1;1;2;130;30/06/2010
2010021428;1;2;2;1;6;130;29/06/2010
2010021429;1;2;1;1;3;130;29/06/2010
2010021430;1;2;1;1;2;130;04/07/2010
2010021431;5;2;1;1;7;130;03/07/2010
2010021432;5;2;2;1;3;130;03/07/2010
2010021433;1;2;1;1;6;130;23/06/2010
2010021434;1;2;1;1;1;130;21/05/2010
2010021435;1;2;2;1;3;130;01/04/2010
2010021436;1;2;1;2;6;130;08/05/2010
2010021437;5;2;6;1;2;130;27/06/2010
2010021438;1;2;1;2;6;130;07/01/2010
2010021439;2;2;3;1;3;130;03/05/2010
2010021440;5;2;1;1;6;130;19/11/2010
2010021441;1;2;1;1;6;130;25/06/2010
2010021442;2;2;3;1;6;130;20/11/2010
2010021443;1;2;1;1;2;130;02/07/2010
2010021444;1;2;1;1;3;130;25/06/2010
2010021445;1;2;1;1;1;130;22/11/2010
2010021446;5;2;1;1;7;130;08/06/2010
2010021447;1;2;1;1;6;130;21/06/2010
2010021448;1;2;1;1;3;130;20/06/2010
2010021449;1;2;1;1;3;130;05/06/2010
2010021450;1;2;4;1;6;130;24/05/2010
2010021451;1;2;1;1;3;130;24/06/2010
2010021452;1;2;1;1;3;130;07/05/2010
2010021453;5;2;1;1;6;130;05/06/2010
2010021454;2;2;5;1;3;130;08/05/2010
2010021455;1;2;1;1;6;130;30/04/2010
2010021456;2;2;1;1;6;130;12/06/2010
2010021457;1;2;3;1;6;130;03/06/2010
2010021458;5;2;1;1;6;130;06/07/2010
2010021459;1;2;6;1;3;130;03/05/2010
2010021460;1;2;3;1;3;130;17/06/2010
2010021461;2;2;3;1;6;130;26/04/2010
2010021462;1;2;1;1;2;130;29/06/2010
2010021463;4;2;1;6;6;130;15/05/2010
2010021464;1;2;1;1;2;130;27/06/2010
2010021465;1;2;1;1;3;130;07/06/2010