num_acc;lum;agg;inter;atm;col;dep;date
2010022044;5;2;1;1;6;130;24/09/2010
2010022045;1;2;1;1;6;130;30/07/2010
2010022046;1;2;1;1;6;130;05/09/2010
2010022047;1;2;1;1;6;130;01/10/2010
2010022048;3;2;1;1;6;130;30/09/2010
2010022049;1;2;1;1;3;130;16/09/2010
2010022050;1;2;1;1;6;130;30/09/2010
2010022051;1;2;1;1;2;130;05/10/2010
2010022052;1;2;3;1;3;130;15/09/2010
2010022053;1;2;1;1;6;130;26/09/2010
2010022054;1;2;1;1;6;130;20/09/2010
2010022055;1;2;1;1;2;130;17/07/2010
2010022056;1;2;3;1;6;130;08/05/2010
2010022057;5;2;1;1;6;130;14/09/2010
2010022058;1;2;1;2;3;130;02/08/2010
2010022059;1;2;1;1;6;130;04/09/2010
2010022060;1;2;1;1;4;130;01/09/2010
2010022061;1;2;1;1;6;130;02/09/2010
2010022062;1;2;1;1;6;130;13/09/2010
2010022063;1;2;1;1;6;130;27/09/2010
2010022064;1;2;1;1;6;130;10/09/2010
2010022065;1;2;1;1;6;130;30/05/2010
2010022066;2;2;1;1;6;130;24/09/2010
2010022067;1;2;1;1;6;130;15/09/2010
2010022068;1;2;1;1;7;130;03/09/2010
2010022069;5;2;1;1;6;130;19/08/2010
2010022070;5;2;1;1;6;130;19/09/2010
2010022071;1;2;1;1;6;130;16/09/2010
2010022072;1;2;1;1;6;130;05/09/2010
2010022073;1;2;1;1;1;130;15/09/2010
2010022074;1;2;3;1;3;130;27/09/2010
2010022075;5;2;1;1;7;130;11/09/2010
2010022076;1;2;2;1;7;130;01/09/2010
2010022077;1;2;1;1;6;130;01/09/2010
2010022078;1;2;1;1;6;130;04/08/2010
2010022079;1;2;1;1;6;130;11/09/2010
2010022080;1;2;2;1;3;130;31/08/2010
2010022081;1;2;2;1;6;130;23/08/2010
2010022082;1;2;7;1;2;130;27/09/2010
2010022083;1;2;1;1;7;130;14/09/2010
2010022084;1;2;1;1;2;130;10/09/2010
2010022085;1;2;1;1;2;130;12/05/2010
2010022086;5;1;1;1;2;130;16/09/2010
2010022087;5;2;1;1;2;130;03/09/2010
2010022088;1;2;1;1;6;130;10/09/2010
2010022089;5;2;1;1;2;130;20/09/2010
2010022090;3;2;7;1;2;130;02/10/2010
2010022091;5;2;1;1;7;130;19/09/2010
2010022092;1;2;1;1;6;130;21/09/2010
2010022093;5;2;1;1;3;130;15/09/2010
2010022094;3;2;1;1;6;130;27/09/2010
2010022095;5;2;1;1;6;130;21/09/2010
2010022096;1;2;1;1;6;130;24/09/2010
2010022097;1;2;1;1;6;130;19/09/2010
2010022098;1;2;1;1;2;130;01/10/2010
2010022099;5;2;2;1;6;130;11/09/2010
2010022100;1;2;2;1;6;130;21/09/2010
2010022101;3;2;3;1;6;130;22/09/2010
2010022102;1;2;1;1;6;130;17/09/2010
2010022103;1;2;2;1;2;130;17/09/2010
2010022104;1;2;1;1;6;130;30/09/2010
2010022105;1;2;1;1;6;130;04/10/2010
2010022106;2;2;1;1;2;130;01/10/2010
2010022107;1;2;1;1;6;130;10/09/2010
2010022108;5;2;3;1;6;130;25/09/2010
2010022109;1;2;1;1;6;130;23/09/2010
2010022110;1;2;1;1;6;130;21/09/2010
2010022111;5;2;2;1;3;130;15/09/2010
2010022112;1;2;1;1;6;130;20/09/2010
2010022113;1;2;1;1;6;130;04/08/2010
2010022114;1;2;1;1;6;130;15/09/2010
2010022115;1;2;1;1;6;130;24/09/2010
2010022116;1;2;3;1;6;130;22/09/2010
2010022117;1;2;1;1;6;130;03/08/2010
2010022118;1;2;1;1;6;130;09/10/2010
2010022119;1;2;1;2;1;130;11/10/2010
2010022120;5;2;1;1;6;130;10/10/2010
2010022121;1;2;6;1;3;130;09/10/2010
2010022122;1;2;1;1;6;130;25/09/2010
2010022123;5;2;3;1;6;130;22/09/2010
2010022124;5;2;1;1;6;130;28/08/2010
2010022125;1;2;1;1;6;130;24/09/2010
2010022126;1;2;1;1;6;130;01/10/2010
2010022127;1;2;1;1;5;130;23/09/2010
2010022128;1;2;1;1;2;130;21/09/2010
2010022129;1;2;1;1;6;130;05/10/2010
2010022130;1;2;1;1;6;130;22/09/2010
2010022131;1;2;1;1;6;130;17/09/2010
2010022132;2;2;1;1;6;130;05/10/2010
2010022133;1;2;3;1;6;130;13/09/2010
2010022134;1;2;1;1;7;130;06/10/2010
2010022135;2;2;3;1;7;130;06/10/2010
2010022136;1;2;1;1;6;130;27/09/2010
2010022137;1;1;1;2;6;130;04/10/2010
2010022138;1;2;1;1;6;130;09/10/2010
2010022139;1;2;1;1;6;130;13/10/2010
2010022140;5;2;1;1;1;130;13/10/2010
2010022141;1;2;1;1;1;130;12/10/2010
2010022142;1;2;1;1;6;130;09/10/2010
2010022143;1;2;3;2;6;130;01/10/2010
2010022144;1;2;1;1;6;130;18/09/2010
2010022145;1;2;1;2;6;130;11/10/2010
2010022146;1;2;1;1;6;130;23/09/2010
2010022147;1;2;1;1;6;130;05/10/2010
2010022148;5;2;1;1;6;130;28/09/2010
2010022149;1;2;1;1;6;130;10/09/2010
2010022150;1;2;1;2;3;130;16/09/2010
2010022151;1;2;1;1;6;130;06/10/2010
2010022152;1;2;1;1;6;130;06/10/2010
2010022153;1;2;1;1;6;130;09/10/2010
2010022154;1;2;4;1;3;130;02/09/2010
2010022155;1;2;1;1;6;130;06/10/2010
2010022156;1;2;1;1;6;130;04/10/2010
2010022157;1;2;1;1;6;130;07/10/2010
2010022158;1;2;3;1;6;130;24/09/2010
2010022159;1;2;1;1;3;130;14/10/2010
2010022160;1;2;1;8;3;130;09/10/2010
2010022161;1;2;1;1;6;130;21/09/2010
2010022162;1;1;1;1;2;130;14/10/2010
2010022163;5;2;1;1;1;130;09/10/2010
2010022164;5;2;1;1;2;130;06/10/2010
2010022165;5;2;2;1;6;130;16/10/2010
2010022166;1;2;1;1;6;130;27/09/2010
2010022167;3;2;1;1;6;130;16/10/2010
2010022168;1;2;1;1;6;130;28/07/2010
2010022169;1;2;1;1;6;130;04/09/2010
2010022170;1;2;1;1;6;130;27/07/2010
2010022171;5;2;1;1;6;130;05/10/2010
2010022172;1;2;1;1;6;130;17/09/2010
2010022173;1;2;1;1;6;130;17/10/2010
2010022174;1;2;1;2;6;130;04/10/2010
2010022175;1;2;3;1;3;130;06/10/2010
2010022176;1;2;1;1;1;130;08/10/2010
2010022177;1;2;1;1;3;130;09/10/2010
2010022178;1;2;1;1;4;130;08/10/2010
2010022179;4;2;1;1;7;130;08/10/2010
2010022180;1;2;5;1;6;130;01/10/2010
2010022181;1;2;1;1;6;130;15/09/2010
2010022182;1;2;1;1;6;130;08/10/2010
2010022183;5;2;1;1;6;130;17/10/2010
2010022184;5;2;1;1;6;130;17/10/2010
2010022185;5;2;1;1;6;130;15/10/2010
2010022186;1;2;1;1;2;130;08/10/2010
2010022187;1;2;1;1;6;130;01/10/2010
2010022188;1;2;3;1;3;130;14/10/2010
2010022189;1;2;1;1;6;130;28/09/2010
2010022190;1;2;2;1;3;130;07/10/2010
2010022191;1;2;1;1;6;130;12/01/2010
2010022192;1;2;1;1;6;130;12/10/2010
2010022193;1;2;1;1;6;130;21/07/2010
2010022194;1;2;1;1;6;130;29/09/2010
2010022195;1;2;6;1;6;130;09/10/2010
2010022196;5;2;1;1;6;130;12/10/2010
2010022197;1;2;1;1;6;130;11/10/2010
2010022198;1;2;1;1;6;130;01/10/2010
2010022199;1;2;1;1;6;130;29/09/2010
2010022200;1;2;1;1;6;130;13/10/2010
2010022201;1;2;1;1;2;130;17/08/2010
2010022202;2;2;1;1;7;130;07/10/2010
2010022203;1;2;1;1;6;130;10/08/2010
2010022204;1;2;1;1;3;130;07/10/2010
2010022205;1;2;1;2;6;130;25/10/2010
2010022206;1;2;1;1;6;130;27/08/2010
2010022207;1;2;1;1;6;130;23/10/2010
2010022208;1;2;1;1;6;130;12/10/2010
2010022209;1;2;3;1;6;130;05/05/2010
2010022210;1;2;3;1;6;130;16/10/2010
2010022211;1;2;1;1;6;130;29/06/2010
2010022212;1;2;2;1;3;130;27/08/2010
2010022213;1;2;1;1;6;130;01/09/2010
2010022214;5;2;2;1;3;130;19/09/2010
2010022215;1;2;1;1;6;130;07/09/2010
2010022216;1;2;1;1;6;130;05/02/2010
2010022217;1;2;1;1;6;130;10/09/2010
2010022218;1;2;1;1;6;130;16/09/2010
2010022219;1;2;1;1;6;130;04/06/2010
2010022220;1;2;1;1;6;130;26/10/2010
2010022221;2;2;1;1;6;130;03/10/2010
2010022222;1;2;1;1;6;130;29/09/2010
2010022223;1;2;3;1;6;130;15/09/2010
2010022224;1;2;1;1;6;130;27/09/2010
2010022225;1;2;1;1;6;130;14/09/2010
2010022226;1;2;1;1;6;130;16/09/2010
2010022227;1;2;1;1;6;130;11/10/2010
2010022228;1;2;1;1;2;130;27/09/2010
2010022229;1;2;3;1;6;130;20/10/2010
2010022230;1;2;1;1;1;130;20/10/2010
2010022231;1;2;1;1;1;130;21/10/2010
2010022232;1;2;2;1;3;130;05/10/2010
2010022233;5;2;1;1;6;130;11/10/2010
2010022234;1;2;3;1;3;130;20/10/2010
2010022235;5;2;1;1;6;130;14/10/2010
2010022236;5;2;2;1;3;130;11/08/2010
2010022237;1;2;1;1;7;130;07/10/2010
2010022238;1;2;1;1;2;130;22/10/2010
2010022239;1;2;1;1;6;130;03/09/2010
2010022240;1;2;1;1;3;130;23/10/2010
2010022241;1;2;1;1;4;130;18/10/2010
2010022242;1;2;1;1;3;130;21/10/2010
2010022243;1;2;1;1;3;130;13/10/2010
2010022244;1;1;1;1;6;130;21/10/2010
2010022245;1;2;1;1;6;130;20/10/2010
2010022246;2;2;1;1;6;130;21/10/2010
2010022247;1;2;1;1;2;130;12/10/2010
2010022248;3;2;1;1;3;130;09/10/2010
2010022249;5;2;1;1;2;130;18/02/2010
2010022250;5;2;1;6;2;130;15/05/2010
2010022251;1;2;1;1;7;130;21/10/2010
2010022252;3;2;1;1;3;130;22/10/2010
2010022253;1;2;2;1;3;130;29/09/2010
2010022254;5;2;6;1;6;130;30/10/2010
2010022255;5;2;1;1;6;130;17/10/2010
2010022256;1;2;1;1;6;130;20/10/2010
2010022257;2;2;1;1;3;130;30/09/2010
2010022258;1;2;2;1;3;130;19/08/2010
2010022259;1;2;1;1;6;130;07/10/2010
2010022260;1;2;1;1;3;130;11/10/2010
2010022261;1;2;2;1;6;130;16/09/2010
2010022262;3;2;1;1;6;130;12/09/2010
2010022263;1;2;1;1;3;130;12/10/2010
2010022264;2;2;6;2;6;130;11/10/2010
2010022265;1;2;1;1;6;130;08/10/2010
2010022266;1;2;1;1;6;130;20/10/2010
2010022267;1;2;1;1;6;130;05/10/2010
2010022268;1;2;1;1;6;130;22/10/2010
2010022269;1;2;1;1;6;130;15/10/2010
2010022270;1;2;1;1;6;130;08/06/2010
2010022271;1;2;1;1;6;130;12/10/2010
2010022272;1;2;1;1;6;130;06/10/2010
2010022273;1;2;1;1;6;130;05/09/2010
2010022274;1;2;1;3;6;130;21/10/2010
2010022275;1;2;1;1;3;130;19/08/2010
2010022276;1;2;1;1;6;130;24/10/2010
2010022277;1;2;1;1;6;130;03/11/2010
2010022278;5;2;1;2;2;130;31/10/2010
2010022279;1;2;3;1;3;130;07/10/2010
2010022280;1;2;1;1;6;130;20/10/2010
2010022281;1;2;1;1;3;130;22/10/2010
2010022282;1;2;1;1;2;130;23/10/2010
2010022283;2;2;2;1;1;130;25/08/2010
2010022284;1;2;1;1;3;130;09/10/2010
2010022285;1;2;9;1;3;130;07/10/2010
2010022286;1;2;1;1;2;130;03/09/2010
2010022287;1;2;1;1;2;130;05/10/2010
2010022288;1;2;1;1;2;130;22/10/2010
2010022289;1;2;1;1;6;130;29/09/2010
2010022290;1;2;1;1;2;130;07/10/2010
2010022291;1;2;3;1;3;130;30/09/2010
2010022292;1;2;1;1;3;130;21/10/2010
2010022293;1;2;1;1;4;130;09/10/2010
2010022294;1;2;2;1;3;130;08/10/2010
2010022295;1;2;1;1;2;130;05/10/2010
2010022296;1;2;1;1;6;130;25/10/2010
2010022297;1;2;1;1;2;130;19/07/2010
2010022298;1;2;3;1;3;130;06/09/2010
2010022299;1;2;1;1;3;130;03/09/2010
2010022300;1;2;1;1;3;130;10/09/2010
2010022301;1;2;1;1;6;130;19/10/2010
2010022302;5;2;1;1;2;130;13/10/2010
2010022303;1;2;1;1;3;130;29/09/2010
2010022304;5;2;1;1;3;130;25/10/2010
2010022305;3;2;1;1;6;130;16/09/2010
2010022306;5;2;1;9;6;130;31/10/2010
2010022307;1;2;1;1;6;130;29/08/2010
2010022308;1;2;2;1;3;130;07/10/2010
2010022309;1;2;1;1;6;130;29/07/2010
2010022310;1;2;3;2;3;130;13/10/2010
2010022311;1;1;1;1;6;130;14/09/2010
2010022312;1;2;1;1;6;130;21/10/2010
2010022313;5;2;1;1;6;130;20/10/2010
2010022314;1;2;1;1;7;130;06/10/2010
2010022315;1;2;1;1;3;130;27/10/2010
2010022316;1;2;1;1;6;130;01/10/2010
2010022317;1;2;1;1;6;130;23/09/2010
2010022318;1;2;1;1;6;130;19/10/2010
2010022319;1;2;1;1;6;130;18/10/2010
2010022320;1;2;1;1;6;130;20/09/2010
2010022321;1;2;1;1;6;130;12/07/2010
2010022322;1;2;1;1;6;130;18/10/2010
2010022323;1;1;1;1;1;130;08/09/2010
2010022324;1;2;1;1;6;130;29/09/2010
2010022325;1;1;1;1;6;130;29/09/2010
2010022326;1;2;1;1;7;130;06/10/2010
2010022327;5;2;3;2;3;130;24/10/2010
2010022328;5;2;6;1;3;130;01/10/2010
2010022329;5;2;1;1;6;130;26/10/2010
2010022330;1;2;1;1;6;130;28/10/2010
2010022331;1;2;1;1;1;130;03/10/2010
2010022332;1;2;1;1;2;130;05/10/2010
2010022333;5;2;1;2;6;130;31/10/2010
2010022334;1;2;1;1;6;130;05/10/2010
2010022335;3;2;1;1;4;130;04/08/2010
2010022336;5;2;2;1;3;130;07/10/2010
2010022337;5;2;3;1;3;130;19/09/2010
2010022338;1;2;1;2;6;130;11/10/2010
2010022339;1;2;1;1;1;130;01/06/2010
2010022340;1;2;1;1;2;130;14/10/2010
2010022341;2;2;1;1;6;130;05/11/2010
2010022342;1;2;1;1;6;130;04/09/2010
2010022343;1;2;1;1;3;130;11/10/2010
2010022344;4;2;3;1;3;130;22/09/2010
2010022345;1;2;1;1;7;130;09/10/2010
2010022346;1;2;3;1;3;130;18/08/2010
2010022347;5;2;2;1;6;130;25/09/2010
2010022348;1;2;1;1;6;130;01/10/2010
2010022349;1;2;1;1;6;130;13/10/2010
2010022350;1;2;1;1;3;130;14/10/2010
2010022351;3;2;6;1;7;130;06/11/2010
2010022352;1;2;3;1;6;130;29/10/2010
2010022353;1;2;1;1;6;130;23/10/2010
2010022354;1;2;1;1;3;130;13/10/2010
2010022355;1;2;1;1;6;130;20/10/2010
2010022356;1;2;1;6;6;130;25/10/2010
2010022357;2;2;1;1;6;130;03/11/2010
2010022358;5;2;1;3;3;130;24/10/2010
2010022359;3;2;1;1;7;130;24/10/2010
2010022360;1;2;1;3;2;130;30/10/2010
2010022361;1;2;1;1;2;130;29/10/2010
2010022362;1;2;1;1;2;130;12/10/2010
2010022363;1;2;1;1;6;130;09/11/2010
2010022364;4;2;2;1;6;130;09/11/2010
2010022365;1;2;1;1;3;130;04/11/2010
2010022366;1;2;1;1;3;130;05/11/2010
2010022367;1;2;2;1;3;130;29/10/2010
2010022368;1;2;1;1;3;130;22/02/2010
2010022369;5;2;1;1;3;130;06/11/2010
2010022370;1;2;1;1;6;130;19/10/2010
2010022371;1;1;1;1;6;130;22/10/2010
2010022372;1;2;1;1;2;130;02/11/2010
2010022373;5;2;3;8;3;130;10/10/2010
2010022374;5;2;3;3;3;130;30/10/2010
2010022375;1;2;1;1;3;130;26/10/2010
2010022376;5;2;1;1;3;130;30/10/2010
2010022377;1;2;1;1;6;130;04/11/2010
2010022378;2;2;1;1;1;130;05/11/2010
2010022379;1;2;1;8;6;130;15/11/2010
2010022380;3;2;1;1;4;130;05/11/2010
2010022381;1;2;1;1;6;130;18/08/2010
2010022382;5;2;1;1;6;130;15/11/2010
2010022383;5;2;1;1;6;130;11/11/2010
2010022384;1;2;1;1;2;130;29/07/2010
2010022385;5;2;1;1;3;130;11/11/2010
2010022386;4;2;1;1;4;130;09/10/2010
2010022387;1;1;1;1;7;130;03/11/2010
2010022388;1;2;1;1;3;130;06/11/2010
2010022389;1;2;1;1;7;130;06/11/2010
2010022390;1;2;1;1;6;130;14/10/2010
2010022391;5;2;1;1;6;130;27/10/2010
2010022392;1;2;7;1;3;130;12/11/2010
2010022393;1;2;1;1;6;130;14/11/2010
2010022394;1;2;1;1;6;130;02/09/2010
2010022395;5;2;3;1;1;130;10/09/2010
2010022396;1;2;1;1;3;130;29/10/2010
2010022397;1;1;1;1;7;130;07/11/2010
2010022398;5;2;1;2;6;130;08/11/2010
2010022399;1;2;1;1;3;130;03/11/2010
2010022400;1;2;1;1;7;130;14/11/2010
2010022401;1;2;1;1;2;130;17/05/2010
2010022402;1;2;1;1;6;130;10/11/2010
2010022403;1;2;1;1;1;130;28/10/2010
2010022404;5;2;1;1;3;130;11/11/2010
2010022405;3;2;2;1;2;130;23/09/2010
2010022406;2;2;1;1;3;130;18/08/2010
2010022407;5;2;2;1;3;130;18/11/2010
2010022408;5;1;1;1;6;130;18/11/2010
2010022409;1;2;3;1;6;130;29/10/2010
2010022410;1;2;1;1;6;130;23/09/2010
2010022411;4;2;1;1;6;130;11/11/2010
2010022412;5;2;1;1;6;130;04/11/2010
2010022413;1;2;1;1;6;130;17/09/2010
2010022414;1;2;1;1;6;130;24/10/2010
2010022415;1;2;1;1;6;130;04/11/2010
2010022416;1;2;1;1;3;130;05/11/2010
2010022417;5;2;1;1;3;130;03/11/2010
2010022418;1;2;1;1;3;130;13/11/2010
2010022419;5;2;1;1;6;130;06/11/2010
2010022420;1;2;1;1;4;130;02/09/2010
2010022421;5;2;1;1;3;130;02/11/2010
2010022422;1;2;1;1;6;130;27/10/2010
2010022423;1;2;3;1;1;130;04/11/2010
2010022424;2;2;3;1;2;130;10/10/2010
2010022425;1;2;1;1;6;130;03/08/2010
2010022426;1;2;1;1;6;130;30/08/2010
2010022427;1;2;3;2;3;130;10/11/2010
2010022428;5;2;3;1;3;130;11/11/2010
2010022429;5;2;1;1;3;130;05/11/2010
2010022430;5;2;1;1;6;130;29/10/2010
2010022431;5;2;1;2;6;130;24/10/2010
2010022432;5;2;1;1;6;130;10/11/2010
2010022433;2;2;1;1;6;130;30/10/2010
2010022434;1;2;1;1;6;130;28/10/2010
2010022435;1;2;1;8;2;130;15/11/2010
2010022436;1;2;6;1;2;130;06/10/2010
2010022437;1;2;1;1;2;130;02/11/2010
2010022438;1;2;1;8;3;130;16/11/2010
2010022439;5;2;1;1;3;130;12/10/2010
2010022440;1;2;3;1;3;130;27/10/2010
2010022441;5;2;1;1;6;130;21/09/2010
2010022442;5;2;6;1;3;130;21/07/2010
2010022443;5;2;1;1;6;130;01/10/2010
2010022444;5;2;1;1;2;130;03/10/2010
2010022445;2;2;1;1;7;130;05/11/2010
2010022446;5;2;1;1;6;130;17/11/2010
2010022447;5;2;1;1;6;130;04/09/2010
2010022448;5;2;1;1;3;130;16/11/2010
2010022449;5;2;1;2;2;130;15/11/2010
2010022450;1;2;2;1;3;130;16/11/2010
2010022451;2;2;1;1;3;130;17/11/2010
2010022452;1;2;1;1;6;130;19/11/2010
2010022453;5;2;2;3;3;130;30/10/2010
2010022454;1;2;1;3;2;130;15/11/2010
2010022455;1;1;1;2;1;130;21/11/2010
2010022456;1;2;6;1;3;130;19/11/2010
2010022457;1;2;6;1;3;130;29/09/2010
2010022458;5;2;3;1;1;130;17/11/2010
2010022459;5;2;1;1;6;130;25/11/2010
2010022460;5;2;1;1;6;130;25/11/2010
2010022461;5;2;1;1;2;130;18/11/2010
2010022462;5;2;6;3;6;130;22/11/2010
2010022463;5;2;1;3;6;130;30/10/2010
2010022464;1;2;1;1;3;130;25/11/2010
2010022465;5;2;1;1;6;130;18/11/2010
2010022466;5;2;1;1;6;130;26/11/2010
2010022467;5;2;3;2;6;130;01/11/2010
2010022468;1;2;1;1;3;130;24/07/2010
2010022469;1;2;1;3;6;130;31/10/2010
2010022470;5;2;2;1;4;130;01/11/2010
2010022471;5;2;1;2;6;130;08/11/2010
2010022472;1;2;1;1;2;130;08/11/2010
2010022473;1;2;1;1;3;130;24/07/2010
2010022474;5;2;2;1;3;130;02/11/2010
2010022475;2;2;2;8;3;130;19/11/2010
2010022476;5;2;3;2;3;130;08/11/2010
2010022477;5;2;3;1;3;130;09/11/2010
2010022478;1;2;3;1;3;130;20/11/2010
2010022479;1;2;9;1;6;130;07/11/2010
2010022480;1;2;1;1;4;130;23/07/2010
2010022481;1;2;1;1;6;130;24/11/2010
2010022482;1;2;3;1;2;130;12/06/2010
2010022483;1;2;1;1;6;130;18/11/2010
2010022484;1;2;1;1;3;130;08/06/2010
2010022485;5;2;1;1;1;130;14/11/2010
2010022486;1;2;1;1;6;130;21/10/2010
2010022487;5;2;1;3;6;130;28/11/2010
2010022488;4;2;3;1;3;130;01/11/2010
2010022489;5;2;1;1;7;130;17/11/2010
2010022490;1;2;2;1;3;130;28/10/2010
2010022491;1;2;1;1;6;130;19/11/2010
2010022492;1;2;1;1;3;130;19/10/2010
2010022493;1;2;3;1;3;130;26/10/2010
2010022494;1;2;1;1;6;130;16/10/2010
2010022495;5;2;1;1;6;130;13/11/2010
2010022496;1;2;1;1;3;130;19/10/2010
2010022497;5;2;7;1;3;130;11/09/2010
2010022498;1;2;1;1;2;130;28/10/2010
2010022499;5;2;3;1;3;130;22/11/2010
2010022500;5;2;1;1;1;130;29/11/2010
2010022501;5;2;1;1;2;130;28/09/2010
2010022502;5;2;3;1;3;130;17/11/2010
2010022503;2;2;1;1;6;130;18/11/2010
2010022504;5;2;1;1;6;130;28/10/2010
2010022505;2;2;1;1;6;130;17/11/2010
2010022506;5;2;1;1;6;130;02/11/2010
2010022507;5;2;1;1;6;130;17/11/2010
2010022508;5;2;2;1;3;130;28/10/2010
2010022509;1;2;1;1;2;130;26/11/2010
2010022510;1;2;3;1;3;130;02/11/2010
2010022511;1;2;3;1;7;130;26/11/2010
2010022512;5;2;1;8;3;130;01/12/2010
2010022513;1;2;3;8;3;130;30/11/2010
2010022514;5;1;2;2;6;130;08/11/2010
2010022515;1;2;1;2;2;130;30/11/2010
2010022516;1;2;3;1;3;130;13/09/2010
2010022517;5;2;1;3;3;130;27/11/2010
2010022518;5;2;1;1;6;130;24/11/2010
2010022519;1;2;1;1;6;130;21/11/2010
2010022520;1;2;1;1;6;130;02/12/2010
2010022521;1;2;1;1;6;130;02/12/2010
2010022522;1;2;1;1;6;130;24/11/2010
2010022523;1;2;1;1;6;130;29/11/2010
2010022524;5;2;1;1;6;130;19/10/2010
2010022525;1;2;1;1;6;130;18/09/2010
2010022526;2;2;1;1;6;130;06/09/2010
2010022527;2;1;1;1;6;130;10/11/2010
2010022528;5;2;1;1;6;130;05/11/2010
2010022529;5;1;1;1;6;130;07/12/2010
2010022530;1;2;1;3;6;130;30/11/2010
2010022531;1;2;1;1;6;130;27/09/2010
2010022532;1;2;1;1;2;130;07/10/2010
2010022533;1;2;1;1;3;130;07/10/2010
2010022534;1;2;1;1;7;130;14/09/2010
2010022535;1;2;1;1;1;130;16/09/2010
2010022536;2;2;1;1;6;130;27/09/2010
2010022537;5;2;1;1;6;130;04/12/2010
2010022538;5;2;1;1;6;130;26/11/2010
2010022539;1;2;1;1;6;130;28/10/2010
2010022540;1;2;1;1;6;130;22/11/2010
2010022541;5;2;1;1;6;130;01/11/2010
2010022542;1;2;1;1;6;130;25/11/2010
2010022543;5;2;3;1;6;130;27/10/2010
2010022544;1;1;1;1;6;130;19/11/2010
2010022545;1;1;1;1;6;130;18/11/2010
2010022546;1;2;1;1;6;130;30/11/2010
2010022547;1;2;2;1;3;130;05/10/2010
2010022548;5;2;1;1;5;130;27/11/2010
2010022549;5;2;1;1;6;130;19/11/2010
2010022550;5;2;1;1;3;130;09/10/2010
2010022551;5;2;3;1;3;130;19/11/2010
2010022552;1;2;1;1;6;130;19/11/2010
2010022553;5;2;3;1;3;130;13/11/2010
2010022554;5;2;3;1;6;130;22/11/2010
2010022555;1;2;1;1;2;130;22/11/2010
2010022556;5;2;1;1;6;130;22/11/2010
2010022557;1;2;1;7;7;130;30/08/2010
2010022558;1;2;1;1;4;130;29/11/2010
2010022559;2;2;1;1;3;130;15/10/2010
2010022560;5;2;1;1;3;130;10/10/2010
2010022561;1;2;1;1;3;130;25/11/2010
2010022562;1;2;1;1;5;130;30/11/2010
2010022563;1;2;1;8;6;130;06/12/2010
2010022564;1;2;1;1;6;130;08/12/2010
2010022565;5;2;3;1;3;130;05/12/2010
2010022566;2;2;3;1;3;130;15/11/2010
2010022567;1;2;1;1;3;130;16/11/2010
2010022568;2;2;2;1;3;130;23/11/2010
2010022569;1;2;1;1;1;130;09/12/2010
2010022570;1;2;3;1;3;130;26/11/2010
2010022571;5;2;1;3;3;130;30/10/2010
2010022572;1;2;1;1;7;130;04/12/2010
2010022573;5;2;3;1;3;130;22/11/2010
2010022574;5;2;1;1;3;130;29/11/2010
2010022575;5;2;1;1;2;130;09/12/2010
2010022576;5;2;1;1;2;130;09/12/2010
2010022577;2;2;1;1;6;130;13/11/2010
2010022578;1;2;1;1;2;130;13/10/2010
2010022579;1;2;1;1;2;130;09/11/2010
2010022580;1;2;1;1;6;130;10/11/2010
2010022581;2;2;2;1;3;130;26/09/2010
2010022582;1;2;1;1;6;130;12/11/2010
2010022583;3;2;3;1;3;130;12/11/2010
2010022584;5;2;1;1;6;130;09/11/2010
2010022585;1;2;1;2;3;130;15/11/2010
2010022586;5;2;1;1;6;130;16/11/2010
2010022587;1;2;1;1;2;130;03/11/2010
2010022588;5;2;2;1;3;130;03/11/2010
2010022589;2;2;1;1;3;130;13/11/2010
2010022590;1;2;1;1;2;130;08/11/2010
2010022591;5;2;1;1;6;130;19/11/2010
2010022592;1;2;1;1;6;130;13/11/2010
2010022593;5;2;1;1;2;130;12/12/2010
2010022594;1;2;1;1;2;130;10/12/2010
2010022595;1;2;1;1;3;130;10/12/2010
2010022596;1;2;3;1;6;130;22/10/2010
2010022597;1;2;1;1;6;130;09/11/2010
2010022598;5;2;1;1;6;130;03/12/2010
2010022599;5;2;6;1;3;130;14/12/2010
2010022600;1;2;1;1;6;130;24/06/2010
2010022601;5;2;1;2;1;130;15/12/2010
2010022602;1;2;1;1;6;130;16/12/2010
2010022603;1;2;1;2;2;130;04/10/2010
2010022604;2;2;1;1;5;130;10/11/2010
2010022605;1;2;1;2;3;130;01/11/2010
2010022606;1;2;1;1;6;130;24/11/2010
2010022607;5;2;3;1;2;130;19/11/2010
2010022608;1;2;2;1;6;130;26/11/2010
2010022609;5;2;1;2;2;130;06/12/2010
2010022610;1;2;3;1;3;130;02/12/2010
2010022611;1;2;1;1;2;130;12/11/2010
2010022612;1;2;1;1;2;130;02/11/2010
2010022613;1;2;1;1;2;130;05/12/2010
2010022614;1;2;3;1;6;130;06/12/2010
2010022615;1;2;1;1;3;130;08/12/2010
2010022616;2;2;1;1;6;130;11/12/2010
2010022617;1;2;1;1;3;130;09/11/2010
2010022618;1;2;9;1;3;130;20/10/2010
2010022619;1;2;1;1;6;130;27/09/2010
2010022620;1;2;2;3;3;130;21/12/2010