num_acc;lum;agg;inter;atm;col;dep;date
2010023198;1;2;1;1;7;130;15/09/2010
2010023199;5;2;1;1;2;130;15/09/2010
2010023200;1;1;1;1;2;130;15/09/2010
2010023201;1;2;2;1;4;130;19/09/2010
2010023202;1;2;1;1;3;130;20/09/2010
2010023203;1;1;1;1;3;130;22/09/2010
2010023204;2;2;1;1;7;130;26/09/2010
2010023205;1;2;1;1;6;130;27/09/2010
2010023206;1;2;3;1;5;130;27/09/2010
2010023207;1;2;1;1;2;130;29/09/2010
2010023208;1;2;1;1;2;130;30/09/2010
2010023209;5;2;1;1;3;130;29/09/2010
2010023210;1;2;1;1;2;130;30/09/2010
2010023211;1;2;1;1;2;130;01/10/2010
2010023212;1;2;3;1;6;130;05/10/2010
2010023213;1;2;1;1;6;130;07/10/2010
2010023214;1;2;1;2;7;130;11/10/2010
2010023215;1;2;1;2;3;130;11/10/2010
2010023216;1;2;1;1;6;130;11/10/2010
2010023217;1;2;1;1;3;130;12/10/2010
2010023218;3;1;1;1;2;130;13/10/2010
2010023219;1;2;6;1;3;130;15/10/2010
2010023220;1;1;3;1;6;130;19/10/2010
2010023221;1;2;1;1;1;130;20/10/2010
2010023222;5;1;1;1;2;130;22/10/2010
2010023223;1;2;2;8;3;130;23/10/2010
2010023224;1;1;1;8;3;130;24/10/2010
2010023225;1;2;3;1;2;130;26/10/2010
2010023226;1;2;3;1;3;130;27/10/2010
2010023227;1;2;1;1;6;130;29/10/2010
2010023228;3;1;1;8;6;130;31/10/2010
2010023229;1;2;1;2;6;130;31/10/2010
2010023230;5;2;1;1;2;130;05/11/2010
2010023231;1;2;6;8;7;130;10/11/2010
2010023232;5;2;3;1;3;130;05/11/2010
2010023233;1;2;1;1;7;130;10/11/2010
2010023234;1;2;1;1;7;130;11/11/2010
2010023235;1;2;1;1;3;130;13/11/2010
2010023236;1;2;3;1;1;130;01/11/2010
2010023237;1;1;1;2;6;130;15/11/2010
2010023238;1;2;9;1;3;130;16/11/2010
2010023239;5;2;1;1;4;130;16/11/2010
2010023240;1;2;1;1;2;130;17/11/2010
2010023241;1;2;1;1;6;130;19/11/2010
2010023242;1;2;1;1;6;130;19/11/2010
2010023243;1;2;1;1;3;130;24/11/2010
2010023244;1;2;1;1;2;130;22/11/2010
2010023245;5;2;1;1;2;130;22/11/2010
2010023246;1;2;1;1;2;130;23/11/2010
2010023247;3;1;1;1;2;130;23/11/2010
2010023248;1;2;1;1;2;130;24/11/2010
2010023249;1;2;1;1;6;130;29/11/2010
2010023250;5;2;1;2;2;130;30/11/2010
2010023251;5;2;1;2;6;130;30/11/2010
2010023252;1;2;1;1;7;130;01/12/2010
2010023253;1;2;3;1;2;130;29/11/2010
2010023254;1;1;1;1;6;130;03/12/2010
2010023255;3;1;9;1;6;130;05/12/2010
2010023256;3;2;1;2;3;130;05/12/2010
2010023257;2;1;1;2;7;130;06/12/2010
2010023258;1;2;1;3;3;130;06/12/2010
2010023259;1;2;1;1;1;130;08/12/2010
2010023260;3;1;1;1;2;130;08/12/2010
2010023261;5;2;1;1;4;130;10/12/2010
2010023262;1;2;1;1;2;130;18/12/2010
2010023263;1;1;1;1;6;130;23/12/2010
2010023264;2;2;1;1;3;130;24/12/2010
2010023265;1;1;1;4;3;680;08/01/2010
2010023266;1;1;1;1;6;680;19/04/2010
2010023267;3;1;1;1;2;680;09/05/2010
2010023268;1;1;1;1;6;680;28/05/2010
2010023269;1;1;1;1;6;680;02/07/2010
2010023270;1;1;1;1;7;680;10/07/2010
2010023271;1;1;1;1;2;680;10/07/2010
2010023272;3;1;1;1;6;680;04/08/2010
2010023273;1;1;1;1;2;680;16/09/2010
2010023274;1;1;1;1;7;680;19/09/2010
2010023275;1;1;1;1;4;680;27/09/2010
2010023276;3;1;1;5;6;680;30/11/2010
2010023277;1;2;3;2;7;780;28/03/2010
2010023278;1;1;3;1;3;780;06/07/2010
2010023279;1;1;3;1;3;780;08/07/2010
2010023280;4;2;1;1;6;780;29/08/2010
2010023281;1;1;1;1;7;780;21/09/2010
2010023282;1;1;1;1;2;780;09/10/2010
2010023283;5;2;1;2;1;780;19/11/2010
2010023284;3;1;1;1;4;330;12/11/2010
2010023285;2;1;1;4;2;720;22/12/2010
2010023286;1;2;1;4;1;720;15/01/2010
2010023287;3;1;1;1;6;720;17/01/2010
2010023288;1;1;1;1;7;720;09/07/2010
2010023289;1;1;1;1;3;720;10/08/2010
2010023290;1;1;2;1;3;720;24/08/2010
2010023291;2;1;4;1;5;720;12/10/2010
2010023292;5;2;1;1;1;720;15/10/2010
2010023293;1;1;1;7;6;720;17/10/2010
2010023294;1;1;1;1;2;720;20/10/2010
2010023295;1;2;1;1;1;950;15/04/2010
2010023296;1;2;3;1;3;950;05/06/2010
2010023297;1;1;1;1;1;950;08/07/2010
2010023298;2;2;1;1;6;950;05/09/2010
2010023299;1;2;1;1;6;950;07/09/2010
2010023300;5;2;1;3;6;950;09/11/2010
2010023301;1;1;1;1;6;460;10/04/2010
2010023302;1;1;1;3;6;460;11/05/2010
2010023303;3;1;9;4;6;580;07/01/2010
2010023304;1;1;1;1;6;580;13/01/2010
2010023305;1;1;1;1;6;720;14/03/2010
2010023306;1;1;1;1;2;720;09/05/2010
2010023307;1;1;1;1;7;720;27/09/2010
2010023308;1;1;1;6;7;720;14/10/2010
2010023309;3;1;1;1;7;490;10/04/2010
2010023310;1;1;9;1;6;490;15/04/2010
2010023311;1;1;1;1;6;490;05/05/2010
2010023312;1;1;1;1;7;490;23/05/2010
2010023313;3;1;1;1;7;490;29/06/2010
2010023314;1;1;3;4;3;680;11/02/2010
2010023315;5;2;1;4;6;680;13/02/2010
2010023316;5;2;1;1;6;680;10/07/2010
2010023317;1;2;3;1;3;680;27/10/2010
2010023318;3;1;1;1;7;190;24/05/2010
2010023319;1;1;1;1;7;190;06/08/2010
2010023320;3;1;1;2;7;670;13/03/2010
2010023321;1;2;1;1;7;670;12/06/2010
2010023322;1;2;1;1;3;670;18/07/2010
2010023323;1;2;1;1;6;670;14/10/2010
2010023324;1;1;1;1;5;670;03/12/2010
2010023325;1;2;2;2;6;140;14/01/2010
2010023326;5;2;1;2;7;140;16/01/2010
2010023327;2;2;3;8;3;140;16/01/2010
2010023328;5;2;1;4;6;140;06/01/2010
2010023329;2;2;1;1;6;140;20/01/2010
2010023330;1;1;1;2;6;140;23/01/2010
2010023331;2;2;2;8;3;140;26/01/2010
2010023332;5;2;1;1;6;140;28/01/2010
2010023333;2;2;1;1;6;140;27/01/2010
2010023334;1;2;1;1;7;140;28/01/2010
2010023335;5;1;1;8;1;140;01/02/2010
2010023336;4;2;3;1;5;140;31/01/2010
2010023337;1;2;1;1;6;140;02/02/2010
2010023338;1;2;1;1;1;140;10/02/2010
2010023339;5;2;1;8;6;140;14/02/2010
2010023340;1;2;1;1;6;140;16/02/2010
2010023341;5;2;1;1;3;140;19/02/2010
2010023342;1;2;3;1;5;140;02/03/2010
2010023343;1;2;2;1;6;140;12/03/2010
2010023344;1;1;1;1;6;140;13/03/2010
2010023345;1;2;1;1;3;140;16/03/2010
2010023346;1;2;3;1;3;140;16/03/2010
2010023347;1;2;2;1;6;140;10/03/2010
2010023348;3;1;1;1;7;140;21/03/2010
2010023349;1;2;2;1;1;140;26/03/2010
2010023350;1;2;3;1;3;140;27/03/2010
2010023351;1;1;1;1;2;140;03/04/2010
2010023352;1;1;1;1;6;140;04/04/2010
2010023353;5;2;2;1;3;140;07/04/2010
2010023354;1;2;1;1;6;140;14/04/2010
2010023355;1;2;3;1;6;140;18/04/2010
2010023356;1;2;1;1;6;140;28/04/2010
2010023357;5;1;1;1;6;140;04/05/2010
2010023358;1;2;2;1;3;140;07/05/2010
2010023359;1;2;1;1;6;140;07/05/2010
2010023360;1;2;1;1;7;140;10/05/2010
2010023361;1;1;1;1;6;140;16/05/2010
2010023362;1;2;3;1;3;140;14/05/2010
2010023363;1;1;1;1;4;140;24/05/2010
2010023364;1;2;3;1;3;140;26/05/2010
2010023365;1;1;1;1;7;140;27/05/2010
2010023366;1;2;1;1;6;140;28/05/2010
2010023367;1;1;1;1;7;140;30/05/2010
2010023368;1;2;1;1;6;140;29/05/2010
2010023369;5;1;1;1;2;140;23/05/2010
2010023370;1;1;1;1;2;140;02/06/2010
2010023371;1;2;2;1;4;140;13/06/2010
2010023372;1;2;2;1;3;140;18/06/2010
2010023373;5;2;1;1;6;140;26/06/2010
2010023374;1;2;2;1;6;140;26/06/2010
2010023375;1;1;1;1;3;140;30/06/2010
2010023376;1;2;2;1;3;140;06/07/2010
2010023377;1;2;1;1;6;140;08/07/2010
2010023378;3;2;1;1;6;140;09/07/2010
2010023379;1;2;1;1;7;140;10/07/2010
2010023380;1;2;2;1;3;140;09/07/2010
2010023381;1;2;6;1;2;140;13/07/2010
2010023382;1;2;1;7;6;140;23/07/2010
2010023383;1;2;3;1;2;140;27/07/2010
2010023384;1;1;1;1;4;140;29/07/2010
2010023385;1;2;6;1;3;140;31/07/2010
2010023386;1;2;1;1;6;140;18/08/2010
2010023387;5;2;2;1;3;140;22/08/2010
2010023388;5;2;1;8;6;140;26/08/2010
2010023389;1;2;1;1;6;140;27/08/2010
2010023390;1;1;3;1;3;140;03/09/2010
2010023391;1;2;1;1;3;140;03/09/2010
2010023392;5;2;1;1;7;140;05/09/2010
2010023393;2;1;1;1;6;140;11/09/2010
2010023394;2;2;1;1;5;140;17/09/2010
2010023395;1;2;3;7;6;140;20/09/2010
2010023396;1;2;6;1;3;140;22/09/2010
2010023397;1;2;2;1;3;140;24/09/2010
2010023398;1;1;1;3;3;140;01/10/2010
2010023399;1;2;1;1;7;140;07/10/2010
2010023400;1;2;3;1;3;140;11/10/2010
2010023401;1;2;1;1;1;140;04/10/2010
2010023402;1;1;1;8;4;140;23/10/2010
2010023403;5;2;1;1;6;140;22/10/2010
2010023404;1;2;2;1;3;140;25/10/2010
2010023405;1;2;1;1;6;140;27/10/2010
2010023406;1;2;1;1;2;140;29/10/2010
2010023407;5;2;1;2;3;140;09/11/2010
2010023408;5;2;1;1;6;140;10/11/2010
2010023409;5;2;1;1;6;140;13/11/2010
2010023410;5;2;2;2;1;140;17/11/2010
2010023411;3;2;1;2;6;140;20/11/2010
2010023412;5;2;1;1;6;140;23/11/2010
2010023413;5;2;2;8;2;140;03/12/2010
2010023414;1;2;3;8;5;140;04/12/2010
2010023415;1;2;1;1;6;140;07/12/2010
2010023416;5;2;1;1;6;140;08/12/2010
2010023417;1;2;3;1;6;140;13/12/2010
2010023418;5;2;1;4;6;140;25/12/2010
2010023419;5;2;1;1;3;140;23/12/2010
2010023420;5;2;3;2;1;140;08/12/2010
2010023421;5;2;1;1;6;310;20/03/2010
2010023422;1;2;1;7;6;310;03/06/2010
2010023423;1;1;1;1;1;310;05/06/2010
2010023424;2;1;1;1;7;310;06/06/2010
2010023425;3;1;1;1;6;310;03/07/2010
2010023426;1;2;2;1;6;140;15/03/2010
2010023427;1;2;2;8;3;140;26/08/2010
2010023428;1;2;1;1;6;140;20/09/2010
2010023429;1;1;1;2;6;300;16/02/2010
2010023430;1;1;1;1;7;300;23/02/2010
2010023431;1;2;1;1;3;300;24/04/2010
2010023432;1;1;1;1;3;300;08/06/2010
2010023433;3;1;1;1;6;300;12/06/2010
2010023434;3;1;1;1;7;300;03/07/2010
2010023435;3;1;1;1;6;300;22/07/2010
2010023436;1;1;6;1;6;300;26/08/2010
2010023437;1;1;1;1;5;300;03/09/2010
2010023438;1;1;1;1;3;300;03/09/2010
2010023439;1;2;1;1;3;300;17/08/2010
2010023440;3;1;1;8;6;300;18/09/2010
2010023441;1;1;9;1;3;300;23/09/2010
2010023442;5;1;6;1;7;300;25/09/2010
2010023443;1;1;1;1;1;300;11/10/2010
2010023444;1;2;1;1;4;300;16/10/2010
2010023445;1;1;1;1;6;300;25/10/2010
2010023446;3;1;1;6;6;300;25/10/2010
2010023447;3;1;1;8;1;300;31/10/2010
2010023448;1;1;1;1;2;300;04/11/2010
2010023449;3;1;1;1;5;300;19/11/2010
2010023450;1;1;1;7;3;300;24/11/2010
2010023451;1;2;1;1;3;140;13/03/2010
2010023452;1;1;2;1;1;140;16/03/2010
2010023453;1;2;1;1;6;140;18/04/2010
2010023454;2;2;1;1;7;140;24/05/2010
2010023455;1;2;1;1;6;140;27/04/2010
2010023456;1;1;1;1;7;140;30/05/2010
2010023457;1;2;1;1;6;140;31/05/2010
2010023458;1;1;1;7;7;140;31/05/2010
2010023459;1;1;1;1;7;140;26/06/2010
2010023460;1;2;2;1;3;140;05/07/2010
2010023461;1;2;1;1;6;140;07/07/2010
2010023462;5;2;1;1;7;140;20/07/2010
2010023463;1;2;1;1;6;140;25/07/2010
2010023464;1;2;1;1;3;140;30/07/2010
2010023465;1;2;3;1;1;140;30/08/2010
2010023466;5;2;3;1;3;140;07/09/2010
2010023467;5;2;1;1;7;140;22/09/2010
2010023468;3;1;1;1;1;140;07/12/2010
2010023469;1;1;6;1;7;140;08/12/2010
2010023470;1;1;6;1;2;140;10/12/2010
2010023471;3;1;1;9;7;140;14/12/2010
2010023472;5;2;1;1;6;140;14/12/2010
2010023473;1;2;1;4;1;140;17/12/2010
2010023474;3;1;1;1;7;140;26/12/2010
2010023475;1;2;1;8;2;140;05/01/2010
2010023476;5;2;6;1;6;140;15/01/2010
2010023477;5;1;6;3;3;140;20/01/2010
2010023478;5;1;1;8;6;140;30/01/2010
2010023479;1;1;1;1;6;140;30/01/2010
2010023480;1;2;3;1;3;140;16/03/2010
2010023481;1;1;3;2;3;140;30/03/2010
2010023482;1;1;3;2;3;140;30/03/2010
2010023483;1;2;3;8;3;140;01/04/2010
2010023484;1;2;2;1;7;140;17/04/2010
2010023485;1;2;1;1;2;140;16/04/2010
2010023486;1;2;6;1;4;140;19/04/2010
2010023487;1;2;1;1;3;140;03/05/2010
2010023488;1;2;1;1;6;140;04/05/2010
2010023489;2;1;1;1;1;140;07/05/2010
2010023490;1;2;1;1;6;140;07/05/2010
2010023491;1;1;1;1;7;140;10/05/2010
2010023492;1;2;2;1;3;140;13/05/2010
2010023493;1;2;3;1;3;140;19/05/2010
2010023494;1;2;1;1;7;140;22/05/2010
2010023495;1;1;1;1;3;140;23/05/2010
2010023496;2;1;1;1;7;140;23/05/2010
2010023497;5;2;1;2;7;140;30/05/2010
2010023498;1;2;1;1;2;140;05/06/2010
2010023499;5;2;1;1;7;140;08/06/2010
2010023500;1;2;1;1;2;140;13/06/2010
2010023501;1;2;1;1;2;140;28/06/2010
2010023502;1;2;1;1;6;140;28/06/2010
2010023503;1;1;1;1;6;140;29/06/2010
2010023504;1;1;1;1;7;140;16/07/2010
2010023505;1;2;1;1;6;140;17/07/2010
2010023506;1;1;1;1;7;140;20/08/2010
2010023507;1;1;1;1;1;140;23/08/2010
2010023508;1;1;1;3;7;140;26/08/2010
2010023509;1;1;1;2;5;140;27/08/2010
2010023510;1;2;3;1;3;140;13/09/2010
2010023511;1;1;1;1;5;140;14/09/2010
2010023512;1;2;1;1;6;140;18/09/2010
2010023513;1;2;1;1;3;140;25/09/2010
2010023514;5;2;1;1;6;140;07/10/2010
2010023515;1;2;3;1;3;140;08/10/2010
2010023516;1;1;6;1;2;140;13/10/2010
2010023517;2;2;1;1;6;140;18/10/2010
2010023518;1;2;3;1;3;140;27/10/2010
2010023519;1;2;2;1;6;140;10/11/2010
2010023520;1;2;4;2;6;140;17/11/2010
2010023521;5;2;6;1;3;140;24/11/2010
2010023522;1;1;1;2;7;140;15/12/2010
2010023523;5;2;3;1;3;140;25/12/2010
2010023524;1;2;1;1;6;140;15/01/2010
2010023525;5;2;2;2;3;140;27/02/2010
2010023526;1;2;1;1;3;140;02/05/2010
2010023527;5;2;2;1;6;140;28/04/2010
2010023528;1;2;3;1;3;140;03/04/2010
2010023529;1;2;1;1;6;140;12/05/2010
2010023530;1;2;1;1;2;140;14/05/2010
2010023531;1;2;1;1;3;140;24/05/2010
2010023532;3;1;1;1;7;140;27/06/2010
2010023533;5;2;6;1;3;140;27/06/2010
2010023534;1;1;1;1;3;140;11/07/2010
2010023535;5;2;1;1;6;140;21/07/2010
2010023536;1;2;2;1;6;140;28/07/2010
2010023537;5;2;1;1;7;140;14/08/2010
2010023538;5;2;1;1;3;140;21/08/2010
2010023539;3;1;2;1;3;140;25/09/2010
2010023540;3;1;1;1;7;140;11/10/2010
2010023541;1;2;1;1;6;140;19/11/2010
2010023542;1;2;1;1;7;140;08/04/2010
2010023543;1;2;1;1;6;140;14/10/2010
2010023544;1;2;1;1;7;140;10/10/2010
2010023545;1;2;1;1;2;140;08/10/2010
2010023546;5;2;1;1;6;140;11/04/2010
2010023547;1;1;2;2;3;140;26/11/2010
2010023548;5;2;2;1;3;140;22/10/2010
2010023549;3;1;1;9;1;140;26/12/2010
2010023550;5;2;1;1;6;140;18/04/2010
2010023551;1;2;1;1;2;140;20/04/2010
2010023552;1;2;1;1;3;140;06/05/2010
2010023553;3;1;1;1;6;140;13/05/2010
2010023554;1;2;1;1;6;140;14/05/2010
2010023555;1;2;6;1;7;140;06/06/2010
2010023556;1;2;1;1;2;140;11/06/2010
2010023557;5;2;1;1;6;140;22/06/2010
2010023558;1;2;1;1;6;140;23/06/2010
2010023559;1;1;1;1;6;140;29/06/2010
2010023560;1;1;1;1;6;140;07/07/2010
2010023561;1;2;1;1;6;140;10/07/2010
2010023562;1;2;2;1;3;140;12/07/2010
2010023563;1;2;1;1;6;140;14/07/2010
2010023564;1;2;1;1;2;140;16/07/2010
2010023565;1;2;1;1;6;140;18/07/2010
2010023566;1;2;1;1;2;140;27/07/2010
2010023567;1;2;2;1;3;140;31/07/2010
2010023568;1;2;1;1;2;140;02/08/2010
2010023569;5;2;2;1;3;140;06/11/2010
2010023570;5;2;1;2;7;140;06/11/2010
2010023571;5;2;1;1;3;140;09/11/2010
2010023572;5;2;1;1;2;140;06/12/2010
2010023573;1;2;1;1;6;140;07/12/2010
2010023574;3;1;1;4;6;850;06/01/2010
2010023575;1;1;1;1;6;440;01/05/2010
2010023576;3;1;1;1;5;440;30/05/2010
2010023577;1;1;1;1;6;850;02/06/2010
2010023578;1;1;1;1;2;850;28/08/2010
2010023579;1;2;1;1;3;130;30/01/2010
2010023580;1;1;1;1;2;130;17/02/2010
2010023581;1;1;1;1;1;130;24/02/2010
2010023582;3;2;1;1;2;130;10/04/2010
2010023583;1;2;1;1;1;130;25/09/2010
2010023584;3;1;1;1;7;130;03/10/2010
2010023585;3;1;1;1;6;130;15/10/2010
2010023586;1;1;1;1;2;130;21/10/2010
2010023587;3;1;1;1;7;130;29/10/2010
2010023588;1;1;1;1;6;130;25/10/2010
2010023589;1;1;1;1;6;130;17/12/2010
2010023590;1;2;1;1;7;340;27/01/2010
2010023591;5;2;1;1;3;340;04/03/2010
2010023592;1;2;1;1;5;340;28/04/2010
2010023593;1;2;1;1;6;340;08/06/2010
2010023594;1;1;1;1;2;340;18/06/2010
2010023595;3;1;1;1;1;340;11/07/2010
2010023596;5;2;1;2;6;150;04/01/2010
2010023597;1;2;3;4;6;150;29/01/2010
2010023598;2;1;1;2;7;150;18/02/2010
2010023599;1;1;1;1;7;150;26/04/2010
2010023600;1;2;1;1;6;150;30/04/2010
2010023601;1;2;1;1;6;150;21/05/2010
2010023602;1;1;6;7;3;150;22/05/2010
2010023603;1;2;1;1;6;150;26/05/2010
2010023604;1;2;1;1;6;150;11/06/2010
2010023605;1;2;1;1;3;150;01/09/2010
2010023606;1;2;1;1;6;150;03/09/2010
2010023607;5;2;6;1;6;150;11/09/2010
2010023608;1;2;1;1;6;150;21/09/2010
2010023609;1;2;2;1;3;150;21/09/2010
2010023610;1;2;1;1;2;150;09/10/2010
2010023611;3;1;1;8;6;150;16/11/2010
2010023612;4;2;2;2;6;150;25/11/2010
2010023613;1;2;1;7;6;150;29/12/2010
2010023614;3;1;1;9;3;760;20/01/2010
2010023615;1;2;1;1;1;760;26/02/2010
2010023616;2;2;1;1;3;760;22/04/2010
2010023617;1;2;7;1;6;760;14/05/2010
2010023618;5;2;1;3;6;760;06/06/2010
2010023619;1;1;1;1;1;760;23/06/2010
2010023620;1;2;1;1;6;760;30/06/2010
2010023621;1;2;1;1;2;760;12/07/2010
2010023622;1;2;1;8;1;760;04/08/2010
2010023623;1;1;1;8;1;760;16/08/2010
2010023624;1;1;1;1;1;760;27/09/2010
2010023625;2;1;1;8;1;760;08/10/2010
2010023626;1;1;1;9;6;760;19/11/2010
2010023627;1;2;1;1;6;760;26/11/2010
2010023628;2;1;1;8;6;760;12/12/2010
2010023629;3;1;1;1;1;760;16/01/2010
2010023630;1;2;1;1;6;760;03/03/2010
2010023631;1;1;2;1;3;760;15/03/2010
2010023632;1;1;2;1;3;760;07/04/2010
2010023633;1;1;1;1;7;760;17/06/2010
2010023634;2;2;1;1;6;760;19/06/2010
2010023635;2;1;1;2;6;760;19/11/2010
2010023636;1;1;1;1;5;640;24/08/2010
2010023637;2;1;1;1;7;640;30/08/2010
2010023638;1;1;1;1;7;640;05/11/2010
2010023639;1;2;1;1;3;640;24/11/2010
2010023640;1;2;1;1;6;640;27/12/2010
2010023641;1;1;1;1;1;710;28/04/2010
2010023642;1;1;1;1;6;710;03/07/2010
2010023643;1;2;1;1;3;710;01/10/2010
2010023644;1;1;1;1;6;410;04/06/2010
2010023645;1;1;1;3;7;410;11/06/2010
2010023646;1;1;1;1;6;410;30/06/2010
2010023647;1;1;1;1;6;410;20/08/2010
2010023648;3;1;1;4;7;410;25/11/2010
2010023649;1;2;1;1;2;600;20/05/2010
2010023650;1;2;1;1;6;600;21/09/2010
2010023651;1;1;9;1;7;600;09/10/2010
2010023652;1;1;3;1;3;310;22/01/2010
2010023653;2;2;1;1;6;310;03/02/2010
2010023654;1;2;1;1;3;310;04/03/2010
2010023655;3;2;1;1;2;310;30/03/2010
2010023656;1;1;1;1;2;310;14/04/2010
2010023657;1;1;1;1;2;310;28/04/2010
2010023658;1;1;1;1;3;310;05/06/2010
2010023659;1;2;6;2;2;310;19/06/2010
2010023660;1;1;1;1;3;310;30/06/2010
2010023661;1;1;1;1;1;310;07/07/2010
2010023662;5;2;4;1;3;310;11/07/2010
2010023663;1;1;1;1;1;310;13/10/2010
2010023664;1;2;6;1;1;310;21/10/2010
2010023665;1;2;1;7;3;310;26/10/2010
2010023666;1;1;1;1;2;310;16/11/2010
2010023667;3;2;1;1;1;310;28/12/2010
2010023668;3;1;1;4;6;250;09/01/2010
2010023669;1;2;3;1;3;250;04/03/2010
2010023670;1;1;1;2;6;250;01/05/2010
2010023671;1;2;1;1;3;250;22/09/2010
2010023672;1;1;3;2;3;250;30/10/2010
2010023673;3;1;1;2;6;250;12/12/2010
2010023674;1;1;1;4;5;250;14/12/2010
2010023675;5;2;1;2;6;950;20/01/2010
2010023676;1;2;1;1;6;950;15/02/2010
2010023677;1;1;1;3;3;950;20/03/2010
2010023678;2;1;1;1;7;950;02/05/2010
2010023679;2;2;1;1;6;950;20/06/2010
2010023680;1;2;6;1;3;950;04/07/2010
2010023681;1;2;1;1;7;950;08/08/2010
2010023682;1;2;1;1;2;950;21/08/2010
2010023683;1;1;1;1;1;950;01/09/2010
2010023684;1;2;1;1;6;950;25/09/2010
2010023685;2;2;6;1;6;950;22/10/2010
2010023686;1;1;6;3;7;950;23/10/2010
2010023687;1;1;1;4;5;950;02/12/2010
2010023688;2;2;1;8;6;950;24/12/2010
2010023689;5;1;1;1;5;950;16/01/2010
2010023690;5;2;1;8;3;950;21/01/2010
2010023691;3;1;1;4;6;950;10/02/2010
2010023692;2;1;1;1;3;950;11/07/2010
2010023693;1;2;3;1;1;950;13/09/2010
2010023694;1;1;1;1;3;950;02/11/2010
2010023695;3;2;1;1;3;950;10/11/2010
2010023696;1;2;3;1;3;950;27/12/2010
2010023697;5;2;1;2;6;950;19/02/2010
2010023698;5;2;1;1;1;950;25/03/2010
2010023699;1;2;1;2;1;950;03/05/2010
2010023700;1;2;6;1;7;950;18/05/2010
2010023701;3;1;1;1;7;950;12/10/2010
2010023702;5;1;1;4;1;950;03/12/2010
2010023703;3;1;1;4;7;560;09/01/2010
2010023704;3;1;1;3;7;560;19/03/2010
2010023705;4;2;1;1;7;560;29/05/2010
2010023706;2;1;1;1;7;560;02/06/2010
2010023707;1;1;1;1;1;560;04/06/2010
2010023708;1;1;1;1;1;560;12/06/2010
2010023709;1;1;3;1;3;560;12/06/2010
2010023710;1;1;3;1;3;560;11/07/2010
2010023711;1;1;1;1;6;560;17/07/2010
2010023712;1;1;1;8;1;560;21/08/2010
2010023713;3;1;1;3;1;560;22/08/2010
2010023714;1;1;1;2;6;560;25/08/2010
2010023715;1;1;1;1;2;560;31/08/2010
2010023716;1;1;1;1;1;560;13/10/2010
2010023717;3;1;1;1;7;560;26/10/2010
2010023718;1;1;1;3;1;560;06/11/2010
2010023719;3;1;1;1;6;560;12/12/2010
2010023720;5;2;3;1;1;350;14/01/2010
2010023721;3;2;1;1;6;350;19/02/2010
2010023722;1;1;1;1;7;350;28/02/2010
2010023723;1;2;1;1;2;350;12/04/2010
2010023724;1;2;6;1;1;350;04/05/2010
2010023725;1;1;1;1;3;350;30/05/2010
2010023726;1;1;1;1;7;350;02/06/2010
2010023727;1;1;1;1;3;350;27/06/2010
2010023728;1;1;1;1;6;350;25/06/2010
2010023729;1;1;1;1;6;350;18/10/2010
2010023730;3;1;1;1;7;350;24/10/2010
2010023731;1;1;1;1;6;350;02/11/2010
2010023732;5;2;1;2;6;350;06/11/2010
2010023733;3;1;1;1;1;350;26/11/2010
2010023734;1;1;1;1;3;440;08/04/2010
2010023735;1;2;6;7;3;440;05/06/2010
2010023736;1;1;1;1;3;440;31/08/2010
2010023737;5;1;1;1;3;440;04/09/2010
2010023738;5;2;1;8;6;440;15/11/2010
2010023739;3;2;1;1;1;620;01/01/2010
2010023740;1;1;3;1;3;620;07/03/2010
2010023741;1;1;1;1;1;620;18/09/2010
2010023742;5;2;1;8;6;620;02/10/2010
2010023743;3;2;1;1;6;620;11/02/2010
2010023744;1;1;1;1;6;620;23/06/2010
2010023745;1;1;1;1;7;620;19/09/2010
2010023746;4;1;1;1;3;620;06/10/2010
2010023747;1;1;1;8;6;240;28/02/2010
2010023748;3;1;1;1;6;240;17/04/2010
2010023749;1;1;1;1;6;240;13/05/2010
2010023750;1;1;1;2;7;240;01/06/2010
2010023751;1;1;1;1;3;240;13/07/2010
2010023752;3;1;1;1;6;240;15/08/2010
2010023753;1;1;1;1;7;240;27/09/2010
2010023754;1;1;1;8;1;340;05/01/2010
2010023755;1;2;1;1;2;340;21/01/2010
2010023756;1;2;1;2;6;340;24/01/2010
2010023757;1;2;1;1;6;340;28/01/2010
2010023758;3;1;1;1;7;340;04/03/2010
2010023759;1;1;1;1;1;340;06/03/2010
2010023760;1;2;1;1;6;340;06/03/2010
2010023761;1;2;3;1;1;340;31/03/2010
2010023762;1;1;1;1;3;340;14/04/2010
2010023763;1;1;1;1;1;340;01/05/2010
2010023764;1;1;3;1;5;340;03/06/2010
2010023765;1;1;1;1;6;340;08/06/2010
2010023766;2;1;1;1;6;340;24/06/2010
2010023767;1;1;1;1;7;340;21/08/2010
2010023768;1;2;9;1;5;340;04/10/2010
2010023769;1;2;1;2;1;340;15/11/2010
2010023770;3;1;1;2;1;340;22/11/2010
2010023771;1;1;1;1;1;160;11/01/2010
2010023772;1;2;1;1;3;160;20/10/2010
2010023773;3;1;1;1;3;160;29/01/2010
2010023774;1;2;1;1;6;160;18/02/2010