num_acc;lum;agg;inter;atm;col;dep;date
2010024930;3;1;1;3;6;500;20/03/2010
2010024931;3;1;1;9;7;140;30/05/2010
2010024932;1;1;1;1;6;500;13/07/2010
2010024933;1;1;1;1;7;500;16/08/2010
2010024934;1;1;1;1;2;500;20/08/2010
2010024935;3;1;1;1;5;500;31/08/2010
2010024936;1;1;1;1;1;500;21/09/2010
2010024937;2;1;1;1;2;500;28/09/2010
2010024938;1;1;1;4;1;500;08/01/2010
2010024939;1;1;1;1;7;500;12/05/2010
2010024940;1;1;1;1;7;500;25/05/2010
2010024941;1;1;1;1;4;500;07/07/2010
2010024942;1;1;1;1;7;500;01/09/2010
2010024943;3;1;1;1;2;500;13/09/2010
2010024944;3;1;1;2;7;500;01/10/2010
2010024945;1;2;1;1;6;180;02/01/2010
2010024946;5;2;1;1;6;180;02/01/2010
2010024947;5;2;3;1;3;180;06/01/2010
2010024948;5;2;1;1;1;180;13/01/2010
2010024949;5;2;1;1;3;180;15/01/2010
2010024950;5;2;1;1;1;180;23/01/2010
2010024951;1;2;2;1;3;180;01/03/2010
2010024952;1;2;1;1;2;180;04/03/2010
2010024953;1;2;1;1;6;180;05/03/2010
2010024954;1;2;1;1;3;180;04/03/2010
2010024955;1;1;1;1;6;180;01/04/2010
2010024956;1;2;3;2;3;180;02/04/2010
2010024957;1;2;2;1;7;180;06/04/2010
2010024958;1;2;3;1;7;180;22/04/2010
2010024959;1;2;2;1;2;180;23/04/2010
2010024960;1;2;3;1;3;180;04/05/2010
2010024961;1;2;1;8;6;180;05/05/2010
2010024962;5;2;1;1;6;180;11/05/2010
2010024963;5;2;1;1;6;180;13/05/2010
2010024964;1;2;3;1;3;180;14/05/2010
2010024965;1;2;3;1;1;180;15/05/2010
2010024966;1;2;1;1;6;180;19/05/2010
2010024967;1;2;1;1;2;180;22/05/2010
2010024968;1;2;1;2;6;180;26/05/2010
2010024969;5;2;3;2;7;180;29/05/2010
2010024970;1;2;3;1;3;180;08/06/2010
2010024971;5;2;6;1;6;180;13/06/2010
2010024972;1;2;3;1;3;180;18/06/2010
2010024973;1;2;1;1;6;180;19/06/2010
2010024974;1;2;1;1;6;180;23/06/2010
2010024975;1;2;1;1;6;180;24/06/2010
2010024976;1;2;1;1;6;180;27/06/2010
2010024977;1;2;2;1;3;180;01/07/2010
2010024978;1;2;2;1;3;180;02/07/2010
2010024979;1;2;2;1;1;180;05/07/2010
2010024980;1;2;2;1;3;180;06/07/2010
2010024981;1;2;1;1;7;180;08/07/2010
2010024982;3;2;1;3;7;180;12/07/2010
2010024983;1;2;9;1;6;180;10/07/2010
2010024984;1;2;2;1;3;180;15/07/2010
2010024985;1;2;7;1;3;180;18/07/2010
2010024986;1;2;1;2;2;180;21/07/2010
2010024987;1;1;1;2;3;180;21/07/2010
2010024988;1;2;1;1;6;180;22/07/2010
2010024989;1;2;2;1;3;180;14/08/2010
2010024990;1;2;1;9;7;180;22/08/2010
2010024991;1;1;1;9;2;180;26/08/2010
2010024992;1;2;3;1;2;180;27/08/2010
2010024993;5;2;1;1;7;180;04/09/2010
2010024994;1;2;5;8;3;180;06/09/2010
2010024995;1;2;2;1;6;180;10/09/2010
2010024996;1;2;9;1;3;180;23/09/2010
2010024997;1;2;1;8;3;180;24/09/2010
2010024998;1;2;1;2;6;180;04/10/2010
2010024999;1;2;1;1;6;180;08/10/2010
2010025000;2;2;1;2;7;180;19/10/2010
2010025001;1;2;1;1;6;180;22/10/2010
2010025002;5;2;9;2;6;180;01/11/2010
2010025003;1;1;9;2;6;180;02/11/2010
2010025004;1;2;1;1;2;180;06/11/2010
2010025005;3;2;1;2;6;180;09/11/2010
2010025006;1;2;7;2;3;180;11/11/2010
2010025007;1;2;1;2;2;180;18/11/2010
2010025008;5;2;3;2;3;180;25/11/2010
2010025009;4;2;1;1;7;180;27/11/2010
2010025010;5;2;2;2;3;180;08/12/2010
2010025011;5;2;1;9;6;180;09/12/2010
2010025012;1;2;1;1;7;180;12/12/2010
2010025013;1;1;9;1;3;720;31/03/2010
2010025014;1;2;9;1;7;720;18/04/2010
2010025015;1;1;1;1;7;720;30/04/2010
2010025016;1;2;1;1;6;720;02/05/2010
2010025017;1;2;1;1;1;720;17/05/2010
2010025018;3;1;1;1;7;720;18/05/2010
2010025019;1;1;1;1;3;720;21/05/2010
2010025020;1;2;6;1;3;720;11/06/2010
2010025021;1;2;1;1;6;720;20/06/2010
2010025022;1;1;2;1;1;720;24/06/2010
2010025023;1;1;1;1;2;720;01/07/2010
2010025024;1;1;1;1;3;720;30/06/2010
2010025025;1;1;1;1;5;720;09/07/2010
2010025026;1;1;1;1;3;720;10/07/2010
2010025027;1;1;1;1;3;720;18/08/2010
2010025028;1;2;1;1;3;720;19/08/2010
2010025029;1;2;1;1;3;720;31/08/2010
2010025030;1;1;2;1;3;720;03/09/2010
2010025031;1;2;1;1;2;720;05/09/2010
2010025032;1;2;1;8;3;720;07/09/2010
2010025033;1;2;6;1;1;720;14/09/2010
2010025034;1;1;1;1;2;720;29/10/2010
2010025035;1;1;1;1;1;720;18/11/2010
2010025036;1;2;1;1;7;720;25/12/2010
2010025037;1;1;1;1;7;830;11/03/2010
2010025038;5;2;1;9;7;830;28/03/2010
2010025039;1;1;6;1;1;830;11/05/2010
2010025040;1;1;1;1;3;830;10/05/2010
2010025041;3;1;1;1;6;830;03/06/2010
2010025042;1;1;1;1;3;830;17/06/2010
2010025043;1;2;1;1;3;830;19/06/2010
2010025044;1;2;1;7;6;830;24/06/2010
2010025045;1;2;3;1;3;830;29/06/2010
2010025046;1;2;1;1;3;830;05/07/2010
2010025047;1;2;1;1;2;830;07/07/2010
2010025048;1;2;1;1;2;830;16/07/2010
2010025049;1;1;1;1;1;830;17/07/2010
2010025050;1;1;1;1;1;830;06/08/2010
2010025051;1;2;1;1;5;830;13/08/2010
2010025052;1;1;1;1;5;830;16/08/2010
2010025053;2;2;1;7;1;830;13/09/2010
2010025054;1;1;1;1;1;830;23/09/2010
2010025055;1;1;1;7;3;830;14/10/2010
2010025056;5;2;1;1;6;830;24/10/2010
2010025057;1;2;1;1;3;830;27/10/2010
2010025058;1;2;1;1;1;830;29/10/2010
2010025059;5;2;1;1;1;830;07/12/2010
2010025060;5;2;1;8;1;830;22/12/2010
2010025061;1;2;1;1;3;910;27/09/2010
2010025062;3;2;1;1;2;910;13/10/2010
2010025063;1;2;1;1;6;190;02/01/2010
2010025064;2;2;6;1;2;190;08/01/2010
2010025065;2;2;1;1;6;190;08/01/2010
2010025066;1;2;2;4;7;190;09/01/2010
2010025067;5;2;1;2;7;190;15/01/2010
2010025068;5;2;1;1;7;190;17/01/2010
2010025069;5;2;2;2;3;190;20/01/2010
2010025070;2;2;2;1;3;190;23/01/2010
2010025071;5;2;1;1;6;190;23/01/2010
2010025072;5;2;1;2;7;190;24/01/2010
2010025073;5;2;2;1;2;190;25/01/2010
2010025074;1;2;1;1;2;190;25/01/2010
2010025075;1;2;1;1;7;190;25/01/2010
2010025076;1;2;2;1;3;190;27/01/2010
2010025077;2;2;3;2;3;190;29/01/2010
2010025078;5;2;2;1;3;190;30/01/2010
2010025079;1;2;3;1;6;190;01/02/2010
2010025080;1;2;3;1;3;190;02/02/2010
2010025081;5;1;1;1;3;190;03/02/2010
2010025082;5;2;1;2;7;190;05/02/2010
2010025083;5;2;6;2;3;190;05/02/2010
2010025084;5;2;3;4;3;190;10/02/2010
2010025085;5;2;3;1;3;190;17/02/2010
2010025086;5;2;1;1;3;190;20/02/2010
2010025087;1;2;3;2;3;190;22/02/2010
2010025088;2;2;3;2;3;190;22/02/2010
2010025089;1;2;1;1;6;190;23/02/2010
2010025090;5;2;3;2;3;190;23/02/2010
2010025091;1;2;1;1;2;190;26/02/2010
2010025092;1;2;1;1;6;190;26/02/2010
2010025093;1;2;3;1;3;190;26/02/2010
2010025094;2;2;1;2;6;190;27/02/2010
2010025095;3;1;1;6;7;190;28/02/2010
2010025096;2;2;1;1;6;190;07/03/2010
2010025097;1;2;1;1;3;190;08/03/2010
2010025098;5;2;1;1;6;190;11/03/2010
2010025099;1;2;1;1;5;190;12/03/2010
2010025100;1;1;1;1;7;190;14/03/2010
2010025101;1;2;1;1;6;190;17/03/2010
2010025102;5;2;2;2;1;190;21/03/2010
2010025103;1;2;2;1;6;190;22/03/2010
2010025104;1;2;1;1;2;190;23/03/2010
2010025105;1;2;1;1;3;190;24/03/2010
2010025106;1;2;2;1;3;190;24/03/2010
2010025107;5;2;1;2;7;190;28/03/2010
2010025108;1;2;1;1;4;190;29/03/2010
2010025109;5;2;1;2;7;190;31/03/2010
2010025110;5;2;1;1;3;190;02/04/2010
2010025111;5;2;1;2;6;190;04/04/2010
2010025112;3;1;1;1;6;190;05/04/2010
2010025113;1;2;2;1;3;190;06/04/2010
2010025114;1;2;1;2;3;190;07/04/2010
2010025115;1;2;2;1;6;190;08/04/2010
2010025116;1;2;1;1;2;190;21/04/2010
2010025117;1;2;1;1;6;190;23/04/2010
2010025118;1;2;3;1;3;190;27/04/2010
2010025119;1;2;1;1;3;190;28/04/2010
2010025120;1;2;2;1;3;190;28/04/2010
2010025121;1;2;1;1;2;190;28/04/2010
2010025122;1;2;3;1;3;190;29/04/2010
2010025123;1;2;1;2;2;190;30/04/2010
2010025124;1;2;3;3;3;190;04/05/2010
2010025125;1;2;1;3;6;190;05/05/2010
2010025126;1;2;2;2;3;190;11/05/2010
2010025127;1;2;2;2;3;190;12/05/2010
2010025128;1;2;3;1;3;190;15/05/2010
2010025129;2;2;1;1;3;190;18/05/2010
2010025130;1;2;1;1;4;190;19/05/2010
2010025131;1;2;3;1;3;190;25/05/2010
2010025132;1;2;3;1;3;190;26/05/2010
2010025133;1;2;1;1;4;190;26/05/2010
2010025134;1;2;3;1;3;190;28/05/2010
2010025135;1;2;1;1;1;190;30/05/2010
2010025136;1;2;1;1;4;190;04/06/2010
2010025137;5;2;2;3;3;190;08/06/2010
2010025138;1;2;2;3;3;190;16/06/2010
2010025139;1;1;1;3;1;190;16/06/2010
2010025140;1;2;2;1;3;190;18/06/2010
2010025141;1;2;3;1;3;190;18/06/2010
2010025142;1;2;1;1;6;190;21/06/2010
2010025143;1;2;2;1;3;190;23/06/2010
2010025144;1;1;1;1;4;190;23/06/2010
2010025145;1;2;1;1;2;190;01/07/2010
2010025146;5;2;6;1;3;190;09/07/2010
2010025147;1;2;3;1;3;190;15/07/2010
2010025148;1;2;2;1;3;190;15/07/2010
2010025149;2;2;1;1;6;190;18/07/2010
2010025150;5;2;1;1;6;190;18/07/2010
2010025151;1;2;2;1;3;190;20/07/2010
2010025152;1;2;2;1;2;190;22/07/2010
2010025153;2;2;1;1;6;190;28/07/2010
2010025154;1;2;1;2;1;190;02/08/2010
2010025155;1;2;2;1;6;190;03/08/2010
2010025156;1;2;1;1;6;190;03/08/2010
2010025157;1;2;3;2;3;190;04/08/2010
2010025158;1;2;1;1;2;190;10/08/2010
2010025159;1;2;1;1;6;190;13/08/2010
2010025160;1;2;6;1;3;190;14/08/2010
2010025161;1;2;1;1;1;190;18/08/2010
2010025162;1;2;1;1;2;190;19/08/2010
2010025163;1;2;1;1;2;190;24/08/2010
2010025164;1;2;2;1;3;190;28/08/2010
2010025165;1;2;2;1;3;190;28/08/2010
2010025166;1;2;1;1;3;190;29/08/2010
2010025167;1;2;1;1;2;190;30/08/2010
2010025168;1;2;1;1;2;190;01/09/2010
2010025169;1;2;1;1;2;190;01/09/2010
2010025170;5;2;1;1;6;190;01/09/2010
2010025171;2;2;3;2;3;190;08/09/2010
2010025172;1;2;1;1;3;190;10/09/2010
2010025173;1;2;1;1;4;190;13/09/2010
2010025174;1;2;2;1;3;190;20/09/2010
2010025175;1;2;1;1;3;190;22/09/2010
2010025176;1;2;1;1;1;190;23/09/2010
2010025177;1;2;1;1;2;190;24/09/2010
2010025178;1;2;1;1;6;190;01/10/2010
2010025179;1;2;1;1;3;190;01/10/2010
2010025180;5;2;3;1;3;190;01/10/2010
2010025181;1;2;1;2;6;190;04/10/2010
2010025182;1;2;1;1;3;190;09/10/2010
2010025183;5;2;3;1;3;190;12/10/2010
2010025184;1;2;1;1;2;190;13/10/2010
2010025185;2;2;3;1;3;190;14/10/2010
2010025186;1;2;9;1;3;190;14/10/2010
2010025187;1;2;2;2;3;190;16/10/2010
2010025188;5;2;1;1;1;190;18/10/2010
2010025189;1;2;2;1;3;190;19/10/2010
2010025190;1;2;1;1;6;190;21/10/2010
2010025191;1;2;1;3;6;190;24/10/2010
2010025192;1;2;1;1;2;190;26/10/2010
2010025193;1;2;6;1;3;190;26/10/2010
2010025194;1;2;1;1;6;190;27/10/2010
2010025195;1;2;1;1;6;190;27/10/2010
2010025196;1;2;1;1;6;190;04/11/2010
2010025197;2;2;3;1;3;190;04/11/2010
2010025198;5;2;1;1;1;190;07/11/2010
2010025199;5;2;2;1;3;190;08/11/2010
2010025200;5;2;6;2;2;190;09/11/2010
2010025201;1;2;2;2;3;190;12/11/2010
2010025202;1;2;2;1;6;190;13/11/2010
2010025203;1;2;1;1;6;190;17/11/2010
2010025204;1;2;1;1;2;190;17/11/2010
2010025205;2;2;3;2;3;190;22/11/2010
2010025206;5;2;1;2;6;190;22/11/2010
2010025207;1;2;2;1;2;190;07/12/2010
2010025208;5;2;1;1;4;190;07/12/2010
2010025209;1;2;3;1;3;190;13/12/2010
2010025210;1;2;2;1;6;190;17/12/2010
2010025211;1;2;1;1;6;190;19/12/2010
2010025212;1;2;1;1;3;190;21/12/2010
2010025213;1;2;1;2;3;190;22/12/2010
2010025214;3;1;2;1;5;680;04/02/2010
2010025215;2;2;1;1;3;680;02/04/2010
2010025216;3;1;1;1;2;680;10/07/2010
2010025217;1;2;1;1;6;680;09/09/2010
2010025218;3;1;1;1;7;680;10/10/2010
2010025219;1;1;1;7;3;590;30/04/2010
2010025220;1;1;1;1;7;590;18/08/2010
2010025221;1;2;1;1;1;590;14/09/2010
2010025222;1;1;1;1;6;590;18/09/2010
2010025223;1;1;1;1;7;590;18/09/2010
2010025224;3;1;1;2;1;590;10/12/2010
2010025225;2;2;1;1;6;190;22/01/2010
2010025226;1;1;1;1;3;190;25/04/2010
2010025227;1;2;1;2;6;190;31/05/2010
2010025228;2;2;1;2;3;190;06/06/2010
2010025229;1;2;1;1;7;190;15/06/2010
2010025230;1;1;1;1;6;190;29/07/2010
2010025231;1;2;1;1;6;190;02/09/2010
2010025232;3;1;1;2;1;190;01/01/2010
2010025233;5;2;9;2;1;190;01/01/2010
2010025234;1;2;1;1;1;190;25/05/2010
2010025235;1;1;1;1;2;190;02/06/2010
2010025236;1;2;1;1;4;190;30/06/2010
2010025237;1;2;2;2;3;190;18/08/2010
2010025238;1;2;4;1;7;190;05/10/2010
2010025239;1;2;1;1;6;190;26/10/2010
2010025240;1;2;3;1;6;190;03/11/2010
2010025241;1;2;1;2;3;190;10/11/2010
2010025242;1;2;1;1;1;190;04/12/2010
2010025243;1;2;3;1;3;190;24/12/2010
2010025244;1;2;1;1;6;680;18/04/2010
2010025245;1;1;1;1;3;680;23/05/2010
2010025246;1;2;6;1;3;680;02/07/2010
2010025247;5;1;3;1;3;680;02/11/2010
2010025248;3;1;1;1;6;680;06/11/2010
2010025249;4;2;1;2;3;680;11/11/2010
2010025250;3;1;1;5;6;680;20/11/2010
2010025251;3;1;1;1;7;680;21/11/2010
2010025252;1;2;1;1;6;210;10/12/2010
2010025253;1;2;1;8;3;210;14/01/2010
2010025254;1;2;1;4;1;210;30/01/2010
2010025255;5;2;7;1;1;210;05/03/2010
2010025256;1;2;2;1;3;210;05/03/2010
2010025257;5;2;1;1;7;210;13/03/2010
2010025258;1;2;1;1;3;210;11/03/2010
2010025259;1;2;1;1;6;210;28/04/2010
2010025260;1;2;1;1;6;210;06/05/2010
2010025261;1;2;1;1;2;210;24/05/2010
2010025262;4;1;6;2;6;210;06/05/2010
2010025263;1;2;1;1;6;210;16/06/2010
2010025264;1;2;6;1;3;210;16/06/2010
2010025265;1;2;3;1;6;210;16/06/2010
2010025266;1;2;3;1;3;210;27/06/2010
2010025267;1;2;1;1;3;210;29/06/2010
2010025268;1;2;2;1;3;210;28/07/2010
2010025269;1;2;3;1;2;210;11/08/2010
2010025270;1;2;3;1;1;210;07/09/2010
2010025271;1;2;1;1;2;210;10/09/2010
2010025272;1;2;1;7;6;210;07/10/2010
2010025273;1;1;1;1;6;210;09/10/2010
2010025274;1;2;3;1;3;210;15/10/2010
2010025275;5;2;1;1;6;210;25/10/2010
2010025276;1;2;1;1;6;210;07/11/2010
2010025277;5;2;1;1;6;210;22/11/2010
2010025278;5;2;1;1;4;210;18/12/2010
2010025279;1;2;3;8;3;210;04/01/2010
2010025280;5;2;4;1;1;210;04/01/2010
2010025281;5;2;1;1;3;210;04/01/2010
2010025282;1;2;9;1;6;210;07/01/2010
2010025283;1;2;1;8;2;210;08/01/2010
2010025284;1;2;5;8;2;210;08/01/2010
2010025285;1;2;1;1;6;210;11/01/2010
2010025286;1;2;1;1;2;210;12/01/2010
2010025287;1;2;1;5;1;210;14/01/2010
2010025288;2;2;3;1;6;210;15/01/2010
2010025289;5;2;2;1;1;210;16/01/2010
2010025290;5;2;3;1;1;210;16/01/2010
2010025291;1;2;2;1;1;210;17/01/2010
2010025292;5;2;2;1;6;210;19/01/2010
2010025293;5;2;1;1;6;210;21/01/2010
2010025294;1;2;1;1;6;210;21/01/2010
2010025295;1;2;2;1;3;210;23/01/2010
2010025296;5;2;2;1;1;210;23/01/2010
2010025297;1;2;3;1;1;210;26/01/2010
2010025298;1;2;2;1;3;210;27/01/2010
2010025299;5;2;1;4;6;210;28/01/2010
2010025300;5;2;2;2;6;210;29/01/2010
2010025301;1;2;1;5;3;210;29/01/2010
2010025302;2;2;2;8;6;210;01/02/2010
2010025303;5;2;1;2;6;210;02/02/2010
2010025304;1;2;1;2;2;210;03/02/2010
2010025305;5;2;2;2;3;210;06/02/2010
2010025306;1;2;5;2;6;210;06/02/2010
2010025307;1;2;2;1;3;210;06/02/2010
2010025308;1;2;1;1;6;210;10/02/2010
2010025309;5;2;3;8;3;210;10/02/2010
2010025310;1;2;2;4;3;210;12/02/2010
2010025311;3;1;1;1;7;210;13/02/2010
2010025312;1;2;5;1;3;210;13/02/2010
2010025313;5;2;2;1;3;210;13/02/2010
2010025314;4;2;3;1;5;210;13/02/2010
2010025315;5;2;1;1;2;210;14/02/2010
2010025316;1;1;1;1;2;210;15/02/2010
2010025317;1;2;3;1;6;210;16/02/2010
2010025318;1;2;2;1;3;210;18/02/2010
2010025319;1;2;3;2;3;210;19/02/2010
2010025320;1;2;1;1;2;210;19/02/2010
2010025321;1;2;1;1;2;210;22/02/2010
2010025322;1;2;1;8;3;210;24/02/2010
2010025323;1;2;6;1;3;210;24/02/2010
2010025324;5;2;1;3;6;210;25/02/2010
2010025325;1;2;2;1;6;210;26/02/2010
2010025326;1;2;2;1;3;210;26/02/2010
2010025327;5;2;3;2;3;210;27/02/2010
2010025328;1;2;7;1;3;210;01/03/2010
2010025329;1;2;1;1;2;210;01/03/2010
2010025330;2;2;3;1;2;210;02/03/2010
2010025331;5;2;2;1;1;210;02/03/2010
2010025332;1;2;2;1;2;210;03/03/2010
2010025333;1;2;4;1;2;210;04/03/2010
2010025334;5;2;2;1;1;210;05/03/2010
2010025335;3;1;1;1;1;210;06/03/2010
2010025336;1;2;2;1;2;210;08/03/2010
2010025337;1;2;1;1;6;210;09/03/2010
2010025338;1;2;3;1;6;210;09/03/2010
2010025339;1;2;2;1;3;210;12/03/2010
2010025340;5;2;2;1;6;210;12/03/2010
2010025341;1;2;1;1;2;210;13/03/2010
2010025342;1;2;7;1;2;210;15/03/2010
2010025343;2;2;3;1;6;210;15/03/2010
2010025344;5;2;2;1;1;210;15/03/2010
2010025345;1;2;1;1;6;210;18/03/2010
2010025346;1;2;2;1;1;210;18/03/2010
2010025347;1;2;7;1;6;210;19/03/2010
2010025348;1;2;6;1;6;210;20/03/2010
2010025349;2;2;1;1;6;210;21/03/2010
2010025350;1;2;1;1;4;210;22/03/2010
2010025351;1;2;4;1;1;210;22/03/2010
2010025352;1;2;6;1;2;210;22/03/2010
2010025353;1;2;1;1;4;210;23/03/2010
2010025354;1;2;1;1;6;210;23/03/2010
2010025355;1;2;2;1;3;210;24/03/2010
2010025356;1;2;3;2;4;210;26/03/2010
2010025357;1;2;2;1;3;210;26/03/2010
2010025358;1;2;2;1;3;210;26/03/2010
2010025359;2;2;1;2;3;210;26/03/2010
2010025360;1;2;1;2;6;210;30/03/2010
2010025361;1;2;1;1;3;210;31/03/2010
2010025362;1;2;2;1;4;210;01/04/2010
2010025363;1;2;2;1;3;210;01/04/2010
2010025364;1;2;1;1;6;210;02/04/2010
2010025365;1;2;1;1;2;210;02/04/2010
2010025366;5;2;1;2;1;210;02/04/2010
2010025367;1;2;3;3;2;210;03/04/2010
2010025368;5;2;1;1;2;210;04/04/2010
2010025369;1;2;1;1;6;210;06/04/2010
2010025370;1;2;2;1;3;210;15/04/2010
2010025371;1;2;6;1;2;210;15/04/2010
2010025372;5;2;3;1;3;210;15/04/2010
2010025373;1;2;3;1;1;210;16/04/2010
2010025374;1;2;7;1;3;210;19/04/2010
2010025375;1;2;1;1;6;210;23/04/2010
2010025376;1;2;2;1;2;210;27/04/2010
2010025377;1;2;2;1;2;210;27/04/2010
2010025378;1;2;1;1;6;210;27/04/2010
2010025379;1;2;1;1;3;210;27/04/2010
2010025380;1;2;2;1;6;210;28/04/2010
2010025381;1;2;2;1;1;210;28/04/2010
2010025382;1;2;3;1;2;210;29/04/2010
2010025383;2;2;1;1;2;210;29/04/2010
2010025384;1;2;7;1;6;210;01/05/2010
2010025385;1;2;3;1;6;210;03/05/2010
2010025386;1;2;1;1;6;210;03/05/2010
2010025387;1;2;1;1;2;210;04/05/2010
2010025388;1;2;7;2;6;210;05/05/2010
2010025389;1;2;2;1;6;210;07/05/2010
2010025390;5;2;2;1;1;210;07/05/2010
2010025391;1;2;7;8;2;210;08/05/2010
2010025392;5;2;7;1;2;210;09/05/2010
2010025393;1;2;3;1;1;210;10/05/2010
2010025394;1;2;1;2;6;210;11/05/2010
2010025395;5;2;2;1;6;210;11/05/2010
2010025396;1;2;2;1;3;210;12/05/2010
2010025397;1;2;7;1;2;210;12/05/2010
2010025398;1;2;2;8;5;210;14/05/2010
2010025399;1;2;3;1;3;210;16/05/2010
2010025400;1;2;1;1;6;210;19/05/2010
2010025401;1;2;2;1;2;210;19/05/2010
2010025402;1;2;2;1;3;210;20/05/2010
2010025403;1;2;1;1;6;210;20/05/2010
2010025404;1;2;2;1;3;210;21/05/2010
2010025405;1;2;1;1;6;210;21/05/2010
2010025406;1;2;1;1;2;210;22/05/2010
2010025407;5;2;2;2;3;210;25/05/2010
2010025408;1;2;2;2;3;210;26/05/2010
2010025409;1;2;3;2;6;210;26/05/2010
2010025410;1;2;2;1;3;210;26/05/2010
2010025411;1;2;2;1;6;210;26/05/2010
2010025412;5;2;2;3;3;210;26/05/2010
2010025413;1;2;6;1;3;210;29/05/2010
2010025414;1;2;3;1;3;210;29/05/2010
2010025415;1;2;1;1;2;210;31/05/2010
2010025416;1;2;1;1;6;210;02/06/2010
2010025417;1;2;2;1;4;210;03/06/2010
2010025418;1;2;1;1;6;210;03/06/2010
2010025419;1;2;1;1;1;210;04/06/2010
2010025420;1;2;1;1;6;210;05/06/2010
2010025421;1;2;3;8;3;210;06/06/2010
2010025422;1;2;2;1;3;210;10/06/2010
2010025423;1;2;2;1;3;210;11/06/2010
2010025424;1;2;4;1;3;210;11/06/2010
2010025425;1;2;2;1;4;210;10/06/2010
2010025426;1;2;3;2;2;210;14/06/2010
2010025427;1;2;4;3;3;210;15/06/2010
2010025428;1;2;1;8;6;210;16/06/2010
2010025429;1;2;3;1;2;210;18/06/2010
2010025430;5;2;3;1;3;210;18/06/2010
2010025431;1;2;3;1;3;210;19/06/2010
2010025432;1;2;2;1;3;210;20/06/2010
2010025433;1;2;1;1;6;210;21/06/2010
2010025434;1;2;1;1;6;210;23/06/2010
2010025435;1;2;2;1;3;210;24/06/2010
2010025436;1;2;1;1;6;210;24/06/2010
2010025437;1;2;2;1;1;210;25/06/2010
2010025438;1;2;1;1;6;210;25/06/2010
2010025439;1;2;2;1;6;210;25/06/2010
2010025440;1;2;7;1;3;210;29/06/2010
2010025441;1;2;2;1;3;210;30/06/2010
2010025442;1;2;3;1;2;210;30/06/2010
2010025443;1;2;1;1;6;210;01/07/2010
2010025444;1;2;2;1;3;210;02/07/2010
2010025445;1;2;7;1;4;210;02/07/2010
2010025446;5;2;1;1;2;210;03/07/2010
2010025447;1;2;1;1;5;210;05/07/2010
2010025448;1;2;3;1;2;210;06/07/2010
2010025449;1;2;6;1;2;210;06/07/2010
2010025450;1;2;1;1;2;210;07/07/2010
2010025451;1;2;2;1;3;210;07/07/2010
2010025452;1;2;3;1;2;210;09/07/2010
2010025453;1;2;7;2;3;210;12/07/2010
2010025454;2;2;2;1;3;210;12/07/2010
2010025455;1;2;2;1;3;210;13/07/2010
2010025456;1;2;3;2;1;210;14/07/2010
2010025457;5;2;2;1;3;210;15/07/2010
2010025458;1;2;3;1;1;210;18/07/2010
2010025459;1;2;3;1;2;210;18/07/2010
2010025460;1;2;2;1;3;210;19/07/2010
2010025461;1;2;2;1;3;210;20/07/2010
2010025462;1;2;7;1;6;210;22/07/2010
2010025463;1;2;1;1;2;210;23/07/2010
2010025464;1;2;2;1;3;210;30/07/2010
2010025465;1;2;7;1;3;210;05/08/2010
2010025466;5;2;1;1;1;210;05/08/2010
2010025467;1;2;1;1;6;210;09/08/2010
2010025468;1;2;1;1;2;210;13/08/2010
2010025469;1;2;1;2;2;210;14/08/2010
2010025470;1;2;1;1;2;210;19/08/2010
2010025471;1;2;2;1;3;210;19/08/2010
2010025472;1;2;1;1;2;210;19/08/2010
2010025473;1;2;2;7;2;210;26/08/2010
2010025474;1;2;2;1;6;210;30/08/2010
2010025475;1;2;2;1;3;210;30/08/2010
2010025476;1;2;1;7;2;210;30/08/2010
2010025477;1;2;1;1;2;210;31/08/2010
2010025478;1;2;2;1;2;210;02/09/2010
2010025479;1;2;2;1;3;210;02/09/2010
2010025480;1;2;2;1;3;210;03/09/2010
2010025481;1;2;1;1;6;210;03/09/2010
2010025482;1;2;2;1;1;210;06/09/2010
2010025483;1;2;3;1;3;210;06/09/2010
2010025484;1;2;3;2;3;210;06/09/2010
2010025485;1;2;1;1;6;210;09/09/2010
2010025486;1;2;6;1;3;210;10/09/2010
2010025487;5;2;7;1;2;210;10/09/2010
2010025488;5;2;1;1;6;210;11/09/2010
2010025489;1;2;2;1;6;210;16/09/2010
2010025490;1;2;1;1;6;210;17/09/2010
2010025491;1;2;2;1;1;210;18/09/2010
2010025492;2;2;1;1;6;210;20/09/2010
2010025493;2;2;3;1;6;210;20/09/2010
2010025494;5;2;1;1;6;210;21/09/2010
2010025495;1;2;6;1;3;210;21/09/2010
2010025496;1;2;7;1;6;210;22/09/2010
2010025497;1;2;7;1;6;210;22/09/2010
2010025498;1;2;1;2;1;210;24/09/2010
2010025499;4;1;1;1;5;210;24/09/2010
2010025500;1;2;1;1;6;210;26/09/2010
2010025501;1;2;2;1;1;210;27/09/2010
2010025502;1;2;1;1;1;210;03/10/2010
2010025503;1;2;1;8;6;210;04/10/2010
2010025504;1;2;2;1;3;210;06/10/2010
2010025505;1;2;1;1;6;210;06/10/2010
2010025506;1;2;7;1;3;210;07/10/2010