num_acc;lum;agg;inter;atm;col;dep;date
2010026663;1;2;2;1;3;280;14/04/2010
2010026664;1;2;2;1;6;280;15/04/2010
2010026665;1;2;1;1;5;280;17/04/2010
2010026666;1;2;1;1;2;280;22/04/2010
2010026667;1;2;1;1;3;280;23/04/2010
2010026668;2;2;1;1;7;280;27/04/2010
2010026669;2;2;1;1;2;280;28/04/2010
2010026670;1;2;1;1;6;280;29/04/2010
2010026671;1;2;1;1;2;280;02/05/2010
2010026672;2;2;1;2;7;280;03/05/2010
2010026673;3;2;1;1;7;280;05/05/2010
2010026674;2;2;1;1;4;280;06/05/2010
2010026675;1;2;1;1;2;280;07/05/2010
2010026676;5;2;2;1;3;280;07/05/2010
2010026677;2;2;1;2;6;280;08/05/2010
2010026678;2;2;1;1;7;280;10/05/2010
2010026679;1;2;1;2;7;280;11/05/2010
2010026680;1;2;1;1;3;280;12/05/2010
2010026681;1;2;1;1;3;280;13/05/2010
2010026682;1;2;1;1;7;280;15/05/2010
2010026683;2;2;1;1;7;280;15/05/2010
2010026684;3;2;1;1;7;280;16/05/2010
2010026685;1;2;1;1;2;280;16/05/2010
2010026686;1;2;1;1;3;280;17/05/2010
2010026687;2;2;1;1;7;280;18/05/2010
2010026688;1;2;1;1;3;280;19/05/2010
2010026689;1;2;6;1;3;280;19/05/2010
2010026690;1;2;1;1;6;280;20/05/2010
2010026691;1;2;1;1;2;280;20/05/2010
2010026692;1;2;1;1;3;280;24/05/2010
2010026693;1;2;1;1;2;280;25/05/2010
2010026694;1;2;1;1;3;280;25/05/2010
2010026695;1;2;1;1;6;280;26/05/2010
2010026696;1;2;1;1;3;280;26/05/2010
2010026697;1;2;1;1;3;280;27/05/2010
2010026698;1;2;1;1;6;280;28/05/2010
2010026699;1;2;1;1;6;280;28/05/2010
2010026700;1;2;1;1;4;280;28/05/2010
2010026701;2;2;1;1;3;280;01/06/2010
2010026702;1;2;1;1;6;280;03/06/2010
2010026703;1;2;1;1;2;280;09/06/2010
2010026704;1;2;1;1;1;280;03/06/2010
2010026705;1;2;1;1;6;280;03/06/2010
2010026706;1;2;1;1;7;280;06/06/2010
2010026707;2;2;1;1;7;280;06/06/2010
2010026708;2;2;1;2;6;280;10/06/2010
2010026709;5;2;2;1;3;280;11/06/2010
2010026710;2;2;1;1;2;280;14/06/2010
2010026711;2;2;1;1;6;280;17/06/2010
2010026712;2;2;1;1;6;280;17/06/2010
2010026713;1;2;1;1;2;280;21/06/2010
2010026714;1;2;1;1;6;280;22/06/2010
2010026715;1;2;1;1;3;280;28/06/2010
2010026716;4;2;1;1;6;280;30/06/2010
2010026717;1;2;1;1;3;280;01/07/2010
2010026718;5;2;1;1;6;280;03/07/2010
2010026719;1;1;1;1;7;280;07/07/2010
2010026720;1;2;1;1;3;280;15/07/2010
2010026721;1;2;1;1;3;280;16/07/2010
2010026722;1;2;1;1;7;280;21/07/2010
2010026723;3;1;1;1;6;280;22/07/2010
2010026724;5;2;1;1;6;280;23/07/2010
2010026725;1;2;1;1;2;280;23/07/2010
2010026726;1;2;1;1;6;280;27/07/2010
2010026727;1;2;1;1;2;280;27/07/2010
2010026728;1;2;1;1;7;280;28/07/2010
2010026729;1;2;1;1;6;280;03/08/2010
2010026730;1;1;3;1;3;280;07/08/2010
2010026731;1;2;1;1;3;280;07/08/2010
2010026732;1;2;1;1;7;280;11/08/2010
2010026733;5;2;2;1;3;280;12/08/2010
2010026734;1;2;1;1;3;280;13/08/2010
2010026735;1;2;1;2;7;280;14/08/2010
2010026736;1;2;3;2;3;280;15/08/2010
2010026737;5;2;1;1;3;280;17/08/2010
2010026738;1;2;3;3;7;280;23/08/2010
2010026739;5;2;2;1;7;280;24/08/2010
2010026740;5;2;2;1;3;280;24/08/2010
2010026741;1;2;2;1;3;280;26/08/2010
2010026742;1;2;3;1;3;280;28/08/2010
2010026743;1;2;2;1;3;280;30/08/2010
2010026744;5;2;1;1;7;280;30/08/2010
2010026745;1;1;1;1;2;280;31/08/2010
2010026746;1;2;2;1;3;280;01/09/2010
2010026747;1;2;1;1;7;280;01/09/2010
2010026748;1;2;3;1;3;280;04/09/2010
2010026749;1;2;1;1;2;280;07/09/2010
2010026750;5;2;1;1;6;280;11/09/2010
2010026751;1;2;1;1;3;280;15/09/2010
2010026752;1;2;2;1;3;280;20/09/2010
2010026753;5;1;1;1;6;280;24/09/2010
2010026754;1;2;1;1;2;280;24/09/2010
2010026755;1;2;3;2;3;280;24/09/2010
2010026756;1;2;1;1;2;280;25/09/2010
2010026757;1;1;4;1;3;280;29/09/2010
2010026758;1;2;2;1;3;280;05/10/2010
2010026759;1;2;2;1;3;280;07/10/2010
2010026760;5;2;1;1;2;280;08/10/2010
2010026761;5;2;3;1;3;280;09/10/2010
2010026762;1;2;3;1;3;280;09/10/2010
2010026763;5;1;6;1;3;280;10/10/2010
2010026764;2;2;1;1;7;280;10/10/2010
2010026765;1;1;1;1;2;280;11/10/2010
2010026766;1;2;3;1;3;280;15/10/2010
2010026767;1;2;2;1;3;280;15/10/2010
2010026768;2;1;1;1;7;280;16/10/2010
2010026769;1;1;1;1;2;280;16/10/2010
2010026770;1;1;1;1;1;280;18/10/2010
2010026771;1;2;6;1;3;280;22/10/2010
2010026772;1;1;3;1;3;280;22/10/2010
2010026773;5;2;1;1;6;280;23/10/2010
2010026774;1;2;2;1;3;280;25/10/2010
2010026775;1;2;1;1;3;280;25/10/2010
2010026776;1;2;1;1;3;280;26/10/2010
2010026777;5;1;1;1;2;280;22/10/2010
2010026778;1;2;1;1;3;280;26/10/2010
2010026779;5;2;4;1;3;280;26/10/2010
2010026780;1;2;1;1;2;280;31/10/2010
2010026781;1;2;3;1;6;280;27/10/2010
2010026782;5;2;1;1;3;280;28/10/2010
2010026783;4;2;1;1;6;280;29/10/2010
2010026784;3;1;1;1;3;280;01/11/2010
2010026785;1;2;2;2;6;280;08/11/2010
2010026786;1;2;2;2;3;280;09/11/2010
2010026787;2;2;1;1;6;280;05/11/2010
2010026788;2;2;1;2;4;280;09/11/2010
2010026789;1;1;6;2;7;280;10/11/2010
2010026790;5;2;1;1;6;280;13/11/2010
2010026791;5;2;1;2;6;280;18/11/2010
2010026792;5;2;1;2;6;280;19/11/2010
2010026793;1;2;1;1;2;280;20/11/2010
2010026794;1;2;1;1;3;280;23/11/2010
2010026795;1;2;1;4;7;280;29/11/2010
2010026796;1;2;4;1;1;280;03/12/2010
2010026797;1;2;1;1;6;280;11/12/2010
2010026798;2;2;1;1;6;280;14/12/2010
2010026799;2;1;1;1;1;280;27/10/2010
2010026800;1;2;3;4;2;280;20/12/2010
2010026801;1;1;1;1;7;420;21/03/2010
2010026802;1;2;1;1;6;420;26/05/2010
2010026803;1;1;1;2;7;420;27/05/2010
2010026804;1;2;1;1;3;420;28/05/2010
2010026805;1;1;1;1;6;420;29/07/2010
2010026806;3;1;1;1;6;420;09/08/2010
2010026807;1;2;1;1;6;420;11/08/2010
2010026808;1;2;1;1;7;420;12/08/2010
2010026809;1;1;1;1;6;420;15/08/2010
2010026810;5;2;6;1;7;420;28/08/2010
2010026811;1;1;1;1;1;420;07/09/2010
2010026812;1;1;1;1;5;420;13/09/2010
2010026813;3;1;1;1;1;420;16/09/2010
2010026814;1;1;1;1;6;420;12/10/2010
2010026815;5;2;1;2;1;420;10/11/2010
2010026816;1;2;6;1;7;420;17/11/2010
2010026817;5;1;1;9;1;420;23/11/2010
2010026818;1;2;1;1;6;280;02/01/2010
2010026819;1;1;4;1;2;280;18/01/2010
2010026820;1;2;1;1;2;280;25/01/2010
2010026821;5;2;2;1;6;280;27/01/2010
2010026822;1;2;1;1;1;280;01/02/2010
2010026823;4;2;3;1;3;280;01/02/2010
2010026824;1;1;1;1;1;280;05/02/2010
2010026825;1;1;1;1;2;280;05/02/2010
2010026826;1;1;1;1;7;280;06/02/2010
2010026827;1;2;3;1;3;280;10/02/2010
2010026828;1;2;1;2;2;280;18/02/2010
2010026829;1;2;1;2;2;280;25/02/2010
2010026830;1;1;1;1;3;280;02/03/2010
2010026831;1;1;1;1;3;280;07/03/2010
2010026832;1;2;1;1;3;280;09/03/2010
2010026833;1;1;1;1;2;280;17/03/2010
2010026834;1;2;2;1;3;280;24/03/2010
2010026835;5;2;2;1;3;280;24/03/2010
2010026836;1;1;1;1;4;280;26/03/2010
2010026837;1;2;1;1;1;280;01/04/2010
2010026838;5;2;1;1;6;280;02/04/2010
2010026839;1;1;3;1;3;280;16/04/2010
2010026840;1;2;1;1;4;280;17/04/2010
2010026841;1;1;1;1;7;280;19/04/2010
2010026842;1;2;1;1;7;280;21/04/2010
2010026843;1;2;2;1;3;280;27/04/2010
2010026844;1;2;1;1;6;280;27/04/2010
2010026845;1;1;1;1;7;280;05/05/2010
2010026846;1;2;1;1;6;280;07/05/2010
2010026847;1;1;1;1;7;280;08/05/2010
2010026848;1;2;1;1;6;280;08/05/2010
2010026849;1;2;1;1;2;280;12/05/2010
2010026850;1;1;1;1;7;280;22/05/2010
2010026851;4;2;1;1;7;280;24/05/2010
2010026852;1;2;1;1;7;280;24/05/2010
2010026853;1;1;3;1;1;280;25/05/2010
2010026854;1;2;1;1;3;280;26/05/2010
2010026855;5;1;1;1;6;280;28/05/2010
2010026856;1;2;1;1;1;280;30/05/2010
2010026857;1;2;1;1;2;280;31/05/2010
2010026858;1;2;6;1;2;280;02/06/2010
2010026859;1;2;1;1;4;280;07/06/2010
2010026860;1;1;2;1;3;280;07/06/2010
2010026861;1;1;1;3;2;280;10/06/2010
2010026862;1;1;1;1;3;280;18/06/2010
2010026863;1;2;1;1;7;280;22/06/2010
2010026864;1;2;6;1;2;280;24/06/2010
2010026865;1;1;6;1;3;280;30/06/2010
2010026866;3;2;1;1;7;280;02/07/2010
2010026867;1;1;4;1;1;280;02/07/2010
2010026868;1;2;1;1;7;280;04/07/2010
2010026869;1;2;1;1;7;280;13/07/2010
2010026870;1;1;1;1;2;280;19/07/2010
2010026871;1;1;1;1;1;280;20/07/2010
2010026872;1;2;1;1;6;280;26/07/2010
2010026873;1;2;2;1;3;280;30/07/2010
2010026874;1;2;1;2;7;280;07/08/2010
2010026875;1;2;1;1;7;280;08/08/2010
2010026876;1;1;1;1;1;280;14/08/2010
2010026877;1;2;1;1;2;280;18/08/2010
2010026878;1;1;1;1;7;280;14/08/2010
2010026879;1;2;1;1;6;280;30/08/2010
2010026880;1;2;3;1;3;280;02/09/2010
2010026881;1;2;1;1;6;280;04/09/2010
2010026882;1;2;3;1;6;280;06/09/2010
2010026883;1;2;2;1;1;280;20/09/2010
2010026884;1;2;1;1;6;280;21/09/2010
2010026885;1;2;1;1;7;280;22/09/2010
2010026886;1;2;1;1;7;280;22/09/2010
2010026887;1;2;1;1;3;280;27/09/2010
2010026888;1;2;1;1;6;280;30/09/2010
2010026889;1;1;1;3;5;280;04/10/2010
2010026890;1;2;1;2;2;280;05/10/2010
2010026891;1;2;1;1;6;280;10/10/2010
2010026892;1;2;1;1;3;280;11/10/2010
2010026893;1;2;1;1;3;280;13/10/2010
2010026894;1;1;1;1;7;280;14/10/2010
2010026895;2;1;1;1;1;280;14/10/2010
2010026896;1;2;1;1;2;280;22/10/2010
2010026897;1;2;3;1;3;280;22/10/2010
2010026898;2;2;1;1;6;280;25/10/2010
2010026899;1;1;6;1;3;280;26/10/2010
2010026900;1;1;1;1;7;280;27/10/2010
2010026901;5;2;2;1;3;280;03/11/2010
2010026902;1;1;1;2;6;280;07/11/2010
2010026903;3;1;1;2;7;280;09/11/2010
2010026904;5;1;1;3;1;280;13/11/2010
2010026905;5;2;1;1;2;280;08/12/2010
2010026906;1;2;1;1;3;280;15/12/2010
2010026907;3;1;1;9;2;220;17/12/2010
2010026908;1;1;1;1;2;290;30/12/2010
2010026909;1;1;1;1;5;350;29/12/2010
2010026910;1;1;1;1;6;10;13/04/2010
2010026911;1;1;1;1;3;10;12/06/2010
2010026912;1;1;1;7;3;10;05/07/2010
2010026913;1;1;9;1;3;10;09/08/2010
2010026914;5;1;6;1;6;10;20/08/2010
2010026915;1;2;1;1;6;10;29/10/2010
2010026916;1;2;2;1;3;10;28/10/2010
2010026917;2;1;1;4;1;10;03/12/2010
2010026918;2;1;1;2;3;10;05/12/2010
2010026919;1;2;1;1;6;540;18/04/2010
2010026920;3;1;1;1;6;540;04/05/2010
2010026921;1;1;1;1;6;540;28/05/2010
2010026922;2;2;1;8;7;540;30/05/2010
2010026923;1;2;1;7;1;540;03/06/2010
2010026924;1;2;3;1;6;540;16/06/2010
2010026925;3;1;1;1;7;540;01/07/2010
2010026926;1;1;1;1;1;540;08/07/2010
2010026927;1;1;1;1;6;540;11/07/2010
2010026928;1;1;1;1;1;540;03/08/2010
2010026929;1;2;1;1;6;540;05/08/2010
2010026930;1;1;1;2;7;540;18/08/2010
2010026931;1;1;1;1;7;540;21/08/2010
2010026932;1;2;1;1;2;540;01/09/2010
2010026933;1;2;1;2;7;540;24/09/2010
2010026934;1;1;1;7;2;540;07/10/2010
2010026935;1;2;1;1;7;540;05/11/2010
2010026936;1;2;1;1;1;540;05/11/2010
2010026937;3;1;1;1;6;540;27/11/2010
2010026938;3;1;1;1;7;830;18/12/2010
2010026939;5;2;1;3;6;830;21/12/2010
2010026940;1;2;1;8;1;830;26/12/2010
2010026941;3;1;1;1;2;210;09/07/2010
2010026942;1;1;1;1;3;210;28/08/2010
2010026943;3;1;1;1;6;210;01/09/2010
2010026944;3;1;1;1;6;210;05/09/2010
2010026945;1;1;1;1;6;210;11/09/2010
2010026946;3;1;1;4;2;210;25/12/2010
2010026947;1;2;2;1;6;290;02/01/2010
2010026948;1;2;2;1;3;290;06/01/2010
2010026949;2;2;2;1;3;290;11/01/2010
2010026950;1;2;1;1;6;290;14/01/2010
2010026951;5;2;6;5;7;290;18/01/2010
2010026952;1;2;2;1;6;290;19/01/2010
2010026953;1;2;3;1;3;290;24/01/2010
2010026954;1;2;1;1;6;290;26/01/2010
2010026955;1;2;1;8;3;290;27/01/2010
2010026956;5;2;1;1;6;290;29/01/2010
2010026957;1;2;1;1;6;290;28/01/2010
2010026958;1;2;1;1;6;290;29/01/2010
2010026959;5;2;1;1;6;290;29/01/2010
2010026960;3;2;4;1;7;290;31/01/2010
2010026961;1;2;6;1;4;290;10/02/2010
2010026962;1;2;2;1;3;290;11/02/2010
2010026963;5;2;1;1;1;290;14/02/2010
2010026964;1;2;1;1;3;290;18/02/2010
2010026965;5;2;3;3;6;290;21/02/2010
2010026966;1;2;5;1;3;290;26/02/2010
2010026967;2;2;1;1;2;290;05/03/2010
2010026968;1;2;3;1;3;290;06/03/2010
2010026969;5;2;2;1;3;290;07/03/2010
2010026970;1;2;2;1;3;290;08/03/2010
2010026971;1;2;1;1;3;290;09/03/2010
2010026972;1;2;2;9;3;290;10/03/2010
2010026973;1;2;6;1;2;290;10/03/2010
2010026974;2;2;2;1;3;290;18/03/2010
2010026975;1;2;1;1;6;290;20/03/2010
2010026976;1;2;1;1;6;290;21/03/2010
2010026977;1;2;1;1;2;290;25/03/2010
2010026978;1;2;1;1;1;290;26/03/2010
2010026979;1;2;1;1;6;290;30/03/2010
2010026980;5;2;3;1;3;290;03/04/2010
2010026981;1;2;3;1;3;290;09/04/2010
2010026982;1;2;1;1;6;290;13/04/2010
2010026983;1;2;1;1;6;290;15/04/2010
2010026984;1;2;2;9;2;290;17/04/2010
2010026985;1;2;1;1;6;290;18/04/2010
2010026986;1;1;1;1;3;290;20/04/2010
2010026987;5;2;1;1;6;290;20/04/2010
2010026988;1;2;1;1;4;290;25/04/2010
2010026989;1;2;1;1;4;290;25/04/2010
2010026990;1;2;1;1;6;290;27/04/2010
2010026991;1;2;2;1;3;290;28/04/2010
2010026992;1;2;6;1;3;290;28/04/2010
2010026993;1;2;2;1;6;290;29/04/2010
2010026994;1;2;2;1;3;290;03/05/2010
2010026995;1;2;6;2;3;290;07/05/2010
2010026996;1;2;2;1;3;290;08/05/2010
2010026997;1;2;1;1;6;290;06/05/2010
2010026998;1;2;1;1;6;290;10/05/2010
2010026999;1;2;1;2;6;290;14/05/2010
2010027000;1;2;1;1;2;290;18/05/2010
2010027001;3;2;1;1;6;290;19/05/2010
2010027002;1;2;1;1;2;290;22/05/2010
2010027003;1;2;2;1;3;290;21/05/2010
2010027004;1;2;6;1;3;290;23/05/2010
2010027005;1;2;1;1;6;290;25/05/2010
2010027006;1;2;1;1;3;290;25/05/2010
2010027007;1;1;6;1;3;290;26/05/2010
2010027008;1;2;1;1;1;290;30/05/2010
2010027009;1;2;1;1;6;290;31/05/2010
2010027010;5;2;2;1;3;290;06/06/2010
2010027011;1;2;1;1;2;290;09/06/2010
2010027012;1;2;1;3;2;290;10/06/2010
2010027013;1;2;1;3;3;290;10/06/2010
2010027014;1;2;3;1;6;290;11/06/2010
2010027015;1;2;1;1;2;290;11/06/2010
2010027016;1;2;1;1;3;290;14/06/2010
2010027017;1;2;1;1;6;290;14/06/2010
2010027018;1;2;1;1;6;290;20/06/2010
2010027019;3;2;1;1;1;290;20/06/2010
2010027020;1;2;1;7;1;290;21/06/2010
2010027021;1;2;2;1;6;290;25/06/2010
2010027022;1;2;6;1;6;290;28/06/2010
2010027023;1;2;2;1;3;290;01/07/2010
2010027024;1;2;9;1;2;290;07/07/2010
2010027025;1;2;1;1;6;290;10/07/2010
2010027026;5;2;1;1;6;290;11/07/2010
2010027027;1;2;2;1;3;290;10/07/2010
2010027028;1;2;9;1;6;290;10/07/2010
2010027029;1;2;2;2;6;290;16/07/2010
2010027030;5;2;2;1;3;290;16/07/2010
2010027031;1;2;3;1;5;290;19/07/2010
2010027032;1;2;1;2;3;290;20/07/2010
2010027033;1;2;3;9;3;290;21/07/2010
2010027034;1;2;1;1;6;290;22/07/2010
2010027035;1;2;6;1;2;290;23/07/2010
2010027036;1;2;1;1;6;290;24/07/2010
2010027037;1;2;1;2;6;290;24/07/2010
2010027038;1;2;1;1;5;290;02/08/2010
2010027039;1;2;1;1;3;290;05/08/2010
2010027040;1;2;1;1;1;290;10/08/2010
2010027041;1;2;6;1;3;290;16/08/2010
2010027042;1;2;2;2;6;290;17/08/2010
2010027043;1;2;1;1;6;290;30/08/2010
2010027044;1;2;1;1;6;290;30/08/2010
2010027045;1;2;1;1;3;290;08/09/2010
2010027046;1;2;1;1;3;290;06/09/2010
2010027047;1;2;1;2;2;290;15/09/2010
2010027048;1;2;1;1;2;290;15/09/2010
2010027049;1;2;1;1;3;290;17/09/2010
2010027050;1;2;1;1;6;290;17/09/2010
2010027051;1;2;1;1;6;290;17/09/2010
2010027052;1;2;1;1;6;290;23/09/2010
2010027053;2;2;6;1;6;290;24/09/2010
2010027054;1;2;1;9;3;290;25/09/2010
2010027055;2;2;3;1;3;290;28/09/2010
2010027056;1;2;3;1;3;290;28/09/2010
2010027057;1;2;3;1;3;290;28/09/2010
2010027058;1;2;1;3;2;290;01/10/2010
2010027059;1;2;2;1;3;290;02/10/2010
2010027060;1;2;5;1;3;290;02/10/2010
2010027061;5;2;1;1;6;290;03/10/2010
2010027062;5;2;1;3;6;290;03/10/2010
2010027063;1;2;3;1;6;290;04/10/2010
2010027064;1;2;2;1;6;290;04/10/2010
2010027065;1;2;1;1;3;290;04/10/2010
2010027066;1;2;9;1;3;290;04/10/2010
2010027067;1;2;6;1;6;290;04/10/2010
2010027068;1;2;9;1;6;290;06/10/2010
2010027069;1;2;3;1;2;290;06/10/2010
2010027070;1;2;2;1;2;290;06/10/2010
2010027071;2;2;1;1;2;290;08/10/2010
2010027072;1;2;1;1;6;290;10/10/2010
2010027073;5;2;1;9;6;290;10/10/2010
2010027074;1;2;2;1;3;290;12/10/2010
2010027075;1;2;1;1;5;290;13/10/2010
2010027076;1;2;1;1;2;290;13/10/2010
2010027077;1;2;1;1;6;290;15/10/2010
2010027078;3;2;3;1;6;290;18/10/2010
2010027079;5;2;1;1;6;290;21/10/2010
2010027080;1;2;1;1;6;290;27/10/2010
2010027081;1;2;1;1;6;290;28/10/2010
2010027082;1;2;1;1;6;290;03/11/2010
2010027083;1;2;2;1;3;290;04/11/2010
2010027084;1;2;1;1;6;290;06/11/2010
2010027085;1;2;1;9;7;290;07/11/2010
2010027086;1;2;1;1;2;290;08/11/2010
2010027087;1;2;2;2;6;290;13/11/2010
2010027088;2;2;1;8;6;290;15/11/2010
2010027089;5;2;1;1;6;290;15/11/2010
2010027090;5;2;2;2;3;290;17/11/2010
2010027091;5;2;2;2;6;290;19/11/2010
2010027092;1;2;3;1;3;290;23/11/2010
2010027093;2;2;3;2;6;290;24/11/2010
2010027094;1;2;1;2;6;290;24/11/2010
2010027095;5;2;1;2;5;290;25/11/2010
2010027096;1;2;1;1;6;290;26/11/2010
2010027097;1;2;1;1;6;290;27/11/2010
2010027098;3;2;1;4;6;290;28/11/2010
2010027099;1;2;1;4;6;290;01/12/2010
2010027100;5;2;1;1;2;290;05/12/2010
2010027101;1;2;2;1;2;290;06/12/2010
2010027102;1;2;9;1;1;290;07/12/2010
2010027103;3;2;2;8;6;290;08/12/2010
2010027104;5;2;9;1;6;290;09/12/2010
2010027105;1;2;1;1;2;290;11/12/2010
2010027106;1;2;6;1;3;290;14/12/2010
2010027107;4;2;1;1;6;290;14/12/2010
2010027108;5;2;1;9;7;290;14/12/2010
2010027109;5;2;6;2;3;290;15/12/2010
2010027110;3;1;2;2;3;290;16/12/2010
2010027111;5;2;1;2;5;290;17/12/2010
2010027112;2;2;6;2;6;290;20/12/2010
2010027113;5;2;1;2;6;290;20/12/2010
2010027114;5;2;3;1;3;290;21/12/2010
2010027115;5;2;1;2;6;290;23/12/2010
2010027116;1;2;4;1;6;290;24/12/2010
2010027117;1;2;2;2;5;290;28/12/2010
2010027118;1;1;1;8;7;400;18/12/2010
2010027119;1;2;1;1;3;290;27/01/2010
2010027120;1;2;2;1;3;290;03/02/2010
2010027121;1;1;1;1;2;290;19/02/2010
2010027122;1;2;1;9;7;290;20/02/2010
2010027123;1;2;1;8;3;290;24/02/2010
2010027124;5;2;1;1;1;290;26/02/2010
2010027125;5;2;1;1;6;290;09/03/2010
2010027126;1;1;1;1;7;290;19/03/2010
2010027127;1;1;3;1;2;290;08/04/2010
2010027128;1;2;1;1;1;290;15/04/2010
2010027129;1;2;1;7;7;290;17/04/2010
2010027130;1;2;1;1;7;290;21/04/2010
2010027131;1;2;3;1;3;290;04/05/2010
2010027132;5;2;1;1;1;290;19/05/2010
2010027133;1;2;6;1;3;290;21/05/2010
2010027134;1;2;6;1;3;290;25/05/2010
2010027135;1;2;3;1;3;290;16/05/2010
2010027136;1;2;6;1;3;290;30/05/2010
2010027137;1;2;1;1;6;290;17/06/2010
2010027138;1;1;1;1;7;290;17/06/2010
2010027139;1;1;1;1;7;290;20/06/2010
2010027140;3;2;1;1;7;290;26/06/2010
2010027141;1;2;6;1;7;290;30/06/2010
2010027142;1;2;1;1;3;290;03/07/2010
2010027143;1;2;2;1;3;290;06/07/2010
2010027144;1;1;3;1;3;290;16/07/2010
2010027145;1;2;6;1;7;290;18/07/2010
2010027146;1;2;1;1;4;290;21/07/2010
2010027147;1;2;3;1;2;290;26/07/2010
2010027148;1;2;1;1;3;290;04/08/2010
2010027149;1;1;1;1;7;290;10/08/2010
2010027150;1;2;1;1;6;290;13/08/2010
2010027151;5;2;1;1;6;290;17/08/2010
2010027152;1;2;1;1;3;290;19/08/2010
2010027153;1;2;3;1;7;290;27/08/2010
2010027154;1;1;1;1;6;290;27/08/2010
2010027155;1;2;1;1;2;290;01/09/2010
2010027156;1;1;1;1;6;290;02/09/2010
2010027157;1;2;1;1;6;290;21/09/2010
2010027158;1;1;1;8;5;290;22/09/2010
2010027159;1;2;1;1;3;290;22/09/2010
2010027160;1;2;1;1;7;290;23/09/2010
2010027161;1;2;1;1;6;290;13/10/2010
2010027162;1;2;1;3;7;290;05/10/2010
2010027163;1;1;1;1;6;290;14/11/2010
2010027164;1;2;1;1;7;290;22/11/2010
2010027165;1;2;1;1;3;290;23/11/2010
2010027166;1;2;1;1;2;290;26/11/2010
2010027167;3;1;1;1;6;290;26/11/2010
2010027168;2;2;1;1;7;290;27/11/2010
2010027169;3;1;1;8;7;290;05/12/2010
2010027170;1;2;1;1;6;290;11/12/2010
2010027171;1;1;1;1;2;290;11/12/2010
2010027172;1;2;1;1;2;290;18/12/2010
2010027173;3;1;1;9;7;290;21/12/2010
2010027174;1;2;1;2;5;290;29/12/2010
2010027175;1;2;6;8;6;290;04/01/2010
2010027176;3;1;1;4;7;290;11/01/2010
2010027177;2;1;1;1;7;290;14/01/2010
2010027178;5;2;1;1;6;290;22/01/2010
2010027179;2;1;1;1;7;290;22/01/2010
2010027180;5;2;1;4;7;290;31/01/2010
2010027181;5;2;1;2;6;290;04/02/2010
2010027182;1;1;1;1;7;290;05/02/2010
2010027183;1;2;1;1;6;290;16/02/2010
2010027184;1;2;1;1;6;290;17/02/2010
2010027185;1;1;1;8;3;290;19/02/2010
2010027186;1;2;6;2;7;290;20/02/2010
2010027187;1;2;1;8;1;290;23/02/2010
2010027188;1;2;1;1;6;290;27/02/2010
2010027189;1;2;2;1;3;290;21/03/2010
2010027190;1;2;3;8;3;290;03/04/2010
2010027191;1;1;1;1;6;290;11/04/2010
2010027192;1;2;1;1;7;290;14/04/2010
2010027193;1;2;1;1;7;290;09/04/2010
2010027194;1;2;1;1;6;290;17/05/2010
2010027195;5;2;1;3;7;290;25/05/2010
2010027196;1;2;9;2;6;290;29/05/2010
2010027197;5;2;1;2;6;290;30/05/2010
2010027198;1;2;1;1;3;290;03/06/2010
2010027199;1;2;1;1;2;290;07/06/2010
2010027200;1;1;1;2;6;290;10/06/2010
2010027201;1;2;1;1;3;290;15/06/2010
2010027202;1;2;1;1;1;290;24/06/2010
2010027203;1;2;1;1;3;290;24/06/2010
2010027204;2;2;9;2;7;290;12/07/2010
2010027205;1;2;1;2;3;290;16/07/2010
2010027206;1;2;1;1;7;290;18/07/2010
2010027207;1;2;2;2;3;290;16/07/2010
2010027208;2;1;1;1;7;290;23/07/2010
2010027209;1;2;1;1;2;290;27/07/2010
2010027210;3;1;1;1;7;290;02/08/2010
2010027211;5;2;1;1;2;290;03/08/2010
2010027212;1;1;6;2;6;290;26/08/2010
2010027213;1;1;3;1;3;290;14/09/2010
2010027214;5;2;1;3;3;290;09/11/2010
2010027215;1;1;1;2;5;290;17/11/2010
2010027216;5;2;1;8;6;290;26/11/2010
2010027217;5;2;9;4;6;290;27/11/2010
2010027218;3;1;1;2;6;290;13/12/2010
2010027219;3;1;1;4;7;290;18/12/2010
2010027220;3;1;1;1;1;570;13/12/2010
2010027221;5;2;1;1;6;290;11/01/2010
2010027222;1;2;1;1;2;290;11/01/2010
2010027223;5;2;1;2;3;290;12/01/2010
2010027224;1;2;1;1;3;290;15/01/2010
2010027225;2;2;1;1;7;290;21/01/2010
2010027226;1;1;1;1;2;290;29/01/2010
2010027227;1;2;1;1;6;290;08/02/2010
2010027228;3;2;6;1;3;290;09/02/2010
2010027229;1;2;1;1;2;290;20/02/2010
2010027230;1;2;5;1;3;290;05/03/2010
2010027231;5;2;1;1;6;290;06/03/2010
2010027232;1;2;2;1;2;290;06/03/2010
2010027233;1;2;1;1;1;290;07/03/2010
2010027234;1;2;2;1;3;290;09/03/2010
2010027235;3;2;1;1;6;290;27/03/2010
2010027236;1;2;2;1;3;290;29/03/2010
2010027237;1;2;1;1;4;290;30/03/2010
2010027238;2;2;6;1;6;290;01/04/2010
2010027239;1;2;1;1;6;290;01/04/2010
2010027240;1;2;6;8;2;290;03/04/2010