num_acc;lum;agg;inter;atm;col;dep;date
2010028395;1;2;1;1;3;310;19/10/2010
2010028396;1;2;9;1;1;310;14/10/2010
2010028397;1;2;3;2;3;310;20/10/2010
2010028398;1;2;1;2;6;310;20/10/2010
2010028399;5;2;3;1;3;310;20/10/2010
2010028400;5;2;1;1;7;310;21/10/2010
2010028401;1;1;1;1;2;310;21/10/2010
2010028402;1;2;1;1;6;310;22/10/2010
2010028403;5;1;1;1;6;310;23/10/2010
2010028404;1;2;1;1;3;310;22/10/2010
2010028405;1;2;1;1;2;310;22/10/2010
2010028406;5;2;1;1;6;310;22/10/2010
2010028407;2;2;1;1;7;310;23/10/2010
2010028408;5;1;1;1;6;310;24/10/2010
2010028409;1;1;1;2;7;310;24/10/2010
2010028410;2;2;1;2;3;310;24/10/2010
2010028411;5;2;1;1;2;310;15/10/2010
2010028412;5;2;1;1;1;310;25/10/2010
2010028413;5;2;1;1;3;310;26/10/2010
2010028414;1;2;2;1;6;310;26/10/2010
2010028415;5;2;3;1;3;310;28/10/2010
2010028416;1;2;1;1;3;310;29/10/2010
2010028417;1;2;1;1;2;310;30/10/2010
2010028418;1;2;1;1;4;310;30/10/2010
2010028419;5;2;1;1;3;310;30/10/2010
2010028420;1;2;1;1;3;310;31/10/2010
2010028421;5;1;1;2;6;310;31/10/2010
2010028422;5;2;1;1;6;310;01/11/2010
2010028423;1;1;1;2;5;310;01/11/2010
2010028424;1;2;1;1;3;310;02/11/2010
2010028425;1;2;1;1;6;310;02/11/2010
2010028426;1;2;1;1;2;310;02/11/2010
2010028427;5;2;1;1;6;310;03/11/2010
2010028428;5;2;3;1;3;310;04/11/2010
2010028429;5;1;1;1;5;310;04/11/2010
2010028430;5;2;1;1;3;310;04/11/2010
2010028431;1;2;1;1;1;310;30/10/2010
2010028432;5;2;3;1;3;310;05/11/2010
2010028433;5;1;1;1;3;310;06/11/2010
2010028434;1;2;1;1;7;310;06/11/2010
2010028435;1;2;1;2;1;310;08/11/2010
2010028436;1;2;1;2;6;310;08/11/2010
2010028437;1;2;1;3;7;310;08/11/2010
2010028438;5;2;1;2;6;310;08/11/2010
2010028439;1;2;1;1;5;310;05/11/2010
2010028440;1;2;1;1;3;310;12/11/2010
2010028441;5;2;1;1;7;310;11/11/2010
2010028442;5;2;2;1;2;310;11/11/2010
2010028443;1;2;3;2;3;310;12/11/2010
2010028444;1;2;1;1;6;310;12/11/2010
2010028445;1;2;3;1;3;310;15/11/2010
2010028446;1;2;1;1;6;310;16/11/2010
2010028447;1;2;1;1;6;310;16/11/2010
2010028448;2;2;1;1;2;310;16/11/2010
2010028449;5;2;3;2;3;310;17/11/2010
2010028450;5;2;3;2;3;310;17/11/2010
2010028451;1;2;1;1;6;310;18/11/2010
2010028452;5;2;3;1;6;310;18/11/2010
2010028453;5;1;1;1;5;310;18/11/2010
2010028454;1;2;3;1;2;310;18/11/2010
2010028455;5;2;1;1;6;310;20/11/2010
2010028456;1;2;1;1;6;310;20/11/2010
2010028457;5;2;1;1;6;310;20/11/2010
2010028458;5;2;1;1;3;310;21/11/2010
2010028459;5;2;1;2;6;310;22/11/2010
2010028460;1;2;1;1;1;310;22/11/2010
2010028461;1;2;1;1;2;310;22/11/2010
2010028462;1;1;1;1;3;310;23/11/2010
2010028463;5;2;1;1;5;310;23/11/2010
2010028464;1;2;1;1;3;310;24/11/2010
2010028465;5;1;1;1;3;310;25/11/2010
2010028466;5;1;1;1;2;310;26/11/2010
2010028467;5;2;1;1;6;310;27/11/2010
2010028468;5;2;1;1;2;310;23/11/2010
2010028469;1;2;1;1;2;310;26/11/2010
2010028470;5;2;1;1;6;310;26/11/2010
2010028471;5;2;1;1;3;310;26/11/2010
2010028472;1;2;6;1;3;310;28/11/2010
2010028473;5;1;1;1;2;310;29/11/2010
2010028474;1;2;2;1;1;310;29/11/2010
2010028475;5;1;1;1;3;310;29/11/2010
2010028476;5;2;1;1;1;310;29/11/2010
2010028477;1;2;1;1;3;310;01/12/2010
2010028478;1;2;6;1;3;310;01/12/2010
2010028479;5;2;2;1;1;310;01/12/2010
2010028480;5;2;1;1;3;310;02/12/2010
2010028481;5;2;1;1;4;310;02/12/2010
2010028482;1;2;1;1;3;310;03/12/2010
2010028483;5;2;1;1;2;310;03/12/2010
2010028484;1;2;1;1;6;310;04/12/2010
2010028485;5;2;1;1;3;310;04/12/2010
2010028486;5;2;1;1;3;310;04/12/2010
2010028487;1;2;1;1;3;310;05/12/2010
2010028488;1;1;1;1;3;310;06/12/2010
2010028489;1;2;1;1;6;310;06/12/2010
2010028490;5;1;1;1;2;310;06/12/2010
2010028491;5;2;1;1;6;310;06/12/2010
2010028492;5;1;1;1;2;310;06/12/2010
2010028493;1;2;3;1;6;310;07/12/2010
2010028494;5;2;1;1;6;310;08/12/2010
2010028495;1;2;1;1;3;310;08/12/2010
2010028496;1;2;1;1;3;310;08/12/2010
2010028497;2;2;1;1;6;310;06/12/2010
2010028498;5;1;1;1;6;310;10/12/2010
2010028499;1;1;1;1;7;310;10/12/2010
2010028500;5;2;2;1;1;310;13/12/2010
2010028501;5;1;1;1;2;310;10/12/2010
2010028502;5;2;4;1;3;310;11/12/2010
2010028503;1;2;1;1;3;310;11/12/2010
2010028504;5;1;1;1;2;310;11/12/2010
2010028505;4;2;1;1;1;310;12/12/2010
2010028506;5;2;1;1;3;310;12/12/2010
2010028507;1;2;1;1;2;310;13/12/2010
2010028508;5;2;1;1;6;310;13/12/2010
2010028509;5;2;1;1;6;310;13/12/2010
2010028510;1;1;6;1;3;310;14/12/2010
2010028511;1;2;1;1;6;310;14/12/2010
2010028512;1;2;1;1;6;310;14/12/2010
2010028513;5;2;1;1;6;310;15/12/2010
2010028514;1;1;1;1;2;310;15/12/2010
2010028515;1;2;1;1;3;310;15/12/2010
2010028516;5;2;1;1;6;310;15/12/2010
2010028517;5;2;1;1;6;310;16/12/2010
2010028518;5;1;1;1;5;310;17/12/2010
2010028519;1;2;1;1;2;310;17/12/2010
2010028520;1;2;1;1;1;310;17/12/2010
2010028521;1;2;1;1;6;310;17/12/2010
2010028522;5;2;1;1;3;310;17/12/2010
2010028523;1;2;1;1;3;310;18/12/2010
2010028524;5;2;1;1;7;310;19/12/2010
2010028525;1;2;1;1;1;310;19/12/2010
2010028526;5;2;1;1;7;310;19/12/2010
2010028527;5;2;1;1;2;310;19/12/2010
2010028528;1;2;1;1;6;310;20/12/2010
2010028529;1;2;2;1;3;310;21/12/2010
2010028530;1;2;3;1;4;310;22/12/2010
2010028531;5;2;1;2;6;310;23/12/2010
2010028532;5;2;1;4;6;310;24/12/2010
2010028533;1;2;1;1;6;310;24/12/2010
2010028534;1;2;1;1;2;310;27/12/2010
2010028535;1;2;1;1;3;310;28/12/2010
2010028536;1;2;3;1;6;310;28/12/2010
2010028537;1;2;1;1;6;310;29/12/2010
2010028538;5;1;1;1;5;310;30/12/2010
2010028539;1;2;1;1;3;310;17/01/2010
2010028540;1;2;1;1;7;310;18/01/2010
2010028541;1;2;1;8;6;310;21/01/2010
2010028542;1;2;1;1;3;310;22/01/2010
2010028543;1;2;3;1;3;310;17/03/2010
2010028544;3;1;1;1;7;310;18/03/2010
2010028545;1;2;1;1;2;310;05/04/2010
2010028546;2;2;6;1;3;310;16/04/2010
2010028547;1;2;9;1;3;310;29/04/2010
2010028548;1;2;3;1;3;310;19/05/2010
2010028549;5;2;6;1;7;310;06/06/2010
2010028550;1;2;3;1;2;310;13/07/2010
2010028551;1;2;4;1;2;310;28/07/2010
2010028552;1;1;1;1;6;310;29/07/2010
2010028553;1;2;6;1;3;310;31/07/2010
2010028554;5;2;3;1;3;310;15/08/2010
2010028555;1;2;1;1;3;310;07/09/2010
2010028556;1;1;1;1;1;310;23/09/2010
2010028557;3;1;3;1;3;310;23/09/2010
2010028558;1;2;1;1;3;310;26/09/2010
2010028559;1;2;1;1;3;310;27/09/2010
2010028560;1;1;3;1;3;310;05/10/2010
2010028561;1;2;1;1;6;310;06/10/2010
2010028562;5;2;1;1;2;310;26/10/2010
2010028563;1;2;1;1;3;310;27/10/2010
2010028564;1;1;1;1;3;310;18/11/2010
2010028565;1;2;6;3;1;310;25/11/2010
2010028566;5;2;6;1;3;310;19/12/2010
2010028567;1;2;1;1;6;310;26/12/2010
2010028568;1;2;1;1;2;320;16/01/2010
2010028569;1;1;1;1;5;320;19/02/2010
2010028570;1;1;1;1;7;320;06/03/2010
2010028571;3;1;1;4;7;320;08/03/2010
2010028572;3;1;1;5;7;320;08/03/2010
2010028573;1;2;1;1;3;320;16/04/2010
2010028574;1;2;3;8;6;320;12/05/2010
2010028575;1;2;1;1;2;320;28/05/2010
2010028576;1;2;1;1;7;320;29/05/2010
2010028577;1;2;3;1;7;320;29/05/2010
2010028578;1;2;1;1;7;320;30/05/2010
2010028579;1;1;1;1;4;320;05/06/2010
2010028580;1;2;1;1;3;320;25/06/2010
2010028581;1;2;1;1;7;320;20/07/2010
2010028582;1;1;1;1;1;320;23/07/2010
2010028583;1;2;1;1;3;320;30/11/2010
2010028584;1;1;1;1;7;320;30/08/2010
2010028585;1;2;3;1;3;320;23/09/2010
2010028586;1;1;1;1;3;320;01/10/2010
2010028587;1;1;1;3;1;320;11/10/2010
2010028588;5;2;1;2;3;320;25/10/2010
2010028589;5;2;2;2;3;320;20/11/2010
2010028590;5;2;3;2;3;320;21/11/2010
2010028591;1;2;1;3;1;320;17/12/2010
2010028592;3;1;1;1;7;320;18/12/2010
2010028593;3;2;1;2;7;320;24/12/2010
2010028594;1;2;1;7;6;330;13/01/2010
2010028595;2;2;2;1;3;330;21/01/2010
2010028596;1;1;1;1;7;330;02/02/2010
2010028597;5;2;1;1;6;330;16/02/2010
2010028598;2;2;1;1;3;330;07/01/2010
2010028599;1;2;1;1;6;330;13/02/2010
2010028600;1;1;1;1;4;330;05/03/2010
2010028601;1;2;1;1;2;330;09/03/2010
2010028602;1;1;1;1;7;330;15/03/2010
2010028603;1;1;1;1;6;330;17/03/2010
2010028604;1;2;1;1;5;330;09/04/2010
2010028605;1;2;3;1;3;330;11/04/2010
2010028606;1;2;1;1;2;330;02/04/2010
2010028607;1;2;7;1;6;330;13/04/2010
2010028608;1;2;1;1;2;330;19/04/2010
2010028609;1;2;3;1;3;330;25/03/2010
2010028610;5;2;1;1;2;330;28/04/2010
2010028611;1;1;1;1;5;330;29/04/2010
2010028612;2;1;1;1;3;330;28/04/2010
2010028613;1;2;1;1;6;330;28/04/2010
2010028614;1;2;1;1;2;330;05/05/2010
2010028615;5;2;1;1;6;330;13/05/2010
2010028616;1;1;1;1;5;330;23/05/2010
2010028617;3;1;1;1;6;330;24/05/2010
2010028618;1;2;1;1;6;330;27/05/2010
2010028619;2;1;1;1;3;330;02/06/2010
2010028620;1;2;1;1;6;330;02/06/2010
2010028621;1;2;1;1;3;330;03/06/2010
2010028622;3;1;1;1;5;330;13/06/2010
2010028623;1;2;1;1;3;330;16/06/2010
2010028624;1;2;1;1;7;330;21/06/2010
2010028625;1;1;1;1;6;330;04/07/2010
2010028626;1;2;3;1;6;330;02/06/2010
2010028627;1;1;1;1;1;330;09/07/2010
2010028628;5;2;1;2;7;330;03/07/2010
2010028629;1;2;1;1;2;330;08/07/2010
2010028630;1;2;2;1;3;330;13/07/2010
2010028631;5;2;3;1;3;330;15/07/2010
2010028632;1;1;1;1;7;330;14/07/2010
2010028633;1;1;1;1;6;330;17/07/2010
2010028634;5;2;1;1;6;330;18/07/2010
2010028635;1;2;1;1;6;330;18/07/2010
2010028636;1;1;1;1;6;330;18/07/2010
2010028637;1;1;1;1;6;330;27/07/2010
2010028638;1;2;1;1;6;330;29/07/2010
2010028639;1;2;1;1;6;330;30/07/2010
2010028640;1;1;1;1;1;330;06/08/2010
2010028641;1;1;1;1;3;330;04/08/2010
2010028642;1;2;1;1;2;330;06/08/2010
2010028643;1;2;1;1;1;330;07/08/2010
2010028644;1;1;1;1;7;330;07/08/2010
2010028645;1;2;1;1;3;330;09/08/2010
2010028646;3;1;1;1;2;330;13/08/2010
2010028647;1;2;1;1;6;330;17/08/2010
2010028648;1;2;1;1;6;330;17/08/2010
2010028649;1;1;1;1;1;330;17/08/2010
2010028650;1;2;1;1;6;330;11/08/2010
2010028651;1;2;1;1;6;330;21/08/2010
2010028652;1;1;1;1;2;330;22/08/2010
2010028653;1;2;1;1;2;330;21/08/2010
2010028654;1;1;1;1;1;330;24/08/2010
2010028655;2;1;1;1;4;330;26/08/2010
2010028656;1;1;2;1;3;330;28/08/2010
2010028657;1;2;1;1;2;330;30/08/2010
2010028658;1;2;1;1;3;330;04/09/2010
2010028659;1;2;9;1;6;330;09/09/2010
2010028660;1;2;1;1;5;330;14/09/2010
2010028661;5;2;2;1;3;330;17/09/2010
2010028662;1;1;1;1;3;330;23/09/2010
2010028663;1;1;1;1;1;330;24/09/2010
2010028664;1;2;3;1;3;330;30/09/2010
2010028665;1;2;3;1;3;330;01/10/2010
2010028666;1;1;1;1;6;330;05/10/2010
2010028667;1;2;1;1;6;330;15/05/2010
2010028668;2;2;1;1;6;330;15/05/2010
2010028669;1;1;1;2;1;330;16/10/2010
2010028670;1;1;1;1;5;330;23/10/2010
2010028671;5;2;1;2;7;330;24/10/2010
2010028672;1;2;1;1;6;330;26/10/2010
2010028673;2;1;1;1;3;330;16/10/2010
2010028674;2;1;1;1;3;330;04/11/2010
2010028675;1;2;1;1;6;330;31/10/2010
2010028676;1;2;2;2;3;330;14/11/2010
2010028677;1;2;2;1;6;330;15/11/2010
2010028678;5;2;1;2;3;330;16/11/2010
2010028679;2;2;6;1;3;330;19/11/2010
2010028680;2;2;1;2;6;330;02/12/2010
2010028681;3;1;1;4;2;330;02/12/2010
2010028682;1;2;1;1;6;330;15/06/2010
2010028683;3;1;1;1;7;330;13/12/2010
2010028684;1;2;2;1;3;330;10/12/2010
2010028685;1;2;1;1;3;330;26/06/2010
2010028686;5;2;2;3;3;330;16/12/2010
2010028687;5;2;2;1;3;330;17/12/2010
2010028688;5;2;1;2;6;330;01/01/2010
2010028689;5;2;5;2;2;330;01/01/2010
2010028690;5;2;1;2;6;330;01/01/2010
2010028691;5;2;4;2;3;330;03/01/2010
2010028692;5;2;1;1;6;330;31/12/2010
2010028693;5;2;1;1;6;330;04/01/2010
2010028694;1;2;2;1;6;330;29/12/2010
2010028695;1;2;6;1;3;330;05/01/2010
2010028696;1;2;2;1;6;330;31/12/2010
2010028697;5;2;1;1;6;330;29/12/2010
2010028698;5;2;1;2;3;330;02/01/2010
2010028699;5;2;1;2;3;330;06/01/2010
2010028700;5;2;7;1;2;330;29/12/2010
2010028701;1;2;2;8;6;330;04/01/2010
2010028702;5;2;2;1;3;330;07/01/2010
2010028703;1;2;1;2;6;330;07/01/2010
2010028704;1;2;1;4;4;330;06/01/2010
2010028705;1;2;1;4;6;330;06/01/2010
2010028706;5;2;2;1;6;330;08/01/2010
2010028707;1;2;2;1;3;330;12/01/2010
2010028708;2;2;1;1;3;330;12/01/2010
2010028709;1;2;1;1;5;330;07/01/2010
2010028710;1;2;1;8;6;330;06/01/2010
2010028711;5;2;1;1;6;330;08/01/2010
2010028712;5;2;2;1;3;330;09/01/2010
2010028713;5;2;2;1;3;330;08/01/2010
2010028714;1;2;3;2;6;330;14/01/2010
2010028715;2;2;2;2;2;330;14/01/2010
2010028716;5;2;1;2;2;330;14/01/2010
2010028717;5;2;3;2;2;330;15/01/2010
2010028718;2;2;1;1;3;330;15/01/2010
2010028719;5;2;1;1;6;330;15/01/2010
2010028720;1;2;1;1;6;330;15/01/2010
2010028721;1;2;1;2;6;330;16/01/2010
2010028722;1;2;2;1;1;330;15/01/2010
2010028723;2;2;1;1;5;330;15/01/2010
2010028724;1;2;1;1;6;330;18/01/2010
2010028725;5;2;1;1;6;330;18/01/2010
2010028726;5;2;4;1;3;330;12/01/2010
2010028727;1;2;3;1;3;330;18/01/2010
2010028728;1;2;3;1;6;330;18/01/2010
2010028729;1;2;2;1;3;330;08/01/2010
2010028730;1;2;1;3;3;330;14/01/2010
2010028731;5;2;1;1;2;330;15/01/2010
2010028732;1;2;2;1;3;330;12/01/2010
2010028733;5;2;2;1;3;330;18/01/2010
2010028734;2;2;5;1;3;330;14/01/2010
2010028735;1;2;6;2;3;330;12/01/2010
2010028736;1;2;1;1;6;330;08/01/2010
2010028737;5;2;2;1;3;330;18/01/2010
2010028738;1;2;1;1;2;330;14/01/2010
2010028739;2;2;2;2;6;330;14/01/2010
2010028740;1;2;1;1;6;330;15/01/2010
2010028741;5;2;2;1;7;330;20/01/2010
2010028742;5;2;1;2;4;330;20/01/2010
2010028743;1;2;5;1;3;330;19/01/2010
2010028744;5;2;3;2;3;330;14/01/2010
2010028745;5;2;2;1;3;330;18/01/2010
2010028746;2;2;3;2;6;330;20/01/2010
2010028747;2;2;1;1;6;330;21/01/2010
2010028748;1;2;4;1;5;330;21/01/2010
2010028749;2;2;1;2;6;330;24/01/2010
2010028750;5;2;1;1;2;330;21/01/2010
2010028751;2;2;4;1;3;330;21/01/2010
2010028752;5;2;2;2;3;330;23/01/2010
2010028753;5;2;5;1;3;330;24/01/2010
2010028754;5;2;1;1;6;330;23/01/2010
2010028755;1;2;2;1;3;330;25/01/2010
2010028756;1;2;3;1;3;330;20/01/2010
2010028757;1;1;2;1;3;330;25/01/2010
2010028758;5;2;1;2;3;330;19/01/2010
2010028759;1;2;2;1;2;330;21/01/2010
2010028760;5;2;3;1;2;330;18/01/2010
2010028761;5;2;3;2;5;330;19/01/2010
2010028762;5;2;1;1;3;330;13/01/2010
2010028763;2;2;1;1;6;330;26/01/2010
2010028764;5;2;1;1;7;330;26/01/2010
2010028765;1;2;2;1;6;330;26/01/2010
2010028766;1;2;3;1;3;330;19/01/2010
2010028767;2;2;1;1;6;330;26/01/2010
2010028768;1;2;2;5;3;330;15/01/2010
2010028769;1;2;1;1;3;330;19/01/2010
2010028770;2;2;2;1;3;330;26/01/2010
2010028771;1;2;2;1;7;330;26/01/2010
2010028772;5;2;1;1;7;330;26/01/2010
2010028773;1;2;1;1;3;330;27/01/2010
2010028774;5;2;2;1;3;330;17/01/2010
2010028775;5;2;5;2;3;330;23/01/2010
2010028776;1;2;3;1;3;330;28/01/2010
2010028777;1;2;4;1;3;330;21/01/2010
2010028778;1;2;3;2;3;330;28/01/2010
2010028779;1;2;2;1;3;330;21/01/2010
2010028780;1;2;2;2;3;330;28/01/2010
2010028781;5;2;6;1;2;330;22/01/2010
2010028782;1;2;6;1;3;330;22/01/2010
2010028783;1;2;1;1;3;330;22/01/2010
2010028784;1;2;1;1;6;330;21/01/2010
2010028785;1;2;1;1;7;330;26/01/2010
2010028786;1;2;6;1;3;330;25/01/2010
2010028787;1;2;2;1;3;330;26/01/2010
2010028788;2;2;2;1;3;330;30/01/2010
2010028789;1;2;2;3;6;330;29/01/2010
2010028790;5;2;2;1;3;330;29/01/2010
2010028791;1;2;3;1;3;330;28/01/2010
2010028792;5;2;2;1;3;330;29/01/2010
2010028793;1;2;1;1;6;330;01/02/2010
2010028794;1;2;1;1;3;330;02/02/2010
2010028795;5;2;2;1;3;330;02/02/2010
2010028796;1;2;1;1;3;330;02/02/2010
2010028797;1;2;1;1;7;330;22/01/2010
2010028798;1;2;6;1;3;330;04/02/2010
2010028799;1;2;2;1;2;330;04/02/2010
2010028800;2;2;1;2;6;330;04/02/2010
2010028801;1;2;1;1;6;330;01/02/2010
2010028802;1;2;6;1;6;330;01/02/2010
2010028803;1;2;1;3;2;330;29/01/2010
2010028804;5;2;1;1;3;330;30/01/2010
2010028805;5;2;2;1;3;330;02/02/2010
2010028806;2;2;1;1;4;330;03/02/2010
2010028807;1;2;1;2;3;330;05/02/2010
2010028808;1;2;3;1;2;330;01/02/2010
2010028809;1;2;1;2;2;330;05/02/2010
2010028810;1;2;1;8;3;330;05/02/2010
2010028811;2;2;2;3;3;330;05/02/2010
2010028812;5;2;2;3;3;330;05/02/2010
2010028813;1;2;1;2;1;330;06/02/2010
2010028814;1;2;2;1;3;330;07/02/2010
2010028815;5;2;5;1;2;330;07/02/2010
2010028816;1;2;2;1;3;330;08/02/2010
2010028817;1;2;1;1;5;330;01/02/2010
2010028818;1;2;2;1;6;330;10/02/2010
2010028819;1;2;1;1;6;330;10/02/2010
2010028820;5;2;6;8;6;330;05/02/2010
2010028821;1;2;6;1;6;330;10/02/2010
2010028822;1;2;1;1;6;330;12/02/2010
2010028823;5;2;5;2;7;330;10/02/2010
2010028824;1;2;1;1;3;330;10/02/2010
2010028825;1;2;1;1;2;330;10/02/2010
2010028826;5;2;1;1;6;330;12/02/2010
2010028827;1;2;2;1;5;330;15/02/2010
2010028828;1;2;3;1;3;330;16/02/2010
2010028829;1;2;1;1;6;330;16/02/2010
2010028830;1;2;1;1;1;330;16/02/2010
2010028831;1;2;1;1;2;330;16/02/2010
2010028832;1;2;4;1;2;330;14/02/2010
2010028833;1;2;2;1;3;330;16/02/2010
2010028834;1;2;1;1;5;330;10/02/2010
2010028835;1;2;2;1;3;330;10/02/2010
2010028836;2;2;3;1;3;330;17/02/2010
2010028837;1;2;5;1;2;330;17/02/2010
2010028838;5;2;2;1;3;330;14/02/2010
2010028839;1;2;1;1;3;330;14/02/2010
2010028840;1;2;4;1;3;330;18/02/2010
2010028841;1;2;1;1;5;330;12/02/2010
2010028842;1;2;3;1;6;330;19/02/2010
2010028843;1;2;3;1;3;330;15/02/2010
2010028844;1;2;2;1;3;330;19/02/2010
2010028845;5;2;1;2;3;330;20/02/2010
2010028846;1;2;1;1;6;330;19/02/2010
2010028847;5;2;5;1;2;330;20/02/2010
2010028848;1;2;1;1;6;330;19/02/2010
2010028849;1;2;2;1;3;330;22/02/2010
2010028850;4;2;1;2;6;330;17/02/2010
2010028851;2;2;1;1;5;330;11/02/2010
2010028852;5;2;1;1;1;330;22/02/2010
2010028853;1;2;5;1;3;330;23/02/2010
2010028854;1;2;1;1;2;330;23/02/2010
2010028855;5;2;3;2;3;330;17/02/2010
2010028856;1;2;3;2;6;330;21/02/2010
2010028857;1;2;1;1;3;330;23/02/2010
2010028858;1;2;2;1;3;330;25/02/2010
2010028859;5;2;1;1;6;330;26/02/2010
2010028860;1;2;3;1;3;330;26/02/2010
2010028861;5;2;1;1;6;330;28/02/2010
2010028862;5;2;3;1;3;330;26/02/2010
2010028863;1;2;1;1;5;330;24/02/2010
2010028864;5;2;3;1;3;330;01/03/2010
2010028865;1;2;3;1;3;330;23/02/2010
2010028866;1;2;1;3;6;330;26/02/2010
2010028867;5;2;1;1;7;330;26/02/2010
2010028868;2;2;1;1;1;330;28/02/2010
2010028869;1;2;4;2;3;330;26/02/2010
2010028870;5;2;1;1;6;330;07/03/2010
2010028871;5;2;2;1;3;330;05/03/2010
2010028872;1;2;2;1;6;330;05/03/2010
2010028873;1;2;1;1;6;330;05/03/2010
2010028874;1;2;6;1;2;330;03/03/2010
2010028875;1;2;2;1;3;330;06/03/2010
2010028876;5;2;6;1;3;330;02/03/2010
2010028877;1;2;3;1;3;330;06/03/2010
2010028878;1;2;3;1;3;330;08/03/2010
2010028879;5;2;3;1;2;330;08/03/2010
2010028880;1;2;1;1;6;330;09/03/2010
2010028881;1;2;3;1;3;330;09/03/2010
2010028882;1;2;1;1;2;330;09/03/2010
2010028883;1;2;3;1;3;330;26/02/2010
2010028884;1;2;4;1;2;330;05/03/2010
2010028885;2;2;2;2;6;330;03/03/2010
2010028886;1;2;1;1;6;330;03/03/2010
2010028887;1;2;2;1;3;330;02/03/2010
2010028888;1;2;3;1;3;330;02/03/2010
2010028889;5;2;3;8;3;330;25/02/2010
2010028890;1;2;3;1;3;330;10/03/2010
2010028891;1;2;2;1;3;330;10/03/2010
2010028892;1;2;1;8;2;330;10/03/2010
2010028893;2;2;2;1;2;330;10/03/2010
2010028894;5;2;1;1;3;330;10/03/2010
2010028895;1;2;3;1;4;330;07/03/2010
2010028896;1;2;2;1;6;330;04/03/2010
2010028897;1;2;1;1;1;330;05/03/2010
2010028898;1;2;1;1;3;330;08/03/2010
2010028899;1;2;1;1;6;330;07/03/2010
2010028900;1;2;2;1;3;330;11/03/2010
2010028901;1;2;5;1;3;330;11/03/2010
2010028902;1;2;1;1;3;330;11/03/2010
2010028903;1;2;3;1;6;330;11/03/2010
2010028904;1;2;1;1;6;330;13/03/2010
2010028905;5;2;1;1;5;330;14/03/2010
2010028906;1;2;1;1;3;330;12/03/2010
2010028907;1;2;5;1;3;330;13/03/2010
2010028908;5;2;3;1;3;330;12/03/2010
2010028909;1;2;7;1;6;330;12/03/2010
2010028910;1;2;2;1;3;330;14/03/2010
2010028911;2;2;1;1;6;330;13/03/2010
2010028912;1;2;2;1;1;330;13/03/2010
2010028913;1;2;3;1;3;330;15/03/2010
2010028914;2;2;4;2;6;330;03/03/2010
2010028915;1;2;1;1;3;330;16/03/2010
2010028916;1;2;1;1;6;330;16/03/2010
2010028917;5;2;2;1;3;330;17/03/2010
2010028918;1;2;3;1;3;330;17/03/2010
2010028919;5;2;1;1;1;330;17/03/2010
2010028920;5;2;2;1;3;330;16/03/2010
2010028921;2;2;1;1;3;330;10/03/2010
2010028922;1;2;1;1;6;330;09/03/2010
2010028923;1;2;2;1;3;330;09/03/2010
2010028924;1;2;1;1;3;330;17/03/2010
2010028925;1;2;1;1;6;330;08/03/2010
2010028926;1;2;1;1;3;330;18/03/2010
2010028927;1;2;1;1;3;330;17/03/2010
2010028928;2;2;5;1;3;330;13/03/2010
2010028929;5;2;1;2;6;330;21/03/2010
2010028930;5;2;1;1;3;330;19/03/2010
2010028931;1;2;1;1;3;330;13/03/2010
2010028932;1;2;1;1;4;330;15/03/2010
2010028933;1;2;2;1;3;330;22/03/2010
2010028934;1;2;1;1;6;330;22/03/2010
2010028935;1;2;2;1;3;330;23/03/2010
2010028936;1;2;3;1;6;330;19/03/2010
2010028937;5;2;2;1;3;330;17/03/2010
2010028938;1;2;1;1;3;330;16/03/2010
2010028939;1;2;3;1;3;330;17/03/2010
2010028940;1;2;5;2;3;330;19/03/2010
2010028941;1;2;3;1;2;330;19/03/2010
2010028942;1;2;1;1;6;330;23/03/2010
2010028943;1;2;1;1;3;330;24/03/2010
2010028944;1;2;3;1;3;330;18/03/2010
2010028945;5;2;1;1;3;330;24/03/2010
2010028946;1;2;1;1;3;330;24/03/2010
2010028947;1;2;3;1;6;330;25/03/2010
2010028948;5;2;1;2;1;330;25/03/2010
2010028949;1;2;3;1;2;330;25/03/2010
2010028950;1;2;2;1;3;330;27/03/2010
2010028951;5;2;5;2;3;330;25/03/2010
2010028952;5;2;3;2;3;330;28/03/2010
2010028953;1;2;1;1;3;330;26/03/2010
2010028954;1;2;4;1;6;330;25/03/2010
2010028955;2;2;2;1;2;330;29/03/2010
2010028956;1;2;3;1;3;330;19/03/2010
2010028957;1;2;1;2;3;330;24/03/2010
2010028958;1;2;2;1;3;330;21/03/2010
2010028959;1;2;3;1;2;330;22/03/2010
2010028960;1;2;1;1;3;330;22/03/2010
2010028961;1;2;3;1;5;330;24/03/2010
2010028962;5;2;2;1;6;330;26/03/2010
2010028963;5;2;2;1;1;330;28/03/2010
2010028964;1;2;1;2;2;330;30/03/2010
2010028965;1;2;2;1;3;330;26/03/2010
2010028966;5;2;2;2;3;330;28/03/2010
2010028967;1;2;2;1;3;330;26/03/2010
2010028968;5;2;1;1;7;330;02/04/2010
2010028969;1;2;6;1;4;330;26/03/2010
2010028970;5;2;6;2;3;330;26/03/2010
2010028971;1;2;1;6;2;330;30/03/2010