num_acc;lum;agg;inter;atm;col;dep;date
2010028972;1;2;2;1;3;330;01/04/2010
2010028973;1;2;1;2;6;330;01/04/2010
2010028974;5;2;3;3;6;330;03/04/2010
2010028975;5;2;3;1;3;330;04/04/2010
2010028976;5;2;2;2;6;330;03/04/2010
2010028977;5;2;2;1;3;330;05/04/2010
2010028978;5;2;1;1;6;330;04/04/2010
2010028979;5;2;2;1;6;330;03/04/2010
2010028980;5;2;2;1;3;330;03/04/2010
2010028981;1;2;1;1;2;330;06/04/2010
2010028982;1;2;2;1;3;330;06/04/2010
2010028983;1;2;2;1;6;330;01/04/2010
2010028984;1;2;1;1;6;330;06/04/2010
2010028985;1;2;2;1;3;330;06/04/2010
2010028986;1;2;2;2;3;330;07/04/2010
2010028987;1;2;1;1;6;330;07/04/2010
2010028988;1;2;1;1;6;330;08/04/2010
2010028989;1;2;1;1;5;330;02/04/2010
2010028990;1;2;2;1;3;330;08/04/2010
2010028991;5;2;1;1;7;330;01/04/2010
2010028992;1;2;4;2;3;330;04/04/2010
2010028993;1;2;2;1;2;330;08/04/2010
2010028994;1;2;1;1;3;330;06/04/2010
2010028995;1;2;1;8;4;330;01/04/2010
2010028996;1;2;2;1;3;330;11/04/2010
2010028997;1;2;6;1;5;330;11/04/2010
2010028998;1;2;2;1;2;330;11/04/2010
2010028999;5;2;2;1;3;330;09/04/2010
2010029000;1;2;1;1;6;330;10/04/2010
2010029001;1;2;5;1;3;330;11/04/2010
2010029002;1;2;4;1;6;330;07/04/2010
2010029003;1;2;2;1;3;330;07/04/2010
2010029004;1;2;2;1;3;330;06/04/2010
2010029005;1;2;1;1;2;330;11/04/2010
2010029006;1;2;1;1;3;330;07/04/2010
2010029007;1;2;3;1;3;330;12/04/2010
2010029008;5;2;2;1;3;330;12/04/2010
2010029009;1;2;4;1;3;330;12/04/2010
2010029010;5;2;2;1;6;330;09/04/2010
2010029011;1;2;3;1;6;330;13/04/2010
2010029012;1;2;3;1;2;330;14/04/2010
2010029013;1;2;1;1;6;330;14/04/2010
2010029014;1;2;1;1;2;330;14/04/2010
2010029015;2;2;1;1;3;330;15/04/2010
2010029016;1;2;1;1;7;330;09/04/2010
2010029017;1;2;1;1;3;330;15/04/2010
2010029018;5;2;1;1;7;330;12/04/2010
2010029019;1;2;1;1;2;330;14/04/2010
2010029020;5;2;1;1;7;330;10/04/2010
2010029021;1;2;1;1;3;330;17/04/2010
2010029022;1;2;4;1;6;330;17/04/2010
2010029023;5;2;5;1;3;330;17/04/2010
2010029024;1;2;1;1;4;330;17/04/2010
2010029025;1;2;3;1;5;330;18/04/2010
2010029026;1;2;3;1;6;330;16/04/2010
2010029027;1;2;4;1;6;330;16/04/2010
2010029028;1;2;1;1;2;330;16/04/2010
2010029029;2;2;5;1;3;330;18/04/2010
2010029030;1;2;1;1;3;330;11/04/2010
2010029031;1;2;1;1;3;330;15/04/2010
2010029032;1;2;3;1;3;330;16/04/2010
2010029033;1;2;3;1;3;330;20/04/2010
2010029034;1;2;1;1;2;330;20/04/2010
2010029035;1;2;2;1;3;330;20/04/2010
2010029036;1;2;1;1;6;330;20/04/2010
2010029037;1;2;1;1;6;330;20/04/2010
2010029038;1;2;2;1;2;330;19/04/2010
2010029039;1;2;2;1;3;330;18/04/2010
2010029040;1;2;1;1;3;330;19/04/2010
2010029041;1;2;1;1;3;330;15/04/2010
2010029042;1;2;2;1;6;330;18/04/2010
2010029043;1;2;1;1;2;330;15/04/2010
2010029044;1;2;4;1;3;330;16/04/2010
2010029045;1;2;4;1;3;330;16/04/2010
2010029046;1;2;4;1;3;330;17/04/2010
2010029047;1;2;3;1;3;330;22/04/2010
2010029048;1;2;3;1;3;330;22/04/2010
2010029049;5;2;2;1;3;330;22/04/2010
2010029050;5;2;1;1;7;330;23/04/2010
2010029051;1;2;4;1;3;330;20/04/2010
2010029052;1;2;1;1;3;330;23/04/2010
2010029053;1;2;1;1;6;330;27/04/2010
2010029054;5;2;1;1;7;330;27/04/2010
2010029055;1;2;2;1;2;330;26/04/2010
2010029056;1;2;2;1;6;330;22/04/2010
2010029057;1;2;5;1;3;330;24/04/2010
2010029058;1;2;1;1;1;330;21/04/2010
2010029059;1;2;1;1;3;330;21/04/2010
2010029060;1;2;2;1;3;330;22/04/2010
2010029061;1;2;2;1;3;330;27/04/2010
2010029062;4;2;3;1;3;330;28/04/2010
2010029063;1;2;1;1;6;330;24/04/2010
2010029064;1;2;1;1;3;330;28/04/2010
2010029065;1;2;6;1;1;330;28/04/2010
2010029066;5;2;1;1;6;330;29/04/2010
2010029067;1;2;6;1;3;330;29/04/2010
2010029068;1;2;2;1;5;330;28/04/2010
2010029069;1;2;1;1;6;330;29/04/2010
2010029070;3;2;1;1;7;330;24/04/2010
2010029071;5;2;2;1;3;330;01/05/2010
2010029072;2;2;3;1;3;330;01/05/2010
2010029073;2;2;2;1;3;330;02/05/2010
2010029074;1;2;2;1;3;330;26/04/2010
2010029075;1;2;1;1;1;330;27/04/2010
2010029076;1;2;6;1;3;330;30/04/2010
2010029077;1;2;1;1;6;330;03/05/2010
2010029078;1;2;4;2;7;330;03/05/2010
2010029079;1;2;2;1;3;330;29/04/2010
2010029080;1;2;3;1;3;330;04/05/2010
2010029081;1;2;2;1;1;330;01/05/2010
2010029082;1;2;3;2;7;330;04/05/2010
2010029083;1;2;1;1;3;330;05/05/2010
2010029084;2;2;1;1;7;330;02/05/2010
2010029085;1;2;1;1;3;330;06/05/2010
2010029086;5;2;1;1;7;330;09/05/2010
2010029087;5;2;2;2;3;330;07/05/2010
2010029088;5;2;3;2;6;330;08/05/2010
2010029089;1;2;9;2;1;330;09/05/2010
2010029090;1;2;2;1;3;330;08/05/2010
2010029091;5;2;3;1;3;330;08/05/2010
2010029092;1;2;5;1;3;330;30/04/2010
2010029093;1;2;1;1;7;330;10/05/2010
2010029094;1;2;6;1;2;330;04/05/2010
2010029095;1;2;2;1;3;330;10/05/2010
2010029096;1;2;1;1;6;330;10/05/2010
2010029097;1;2;1;1;2;330;11/05/2010
2010029098;1;2;2;2;3;330;05/05/2010
2010029099;1;2;2;1;2;330;06/05/2010
2010029100;1;2;1;1;4;330;11/05/2010
2010029101;1;2;6;1;3;330;06/05/2010
2010029102;1;2;1;3;3;330;05/05/2010
2010029103;3;2;2;1;3;330;11/05/2010
2010029104;1;2;3;1;6;330;11/05/2010
2010029105;5;2;3;1;6;330;06/05/2010
2010029106;1;2;6;2;3;330;11/05/2010
2010029107;5;2;3;1;7;330;09/05/2010
2010029108;1;2;9;1;4;330;12/05/2010
2010029109;1;2;1;1;6;330;12/05/2010
2010029110;5;2;2;1;2;330;15/05/2010
2010029111;1;2;1;1;3;330;11/05/2010
2010029112;5;2;3;1;1;330;15/05/2010
2010029113;1;2;1;1;6;330;09/05/2010
2010029114;1;2;1;1;7;330;13/05/2010
2010029115;1;2;3;1;3;330;14/05/2010
2010029116;5;2;3;1;3;330;10/05/2010
2010029117;1;2;3;1;3;330;08/05/2010
2010029118;1;2;3;1;2;330;17/05/2010
2010029119;1;2;3;1;3;330;17/05/2010
2010029120;1;2;2;1;3;330;17/05/2010
2010029121;5;2;1;1;6;330;14/05/2010
2010029122;1;2;3;1;5;330;17/05/2010
2010029123;1;2;3;1;1;330;18/05/2010
2010029124;1;2;3;1;3;330;18/05/2010
2010029125;1;2;1;1;3;330;18/05/2010
2010029126;1;2;2;1;6;330;12/05/2010
2010029127;1;2;2;1;3;330;14/05/2010
2010029128;1;2;4;1;4;330;17/05/2010
2010029129;1;2;1;1;2;330;18/05/2010
2010029130;1;2;1;1;6;330;12/05/2010
2010029131;1;2;2;1;3;330;19/05/2010
2010029132;1;2;3;1;1;330;20/05/2010
2010029133;1;2;1;1;3;330;17/05/2010
2010029134;1;2;6;1;3;330;18/05/2010
2010029135;1;2;4;1;3;330;19/05/2010
2010029136;1;2;2;1;3;330;17/05/2010
2010029137;1;2;5;1;3;330;21/05/2010
2010029138;1;2;3;1;2;330;21/05/2010
2010029139;5;2;2;1;3;330;22/05/2010
2010029140;1;2;1;1;3;330;23/05/2010
2010029141;1;2;3;1;2;330;24/05/2010
2010029142;1;2;2;1;3;330;21/05/2010
2010029143;1;2;6;1;4;330;19/05/2010
2010029144;1;2;3;1;7;330;19/05/2010
2010029145;1;2;1;1;2;330;19/05/2010
2010029146;1;2;1;1;3;330;25/05/2010
2010029147;1;2;2;1;3;330;25/05/2010
2010029148;5;2;2;1;3;330;26/05/2010
2010029149;5;2;1;1;7;330;20/05/2010
2010029150;1;2;5;1;2;330;26/05/2010
2010029151;1;2;2;1;3;330;26/05/2010
2010029152;1;2;1;1;2;330;26/05/2010
2010029153;1;2;2;1;6;330;26/05/2010
2010029154;1;2;2;1;1;330;21/05/2010
2010029155;1;2;2;1;3;330;27/05/2010
2010029156;1;2;3;1;3;330;21/05/2010
2010029157;1;2;1;1;3;330;27/05/2010
2010029158;1;2;2;1;3;330;20/05/2010
2010029159;1;2;1;1;3;330;28/05/2010
2010029160;1;2;2;1;3;330;29/05/2010
2010029161;5;2;3;2;2;330;29/05/2010
2010029162;1;2;2;2;1;330;30/05/2010
2010029163;1;2;3;1;3;330;31/05/2010
2010029164;1;2;6;1;3;330;31/05/2010
2010029165;1;2;4;1;3;330;31/05/2010
2010029166;1;2;1;1;2;330;27/05/2010
2010029167;1;2;1;1;3;330;01/06/2010
2010029168;1;2;2;1;3;330;01/06/2010
2010029169;1;2;2;1;3;330;29/05/2010
2010029170;1;2;2;1;3;330;25/05/2010
2010029171;1;2;4;1;3;330;31/05/2010
2010029172;1;2;3;1;5;330;25/05/2010
2010029173;1;2;1;1;6;330;02/06/2010
2010029174;1;2;2;1;3;330;28/05/2010
2010029175;5;2;2;2;3;330;29/05/2010
2010029176;1;2;1;1;5;330;26/05/2010
2010029177;1;2;1;1;6;330;27/05/2010
2010029178;1;2;2;1;3;330;01/06/2010
2010029179;1;2;2;1;6;330;30/05/2010
2010029180;1;2;3;1;6;330;05/06/2010
2010029181;1;2;2;1;3;330;04/06/2010
2010029182;1;2;2;1;2;330;04/06/2010
2010029183;2;2;2;1;6;330;06/06/2010
2010029184;5;2;3;1;7;330;07/06/2010
2010029185;1;2;3;1;5;330;07/06/2010
2010029186;1;2;1;2;3;330;01/06/2010
2010029187;1;2;2;1;3;330;07/06/2010
2010029188;1;2;2;2;3;330;08/06/2010
2010029189;1;2;3;1;6;330;07/06/2010
2010029190;5;2;2;9;3;330;08/06/2010
2010029191;1;2;1;1;6;330;07/06/2010
2010029192;5;2;2;9;2;330;08/06/2010
2010029193;1;2;3;2;2;330;08/06/2010
2010029194;1;2;2;1;5;330;31/05/2010
2010029195;1;2;3;1;3;330;02/06/2010
2010029196;1;2;3;1;3;330;04/06/2010
2010029197;1;2;2;1;3;330;08/06/2010
2010029198;1;2;2;1;3;330;04/06/2010
2010029199;1;2;1;1;3;330;03/06/2010
2010029200;1;2;2;1;6;330;06/06/2010
2010029201;1;2;1;1;6;330;10/06/2010
2010029202;1;2;6;1;3;330;10/06/2010
2010029203;1;2;3;1;2;330;10/06/2010
2010029204;1;2;1;1;3;330;04/06/2010
2010029205;1;2;4;1;3;330;10/06/2010
2010029206;1;2;2;2;1;330;08/06/2010
2010029207;1;2;1;1;6;330;11/06/2010
2010029208;1;2;3;1;3;330;12/06/2010
2010029209;1;2;2;1;6;330;12/06/2010
2010029210;1;2;1;1;4;330;13/06/2010
2010029211;1;2;2;2;6;330;11/06/2010
2010029212;1;2;4;1;3;330;12/06/2010
2010029213;1;2;1;1;6;330;11/06/2010
2010029214;5;2;2;2;3;330;11/06/2010
2010029215;1;2;1;1;2;330;12/06/2010
2010029216;5;2;3;1;3;330;12/06/2010
2010029217;5;2;1;1;6;330;15/06/2010
2010029218;2;2;1;1;7;330;12/06/2010
2010029219;1;2;3;1;3;330;15/06/2010
2010029220;1;2;1;1;4;330;15/06/2010
2010029221;2;2;2;1;3;330;15/06/2010
2010029222;1;2;2;1;3;330;13/06/2010
2010029223;1;2;1;1;3;330;12/06/2010
2010029224;1;2;1;1;3;330;11/06/2010
2010029225;1;2;1;2;2;330;15/06/2010
2010029226;1;2;1;1;3;330;17/06/2010
2010029227;1;2;2;1;3;330;12/06/2010
2010029228;1;2;4;1;6;330;17/06/2010
2010029229;5;2;1;1;3;330;13/06/2010
2010029230;1;2;2;2;6;330;14/06/2010
2010029231;1;2;3;1;3;330;17/06/2010
2010029232;5;2;1;1;7;330;11/06/2010
2010029233;1;2;6;3;2;330;16/06/2010
2010029234;5;2;3;1;3;330;21/06/2010
2010029235;1;2;1;8;6;330;18/06/2010
2010029236;5;2;1;1;6;330;20/06/2010
2010029237;1;2;3;1;3;330;18/06/2010
2010029238;5;2;1;1;6;330;22/06/2010
2010029239;1;2;3;1;3;330;21/06/2010
2010029240;1;2;4;1;3;330;21/06/2010
2010029241;1;2;3;1;3;330;15/06/2010
2010029242;1;2;1;1;3;330;14/06/2010
2010029243;1;2;3;1;7;330;22/06/2010
2010029244;5;2;1;1;6;330;22/06/2010
2010029245;1;2;1;1;3;330;22/06/2010
2010029246;1;2;2;1;3;330;17/06/2010
2010029247;1;2;1;1;6;330;18/06/2010
2010029248;1;2;1;1;2;330;17/06/2010
2010029249;1;2;1;1;2;330;19/06/2010
2010029250;1;2;2;1;3;330;17/06/2010
2010029251;1;2;1;1;6;330;23/06/2010
2010029252;1;2;1;1;3;330;24/06/2010
2010029253;1;2;4;1;3;330;24/06/2010
2010029254;1;2;5;1;3;330;24/06/2010
2010029255;1;2;1;1;3;330;18/06/2010
2010029256;1;2;2;1;3;330;21/06/2010
2010029257;1;2;3;1;3;330;21/06/2010
2010029258;1;2;3;1;6;330;21/06/2010
2010029259;1;2;3;1;1;330;22/06/2010
2010029260;5;2;1;1;6;330;22/06/2010
2010029261;1;2;3;1;1;330;25/06/2010
2010029262;1;2;3;1;3;330;25/06/2010
2010029263;2;2;5;1;6;330;27/06/2010
2010029264;1;2;1;1;6;330;25/06/2010
2010029265;1;2;1;1;6;330;25/06/2010
2010029266;5;2;3;1;6;330;22/06/2010
2010029267;1;2;2;1;6;330;23/06/2010
2010029268;1;2;4;1;4;330;28/06/2010
2010029269;1;2;3;1;6;330;29/06/2010
2010029270;1;2;4;1;3;330;23/06/2010
2010029271;1;2;2;1;3;330;24/06/2010
2010029272;1;2;2;1;3;330;22/06/2010
2010029273;1;2;4;1;2;330;23/06/2010
2010029274;1;2;2;1;3;330;26/06/2010
2010029275;1;2;1;1;3;330;24/06/2010
2010029276;1;2;1;1;3;330;28/06/2010
2010029277;1;2;3;1;3;330;30/06/2010
2010029278;2;2;1;1;2;330;01/07/2010
2010029279;1;2;2;1;3;330;01/07/2010
2010029280;1;2;1;1;3;330;01/07/2010
2010029281;5;2;2;1;6;330;04/07/2010
2010029282;1;2;1;1;3;330;01/07/2010
2010029283;1;2;3;1;6;330;28/06/2010
2010029284;1;2;1;2;3;330;02/07/2010
2010029285;1;2;1;1;3;330;04/07/2010
2010029286;1;2;1;1;6;330;28/06/2010
2010029287;1;2;1;1;6;330;28/06/2010
2010029288;1;2;2;1;3;330;04/07/2010
2010029289;1;2;1;1;7;330;05/07/2010
2010029290;1;2;2;1;3;330;01/07/2010
2010029291;1;2;3;1;3;330;30/06/2010
2010029292;1;2;6;1;6;330;29/06/2010
2010029293;1;2;1;1;2;330;29/06/2010
2010029294;1;2;1;1;4;330;30/06/2010
2010029295;1;2;3;1;4;330;06/07/2010
2010029296;1;2;3;1;6;330;06/07/2010
2010029297;1;2;6;1;7;330;06/07/2010
2010029298;1;2;1;1;6;330;07/07/2010
2010029299;5;2;1;1;7;330;08/07/2010
2010029300;1;2;2;1;3;330;07/07/2010
2010029301;1;2;3;1;3;330;07/07/2010
2010029302;1;2;2;1;3;330;01/07/2010
2010029303;5;2;1;1;6;330;03/07/2010
2010029304;1;2;1;1;3;330;04/07/2010
2010029305;1;2;1;1;3;330;06/07/2010
2010029306;1;2;3;1;3;330;04/07/2010
2010029307;1;2;3;1;3;330;30/06/2010
2010029308;1;2;2;1;3;330;02/07/2010
2010029309;1;2;1;1;3;330;08/07/2010
2010029310;1;2;3;1;2;330;08/07/2010
2010029311;1;2;1;1;2;330;08/07/2010
2010029312;1;2;1;1;3;330;29/06/2010
2010029313;1;2;2;1;3;330;02/07/2010
2010029314;2;2;6;1;1;330;03/07/2010
2010029315;1;2;3;1;3;330;05/07/2010
2010029316;1;2;4;1;6;330;08/07/2010
2010029317;1;2;2;1;3;330;10/07/2010
2010029318;1;2;1;1;7;330;10/07/2010
2010029319;1;2;2;1;4;330;05/07/2010
2010029320;1;2;1;1;6;330;10/07/2010
2010029321;5;2;1;1;3;330;09/07/2010
2010029322;5;2;3;1;2;330;09/07/2010
2010029323;1;2;1;1;6;330;06/07/2010
2010029324;1;2;2;1;3;330;11/07/2010
2010029325;1;2;3;1;3;330;12/07/2010
2010029326;1;2;1;1;4;330;10/07/2010
2010029327;1;2;1;1;6;330;14/07/2010
2010029328;1;2;4;1;3;330;06/07/2010
2010029329;1;2;2;1;3;330;08/07/2010
2010029330;1;2;3;1;3;330;12/07/2010
2010029331;1;2;2;1;3;330;18/07/2010
2010029332;5;2;2;1;3;330;16/07/2010
2010029333;1;2;3;1;6;330;17/07/2010
2010029334;2;2;1;1;6;330;18/07/2010
2010029335;1;2;1;1;6;330;19/07/2010
2010029336;2;2;1;1;6;330;19/07/2010
2010029337;1;2;3;1;3;330;09/07/2010
2010029338;1;2;4;1;3;330;06/07/2010
2010029339;1;2;2;1;3;330;20/07/2010
2010029340;1;2;5;1;3;330;20/07/2010
2010029341;2;2;5;1;3;330;20/07/2010
2010029342;5;2;3;1;7;330;21/07/2010
2010029343;1;2;1;1;3;330;20/07/2010
2010029344;5;2;3;1;3;330;15/07/2010
2010029345;1;2;2;1;3;330;13/07/2010
2010029346;1;2;6;1;6;330;18/07/2010
2010029347;1;2;6;1;5;330;21/07/2010
2010029348;1;2;2;2;3;330;21/07/2010
2010029349;5;2;3;8;6;330;21/07/2010
2010029350;1;2;1;1;3;330;16/07/2010
2010029351;5;2;6;1;6;330;16/07/2010
2010029352;1;2;3;1;3;330;14/07/2010
2010029353;1;2;1;1;7;330;17/07/2010
2010029354;5;2;1;1;6;330;25/07/2010
2010029355;1;2;3;1;5;330;24/07/2010
2010029356;1;2;1;3;2;330;23/07/2010
2010029357;1;2;1;1;5;330;23/07/2010
2010029358;1;2;1;1;6;330;16/07/2010
2010029359;1;2;2;1;3;330;19/07/2010
2010029360;1;2;2;2;6;330;21/07/2010
2010029361;1;2;2;1;3;330;23/07/2010
2010029362;2;2;2;1;3;330;23/07/2010
2010029363;1;2;4;1;3;330;20/07/2010
2010029364;1;2;3;1;3;330;23/07/2010
2010029365;1;2;1;1;6;330;21/07/2010
2010029366;1;2;2;1;3;330;28/07/2010
2010029367;1;2;3;2;6;330;21/07/2010
2010029368;1;2;1;1;7;330;29/07/2010
2010029369;1;2;2;1;2;330;26/07/2010
2010029370;1;2;6;1;3;330;27/07/2010
2010029371;1;2;2;1;2;330;29/07/2010
2010029372;1;2;1;1;1;330;20/07/2010
2010029373;5;2;1;1;6;330;14/07/2010
2010029374;1;2;3;1;3;330;29/07/2010
2010029375;5;2;1;1;6;330;01/08/2010
2010029376;1;2;1;1;3;330;30/07/2010
2010029377;5;2;3;1;7;330;30/07/2010
2010029378;1;2;1;1;7;330;29/07/2010
2010029379;5;2;1;1;7;330;03/08/2010
2010029380;5;2;3;1;2;330;03/08/2010
2010029381;1;2;1;1;6;330;03/08/2010
2010029382;1;2;3;1;3;330;03/08/2010
2010029383;1;2;5;1;1;330;27/07/2010
2010029384;1;2;6;1;3;330;29/07/2010
2010029385;5;2;2;1;3;330;04/08/2010
2010029386;1;2;3;2;3;330;04/08/2010
2010029387;1;2;1;1;6;330;30/07/2010
2010029388;1;2;1;1;3;330;31/07/2010
2010029389;1;2;1;1;7;330;04/08/2010
2010029390;1;2;2;1;2;330;31/07/2010
2010029391;2;2;1;1;6;330;08/08/2010
2010029392;1;2;4;1;3;330;08/08/2010
2010029393;5;2;1;1;1;330;06/08/2010
2010029394;1;2;2;1;3;330;07/08/2010
2010029395;1;2;1;1;3;330;09/08/2010
2010029396;1;2;2;1;5;330;06/08/2010
2010029397;1;2;1;1;6;330;09/08/2010
2010029398;1;2;1;1;2;330;08/08/2010
2010029399;1;2;2;1;3;330;10/08/2010
2010029400;1;2;1;2;1;330;04/08/2010
2010029401;5;2;1;1;7;330;11/08/2010
2010029402;1;2;1;1;2;330;07/08/2010
2010029403;1;2;2;1;1;330;08/08/2010
2010029404;1;2;1;1;6;330;08/08/2010
2010029405;1;2;1;1;2;330;08/08/2010
2010029406;1;2;2;1;3;330;12/08/2010
2010029407;1;2;3;2;1;330;11/08/2010
2010029408;1;2;3;2;6;330;10/08/2010
2010029409;1;2;1;1;3;330;06/08/2010
2010029410;5;2;2;1;6;330;14/08/2010
2010029411;1;2;3;1;3;330;15/08/2010
2010029412;1;2;3;1;3;330;11/08/2010
2010029413;1;2;1;1;6;330;07/08/2010
2010029414;5;2;3;1;3;330;16/08/2010
2010029415;5;2;1;1;7;330;18/08/2010
2010029416;1;2;3;1;3;330;17/08/2010
2010029417;4;2;1;1;6;330;19/08/2010
2010029418;1;2;2;2;3;330;18/08/2010
2010029419;1;2;1;1;5;330;12/08/2010
2010029420;1;2;5;1;3;330;19/08/2010
2010029421;1;2;3;1;6;330;18/08/2010
2010029422;1;2;5;1;3;330;18/08/2010
2010029423;1;2;1;1;2;330;19/08/2010
2010029424;1;2;1;1;2;330;21/08/2010
2010029425;1;2;2;1;3;330;20/08/2010
2010029426;1;2;1;1;1;330;20/08/2010
2010029427;1;2;2;1;3;330;20/08/2010
2010029428;1;2;1;1;3;330;25/08/2010
2010029429;5;2;1;1;6;330;22/08/2010
2010029430;1;2;2;1;3;330;20/08/2010
2010029431;1;2;2;1;3;330;20/08/2010
2010029432;1;2;1;1;2;330;20/08/2010
2010029433;1;2;6;1;3;330;23/08/2010
2010029434;5;2;1;1;6;330;22/08/2010
2010029435;1;2;3;1;6;330;21/08/2010
2010029436;5;2;1;1;6;330;20/08/2010
2010029437;1;2;2;1;3;330;24/08/2010
2010029438;1;2;3;1;2;330;24/08/2010
2010029439;1;2;2;1;3;330;23/08/2010
2010029440;1;2;1;1;2;330;24/08/2010
2010029441;1;2;1;1;4;330;26/08/2010
2010029442;1;2;6;1;3;330;24/08/2010
2010029443;5;2;1;1;3;330;29/08/2010
2010029444;1;2;3;1;3;330;27/08/2010
2010029445;1;2;1;1;3;330;28/08/2010
2010029446;5;2;4;1;3;330;28/08/2010
2010029447;5;2;2;1;3;330;31/08/2010
2010029448;5;2;2;1;3;330;26/08/2010
2010029449;1;2;1;1;6;330;29/08/2010
2010029450;1;2;3;1;3;330;31/08/2010
2010029451;2;2;2;1;3;330;24/08/2010
2010029452;5;2;2;1;5;330;01/09/2010
2010029453;1;2;3;1;2;330;02/09/2010
2010029454;5;2;1;1;7;330;27/08/2010
2010029455;1;2;3;1;2;330;27/08/2010
2010029456;1;2;2;1;3;330;28/08/2010
2010029457;5;2;4;1;3;330;31/08/2010
2010029458;1;1;1;7;3;330;30/08/2010
2010029459;2;2;3;1;3;330;03/09/2010
2010029460;1;2;2;1;3;330;03/09/2010
2010029461;1;2;4;1;3;330;05/09/2010
2010029462;5;2;7;1;3;330;03/09/2010
2010029463;1;2;3;1;3;330;04/09/2010
2010029464;1;2;3;2;3;330;07/09/2010
2010029465;1;2;2;1;3;330;31/08/2010
2010029466;1;2;4;1;3;330;30/08/2010
2010029467;5;2;2;2;3;330;07/09/2010
2010029468;1;2;2;1;2;330;06/09/2010
2010029469;1;2;2;1;2;330;06/09/2010
2010029470;1;2;1;1;6;330;06/09/2010
2010029471;1;2;2;1;1;330;31/08/2010
2010029472;1;2;3;1;6;330;31/08/2010
2010029473;1;2;1;1;3;330;02/09/2010
2010029474;1;2;2;1;3;330;05/09/2010
2010029475;1;2;4;1;5;330;07/09/2010
2010029476;1;2;4;2;7;330;07/09/2010
2010029477;5;2;3;2;6;330;07/09/2010
2010029478;1;2;2;1;6;330;07/09/2010
2010029479;5;2;3;3;6;330;08/09/2010
2010029480;1;2;3;1;6;330;09/09/2010
2010029481;1;2;2;1;2;330;09/09/2010
2010029482;2;2;1;2;6;330;09/09/2010
2010029483;5;2;3;1;2;330;04/09/2010
2010029484;2;2;2;1;3;330;03/09/2010
2010029485;1;2;2;1;7;330;04/09/2010
2010029486;5;2;2;8;3;330;08/09/2010
2010029487;5;2;3;1;7;330;10/09/2010
2010029488;5;2;1;1;6;330;05/09/2010
2010029489;1;2;1;1;7;330;31/08/2010
2010029490;1;2;1;1;6;330;06/09/2010
2010029491;1;2;6;1;2;330;03/09/2010
2010029492;1;2;1;1;2;330;07/09/2010
2010029493;5;2;3;1;7;330;05/09/2010
2010029494;5;2;1;1;6;330;05/09/2010
2010029495;2;2;3;1;2;330;12/09/2010
2010029496;1;2;1;1;6;330;11/09/2010
2010029497;1;2;3;1;3;330;10/09/2010
2010029498;1;2;2;1;3;330;11/09/2010
2010029499;1;2;1;1;1;330;10/09/2010
2010029500;1;2;4;2;3;330;07/09/2010
2010029501;1;2;2;1;6;330;13/09/2010
2010029502;1;2;2;1;2;330;07/09/2010
2010029503;1;2;1;1;6;330;09/09/2010
2010029504;1;2;1;1;3;330;06/09/2010
2010029505;1;2;1;1;7;330;10/09/2010
2010029506;1;2;2;1;3;330;13/09/2010
2010029507;1;2;3;1;1;330;14/09/2010
2010029508;1;2;2;1;6;330;26/08/2010
2010029509;1;2;3;1;2;330;13/09/2010
2010029510;1;2;2;1;3;330;10/09/2010
2010029511;1;2;1;1;7;330;14/09/2010
2010029512;5;2;1;1;6;330;10/09/2010
2010029513;1;2;1;1;7;330;15/09/2010
2010029514;5;2;1;1;7;330;05/09/2010
2010029515;1;2;2;1;3;330;10/09/2010
2010029516;5;2;1;1;7;330;10/09/2010
2010029517;1;2;3;1;2;330;11/09/2010
2010029518;1;2;3;1;1;330;15/09/2010
2010029519;1;2;3;1;3;330;15/09/2010
2010029520;1;2;1;1;6;330;16/09/2010
2010029521;1;2;4;1;7;330;10/09/2010
2010029522;1;2;1;1;2;330;14/09/2010
2010029523;1;2;1;1;3;330;16/09/2010
2010029524;1;2;2;1;3;330;14/09/2010
2010029525;1;2;1;1;7;330;20/09/2010
2010029526;1;2;1;1;3;330;13/09/2010
2010029527;1;2;2;1;3;330;10/09/2010
2010029528;1;2;3;1;3;330;14/09/2010
2010029529;1;2;1;1;6;330;22/09/2010
2010029530;1;2;1;1;2;330;22/09/2010
2010029531;1;2;1;1;4;330;22/09/2010
2010029532;1;2;3;1;3;330;21/09/2010
2010029533;1;2;2;1;3;330;14/09/2010
2010029534;5;2;2;1;3;330;24/09/2010
2010029535;1;2;3;1;3;330;23/09/2010
2010029536;1;2;6;1;3;330;17/09/2010
2010029537;1;2;2;1;7;330;17/09/2010
2010029538;5;2;9;1;6;330;18/09/2010
2010029539;5;2;3;2;3;330;16/09/2010
2010029540;1;2;2;1;4;330;15/09/2010
2010029541;2;2;1;1;3;330;17/09/2010
2010029542;1;2;1;1;3;330;20/09/2010
2010029543;1;2;4;1;4;330;21/09/2010
2010029544;1;2;3;1;3;330;21/09/2010
2010029545;1;2;6;1;3;330;17/09/2010
2010029546;5;2;1;1;6;330;20/09/2010
2010029547;1;2;1;1;7;330;21/09/2010
2010029548;1;2;1;1;3;330;26/09/2010
2010029549;5;2;2;1;3;330;24/09/2010