num_acc;lum;agg;inter;atm;col;dep;date
2010030127;1;2;1;1;6;340;15/01/2010
2010030128;1;2;1;1;3;340;15/01/2010
2010030129;1;2;2;1;6;340;18/01/2010
2010030130;1;2;1;1;6;340;18/01/2010
2010030131;1;2;2;1;6;340;18/01/2010
2010030132;1;1;1;1;5;340;19/01/2010
2010030133;3;1;1;8;3;340;20/01/2010
2010030134;5;2;1;8;7;340;20/01/2010
2010030135;1;2;1;1;7;340;21/01/2010
2010030136;5;2;2;1;6;340;21/01/2010
2010030137;1;2;1;1;2;340;22/01/2010
2010030138;1;2;3;1;5;340;23/01/2010
2010030139;2;1;1;1;6;340;23/01/2010
2010030140;5;2;1;1;2;340;24/01/2010
2010030141;2;1;9;2;6;340;25/01/2010
2010030142;1;2;3;1;3;340;26/01/2010
2010030143;1;2;2;1;3;340;26/01/2010
2010030144;1;2;1;7;1;340;26/01/2010
2010030145;1;2;1;1;1;340;27/01/2010
2010030146;1;2;1;1;6;340;27/01/2010
2010030147;5;2;1;1;6;340;29/01/2010
2010030148;1;2;3;1;1;340;29/01/2010
2010030149;1;2;1;1;6;340;29/01/2010
2010030150;5;2;6;1;3;340;29/01/2010
2010030151;3;1;1;1;7;340;30/01/2010
2010030152;5;2;1;1;7;340;30/01/2010
2010030153;5;2;1;1;1;340;31/01/2010
2010030154;1;2;1;1;2;340;31/01/2010
2010030155;3;1;1;1;7;340;31/01/2010
2010030156;1;2;2;1;3;340;01/02/2010
2010030157;1;2;1;1;7;340;01/02/2010
2010030158;1;2;1;1;2;340;02/02/2010
2010030159;1;2;2;1;3;340;02/02/2010
2010030160;1;2;1;1;6;340;03/02/2010
2010030161;5;2;1;1;6;340;03/02/2010
2010030162;1;2;1;8;3;340;04/02/2010
2010030163;1;1;1;8;6;340;05/02/2010
2010030164;1;2;1;1;6;340;05/02/2010
2010030165;4;2;1;1;1;340;06/02/2010
2010030166;1;2;1;1;3;340;03/02/2010
2010030167;1;2;1;1;7;340;07/02/2010
2010030168;1;2;1;3;4;340;09/02/2010
2010030169;1;2;2;3;7;340;09/02/2010
2010030170;1;2;1;2;6;340;09/02/2010
2010030171;2;2;1;2;6;340;09/02/2010
2010030172;1;2;3;1;2;340;10/02/2010
2010030173;1;2;1;6;3;340;10/02/2010
2010030174;5;2;1;1;3;340;11/02/2010
2010030175;1;2;9;1;7;340;12/02/2010
2010030176;1;2;1;1;7;340;15/02/2010
2010030177;2;2;1;1;6;340;15/02/2010
2010030178;2;2;1;2;6;340;16/02/2010
2010030179;1;2;6;2;2;340;16/02/2010
2010030180;1;2;1;3;1;340;17/02/2010
2010030181;1;2;1;1;1;340;18/02/2010
2010030182;1;2;2;1;3;340;15/02/2010
2010030183;1;2;2;3;6;340;19/02/2010
2010030184;1;2;1;1;2;340;20/02/2010
2010030185;1;2;3;1;3;340;20/02/2010
2010030186;5;2;7;1;3;340;21/02/2010
2010030187;5;2;3;1;2;340;21/02/2010
2010030188;1;2;6;2;6;340;22/02/2010
2010030189;2;2;1;8;3;340;22/02/2010
2010030190;5;2;2;3;3;340;03/03/2010
2010030191;1;2;1;8;6;340;23/02/2010
2010030192;5;2;2;1;1;340;24/02/2010
2010030193;5;2;1;1;7;340;25/02/2010
2010030194;2;2;1;1;6;340;25/02/2010
2010030195;1;2;1;1;2;340;26/02/2010
2010030196;5;2;1;1;7;340;27/02/2010
2010030197;1;2;1;1;2;340;27/02/2010
2010030198;1;2;1;1;2;340;27/02/2010
2010030199;1;2;2;2;3;340;27/02/2010
2010030200;2;2;2;1;3;340;01/03/2010
2010030201;1;2;7;1;3;340;01/03/2010
2010030202;5;2;2;1;6;340;01/03/2010
2010030203;1;2;1;1;6;340;02/03/2010
2010030204;1;2;1;1;2;340;02/03/2010
2010030205;1;2;3;8;3;340;04/03/2010
2010030206;1;1;1;6;6;340;05/03/2010
2010030207;1;2;1;1;3;340;05/03/2010
2010030208;5;2;3;1;2;340;05/03/2010
2010030209;1;2;3;1;3;340;01/03/2010
2010030210;5;2;2;1;5;340;06/03/2010
2010030211;1;2;3;1;1;340;09/03/2010
2010030212;1;2;1;1;7;340;10/03/2010
2010030213;1;2;3;1;3;340;12/03/2010
2010030214;1;2;1;1;6;340;12/03/2010
2010030215;1;2;1;1;2;340;12/03/2010
2010030216;5;2;1;1;6;340;13/03/2010
2010030217;4;2;1;1;5;340;12/03/2010
2010030218;1;2;1;1;2;340;13/03/2010
2010030219;1;2;1;1;7;340;14/03/2010
2010030220;1;2;3;1;3;340;15/03/2010
2010030221;1;2;1;1;6;340;16/03/2010
2010030222;5;2;2;1;7;340;17/03/2010
2010030223;1;2;1;1;3;340;16/03/2010
2010030224;1;2;1;1;3;340;17/03/2010
2010030225;1;2;1;1;6;340;17/03/2010
2010030226;1;2;3;1;3;340;18/03/2010
2010030227;5;2;3;1;3;340;18/03/2010
2010030228;1;2;1;1;6;340;19/03/2010
2010030229;1;2;1;8;3;340;19/03/2010
2010030230;1;2;1;1;2;340;19/03/2010
2010030231;1;2;1;1;6;340;19/03/2010
2010030232;1;2;1;1;2;340;19/03/2010
2010030233;4;2;2;1;3;340;19/03/2010
2010030234;1;2;1;1;6;340;20/03/2010
2010030235;1;2;1;1;3;340;24/03/2010
2010030236;1;2;1;2;3;340;25/03/2010
2010030237;1;2;1;1;3;340;26/03/2010
2010030238;1;2;1;1;6;340;26/03/2010
2010030239;5;1;1;1;3;340;27/03/2010
2010030240;1;1;1;6;7;340;27/03/2010
2010030241;1;2;1;1;7;340;27/03/2010
2010030242;1;2;2;1;3;340;27/03/2010
2010030243;1;2;1;1;3;340;29/03/2010
2010030244;1;2;1;1;6;340;29/03/2010
2010030245;5;2;2;1;3;340;29/03/2010
2010030246;1;2;3;1;6;340;30/03/2010
2010030247;1;2;1;1;3;340;31/03/2010
2010030248;1;2;1;1;6;340;31/03/2010
2010030249;1;2;1;1;6;340;31/03/2010
2010030250;1;2;3;1;3;340;01/04/2010
2010030251;1;2;1;8;7;340;03/04/2010
2010030252;5;1;1;1;2;340;03/04/2010
2010030253;1;2;1;1;2;340;05/04/2010
2010030254;1;2;9;1;5;340;05/04/2010
2010030255;1;2;3;1;5;340;06/04/2010
2010030256;1;2;2;8;7;340;08/04/2010
2010030257;1;2;1;8;3;340;08/04/2010
2010030258;5;2;1;1;2;340;08/04/2010
2010030259;1;2;3;1;3;340;09/04/2010
2010030260;5;2;1;1;7;340;10/04/2010
2010030261;1;2;1;1;6;340;11/04/2010
2010030262;1;2;2;1;5;340;12/04/2010
2010030263;1;2;9;1;6;340;13/04/2010
2010030264;1;2;1;1;7;340;10/04/2010
2010030265;1;2;1;1;7;340;13/04/2010
2010030266;1;2;1;1;6;340;14/04/2010
2010030267;1;2;2;1;6;340;14/04/2010
2010030268;1;2;3;1;3;340;15/04/2010
2010030269;1;2;1;1;4;340;15/04/2010
2010030270;1;2;1;1;4;340;14/04/2010
2010030271;5;2;9;1;3;340;17/04/2010
2010030272;5;2;2;1;2;340;17/04/2010
2010030273;5;2;1;1;6;340;19/04/2010
2010030274;1;2;3;1;1;340;19/04/2010
2010030275;1;1;1;1;3;340;19/04/2010
2010030276;1;2;3;1;3;340;19/04/2010
2010030277;1;2;1;1;5;340;22/04/2010
2010030278;1;2;1;2;6;340;23/04/2010
2010030279;1;2;1;1;3;340;23/04/2010
2010030280;5;2;3;1;6;340;24/04/2010
2010030281;1;2;9;1;3;340;24/04/2010
2010030282;1;2;1;1;6;340;24/04/2010
2010030283;1;2;2;1;1;340;25/04/2010
2010030284;1;2;1;1;3;340;26/04/2010
2010030285;1;2;1;1;6;340;26/04/2010
2010030286;1;2;1;1;3;340;26/04/2010
2010030287;1;2;1;1;3;340;27/04/2010
2010030288;1;2;1;1;7;340;27/04/2010
2010030289;1;2;1;1;7;340;27/04/2010
2010030290;1;2;1;1;7;340;27/04/2010
2010030291;1;1;1;1;3;340;28/04/2010
2010030292;5;2;3;1;6;340;28/04/2010
2010030293;5;2;2;1;1;340;29/04/2010
2010030294;1;2;1;1;6;340;29/04/2010
2010030295;5;2;2;1;3;340;29/04/2010
2010030296;1;2;1;1;3;340;30/04/2010
2010030297;1;2;1;1;2;340;01/05/2010
2010030298;1;2;1;1;2;340;03/05/2010
2010030299;1;2;1;1;3;340;03/05/2010
2010030300;2;1;1;2;6;340;04/05/2010
2010030301;1;2;6;8;3;340;05/05/2010
2010030302;1;2;1;1;1;340;05/05/2010
2010030303;1;2;2;1;6;340;06/05/2010
2010030304;3;1;1;1;7;340;07/05/2010
2010030305;1;2;3;1;3;340;07/05/2010
2010030306;3;1;1;8;7;340;09/05/2010
2010030307;1;2;1;1;3;340;10/05/2010
2010030308;1;2;1;1;1;340;10/05/2010
2010030309;1;1;1;1;2;340;11/05/2010
2010030310;1;2;1;1;2;340;12/05/2010
2010030311;1;2;7;1;2;340;12/05/2010
2010030312;1;2;3;1;6;340;13/05/2010
2010030313;1;2;1;2;3;340;14/05/2010
2010030314;5;2;2;1;1;340;14/05/2010
2010030315;1;2;1;1;6;340;16/05/2010
2010030316;1;2;1;1;2;340;17/05/2010
2010030317;1;1;1;1;2;340;18/05/2010
2010030318;1;2;1;1;1;340;19/05/2010
2010030319;1;2;9;1;2;340;20/05/2010
2010030320;1;2;2;1;3;340;21/05/2010
2010030321;1;2;2;1;3;340;21/05/2010
2010030322;5;2;1;1;7;340;22/05/2010
2010030323;1;2;1;1;7;340;22/05/2010
2010030324;1;2;1;1;2;340;22/05/2010
2010030325;2;2;1;1;7;340;23/05/2010
2010030326;1;2;1;1;2;340;24/05/2010
2010030327;1;2;1;1;7;340;25/05/2010
2010030328;1;2;1;1;3;340;25/05/2010
2010030329;1;2;1;1;6;340;27/05/2010
2010030330;1;2;1;1;3;340;27/05/2010
2010030331;1;2;1;1;1;340;27/05/2010
2010030332;1;2;6;1;3;340;28/05/2010
2010030333;1;2;1;1;1;340;28/05/2010
2010030334;1;2;3;1;3;340;29/05/2010
2010030335;1;2;1;1;1;340;29/05/2010
2010030336;5;2;1;1;7;340;30/05/2010
2010030337;1;2;1;1;6;340;31/05/2010
2010030338;1;2;3;1;1;340;31/05/2010
2010030339;1;2;2;1;6;340;02/06/2010
2010030340;1;2;1;1;2;340;02/06/2010
2010030341;1;2;1;1;3;340;03/06/2010
2010030342;1;2;1;1;6;340;04/06/2010
2010030343;1;2;1;1;2;340;05/06/2010
2010030344;1;1;1;1;7;340;07/06/2010
2010030345;1;2;1;8;7;340;08/06/2010
2010030346;1;2;3;1;7;340;08/06/2010
2010030347;1;1;1;8;7;340;09/06/2010
2010030348;1;2;1;1;3;340;09/06/2010
2010030349;1;2;3;8;7;340;10/06/2010
2010030350;1;2;2;2;3;340;10/06/2010
2010030351;5;2;1;1;7;340;11/06/2010
2010030352;1;2;1;8;6;340;11/06/2010
2010030353;1;2;1;2;7;340;11/06/2010
2010030354;1;2;1;1;6;340;11/06/2010
2010030355;1;2;1;8;6;340;11/06/2010
2010030356;1;2;1;1;3;340;03/06/2010
2010030357;1;2;3;8;3;340;13/06/2010
2010030358;1;2;1;1;6;340;12/06/2010
2010030359;1;2;1;8;6;340;14/06/2010
2010030360;1;2;2;1;3;340;14/06/2010
2010030361;1;2;2;8;3;340;14/06/2010
2010030362;1;2;1;2;2;340;15/06/2010
2010030363;1;2;1;1;6;340;15/06/2010
2010030364;5;2;1;2;6;340;15/06/2010
2010030365;1;2;1;1;3;340;16/06/2010
2010030366;1;2;1;1;6;340;17/06/2010
2010030367;1;2;1;1;6;340;20/06/2010
2010030368;1;2;1;1;6;340;21/06/2010
2010030369;1;2;1;1;3;340;22/06/2010
2010030370;5;2;1;1;3;340;22/06/2010
2010030371;5;2;1;1;6;340;23/06/2010
2010030372;1;2;2;1;3;340;23/06/2010
2010030373;1;2;1;1;7;340;24/06/2010
2010030374;1;1;1;1;3;340;24/06/2010
2010030375;5;2;1;1;7;340;25/06/2010
2010030376;1;1;1;1;7;340;26/06/2010
2010030377;5;2;2;1;3;340;27/06/2010
2010030378;5;2;1;1;6;340;28/06/2010
2010030379;1;2;1;1;3;340;29/06/2010
2010030380;1;2;1;1;6;340;01/07/2010
2010030381;1;2;1;1;7;340;01/07/2010
2010030382;1;2;1;1;7;340;02/07/2010
2010030383;1;1;1;1;3;340;02/07/2010
2010030384;1;2;6;1;2;340;03/07/2010
2010030385;5;2;1;1;6;340;04/07/2010
2010030386;4;1;1;1;1;340;04/07/2010
2010030387;1;2;2;1;5;340;05/07/2010
2010030388;5;2;1;1;7;340;05/07/2010
2010030389;1;2;1;1;1;340;06/07/2010
2010030390;1;2;1;1;2;340;06/07/2010
2010030391;1;2;6;1;3;340;07/07/2010
2010030392;1;2;1;1;7;340;06/07/2010
2010030393;1;2;3;1;7;340;06/07/2010
2010030394;1;2;1;1;2;340;06/07/2010
2010030395;1;2;2;1;3;340;07/07/2010
2010030396;1;2;1;1;7;340;08/07/2010
2010030397;1;2;2;1;3;340;08/07/2010
2010030398;1;2;2;1;3;340;09/07/2010
2010030399;5;1;1;1;7;340;10/07/2010
2010030400;1;2;1;1;6;340;11/07/2010
2010030401;1;2;1;1;1;340;12/07/2010
2010030402;1;2;1;1;3;340;13/07/2010
2010030403;1;2;1;1;7;340;15/07/2010
2010030404;1;2;1;1;2;340;15/07/2010
2010030405;1;2;3;1;3;340;16/07/2010
2010030406;1;2;1;1;3;340;16/07/2010
2010030407;5;2;3;1;3;340;17/07/2010
2010030408;1;2;3;1;7;340;17/07/2010
2010030409;1;2;3;1;3;340;08/07/2010
2010030410;1;2;2;1;3;340;20/07/2010
2010030411;1;2;1;1;7;340;15/07/2010
2010030412;1;2;1;1;6;340;16/07/2010
2010030413;1;2;1;1;6;340;16/07/2010
2010030414;1;2;3;1;3;340;17/07/2010
2010030415;1;2;1;1;6;340;16/07/2010
2010030416;1;2;1;1;7;340;17/07/2010
2010030417;2;2;1;1;6;340;18/07/2010
2010030418;1;2;2;1;3;340;19/07/2010
2010030419;1;2;1;1;6;340;20/07/2010
2010030420;5;2;1;1;7;340;20/07/2010
2010030421;1;2;1;8;3;340;21/07/2010
2010030422;1;2;1;1;6;340;21/07/2010
2010030423;5;2;1;1;7;340;22/07/2010
2010030424;1;2;1;1;3;340;22/07/2010
2010030425;1;2;1;1;3;340;24/07/2010
2010030426;1;2;1;1;3;340;24/07/2010
2010030427;1;2;1;1;1;340;28/07/2010
2010030428;1;2;6;1;7;340;28/07/2010
2010030429;1;2;3;1;3;340;28/07/2010
2010030430;5;1;1;1;6;340;29/07/2010
2010030431;1;2;1;1;3;340;29/07/2010
2010030432;1;2;1;1;3;340;30/07/2010
2010030433;1;2;1;1;7;340;30/07/2010
2010030434;5;2;2;1;3;340;31/07/2010
2010030435;5;2;3;1;3;340;31/07/2010
2010030436;1;2;2;1;1;340;31/07/2010
2010030437;5;2;7;1;3;340;31/07/2010
2010030438;1;2;1;8;6;340;01/08/2010
2010030439;5;2;1;1;7;340;03/08/2010
2010030440;1;2;2;1;3;340;03/08/2010
2010030441;1;2;1;1;4;340;03/08/2010
2010030442;1;2;1;1;3;340;05/08/2010
2010030443;1;2;3;1;7;340;05/08/2010
2010030444;1;2;1;1;6;340;07/08/2010
2010030445;1;2;3;1;1;340;09/08/2010
2010030446;1;2;3;1;3;340;10/08/2010
2010030447;1;2;3;1;3;340;10/08/2010
2010030448;1;2;3;1;3;340;11/08/2010
2010030449;1;2;1;1;1;340;12/08/2010
2010030450;1;2;1;1;1;340;11/08/2010
2010030451;1;2;1;1;4;340;12/08/2010
2010030452;1;2;6;1;7;340;13/08/2010
2010030453;1;2;1;1;2;340;13/08/2010
2010030454;1;2;1;1;3;340;13/08/2010
2010030455;1;2;6;1;3;340;08/08/2010
2010030456;1;2;2;1;5;340;14/08/2010
2010030457;1;2;1;8;2;340;14/08/2010
2010030458;5;2;1;1;2;340;16/08/2010
2010030459;5;2;1;1;7;340;17/08/2010
2010030460;1;2;1;1;4;340;16/08/2010
2010030461;1;2;2;1;1;340;17/08/2010
2010030462;5;2;1;1;7;340;18/08/2010
2010030463;1;2;1;1;1;340;19/08/2010
2010030464;1;1;1;1;3;340;20/08/2010
2010030465;1;1;1;1;1;340;21/08/2010
2010030466;1;2;1;1;6;340;21/08/2010
2010030467;1;2;1;1;6;340;21/08/2010
2010030468;1;2;1;1;3;340;22/08/2010
2010030469;1;2;1;1;6;340;22/08/2010
2010030470;5;2;1;1;7;340;23/08/2010
2010030471;5;2;2;1;3;340;24/08/2010
2010030472;5;2;1;1;7;340;25/08/2010
2010030473;1;2;1;1;3;340;25/08/2010
2010030474;1;2;2;1;3;340;28/08/2010
2010030475;2;2;1;1;6;340;29/08/2010
2010030476;1;2;6;1;3;340;29/08/2010
2010030477;1;2;1;1;2;340;30/08/2010
2010030478;5;2;2;1;3;340;30/08/2010
2010030479;1;2;1;1;4;340;30/08/2010
2010030480;1;2;1;1;7;340;31/08/2010
2010030481;1;2;1;1;3;340;31/08/2010
2010030482;1;2;2;1;3;340;01/09/2010
2010030483;1;1;1;1;2;340;01/09/2010
2010030484;1;2;1;1;6;340;03/09/2010
2010030485;1;1;3;1;3;340;03/09/2010
2010030486;1;2;2;1;3;340;03/09/2010
2010030487;5;2;2;1;3;340;03/09/2010
2010030488;5;2;2;1;3;340;04/09/2010
2010030489;1;2;2;1;3;340;04/09/2010
2010030490;1;2;3;1;2;340;04/09/2010
2010030491;1;2;2;1;2;340;05/09/2010
2010030492;5;2;5;1;3;340;06/09/2010
2010030493;5;2;1;2;3;340;06/09/2010
2010030494;5;2;1;2;2;340;07/09/2010
2010030495;1;2;1;8;6;340;07/09/2010
2010030496;3;2;1;3;5;340;07/09/2010
2010030497;1;2;1;1;4;340;08/09/2010
2010030498;1;2;2;1;3;340;09/09/2010
2010030499;1;2;1;1;6;340;09/09/2010
2010030500;1;2;1;1;2;340;09/09/2010
2010030501;5;2;2;1;3;340;09/09/2010
2010030502;1;2;2;1;1;340;10/09/2010
2010030503;1;2;2;1;3;340;10/09/2010
2010030504;1;2;1;1;3;340;10/09/2010
2010030505;1;2;1;1;4;340;10/09/2010
2010030506;1;2;3;1;5;340;10/09/2010
2010030507;1;2;1;1;3;340;10/09/2010
2010030508;5;2;1;1;3;340;12/09/2010
2010030509;1;2;3;1;1;340;13/09/2010
2010030510;1;2;1;1;2;340;13/09/2010
2010030511;1;2;1;1;3;340;13/09/2010
2010030512;5;2;1;1;7;340;13/09/2010
2010030513;5;2;1;1;7;340;13/09/2010
2010030514;1;2;1;1;3;340;14/09/2010
2010030515;1;2;1;1;6;340;14/09/2010
2010030516;1;2;3;1;3;340;16/09/2010
2010030517;1;2;1;1;7;340;13/09/2010
2010030518;1;2;1;1;7;340;11/09/2010
2010030519;1;2;1;8;2;340;16/09/2010
2010030520;5;2;1;2;7;340;16/09/2010
2010030521;1;2;9;8;6;340;17/09/2010
2010030522;1;2;1;1;2;340;13/09/2010
2010030523;3;1;1;2;1;340;17/09/2010
2010030524;1;2;1;1;7;340;17/09/2010
2010030525;1;2;1;1;7;340;18/09/2010
2010030526;5;2;1;1;1;340;18/09/2010
2010030527;1;2;1;1;7;340;19/09/2010
2010030528;5;2;1;1;2;340;19/09/2010
2010030529;5;2;1;1;3;340;20/09/2010
2010030530;1;2;2;1;1;340;21/09/2010
2010030531;1;2;1;1;3;340;22/09/2010
2010030532;1;2;1;1;2;340;22/09/2010
2010030533;1;2;1;1;7;340;22/09/2010
2010030534;5;2;1;8;7;340;24/09/2010
2010030535;1;2;1;1;1;340;24/09/2010
2010030536;2;2;1;1;3;340;24/09/2010
2010030537;1;2;2;1;3;340;25/09/2010
2010030538;3;2;1;1;6;340;25/09/2010
2010030539;5;2;1;1;3;340;26/09/2010
2010030540;1;2;1;1;4;340;27/09/2010
2010030541;1;2;3;1;2;340;28/09/2010
2010030542;1;2;1;1;3;340;28/09/2010
2010030543;1;2;2;1;3;340;25/09/2010
2010030544;1;2;1;1;5;340;29/09/2010
2010030545;1;2;1;1;2;340;29/09/2010
2010030546;1;2;1;1;3;340;28/09/2010
2010030547;1;2;1;1;4;340;28/09/2010
2010030548;5;2;1;1;7;340;01/10/2010
2010030549;1;2;1;7;3;340;29/09/2010
2010030550;1;2;2;1;3;340;01/10/2010
2010030551;5;2;1;1;3;340;01/10/2010
2010030552;5;2;1;1;1;340;02/10/2010
2010030553;1;2;1;1;7;340;01/10/2010
2010030554;5;2;2;1;3;340;04/10/2010
2010030555;1;2;2;1;1;340;05/10/2010
2010030556;1;2;3;1;3;340;04/10/2010
2010030557;1;2;1;8;7;340;24/09/2010
2010030558;1;2;1;1;3;340;04/10/2010
2010030559;1;2;1;8;7;340;06/10/2010
2010030560;1;2;3;1;7;340;07/10/2010
2010030561;1;2;1;1;1;340;08/10/2010
2010030562;5;2;2;1;3;340;08/10/2010
2010030563;5;2;3;1;3;340;10/10/2010
2010030564;2;2;6;2;6;340;10/10/2010
2010030565;1;2;1;8;7;340;11/10/2010
2010030566;1;2;6;1;3;340;12/10/2010
2010030567;1;2;1;1;7;340;12/10/2010
2010030568;5;2;1;1;6;340;13/10/2010
2010030569;1;2;1;1;7;340;13/10/2010
2010030570;5;2;3;1;3;340;14/10/2010
2010030571;1;2;1;1;2;340;15/10/2010
2010030572;4;2;1;1;3;340;15/10/2010
2010030573;5;2;2;1;1;340;17/10/2010
2010030574;3;1;1;1;7;340;19/10/2010
2010030575;1;2;2;1;3;340;19/10/2010
2010030576;1;2;1;1;2;340;19/10/2010
2010030577;3;1;1;1;2;340;19/10/2010
2010030578;1;2;1;1;6;340;20/10/2010
2010030579;1;2;1;1;5;340;20/10/2010
2010030580;5;2;3;1;7;340;20/10/2010
2010030581;5;2;1;1;6;340;21/10/2010
2010030582;5;2;1;1;2;340;20/10/2010
2010030583;2;2;1;8;1;340;23/10/2010
2010030584;1;2;6;1;3;340;23/10/2010
2010030585;5;2;2;1;3;340;23/10/2010
2010030586;5;2;2;2;3;340;24/10/2010
2010030587;1;2;1;1;5;340;26/10/2010
2010030588;1;2;9;1;3;340;26/10/2010
2010030589;1;2;1;1;6;340;27/10/2010
2010030590;5;2;1;1;3;340;27/10/2010
2010030591;1;2;1;1;7;340;29/10/2010
2010030592;1;2;3;1;3;340;29/10/2010
2010030593;1;2;3;8;3;340;29/10/2010
2010030594;1;2;1;1;7;340;29/10/2010
2010030595;1;2;1;1;1;340;28/10/2010
2010030596;1;2;3;8;3;340;29/10/2010
2010030597;2;2;3;1;4;340;29/10/2010
2010030598;5;2;1;3;6;340;30/10/2010
2010030599;5;2;1;1;7;340;30/10/2010
2010030600;5;2;1;1;7;340;31/10/2010
2010030601;2;2;1;2;3;340;31/10/2010
2010030602;1;2;1;1;6;340;02/11/2010
2010030603;3;2;1;1;1;340;02/11/2010
2010030604;1;2;1;1;2;340;03/11/2010
2010030605;1;2;1;3;3;340;31/10/2010
2010030606;1;2;3;1;3;340;15/10/2010
2010030607;1;2;1;1;3;340;03/11/2010
2010030608;1;2;1;1;2;340;04/11/2010
2010030609;1;2;1;1;6;340;04/11/2010
2010030610;5;2;1;1;4;340;04/11/2010
2010030611;1;2;1;1;7;340;05/11/2010
2010030612;1;2;1;1;6;340;05/11/2010
2010030613;1;2;1;8;7;340;07/11/2010
2010030614;1;2;1;8;6;340;08/11/2010
2010030615;5;2;6;1;3;340;08/11/2010
2010030616;5;2;1;2;1;340;08/11/2010
2010030617;1;2;2;1;3;340;09/11/2010
2010030618;1;1;1;1;2;340;05/11/2010
2010030619;1;2;1;1;6;340;10/11/2010
2010030620;5;2;4;1;3;340;10/11/2010
2010030621;1;2;3;1;1;340;11/11/2010
2010030622;1;2;1;1;6;340;12/11/2010
2010030623;5;2;2;1;1;340;12/11/2010
2010030624;3;2;1;1;6;340;12/11/2010
2010030625;5;2;3;1;2;340;13/11/2010
2010030626;1;2;6;1;3;340;13/11/2010
2010030627;1;2;2;2;5;340;15/11/2010
2010030628;1;2;1;2;1;340;15/11/2010
2010030629;1;2;1;1;3;340;18/11/2010
2010030630;1;2;1;2;3;340;15/11/2010
2010030631;5;2;2;1;3;340;16/11/2010
2010030632;1;2;2;2;3;340;15/11/2010
2010030633;1;2;3;1;3;340;16/11/2010
2010030634;5;2;1;1;7;340;15/11/2010
2010030635;1;2;3;1;3;340;16/11/2010
2010030636;5;2;4;1;2;340;16/11/2010
2010030637;5;2;3;1;3;340;12/11/2010
2010030638;1;1;1;1;3;340;17/11/2010
2010030639;5;2;1;1;2;340;18/11/2010
2010030640;1;2;1;1;6;340;19/11/2010
2010030641;5;2;1;1;7;340;20/11/2010
2010030642;1;2;1;2;4;340;20/11/2010
2010030643;5;2;3;8;3;340;20/11/2010
2010030644;5;2;1;1;7;340;23/11/2010
2010030645;5;2;1;1;3;340;23/11/2010
2010030646;1;2;1;1;2;340;24/11/2010
2010030647;5;2;1;1;3;340;24/11/2010
2010030648;5;2;1;1;7;340;25/11/2010
2010030649;3;1;1;1;7;340;25/11/2010
2010030650;1;1;1;1;7;340;25/11/2010
2010030651;1;2;2;1;6;340;26/11/2010
2010030652;5;2;2;1;3;340;25/11/2010
2010030653;4;1;3;1;3;340;25/11/2010
2010030654;5;2;2;1;1;340;25/11/2010
2010030655;5;2;2;1;1;340;26/11/2010
2010030656;1;2;1;1;3;340;27/11/2010
2010030657;5;2;1;1;3;340;27/11/2010
2010030658;3;2;1;2;6;340;28/11/2010
2010030659;1;2;1;8;3;340;30/11/2010
2010030660;5;2;1;2;6;340;30/11/2010
2010030661;5;2;1;2;3;340;30/11/2010
2010030662;5;2;1;2;5;340;30/11/2010
2010030663;5;2;2;1;3;340;01/12/2010
2010030664;1;2;2;1;3;340;02/12/2010
2010030665;1;2;1;1;2;340;02/12/2010
2010030666;2;2;3;1;3;340;03/12/2010
2010030667;3;1;1;8;7;340;05/12/2010
2010030668;1;2;1;2;6;340;07/12/2010
2010030669;1;2;4;2;3;340;07/12/2010
2010030670;1;2;1;2;1;340;07/12/2010
2010030671;2;2;3;8;3;340;07/12/2010
2010030672;5;2;1;2;5;340;07/12/2010
2010030673;1;2;1;2;3;340;08/12/2010
2010030674;1;2;1;1;6;340;08/12/2010
2010030675;1;2;1;1;6;340;08/12/2010
2010030676;5;2;3;1;3;340;08/12/2010
2010030677;2;2;1;1;2;340;08/12/2010
2010030678;5;2;6;1;3;340;09/12/2010
2010030679;1;2;1;1;6;340;10/12/2010
2010030680;5;2;3;1;2;340;10/12/2010
2010030681;5;2;1;1;7;340;10/12/2010
2010030682;1;2;1;1;6;340;12/12/2010
2010030683;1;2;1;1;2;340;13/12/2010
2010030684;1;2;9;1;2;340;13/12/2010
2010030685;1;2;1;1;3;340;13/12/2010
2010030686;1;2;9;1;3;340;13/12/2010
2010030687;1;2;9;1;3;340;14/12/2010
2010030688;5;2;2;1;6;340;14/12/2010
2010030689;1;2;1;1;5;340;15/12/2010
2010030690;1;2;1;1;3;340;15/12/2010
2010030691;1;2;2;1;1;340;16/12/2010
2010030692;1;1;1;1;3;340;16/12/2010
2010030693;1;1;1;8;7;340;17/12/2010
2010030694;1;2;2;1;3;340;17/12/2010
2010030695;1;2;1;1;2;340;18/12/2010
2010030696;1;2;1;2;7;340;23/12/2010
2010030697;5;2;1;1;7;340;26/12/2010
2010030698;5;2;1;2;7;340;29/12/2010
2010030699;1;2;1;2;5;340;30/12/2010
2010030700;5;2;1;8;3;340;30/12/2010
2010030701;1;2;3;1;3;340;31/12/2010
2010030702;3;2;1;3;7;340;01/01/2010
2010030703;1;1;1;1;3;340;24/01/2010