num_acc;lum;agg;inter;atm;col;dep;date
2010030704;2;2;1;1;3;340;02/02/2010
2010030705;5;2;2;3;3;340;04/02/2010
2010030706;5;2;2;1;3;340;07/02/2010
2010030707;1;1;1;1;3;340;28/02/2010
2010030708;1;2;3;1;3;340;01/03/2010
2010030709;1;1;1;1;2;340;09/03/2010
2010030710;1;2;1;1;3;340;11/03/2010
2010030711;1;2;1;1;2;340;01/04/2010
2010030712;1;2;1;1;6;340;22/04/2010
2010030713;1;2;1;1;3;340;26/04/2010
2010030714;1;1;3;1;3;340;28/04/2010
2010030715;1;2;1;1;2;340;04/05/2010
2010030716;1;2;1;1;1;340;10/05/2010
2010030717;1;2;1;1;6;340;12/05/2010
2010030718;1;2;1;1;3;340;15/05/2010
2010030719;1;2;1;1;6;340;18/05/2010
2010030720;5;2;3;1;3;340;24/05/2010
2010030721;1;2;1;1;7;340;04/06/2010
2010030722;5;2;1;1;3;340;18/06/2010
2010030723;3;2;1;1;1;340;23/06/2010
2010030724;1;1;1;1;1;340;27/06/2010
2010030725;5;2;1;1;3;340;04/07/2010
2010030726;1;1;1;1;1;340;08/07/2010
2010030727;1;1;1;1;1;340;09/07/2010
2010030728;1;2;1;1;6;340;16/07/2010
2010030729;1;2;3;1;3;340;26/07/2010
2010030730;1;1;1;1;2;340;27/07/2010
2010030731;1;2;1;1;5;340;14/08/2010
2010030732;1;2;1;1;2;340;19/08/2010
2010030733;1;1;1;1;1;340;25/08/2010
2010030734;5;2;1;1;3;340;02/09/2010
2010030735;1;2;1;1;5;340;07/09/2010
2010030736;1;2;1;1;2;340;07/09/2010
2010030737;1;2;1;1;6;340;11/09/2010
2010030738;1;1;1;1;1;340;27/10/2010
2010030739;5;2;1;1;7;340;30/10/2010
2010030740;5;2;1;1;1;340;03/11/2010
2010030741;5;2;1;1;6;340;05/11/2010
2010030742;1;2;1;1;6;340;10/11/2010
2010030743;1;2;4;1;3;340;16/11/2010
2010030744;1;1;1;7;1;340;18/11/2010
2010030745;5;2;2;1;6;340;26/11/2010
2010030746;1;1;1;1;3;340;01/12/2010
2010030747;1;2;1;1;2;340;07/12/2010
2010030748;1;2;1;1;3;340;16/12/2010
2010030749;5;2;2;1;3;340;24/12/2010
2010030750;5;2;1;1;6;340;24/12/2010
2010030751;1;2;3;8;3;350;31/12/2010
2010030752;5;2;6;1;3;350;18/01/2010
2010030753;1;2;2;1;3;350;19/01/2010
2010030754;2;2;2;1;3;350;09/02/2010
2010030755;1;2;1;1;4;350;14/02/2010
2010030756;5;2;2;1;3;350;14/02/2010
2010030757;2;2;1;1;6;350;12/02/2010
2010030758;2;2;1;1;6;350;05/03/2010
2010030759;1;1;1;1;7;350;17/03/2010
2010030760;1;2;1;1;1;350;17/03/2010
2010030761;1;2;1;1;3;350;01/04/2010
2010030762;1;2;1;1;3;350;10/04/2010
2010030763;1;1;1;1;1;350;12/05/2010
2010030764;1;2;1;1;3;350;21/05/2010
2010030765;1;1;1;1;3;350;03/06/2010
2010030766;1;2;1;1;1;350;23/06/2010
2010030767;1;2;1;1;6;350;29/06/2010
2010030768;1;2;1;1;6;350;07/09/2010
2010030769;1;2;1;1;4;350;14/09/2010
2010030770;1;2;1;1;6;350;23/09/2010
2010030771;1;2;1;2;6;350;27/09/2010
2010030772;1;2;1;7;6;350;13/10/2010
2010030773;2;2;2;1;3;350;20/10/2010
2010030774;1;2;6;2;2;350;06/11/2010
2010030775;1;2;6;1;3;350;10/11/2010
2010030776;1;2;6;1;6;350;10/11/2010
2010030777;5;2;1;2;6;350;12/11/2010
2010030778;2;2;3;8;5;350;22/11/2010
2010030779;1;1;1;8;1;350;06/12/2010
2010030780;1;2;1;1;6;350;10/12/2010
2010030781;5;2;3;1;3;350;01/01/2010
2010030782;3;2;1;9;7;350;01/01/2010
2010030783;1;2;6;1;2;350;02/01/2010
2010030784;1;2;1;1;6;350;03/01/2010
2010030785;1;2;1;1;6;350;05/01/2010
2010030786;1;2;1;7;6;350;05/01/2010
2010030787;1;2;2;1;6;350;06/01/2010
2010030788;1;2;2;4;6;350;06/01/2010
2010030789;5;2;1;4;6;350;06/01/2010
2010030790;1;2;2;1;6;350;08/01/2010
2010030791;1;2;1;1;6;350;08/01/2010
2010030792;1;2;1;8;3;350;09/01/2010
2010030793;5;2;2;8;2;350;14/01/2010
2010030794;2;2;1;8;3;350;15/01/2010
2010030795;1;2;2;2;3;350;16/01/2010
2010030796;5;2;6;1;6;350;17/01/2010
2010030797;5;2;5;1;3;350;17/01/2010
2010030798;2;2;9;1;6;350;20/01/2010
2010030799;2;2;1;1;6;350;19/01/2010
2010030800;5;2;3;1;6;350;19/01/2010
2010030801;5;2;6;2;6;350;19/01/2010
2010030802;5;2;2;2;3;350;19/01/2010
2010030803;5;2;2;2;2;350;20/01/2010
2010030804;1;1;1;1;6;350;20/01/2010
2010030805;5;2;3;1;6;350;21/01/2010
2010030806;1;1;9;1;6;350;21/01/2010
2010030807;5;2;2;2;6;350;21/01/2010
2010030808;5;2;2;8;3;350;22/01/2010
2010030809;1;1;1;8;6;350;23/01/2010
2010030810;5;2;6;1;4;350;26/01/2010
2010030811;1;2;1;1;6;350;28/01/2010
2010030812;5;2;2;1;3;350;28/01/2010
2010030813;3;1;1;2;4;350;29/01/2010
2010030814;3;1;1;9;4;350;29/01/2010
2010030815;5;2;2;3;6;350;29/01/2010
2010030816;5;2;1;3;3;350;29/01/2010
2010030817;1;2;9;4;3;350;30/01/2010
2010030818;1;1;9;8;6;350;30/01/2010
2010030819;1;1;9;2;6;350;01/02/2010
2010030820;5;2;2;1;3;350;01/02/2010
2010030821;3;2;9;1;3;350;02/02/2010
2010030822;1;1;9;1;4;350;03/02/2010
2010030823;1;2;1;1;7;350;04/02/2010
2010030824;1;2;2;1;6;350;05/02/2010
2010030825;1;2;1;1;6;350;10/02/2010
2010030826;1;2;6;1;6;350;10/02/2010
2010030827;5;2;9;1;6;350;10/02/2010
2010030828;1;1;1;4;7;350;11/02/2010
2010030829;1;2;1;4;6;350;11/02/2010
2010030830;1;2;1;4;6;350;11/02/2010
2010030831;2;2;1;1;2;350;11/02/2010
2010030832;1;2;2;1;2;350;12/02/2010
2010030833;1;2;1;1;7;350;12/02/2010
2010030834;5;2;2;1;6;350;13/02/2010
2010030835;5;2;2;1;2;350;16/02/2010
2010030836;5;2;9;1;6;350;17/02/2010
2010030837;5;2;6;1;6;350;17/02/2010
2010030838;5;2;1;8;6;350;18/02/2010
2010030839;1;2;2;7;6;350;23/02/2010
2010030840;3;2;9;2;7;350;25/02/2010
2010030841;1;2;9;1;3;350;26/02/2010
2010030842;1;2;1;2;7;350;27/02/2010
2010030843;1;2;2;2;3;350;27/02/2010
2010030844;5;2;1;3;6;350;28/02/2010
2010030845;5;2;1;2;7;350;27/02/2010
2010030846;1;1;9;1;3;350;01/03/2010
2010030847;1;2;2;1;7;350;02/03/2010
2010030848;1;2;9;1;2;350;03/03/2010
2010030849;1;2;1;1;5;350;03/03/2010
2010030850;1;2;1;1;6;350;03/03/2010
2010030851;1;2;7;1;3;350;03/03/2010
2010030852;5;1;1;1;3;350;03/03/2010
2010030853;4;2;9;1;7;350;04/03/2010
2010030854;1;2;1;1;6;350;05/03/2010
2010030855;5;2;9;1;3;350;05/03/2010
2010030856;1;2;1;1;7;350;06/03/2010
2010030857;3;1;1;1;7;350;07/03/2010
2010030858;1;2;3;1;3;350;08/03/2010
2010030859;1;2;1;7;6;350;08/03/2010
2010030860;1;2;6;1;2;350;08/03/2010
2010030861;1;1;1;1;4;350;09/03/2010
2010030862;5;2;2;1;3;350;09/03/2010
2010030863;1;2;1;1;7;350;09/03/2010
2010030864;1;2;2;1;6;350;10/03/2010
2010030865;1;2;3;1;6;350;10/03/2010
2010030866;3;1;1;1;7;350;10/03/2010
2010030867;1;2;1;1;6;350;11/03/2010
2010030868;1;2;2;7;3;350;13/03/2010
2010030869;1;2;1;1;6;350;13/03/2010
2010030870;3;2;4;1;7;350;14/03/2010
2010030871;1;2;4;1;6;350;15/03/2010
2010030872;1;2;1;1;4;350;15/03/2010
2010030873;1;2;2;1;3;350;15/03/2010
2010030874;1;2;9;1;3;350;15/03/2010
2010030875;1;2;1;1;6;350;16/03/2010
2010030876;1;2;1;7;3;350;17/03/2010
2010030877;1;2;2;1;2;350;17/03/2010
2010030878;1;2;9;1;2;350;18/03/2010
2010030879;1;2;6;1;2;350;19/03/2010
2010030880;5;2;2;1;3;350;20/03/2010
2010030881;5;2;2;1;6;350;21/03/2010
2010030882;1;2;2;1;3;350;21/03/2010
2010030883;1;2;1;1;7;350;22/03/2010
2010030884;5;2;9;1;3;350;22/03/2010
2010030885;1;2;3;1;6;350;23/03/2010
2010030886;1;2;9;2;3;350;24/03/2010
2010030887;1;1;1;1;3;350;24/03/2010
2010030888;1;1;9;8;3;350;24/03/2010
2010030889;1;2;1;2;6;350;25/03/2010
2010030890;1;2;3;1;6;350;25/03/2010
2010030891;1;1;9;1;2;350;26/03/2010
2010030892;5;2;2;2;7;350;27/03/2010
2010030893;1;2;2;1;2;350;03/04/2010
2010030894;1;2;1;1;6;350;06/04/2010
2010030895;1;2;1;1;6;350;06/04/2010
2010030896;5;2;2;1;3;350;06/04/2010
2010030897;3;2;1;1;6;350;09/04/2010
2010030898;1;2;1;1;3;350;09/04/2010
2010030899;1;2;1;1;4;350;09/04/2010
2010030900;5;2;2;1;3;350;09/04/2010
2010030901;1;2;2;1;7;350;10/04/2010
2010030902;1;2;1;1;3;350;10/04/2010
2010030903;1;2;1;1;6;350;15/04/2010
2010030904;4;2;4;1;6;350;15/04/2010
2010030905;3;1;1;1;7;350;16/04/2010
2010030906;1;2;4;1;6;350;16/04/2010
2010030907;2;2;1;1;7;350;17/04/2010
2010030908;1;2;5;1;3;350;19/04/2010
2010030909;3;2;1;1;1;350;20/04/2010
2010030910;1;2;1;1;6;350;20/04/2010
2010030911;1;2;4;1;2;350;21/04/2010
2010030912;1;2;1;1;7;350;24/04/2010
2010030913;5;2;1;1;6;350;25/04/2010
2010030914;5;2;1;1;2;350;25/04/2010
2010030915;3;2;9;1;2;350;26/04/2010
2010030916;1;2;5;1;2;350;27/04/2010
2010030917;1;2;1;1;3;350;29/04/2010
2010030918;1;2;2;1;3;350;30/04/2010
2010030919;1;2;1;1;3;350;30/04/2010
2010030920;5;2;2;2;3;350;01/05/2010
2010030921;3;2;1;2;6;350;02/05/2010
2010030922;5;2;1;1;7;350;03/05/2010
2010030923;1;2;2;1;3;350;03/05/2010
2010030924;1;2;1;1;5;350;04/05/2010
2010030925;1;2;1;1;4;350;04/05/2010
2010030926;1;2;9;1;2;350;04/05/2010
2010030927;1;2;1;1;3;350;06/05/2010
2010030928;1;2;1;1;7;350;06/05/2010
2010030929;5;2;1;1;6;350;07/05/2010
2010030930;1;2;2;1;3;350;07/05/2010
2010030931;1;2;1;1;6;350;07/05/2010
2010030932;1;2;1;1;3;350;09/05/2010
2010030933;1;2;2;1;2;350;09/05/2010
2010030934;1;2;6;2;2;350;10/05/2010
2010030935;1;2;2;1;3;350;10/05/2010
2010030936;1;2;2;3;3;350;10/05/2010
2010030937;1;2;3;8;3;350;11/05/2010
2010030938;1;2;2;1;3;350;13/05/2010
2010030939;5;2;1;1;6;350;14/05/2010
2010030940;1;1;1;1;7;350;15/05/2010
2010030941;1;2;1;1;3;350;16/05/2010
2010030942;1;2;1;1;3;350;17/05/2010
2010030943;1;2;1;1;7;350;18/05/2010
2010030944;1;2;1;1;6;350;19/05/2010
2010030945;1;2;3;1;6;350;20/05/2010
2010030946;1;2;2;1;3;350;20/05/2010
2010030947;5;2;2;1;3;350;21/05/2010
2010030948;1;2;1;1;7;350;21/05/2010
2010030949;1;2;1;1;6;350;21/05/2010
2010030950;1;1;9;1;2;350;21/05/2010
2010030951;5;2;3;1;6;350;23/05/2010
2010030952;1;2;2;1;3;350;23/05/2010
2010030953;1;1;3;1;3;350;23/05/2010
2010030954;1;2;3;1;3;350;24/05/2010
2010030955;3;2;1;1;6;350;25/05/2010
2010030956;1;2;1;1;7;350;26/05/2010
2010030957;1;2;1;1;6;350;26/05/2010
2010030958;1;2;1;1;7;350;26/05/2010
2010030959;1;1;9;2;7;350;26/05/2010
2010030960;1;2;1;3;2;350;27/05/2010
2010030961;1;2;3;1;6;350;27/05/2010
2010030962;1;2;3;8;6;350;27/05/2010
2010030963;1;2;1;1;6;350;27/05/2010
2010030964;1;2;1;1;2;350;28/05/2010
2010030965;1;2;2;1;3;350;30/05/2010
2010030966;1;2;3;2;3;350;31/05/2010
2010030967;1;2;6;1;2;350;31/05/2010
2010030968;1;2;2;8;3;350;01/06/2010
2010030969;1;2;3;1;6;350;03/06/2010
2010030970;5;2;3;1;3;350;03/06/2010
2010030971;1;2;1;1;3;350;04/06/2010
2010030972;5;2;4;1;6;350;05/06/2010
2010030973;1;2;1;1;6;350;05/06/2010
2010030974;1;2;1;1;6;350;06/06/2010
2010030975;1;2;1;8;3;350;10/06/2010
2010030976;1;2;2;8;3;350;10/06/2010
2010030977;1;2;1;1;7;350;11/06/2010
2010030978;5;2;1;1;6;350;11/06/2010
2010030979;1;2;5;1;3;350;12/06/2010
2010030980;1;2;9;3;6;350;14/06/2010
2010030981;1;2;1;1;2;350;14/06/2010
2010030982;1;2;6;2;3;350;14/06/2010
2010030983;1;2;1;1;5;350;16/06/2010
2010030984;1;2;1;1;2;350;16/06/2010
2010030985;1;2;1;1;6;350;16/06/2010
2010030986;5;2;2;1;6;350;16/06/2010
2010030987;1;2;1;1;6;350;17/06/2010
2010030988;1;2;1;1;3;350;18/06/2010
2010030989;5;2;3;1;6;350;19/06/2010
2010030990;1;2;5;2;6;350;19/06/2010
2010030991;1;2;1;1;6;350;19/06/2010
2010030992;1;2;1;1;6;350;20/06/2010
2010030993;1;2;2;1;2;350;22/06/2010
2010030994;1;2;6;1;6;350;22/06/2010
2010030995;1;2;6;1;3;350;24/06/2010
2010030996;1;2;3;1;3;350;24/06/2010
2010030997;1;2;1;1;2;350;24/06/2010
2010030998;1;2;1;1;1;350;24/06/2010
2010030999;1;2;5;7;1;350;26/06/2010
2010031000;1;2;3;1;3;350;26/06/2010
2010031001;1;2;1;1;2;350;28/06/2010
2010031002;1;2;3;1;3;350;29/06/2010
2010031003;1;2;1;1;6;350;29/06/2010
2010031004;1;2;1;1;6;350;29/06/2010
2010031005;1;2;6;1;3;350;30/06/2010
2010031006;1;2;3;1;6;350;30/06/2010
2010031007;1;2;2;1;3;350;01/07/2010
2010031008;1;2;9;1;7;350;02/07/2010
2010031009;1;2;2;1;3;350;02/07/2010
2010031010;1;2;2;1;6;350;02/07/2010
2010031011;1;2;1;1;3;350;03/07/2010
2010031012;1;2;6;1;3;350;04/07/2010
2010031013;1;2;1;1;2;350;06/07/2010
2010031014;5;2;1;1;6;350;07/07/2010
2010031015;1;2;2;1;3;350;07/07/2010
2010031016;1;2;1;1;7;350;08/07/2010
2010031017;1;2;5;1;4;350;08/07/2010
2010031018;1;2;1;1;6;350;09/07/2010
2010031019;1;2;2;1;1;350;09/07/2010
2010031020;1;1;1;1;2;350;09/07/2010
2010031021;1;2;3;1;4;350;09/07/2010
2010031022;1;2;2;1;6;350;09/07/2010
2010031023;1;2;2;1;6;350;12/07/2010
2010031024;5;2;3;1;6;350;13/07/2010
2010031025;1;2;1;1;2;350;13/07/2010
2010031026;1;2;1;1;6;350;14/07/2010
2010031027;1;2;1;1;6;350;16/07/2010
2010031028;1;2;5;1;2;350;17/07/2010
2010031029;1;2;9;1;2;350;20/07/2010
2010031030;1;2;1;1;6;350;20/07/2010
2010031031;1;2;2;1;3;350;23/07/2010
2010031032;1;2;1;1;6;350;23/07/2010
2010031033;1;2;1;1;7;350;25/07/2010
2010031034;1;2;5;1;2;350;25/07/2010
2010031035;1;2;1;1;6;350;27/07/2010
2010031036;5;2;2;1;1;350;27/07/2010
2010031037;4;1;9;1;6;350;29/07/2010
2010031038;1;2;2;1;3;350;29/07/2010
2010031039;1;2;1;1;3;350;29/07/2010
2010031040;5;2;2;1;3;350;30/07/2010
2010031041;1;2;5;1;7;350;31/07/2010
2010031042;1;2;2;1;2;350;05/08/2010
2010031043;1;2;2;1;3;350;05/08/2010
2010031044;1;2;2;1;3;350;06/08/2010
2010031045;1;2;1;1;6;350;09/08/2010
2010031046;1;2;6;1;7;350;12/08/2010
2010031047;4;2;1;1;6;350;14/08/2010
2010031048;1;2;5;1;3;350;14/08/2010
2010031049;1;2;3;1;3;350;14/08/2010
2010031050;1;2;1;1;2;350;16/08/2010
2010031051;1;2;2;1;3;350;16/08/2010
2010031052;1;2;1;1;7;350;16/08/2010
2010031053;1;2;3;1;4;350;16/08/2010
2010031054;1;2;3;1;2;350;19/08/2010
2010031055;1;2;2;1;3;350;20/08/2010
2010031056;1;2;1;8;6;350;22/08/2010
2010031057;1;2;1;1;3;350;23/08/2010
2010031058;1;2;5;1;6;350;26/08/2010
2010031059;5;1;5;1;7;350;29/08/2010
2010031060;1;2;2;1;6;350;29/08/2010
2010031061;5;2;1;1;7;350;30/08/2010
2010031062;1;2;3;1;3;350;30/08/2010
2010031063;1;2;3;1;6;350;30/08/2010
2010031064;1;2;2;1;3;350;02/09/2010
2010031065;3;1;1;1;6;350;02/09/2010
2010031066;1;2;1;1;4;350;03/09/2010
2010031067;1;2;1;1;2;350;03/09/2010
2010031068;1;2;2;1;3;350;04/09/2010
2010031069;1;2;1;1;6;350;05/09/2010
2010031070;1;2;2;2;3;350;06/09/2010
2010031071;1;2;1;2;6;350;06/09/2010
2010031072;1;1;1;2;4;350;07/09/2010
2010031073;1;2;3;1;2;350;08/09/2010
2010031074;1;2;3;1;3;350;09/09/2010
2010031075;1;2;2;1;6;350;09/09/2010
2010031076;5;2;1;1;7;350;10/09/2010
2010031077;1;2;5;1;6;350;12/09/2010
2010031078;1;1;1;1;2;350;13/09/2010
2010031079;1;2;3;1;6;350;13/09/2010
2010031080;1;2;5;1;6;350;13/09/2010
2010031081;1;2;5;1;6;350;14/09/2010
2010031082;1;2;3;2;3;350;15/09/2010
2010031083;1;2;2;1;3;350;15/09/2010
2010031084;3;2;5;1;6;350;15/09/2010
2010031085;1;2;5;1;3;350;16/09/2010
2010031086;5;2;6;1;6;350;16/09/2010
2010031087;1;2;2;1;6;350;17/09/2010
2010031088;1;2;5;1;7;350;17/09/2010
2010031089;1;2;1;1;3;350;17/09/2010
2010031090;1;2;1;1;6;350;19/09/2010
2010031091;1;2;5;1;7;350;20/09/2010
2010031092;1;2;2;1;3;350;21/09/2010
2010031093;1;2;3;1;3;350;21/09/2010
2010031094;3;2;5;1;6;350;21/09/2010
2010031095;1;2;2;1;3;350;22/09/2010
2010031096;1;2;6;1;7;350;22/09/2010
2010031097;1;2;2;8;3;350;24/09/2010
2010031098;1;2;3;1;3;350;24/09/2010
2010031099;1;2;2;1;3;350;24/09/2010
2010031100;1;2;5;1;4;350;24/09/2010
2010031101;5;2;3;1;3;350;24/09/2010
2010031102;3;2;5;1;6;350;24/09/2010
2010031103;1;2;2;1;7;350;26/09/2010
2010031104;1;2;1;1;6;350;27/09/2010
2010031105;3;2;9;1;6;350;29/09/2010
2010031106;1;2;1;2;6;350;29/09/2010
2010031107;1;2;1;2;6;350;29/09/2010
2010031108;5;2;2;2;6;350;01/10/2010
2010031109;5;2;1;2;6;350;01/10/2010
2010031110;1;2;1;2;2;350;01/10/2010
2010031111;1;2;1;2;6;350;01/10/2010
2010031112;1;2;9;3;3;350;01/10/2010
2010031113;1;2;9;2;6;350;04/10/2010
2010031114;1;2;5;2;4;350;02/10/2010
2010031115;5;2;2;1;3;350;03/10/2010
2010031116;1;1;1;3;6;350;03/10/2010
2010031117;5;2;3;3;3;350;04/10/2010
2010031118;1;2;9;3;7;350;04/10/2010
2010031119;1;2;3;3;3;350;04/10/2010
2010031120;1;2;1;2;7;350;05/10/2010
2010031121;5;2;2;2;3;350;05/10/2010
2010031122;1;2;6;1;7;350;07/10/2010
2010031123;5;2;1;1;3;350;10/10/2010
2010031124;1;2;3;1;3;350;11/10/2010
2010031125;5;2;3;1;3;350;11/10/2010
2010031126;1;2;5;1;3;350;12/10/2010
2010031127;1;2;3;1;3;350;12/10/2010
2010031128;5;2;1;1;7;350;12/10/2010
2010031129;1;2;1;1;3;350;13/10/2010
2010031130;1;2;2;1;6;350;14/10/2010
2010031131;1;2;3;1;6;350;14/10/2010
2010031132;3;2;5;1;6;350;14/10/2010
2010031133;2;2;2;1;3;350;18/10/2010
2010031134;1;2;2;1;6;350;18/10/2010
2010031135;1;2;3;1;3;350;18/10/2010
2010031136;5;2;1;1;6;350;19/10/2010
2010031137;1;2;3;2;6;350;20/10/2010
2010031138;1;2;1;1;2;350;21/10/2010
2010031139;1;2;5;1;3;350;21/10/2010
2010031140;1;2;6;1;6;350;21/10/2010
2010031141;5;2;6;8;3;350;22/10/2010
2010031142;5;2;2;1;6;350;22/10/2010
2010031143;1;2;3;1;3;350;22/10/2010
2010031144;1;2;5;1;3;350;22/10/2010
2010031145;5;2;3;1;3;350;23/10/2010
2010031146;1;2;2;1;6;350;25/10/2010
2010031147;1;2;3;1;3;350;25/10/2010
2010031148;5;2;1;1;7;350;25/10/2010
2010031149;5;2;1;1;6;350;25/10/2010
2010031150;1;2;2;1;3;350;28/10/2010
2010031151;5;2;3;1;3;350;31/10/2010
2010031152;1;2;2;2;3;350;02/11/2010
2010031153;1;2;6;1;2;350;03/11/2010
2010031154;1;2;2;1;7;350;04/11/2010
2010031155;5;2;1;1;7;350;05/11/2010
2010031156;1;2;3;2;7;350;05/11/2010
2010031157;5;2;3;1;1;350;05/11/2010
2010031158;5;2;1;1;3;350;05/11/2010
2010031159;1;2;6;2;3;350;06/11/2010
2010031160;5;2;3;2;2;350;06/11/2010
2010031161;5;2;5;1;7;350;06/11/2010
2010031162;3;2;1;2;6;350;07/11/2010
2010031163;5;2;4;2;3;350;07/11/2010
2010031164;3;2;5;3;6;350;08/11/2010
2010031165;1;2;5;2;6;350;08/11/2010
2010031166;1;2;6;1;3;350;08/11/2010
2010031167;1;2;1;1;3;350;08/11/2010
2010031168;5;2;3;1;3;350;08/11/2010
2010031169;1;2;6;1;7;350;09/11/2010
2010031170;1;2;1;2;7;350;09/11/2010
2010031171;5;2;1;2;3;350;09/11/2010
2010031172;3;2;9;2;3;350;09/11/2010
2010031173;1;2;5;2;2;350;11/11/2010
2010031174;1;2;1;3;7;350;13/11/2010
2010031175;5;2;1;3;6;350;14/11/2010
2010031176;5;2;6;1;6;350;16/11/2010
2010031177;1;2;1;1;3;350;16/11/2010
2010031178;1;2;1;1;6;350;16/11/2010
2010031179;5;2;2;2;6;350;17/11/2010
2010031180;3;1;9;1;4;350;17/11/2010
2010031181;5;2;1;8;2;350;17/11/2010
2010031182;1;2;2;1;3;350;18/11/2010
2010031183;1;2;1;1;7;350;19/11/2010
2010031184;1;2;1;1;6;350;19/11/2010
2010031185;3;2;9;1;4;350;19/11/2010
2010031186;3;2;5;2;6;350;20/11/2010
2010031187;1;2;1;8;6;350;20/11/2010
2010031188;5;2;1;1;2;350;21/11/2010
2010031189;3;1;1;1;6;350;21/11/2010
2010031190;5;2;1;1;6;350;22/11/2010
2010031191;5;2;6;1;3;350;23/11/2010
2010031192;5;2;2;1;3;350;23/11/2010
2010031193;3;2;1;1;2;350;24/11/2010
2010031194;1;2;3;2;3;350;25/11/2010
2010031195;5;2;1;1;7;350;26/11/2010
2010031196;1;2;1;1;6;350;26/11/2010
2010031197;1;2;1;1;7;350;26/11/2010
2010031198;1;2;1;1;7;350;26/11/2010
2010031199;5;2;1;1;6;350;27/11/2010
2010031200;3;2;1;1;7;350;29/11/2010
2010031201;5;2;4;1;6;350;30/11/2010
2010031202;5;2;1;1;7;350;02/12/2010
2010031203;1;2;3;1;3;350;03/12/2010
2010031204;5;2;2;1;6;350;04/12/2010
2010031205;5;2;1;8;6;350;05/12/2010
2010031206;3;2;5;2;5;350;06/12/2010
2010031207;1;2;6;2;3;350;06/12/2010
2010031208;1;2;5;1;3;350;06/12/2010
2010031209;2;2;1;1;3;350;07/12/2010
2010031210;1;2;2;8;3;350;07/12/2010
2010031211;5;2;6;3;3;350;07/12/2010
2010031212;5;2;2;2;2;350;07/12/2010
2010031213;5;2;2;1;4;350;08/12/2010
2010031214;3;2;1;1;6;350;08/12/2010
2010031215;5;2;3;8;3;350;08/12/2010
2010031216;1;2;2;1;3;350;09/12/2010
2010031217;1;2;1;1;3;350;10/12/2010
2010031218;1;2;1;1;3;350;09/12/2010
2010031219;1;2;3;1;3;350;10/12/2010
2010031220;1;2;2;1;2;350;10/12/2010
2010031221;1;2;4;1;2;350;10/12/2010
2010031222;3;2;1;1;4;350;10/12/2010
2010031223;5;2;1;1;6;350;10/12/2010
2010031224;1;2;2;1;3;350;11/12/2010
2010031225;5;2;1;1;6;350;12/12/2010
2010031226;1;2;2;1;3;350;13/12/2010
2010031227;5;2;6;1;7;350;14/12/2010
2010031228;1;2;6;1;5;350;15/12/2010
2010031229;5;2;6;2;6;350;15/12/2010
2010031230;3;2;1;9;7;350;16/12/2010
2010031231;3;2;5;8;6;350;17/12/2010
2010031232;1;2;2;1;6;350;17/12/2010
2010031233;1;2;2;1;3;350;17/12/2010
2010031234;1;2;4;1;6;350;17/12/2010
2010031235;5;2;1;8;6;350;17/12/2010
2010031236;5;2;5;1;6;350;18/12/2010
2010031237;1;2;5;1;3;350;19/12/2010
2010031238;1;2;1;1;6;350;20/12/2010
2010031239;1;2;1;5;7;350;21/12/2010
2010031240;1;2;1;5;7;350;22/12/2010
2010031241;1;2;1;5;1;350;21/12/2010
2010031242;5;2;3;1;6;350;21/12/2010
2010031243;1;2;3;1;3;350;22/12/2010
2010031244;1;2;5;8;2;350;22/12/2010
2010031245;1;2;5;1;6;350;23/12/2010
2010031246;5;2;2;1;7;350;28/12/2010
2010031247;5;2;2;1;6;350;28/12/2010
2010031248;1;1;6;1;3;350;10/01/2010
2010031249;5;2;1;1;7;350;31/01/2010
2010031250;1;2;1;1;7;350;03/02/2010
2010031251;1;2;1;4;6;350;11/02/2010
2010031252;1;2;1;7;6;350;19/02/2010
2010031253;1;2;1;2;6;350;31/01/2010
2010031254;1;2;1;1;3;350;02/03/2010
2010031255;2;2;2;2;6;350;27/02/2010
2010031256;1;2;3;1;3;350;10/03/2010
2010031257;1;2;3;1;3;350;10/03/2010
2010031258;1;1;1;2;5;350;12/03/2010
2010031259;5;2;2;1;3;350;22/03/2010
2010031260;1;2;1;1;6;350;12/04/2010
2010031261;1;2;1;1;7;350;18/04/2010
2010031262;1;2;1;1;6;350;15/04/2010
2010031263;5;2;1;1;6;350;25/04/2010
2010031264;1;1;1;1;3;350;24/04/2010
2010031265;1;2;3;1;1;350;25/04/2010
2010031266;1;2;2;1;3;350;03/05/2010
2010031267;1;2;3;1;6;350;21/05/2010
2010031268;1;2;4;1;3;350;28/05/2010
2010031269;1;2;3;1;3;350;07/06/2010
2010031270;4;1;1;1;7;350;11/06/2010
2010031271;1;2;1;1;6;350;16/06/2010
2010031272;1;2;1;1;6;350;21/06/2010
2010031273;1;2;3;1;3;350;19/06/2010
2010031274;1;2;3;1;3;350;23/06/2010
2010031275;1;2;2;1;3;350;25/06/2010
2010031276;1;2;6;1;7;350;30/06/2010
2010031277;5;2;3;1;7;350;03/07/2010
2010031278;1;2;1;1;5;350;03/07/2010
2010031279;1;2;3;1;3;350;10/07/2010
2010031280;1;2;1;1;2;350;03/06/2010