num_acc;lum;agg;inter;atm;col;dep;date
2010032436;1;2;6;1;5;410;28/07/2010
2010032437;1;2;1;1;6;410;31/07/2010
2010032438;1;2;1;1;7;410;16/08/2010
2010032439;1;2;2;1;5;410;16/08/2010
2010032440;1;2;2;1;6;410;06/08/2010
2010032441;1;2;1;1;4;410;06/08/2010
2010032442;5;2;1;1;7;410;06/08/2010
2010032443;1;2;1;1;3;410;07/08/2010
2010032444;1;2;1;1;6;410;08/08/2010
2010032445;5;2;1;1;7;410;21/08/2010
2010032446;2;2;1;1;3;410;21/08/2010
2010032447;1;1;1;1;7;410;23/08/2010
2010032448;1;2;6;1;7;410;23/08/2010
2010032449;1;2;1;1;2;410;30/08/2010
2010032450;1;2;1;1;2;410;01/09/2010
2010032451;1;2;1;1;3;410;03/09/2010
2010032452;5;2;1;1;6;410;11/09/2010
2010032453;1;2;1;1;2;410;14/09/2010
2010032454;1;2;1;2;6;410;12/09/2010
2010032455;1;2;1;1;5;410;13/09/2010
2010032456;1;2;2;1;3;410;13/09/2010
2010032457;1;2;1;2;7;410;15/09/2010
2010032458;5;2;2;1;1;410;19/09/2010
2010032459;1;2;1;1;3;410;20/09/2010
2010032460;1;2;1;1;2;410;23/09/2010
2010032461;1;2;2;1;3;410;23/09/2010
2010032462;1;2;1;1;7;410;23/09/2010
2010032463;1;2;1;2;6;410;24/09/2010
2010032464;1;2;3;1;3;410;25/09/2010
2010032465;1;2;2;1;3;410;30/09/2010
2010032466;1;1;1;1;6;410;30/09/2010
2010032467;2;2;1;8;1;410;03/10/2010
2010032468;1;2;1;1;7;410;06/10/2010
2010032469;1;2;1;1;6;410;07/10/2010
2010032470;1;2;1;1;6;410;07/10/2010
2010032471;1;2;2;1;3;410;10/10/2010
2010032472;1;2;1;1;3;410;12/10/2010
2010032473;1;2;1;1;3;410;12/10/2010
2010032474;1;2;2;1;3;410;11/10/2010
2010032475;1;2;1;1;2;410;14/10/2010
2010032476;1;2;1;1;4;410;14/10/2010
2010032477;1;2;2;2;3;410;16/10/2010
2010032478;1;2;1;1;2;410;18/10/2010
2010032479;1;2;1;1;4;410;18/10/2010
2010032480;4;2;1;3;6;410;19/10/2010
2010032481;5;2;1;2;6;410;19/10/2010
2010032482;1;2;1;1;4;410;20/10/2010
2010032483;1;2;1;1;2;410;20/10/2010
2010032484;2;2;1;1;7;410;23/10/2010
2010032485;1;2;1;1;3;410;28/10/2010
2010032486;2;2;1;1;7;410;28/10/2010
2010032487;1;2;1;1;1;410;28/10/2010
2010032488;1;1;1;1;4;410;30/10/2010
2010032489;3;2;1;1;7;410;30/10/2010
2010032490;1;2;1;1;6;410;05/11/2010
2010032491;1;1;1;2;3;410;07/11/2010
2010032492;4;1;1;8;6;410;09/11/2010
2010032493;5;2;1;8;6;410;09/11/2010
2010032494;1;2;1;2;7;410;14/11/2010
2010032495;5;2;1;1;6;410;16/11/2010
2010032496;1;2;2;1;3;410;23/11/2010
2010032497;5;2;1;1;3;410;23/11/2010
2010032498;5;1;1;1;2;410;26/11/2010
2010032499;5;2;1;2;4;410;25/11/2010
2010032500;1;2;1;1;5;410;25/11/2010
2010032501;1;2;3;1;3;410;25/11/2010
2010032502;1;2;7;8;6;410;30/11/2010
2010032503;1;2;3;2;3;410;07/12/2010
2010032504;1;1;1;2;3;410;07/12/2010
2010032505;1;2;3;1;3;410;09/12/2010
2010032506;5;2;2;1;1;410;10/12/2010
2010032507;5;2;9;1;1;410;13/12/2010
2010032508;1;2;1;1;6;410;15/12/2010
2010032509;1;2;1;1;6;410;20/12/2010
2010032510;1;1;1;3;2;410;22/12/2010
2010032511;4;2;1;3;6;410;22/12/2010
2010032512;5;2;1;3;1;410;22/12/2010
2010032513;1;2;1;4;6;410;24/12/2010
2010032514;1;2;1;1;3;410;28/12/2010
2010032515;1;2;1;1;1;410;29/12/2010
2010032516;1;1;1;1;7;410;04/01/2010
2010032517;1;2;2;8;1;410;19/03/2010
2010032518;1;2;1;8;3;410;26/03/2010
2010032519;5;2;1;1;6;410;15/05/2010
2010032520;1;2;1;1;1;410;26/05/2010
2010032521;1;2;2;1;3;410;19/08/2010
2010032522;1;2;1;1;3;410;18/09/2010
2010032523;1;1;1;1;6;410;25/11/2010
2010032524;5;2;1;4;6;410;25/11/2010
2010032525;5;2;1;1;1;410;26/11/2010
2010032526;1;2;1;1;6;410;09/12/2010
2010032527;1;2;1;1;7;410;10/12/2010
2010032528;5;2;1;8;7;410;11/12/2010
2010032529;5;2;1;2;1;410;16/12/2010
2010032530;2;2;2;1;7;410;12/01/2010
2010032531;1;2;5;1;3;410;31/01/2010
2010032532;5;2;1;1;2;410;05/02/2010
2010032533;1;2;1;1;2;410;19/02/2010
2010032534;1;2;3;1;3;410;22/02/2010
2010032535;5;2;5;1;3;410;24/02/2010
2010032536;1;2;2;1;3;410;07/03/2010
2010032537;1;1;1;1;1;410;17/03/2010
2010032538;1;2;1;1;7;410;29/03/2010
2010032539;1;2;2;1;7;410;09/04/2010
2010032540;1;2;3;1;3;410;11/04/2010
2010032541;1;1;1;1;3;410;17/04/2010
2010032542;1;1;1;1;7;410;30/04/2010
2010032543;1;2;5;1;3;410;02/05/2010
2010032544;1;1;1;1;7;410;17/05/2010
2010032545;5;2;1;1;4;410;05/06/2010
2010032546;1;2;1;1;5;410;05/06/2010
2010032547;1;2;2;1;6;410;17/06/2010
2010032548;1;2;1;1;7;410;23/06/2010
2010032549;1;2;1;1;7;410;21/07/2010
2010032550;1;2;1;1;7;410;25/07/2010
2010032551;1;2;1;1;3;410;04/08/2010
2010032552;5;2;1;1;6;410;14/08/2010
2010032553;3;1;1;1;7;410;18/08/2010
2010032554;5;2;5;1;3;410;12/09/2010
2010032555;1;2;1;1;3;410;10/09/2010
2010032556;1;2;3;2;3;410;24/09/2010
2010032557;1;2;5;1;3;410;04/10/2010
2010032558;1;2;5;1;3;410;09/10/2010
2010032559;5;2;1;1;6;410;31/10/2010
2010032560;1;2;2;1;6;410;05/11/2010
2010032561;1;2;1;1;7;410;09/11/2010
2010032562;1;2;1;1;3;410;10/11/2010
2010032563;1;2;2;1;3;410;30/11/2010
2010032564;1;2;1;4;1;420;06/01/2010
2010032565;1;2;1;8;6;420;11/01/2010
2010032566;3;1;1;9;6;420;23/01/2010
2010032567;5;2;1;1;3;420;27/01/2010
2010032568;1;2;1;1;6;420;06/02/2010
2010032569;1;2;1;8;6;420;08/02/2010
2010032570;1;2;1;1;3;420;18/03/2010
2010032571;1;2;1;1;6;420;15/03/2010
2010032572;1;2;3;1;3;420;23/03/2010
2010032573;1;1;1;2;7;420;04/04/2010
2010032574;1;2;1;1;6;420;10/04/2010
2010032575;1;1;1;1;6;420;18/04/2010
2010032576;1;2;1;1;2;420;22/04/2010
2010032577;5;2;1;1;3;420;24/04/2010
2010032578;1;2;1;1;3;420;27/04/2010
2010032579;1;1;1;1;3;420;27/04/2010
2010032580;1;2;1;1;3;420;27/04/2010
2010032581;1;2;1;1;2;420;11/04/2010
2010032582;1;2;1;2;1;420;04/05/2010
2010032583;1;2;3;3;5;420;05/05/2010
2010032584;1;2;1;1;2;420;30/04/2010
2010032585;1;2;1;1;3;420;10/05/2010
2010032586;1;2;1;1;3;420;20/05/2010
2010032587;1;1;1;1;2;420;04/06/2010
2010032588;1;2;3;1;3;420;09/06/2010
2010032589;1;1;1;1;7;420;12/06/2010
2010032590;1;2;1;1;6;420;18/06/2010
2010032591;1;2;1;1;6;420;24/06/2010
2010032592;1;2;1;1;6;420;23/06/2010
2010032593;1;2;1;1;6;420;23/07/2010
2010032594;1;2;1;1;1;420;04/08/2010
2010032595;1;2;1;1;6;420;18/07/2010
2010032596;1;2;3;1;3;420;29/07/2010
2010032597;1;2;1;1;6;420;09/08/2010
2010032598;1;2;1;1;6;420;11/08/2010
2010032599;1;1;1;1;6;420;11/08/2010
2010032600;1;2;1;1;2;420;12/08/2010
2010032601;1;2;1;1;6;420;06/07/2010
2010032602;1;2;1;1;6;420;16/08/2010
2010032603;1;2;1;1;3;420;29/08/2010
2010032604;1;2;1;1;3;420;05/09/2010
2010032605;5;2;1;1;1;420;18/09/2010
2010032606;1;1;1;1;7;420;29/09/2010
2010032607;1;2;1;1;1;420;06/10/2010
2010032608;1;2;1;1;2;420;07/10/2010
2010032609;1;2;3;1;3;420;03/11/2010
2010032610;5;2;2;1;3;420;12/11/2010
2010032611;1;2;1;4;2;420;30/11/2010
2010032612;1;2;6;1;3;420;04/12/2010
2010032613;1;2;1;1;6;420;18/12/2010
2010032614;1;2;3;8;6;420;23/01/2010
2010032615;5;2;6;2;6;420;23/02/2010
2010032616;2;2;1;1;6;420;26/02/2010
2010032617;1;2;6;9;3;420;04/02/2010
2010032618;1;2;3;1;2;420;30/03/2010
2010032619;1;2;1;1;6;420;27/04/2010
2010032620;1;1;1;1;3;420;27/04/2010
2010032621;1;1;6;1;2;420;10/05/2010
2010032622;1;1;1;1;7;420;10/05/2010
2010032623;1;2;1;1;6;420;15/05/2010
2010032624;1;2;6;2;3;420;05/05/2010
2010032625;1;2;1;1;3;420;04/06/2010
2010032626;1;2;2;1;3;420;25/06/2010
2010032627;1;1;1;1;7;420;06/07/2010
2010032628;1;1;3;1;3;420;16/07/2010
2010032629;1;1;1;1;1;420;15/08/2010
2010032630;1;2;3;8;7;420;24/09/2010
2010032631;1;1;1;2;3;420;05/10/2010
2010032632;1;2;2;1;3;420;09/10/2010
2010032633;5;2;6;2;3;420;09/11/2010
2010032634;1;2;1;1;6;420;02/12/2010
2010032635;1;2;1;1;6;420;21/01/2010
2010032636;1;2;1;1;6;420;08/02/2010
2010032637;5;2;1;1;7;420;04/03/2010
2010032638;1;2;1;1;6;420;24/03/2010
2010032639;1;1;1;2;7;420;27/03/2010
2010032640;5;2;1;1;1;420;01/04/2010
2010032641;1;2;1;1;6;420;15/03/2010
2010032642;1;2;1;1;6;420;23/04/2010
2010032643;1;2;1;1;6;420;06/05/2010
2010032644;1;2;1;1;1;420;22/05/2010
2010032645;1;2;2;1;3;420;10/07/2010
2010032646;1;2;1;1;6;420;24/06/2010
2010032647;2;2;3;1;3;420;13/09/2010
2010032648;1;1;3;1;3;420;14/09/2010
2010032649;1;2;1;1;3;420;23/09/2010
2010032650;1;2;1;1;1;420;20/09/2010
2010032651;1;2;1;1;6;420;05/10/2010
2010032652;2;1;1;1;1;420;19/11/2010
2010032653;1;2;1;1;3;420;13/11/2010
2010032654;5;2;1;1;3;420;07/12/2010
2010032655;1;2;1;1;2;420;27/01/2010
2010032656;5;2;1;1;3;420;12/01/2010
2010032657;5;2;1;1;6;420;15/01/2010
2010032658;3;1;1;1;6;420;15/01/2010
2010032659;1;2;1;1;3;420;18/01/2010
2010032660;1;2;1;1;2;420;18/01/2010
2010032661;1;2;1;1;2;420;21/01/2010
2010032662;5;2;4;1;3;420;24/01/2010
2010032663;5;1;6;1;3;420;13/01/2010
2010032664;1;2;3;4;2;420;28/01/2010
2010032665;1;2;3;1;6;420;01/02/2010
2010032666;1;2;3;1;3;420;01/02/2010
2010032667;1;2;3;1;3;420;05/02/2010
2010032668;1;2;1;1;3;420;08/02/2010
2010032669;1;2;1;1;7;420;16/02/2010
2010032670;1;2;1;1;3;420;18/02/2010
2010032671;5;2;1;1;7;420;20/02/2010
2010032672;3;1;6;1;3;420;22/02/2010
2010032673;1;2;5;1;3;420;24/02/2010
2010032674;1;2;2;1;3;420;24/02/2010
2010032675;2;2;6;1;2;420;20/02/2010
2010032676;1;2;6;1;3;420;26/02/2010
2010032677;5;2;5;1;3;420;26/02/2010
2010032678;1;2;1;1;6;420;09/03/2010
2010032679;5;2;1;1;1;420;12/03/2010
2010032680;1;2;2;1;3;420;10/03/2010
2010032681;1;2;5;1;3;420;16/03/2010
2010032682;1;2;3;1;3;420;19/03/2010
2010032683;1;2;1;1;2;420;24/03/2010
2010032684;1;2;3;1;3;420;25/03/2010
2010032685;1;2;1;1;6;420;26/03/2010
2010032686;1;2;1;1;6;420;01/04/2010
2010032687;1;1;1;1;7;420;02/04/2010
2010032688;5;2;1;1;7;420;02/04/2010
2010032689;1;2;1;1;4;420;07/04/2010
2010032690;1;2;3;1;3;420;08/04/2010
2010032691;1;2;1;1;2;420;09/04/2010
2010032692;1;2;1;1;6;420;10/04/2010
2010032693;5;2;1;1;7;420;13/04/2010
2010032694;1;2;2;1;3;420;24/04/2010
2010032695;1;2;1;1;7;420;25/04/2010
2010032696;1;2;1;1;3;420;17/04/2010
2010032697;1;2;3;1;3;420;18/04/2010
2010032698;1;2;1;1;3;420;22/04/2010
2010032699;1;2;3;1;1;420;22/04/2010
2010032700;1;2;1;1;3;420;27/04/2010
2010032701;1;1;1;1;6;420;27/04/2010
2010032702;1;2;6;1;3;420;28/04/2010
2010032703;1;2;1;1;5;420;29/04/2010
2010032704;5;2;1;1;7;420;04/05/2010
2010032705;1;2;1;2;7;420;04/05/2010
2010032706;1;2;1;3;3;420;05/05/2010
2010032707;2;2;1;1;2;420;04/05/2010
2010032708;1;2;1;1;2;420;07/05/2010
2010032709;1;2;1;2;6;420;10/05/2010
2010032710;1;2;1;1;6;420;10/05/2010
2010032711;1;2;1;1;6;420;12/05/2010
2010032712;1;1;3;1;3;420;13/05/2010
2010032713;1;1;1;1;7;420;15/05/2010
2010032714;1;2;2;1;5;420;19/05/2010
2010032715;1;2;2;1;3;420;24/05/2010
2010032716;1;2;6;1;3;420;22/05/2010
2010032717;1;2;2;1;6;420;22/05/2010
2010032718;5;2;1;1;2;420;27/05/2010
2010032719;1;2;2;1;3;420;27/05/2010
2010032720;1;2;1;1;5;420;27/05/2010
2010032721;1;2;1;1;6;420;28/05/2010
2010032722;1;2;1;1;6;420;31/05/2010
2010032723;5;2;1;1;2;420;06/06/2010
2010032724;5;2;3;1;3;420;06/06/2010
2010032725;1;2;2;1;3;420;07/06/2010
2010032726;1;1;1;1;3;420;10/06/2010
2010032727;1;2;6;1;3;420;12/06/2010
2010032728;1;2;6;1;3;420;12/06/2010
2010032729;1;2;3;1;3;420;11/06/2010
2010032730;1;2;6;1;3;420;14/06/2010
2010032731;1;2;1;1;6;420;14/06/2010
2010032732;1;2;2;2;3;420;15/06/2010
2010032733;1;2;1;2;7;420;15/06/2010
2010032734;1;2;2;2;3;420;15/06/2010
2010032735;1;2;1;1;2;420;17/06/2010
2010032736;1;2;1;1;6;420;22/06/2010
2010032737;1;2;3;1;3;420;29/06/2010
2010032738;5;2;2;1;3;420;01/07/2010
2010032739;1;2;1;1;2;420;21/06/2010
2010032740;1;2;1;1;3;420;07/07/2010
2010032741;5;2;1;1;7;420;11/07/2010
2010032742;1;2;1;1;1;420;11/07/2010
2010032743;2;1;1;1;6;420;10/07/2010
2010032744;1;1;1;1;3;420;09/07/2010
2010032745;1;1;1;1;2;420;17/07/2010
2010032746;1;2;1;1;6;420;21/07/2010
2010032747;1;2;2;1;6;420;21/07/2010
2010032748;1;2;1;1;3;420;01/08/2010
2010032749;1;2;2;1;3;420;05/08/2010
2010032750;5;2;2;1;3;420;05/08/2010
2010032751;1;2;5;1;3;420;17/08/2010
2010032752;1;2;1;1;6;420;17/08/2010
2010032753;1;2;1;2;3;420;18/08/2010
2010032754;1;2;1;1;3;420;21/08/2010
2010032755;1;2;2;1;3;420;23/08/2010
2010032756;5;2;2;1;3;420;27/08/2010
2010032757;1;2;1;1;2;420;30/08/2010
2010032758;1;2;1;1;2;420;06/09/2010
2010032759;1;2;3;1;6;420;09/09/2010
2010032760;1;2;1;1;6;420;10/09/2010
2010032761;1;2;2;1;1;420;13/09/2010
2010032762;1;2;1;1;3;420;13/09/2010
2010032763;1;2;1;1;6;420;07/09/2010
2010032764;1;2;2;1;3;420;16/09/2010
2010032765;5;2;2;1;3;420;17/09/2010
2010032766;1;2;6;1;3;420;20/09/2010
2010032767;1;2;3;1;5;420;20/09/2010
2010032768;1;2;1;1;6;420;22/09/2010
2010032769;1;2;1;1;6;420;22/09/2010
2010032770;4;2;2;1;3;420;25/09/2010
2010032771;1;2;1;1;2;420;28/09/2010
2010032772;1;2;3;1;3;420;29/09/2010
2010032773;1;2;1;1;6;420;05/10/2010
2010032774;1;2;2;2;3;420;06/10/2010
2010032775;1;2;1;1;6;420;07/10/2010
2010032776;1;2;6;1;2;420;08/10/2010
2010032777;1;2;3;1;3;420;14/10/2010
2010032778;1;2;1;1;6;420;14/10/2010
2010032779;1;2;1;3;6;420;16/10/2010
2010032780;1;2;1;1;6;420;17/10/2010
2010032781;5;2;6;1;6;420;18/10/2010
2010032782;1;2;3;1;3;420;18/10/2010
2010032783;1;2;1;1;6;420;18/10/2010
2010032784;1;2;2;1;3;420;20/10/2010
2010032785;1;2;5;1;6;420;21/10/2010
2010032786;1;2;1;1;2;420;21/10/2010
2010032787;4;2;1;3;6;420;31/10/2010
2010032788;1;2;3;1;2;420;05/11/2010
2010032789;5;2;2;1;3;420;22/10/2010
2010032790;5;2;5;1;3;420;23/10/2010
2010032791;1;2;3;2;3;420;24/10/2010
2010032792;1;2;6;1;6;420;26/10/2010
2010032793;1;2;1;1;6;420;28/10/2010
2010032794;2;2;2;1;3;420;04/11/2010
2010032795;2;2;1;1;6;420;11/11/2010
2010032796;1;2;1;1;3;420;11/11/2010
2010032797;1;2;1;1;6;420;11/11/2010
2010032798;1;2;3;1;3;420;13/11/2010
2010032799;1;2;3;1;3;420;17/11/2010
2010032800;5;2;5;1;2;420;14/11/2010
2010032801;5;2;1;1;6;420;23/11/2010
2010032802;2;2;1;2;2;420;23/11/2010
2010032803;4;2;1;2;6;420;23/11/2010
2010032804;2;2;2;3;3;420;30/11/2010
2010032805;2;2;2;2;3;420;25/11/2010
2010032806;5;2;1;4;7;420;26/11/2010
2010032807;1;2;1;1;3;420;29/11/2010
2010032808;1;2;3;1;3;420;02/12/2010
2010032809;1;2;1;1;3;420;03/12/2010
2010032810;1;2;1;1;2;420;07/12/2010
2010032811;1;2;1;1;6;420;08/12/2010
2010032812;5;2;1;2;6;420;08/12/2010
2010032813;5;2;3;1;3;420;12/12/2010
2010032814;1;2;2;1;3;420;12/12/2010
2010032815;1;2;3;2;3;420;24/12/2010
2010032816;5;2;1;4;6;420;15/12/2010
2010032817;1;2;2;4;3;420;16/12/2010
2010032818;2;2;2;1;3;420;17/12/2010
2010032819;2;1;1;4;6;420;24/12/2010
2010032820;1;2;1;1;3;420;26/12/2010
2010032821;1;2;1;4;3;420;27/12/2010
2010032822;1;2;1;1;2;420;29/12/2010
2010032823;1;2;3;1;3;420;29/12/2010
2010032824;5;1;1;8;6;420;31/01/2010
2010032825;2;2;1;1;3;420;08/03/2010
2010032826;1;2;1;1;6;420;17/03/2010
2010032827;1;2;9;1;3;420;17/02/2010
2010032828;5;2;1;1;6;420;10/05/2010
2010032829;5;2;1;1;1;420;28/05/2010
2010032830;5;2;1;1;3;420;30/05/2010
2010032831;1;2;9;1;6;420;21/06/2010
2010032832;1;2;1;1;6;420;06/07/2010
2010032833;1;2;1;1;6;420;19/05/2010
2010032834;1;2;3;1;3;420;19/08/2010
2010032835;1;2;1;1;6;420;08/09/2010
2010032836;1;2;1;1;6;420;20/10/2010
2010032837;4;2;1;1;3;420;02/11/2010
2010032838;1;2;1;1;6;420;31/12/2010
2010032839;1;2;1;2;6;420;01/01/2010
2010032840;1;2;2;1;3;420;02/01/2010
2010032841;1;1;1;8;1;420;01/01/2010
2010032842;1;2;1;4;2;420;05/01/2010
2010032843;1;1;1;1;7;420;06/01/2010
2010032844;1;2;2;1;3;420;06/01/2010
2010032845;5;2;1;4;6;420;26/12/2010
2010032846;3;2;1;2;2;420;15/01/2010
2010032847;1;2;2;1;3;420;15/01/2010
2010032848;1;2;1;1;6;420;16/01/2010
2010032849;1;2;3;8;3;420;16/01/2010
2010032850;1;2;1;1;3;420;17/01/2010
2010032851;1;2;2;1;3;420;17/01/2010
2010032852;5;2;1;1;6;420;17/01/2010
2010032853;3;2;1;1;7;420;18/01/2010
2010032854;1;2;1;2;6;420;20/01/2010
2010032855;5;2;2;1;3;420;21/01/2010
2010032856;1;2;2;1;1;420;22/01/2010
2010032857;1;2;1;8;3;420;22/01/2010
2010032858;1;2;3;1;6;420;23/01/2010
2010032859;1;2;1;1;6;420;25/01/2010
2010032860;1;1;6;1;2;420;23/01/2010
2010032861;1;2;2;8;3;420;28/01/2010
2010032862;2;2;2;8;6;420;30/01/2010
2010032863;1;2;2;1;2;420;01/02/2010
2010032864;1;2;1;1;6;420;03/02/2010
2010032865;1;2;1;1;6;420;04/02/2010
2010032866;1;2;1;4;6;420;05/02/2010
2010032867;1;2;1;1;1;420;05/02/2010
2010032868;1;2;1;1;3;420;08/02/2010
2010032869;5;2;2;1;3;420;08/02/2010
2010032870;4;2;1;1;6;420;08/02/2010
2010032871;2;2;4;4;1;420;09/02/2010
2010032872;1;2;2;4;6;420;13/02/2010
2010032873;1;1;2;1;3;420;15/02/2010
2010032874;1;2;4;1;1;420;16/02/2010
2010032875;5;2;1;8;3;420;17/02/2010
2010032876;5;2;2;1;3;420;17/02/2010
2010032877;1;2;1;1;3;420;18/02/2010
2010032878;5;2;2;2;2;420;19/02/2010
2010032879;1;2;1;1;4;420;20/02/2010
2010032880;5;2;3;1;5;420;20/02/2010
2010032881;1;2;3;1;2;420;22/02/2010
2010032882;5;2;1;1;6;420;22/02/2010
2010032883;1;2;1;1;6;420;23/02/2010
2010032884;1;2;1;1;3;420;25/02/2010
2010032885;1;2;2;1;6;420;26/02/2010
2010032886;1;2;1;1;1;420;02/03/2010
2010032887;1;2;1;1;2;420;02/03/2010
2010032888;1;2;1;1;3;420;03/03/2010
2010032889;3;1;1;1;6;420;04/03/2010
2010032890;1;2;1;4;2;420;07/03/2010
2010032891;5;2;1;4;2;420;07/03/2010
2010032892;1;2;3;1;3;420;08/03/2010
2010032893;1;2;1;1;6;420;10/03/2010
2010032894;1;2;2;1;5;420;12/03/2010
2010032895;5;2;1;1;2;420;13/03/2010
2010032896;1;2;2;1;3;420;16/03/2010
2010032897;3;1;1;1;7;420;16/03/2010
2010032898;5;2;1;1;6;420;18/03/2010
2010032899;1;2;1;8;6;420;20/03/2010
2010032900;1;2;3;1;3;420;22/03/2010
2010032901;1;2;1;8;6;420;27/03/2010
2010032902;1;2;2;1;6;420;29/03/2010
2010032903;1;2;1;1;6;420;18/03/2010
2010032904;1;2;1;2;7;420;27/03/2010
2010032905;1;2;1;2;6;420;30/03/2010
2010032906;1;1;1;1;2;420;31/03/2010
2010032907;1;2;1;1;6;420;01/04/2010
2010032908;1;2;2;1;1;420;03/04/2010
2010032909;5;2;2;1;4;420;04/04/2010
2010032910;1;2;1;1;6;420;04/04/2010
2010032911;1;2;2;2;3;420;07/04/2010
2010032912;1;2;2;1;6;420;09/04/2010
2010032913;1;2;1;1;6;420;11/04/2010
2010032914;1;2;2;1;6;420;11/04/2010
2010032915;1;2;1;1;6;420;11/04/2010
2010032916;1;2;2;1;3;420;14/04/2010
2010032917;1;2;1;1;6;420;16/04/2010
2010032918;1;1;1;1;2;420;17/04/2010
2010032919;1;2;1;1;3;420;17/04/2010
2010032920;5;2;3;1;3;420;17/04/2010
2010032921;1;2;3;1;2;420;18/04/2010
2010032922;1;2;1;1;6;420;18/04/2010
2010032923;1;2;3;1;6;420;19/04/2010
2010032924;1;2;1;1;6;420;19/04/2010
2010032925;1;1;6;1;3;420;22/04/2010
2010032926;1;2;1;1;5;420;22/04/2010
2010032927;1;2;3;1;3;420;23/04/2010
2010032928;1;2;2;1;2;420;23/04/2010
2010032929;5;2;2;1;3;420;23/04/2010
2010032930;1;1;1;1;2;420;24/04/2010
2010032931;1;2;9;1;3;420;24/04/2010
2010032932;1;2;2;1;6;420;28/04/2010
2010032933;1;2;2;1;6;420;28/04/2010
2010032934;1;2;1;1;3;420;28/04/2010
2010032935;1;2;1;1;1;420;29/04/2010
2010032936;1;2;1;1;2;420;29/04/2010
2010032937;1;2;3;1;1;420;30/04/2010
2010032938;2;2;2;2;1;420;04/05/2010
2010032939;1;2;2;1;3;420;06/05/2010
2010032940;1;2;3;1;6;420;08/05/2010
2010032941;1;2;3;8;3;420;11/05/2010
2010032942;1;2;2;2;6;420;14/05/2010
2010032943;1;2;2;2;6;420;12/05/2010
2010032944;1;2;2;2;3;420;14/05/2010
2010032945;1;2;2;2;4;420;14/05/2010
2010032946;2;1;1;1;1;420;16/05/2010
2010032947;1;2;3;1;6;420;18/05/2010
2010032948;1;2;1;1;6;420;20/05/2010
2010032949;5;2;1;1;6;420;21/05/2010
2010032950;5;2;1;1;6;420;21/05/2010
2010032951;5;1;1;1;3;420;22/05/2010
2010032952;1;2;2;1;3;420;22/05/2010
2010032953;1;1;2;1;3;420;24/05/2010
2010032954;1;2;3;1;3;420;24/05/2010
2010032955;1;2;3;1;6;420;25/05/2010
2010032956;1;2;1;1;6;420;26/05/2010
2010032957;1;2;1;2;6;420;26/05/2010
2010032958;1;2;2;2;2;420;26/05/2010
2010032959;1;2;1;1;6;420;27/05/2010
2010032960;1;1;3;1;2;420;27/05/2010
2010032961;1;2;1;1;6;420;29/05/2010
2010032962;1;2;2;1;2;420;01/06/2010
2010032963;1;2;1;1;3;420;01/06/2010
2010032964;1;2;1;8;6;420;03/06/2010
2010032965;1;2;3;1;3;420;03/06/2010
2010032966;1;2;1;1;6;420;04/06/2010
2010032967;1;2;2;8;3;420;06/06/2010
2010032968;1;2;1;2;2;420;06/06/2010
2010032969;1;2;2;3;3;420;06/06/2010
2010032970;3;2;1;1;6;420;08/06/2010
2010032971;1;2;2;1;6;420;09/06/2010
2010032972;1;2;3;2;1;420;10/06/2010
2010032973;1;2;2;1;3;420;12/06/2010
2010032974;1;2;1;1;6;420;12/06/2010
2010032975;1;2;6;1;2;420;13/06/2010
2010032976;1;2;2;1;6;420;13/06/2010
2010032977;1;2;3;2;3;420;17/06/2010
2010032978;1;2;1;1;6;420;17/06/2010
2010032979;1;2;1;8;6;420;21/06/2010
2010032980;1;2;2;1;3;420;22/06/2010
2010032981;1;1;3;1;3;420;19/06/2010
2010032982;1;2;3;1;3;420;24/06/2010
2010032983;1;2;1;1;6;420;25/06/2010
2010032984;1;2;1;1;6;420;28/06/2010
2010032985;1;2;3;1;6;420;30/06/2010
2010032986;1;2;2;1;7;420;30/06/2010
2010032987;1;2;1;1;2;420;02/07/2010
2010032988;1;2;1;1;6;420;03/07/2010
2010032989;1;2;2;1;6;420;05/07/2010
2010032990;1;2;3;1;6;420;07/07/2010
2010032991;1;2;1;1;3;420;06/07/2010
2010032992;1;2;1;2;1;420;12/07/2010
2010032993;5;2;2;1;3;420;14/07/2010
2010032994;1;2;2;1;1;420;16/07/2010
2010032995;1;2;9;1;3;420;19/07/2010
2010032996;1;2;1;1;6;420;18/07/2010
2010032997;1;1;1;2;6;420;22/07/2010
2010032998;1;2;2;1;3;420;20/07/2010
2010032999;3;2;1;1;6;420;25/07/2010
2010033000;1;2;2;1;3;420;25/07/2010
2010033001;5;2;2;1;3;420;25/07/2010
2010033002;1;2;1;1;6;420;27/07/2010
2010033003;1;2;1;1;1;420;29/07/2010
2010033004;1;2;2;8;6;420;03/08/2010
2010033005;5;2;1;1;6;420;06/08/2010
2010033006;2;1;3;1;1;420;06/08/2010
2010033007;1;2;1;1;6;420;06/08/2010
2010033008;1;2;1;1;6;420;13/08/2010
2010033009;1;2;1;1;6;420;12/08/2010
2010033010;1;2;2;1;3;420;17/07/2010
2010033011;1;2;1;1;3;420;25/08/2010
2010033012;2;1;1;1;6;420;25/08/2010