num_acc;lum;agg;inter;atm;col;dep;date
2010033013;1;2;1;1;6;420;26/08/2010
2010033014;1;2;3;1;6;420;29/08/2010
2010033015;1;2;1;1;5;420;30/08/2010
2010033016;1;2;3;1;3;420;31/08/2010
2010033017;1;2;2;1;3;420;06/09/2010
2010033018;1;2;2;1;6;420;06/09/2010
2010033019;5;2;1;8;6;420;10/09/2010
2010033020;5;2;2;1;3;420;10/09/2010
2010033021;1;2;1;1;2;420;14/09/2010
2010033022;1;2;1;1;7;420;15/09/2010
2010033023;1;2;1;2;2;420;16/09/2010
2010033024;1;2;3;1;3;420;20/09/2010
2010033025;1;2;1;1;2;420;17/09/2010
2010033026;2;2;3;1;3;420;20/09/2010
2010033027;5;2;2;1;5;420;17/09/2010
2010033028;1;2;2;1;3;420;21/09/2010
2010033029;1;2;1;1;6;420;21/09/2010
2010033030;1;2;1;2;6;420;24/09/2010
2010033031;1;2;3;1;1;420;24/09/2010
2010033032;3;1;1;2;7;420;23/09/2010
2010033033;1;2;3;1;3;420;26/09/2010
2010033034;1;2;2;1;3;420;27/09/2010
2010033035;1;2;5;2;3;420;27/09/2010
2010033036;1;2;4;2;1;420;30/09/2010
2010033037;1;2;2;1;5;420;30/09/2010
2010033038;4;2;2;9;3;420;30/09/2010
2010033039;1;1;3;1;3;420;01/10/2010
2010033040;1;2;3;1;3;420;01/10/2010
2010033041;1;1;1;6;3;420;03/10/2010
2010033042;1;2;3;1;4;420;07/10/2010
2010033043;1;2;1;1;6;420;07/10/2010
2010033044;1;2;1;1;6;420;08/10/2010
2010033045;1;1;1;1;1;420;09/10/2010
2010033046;2;2;1;1;6;420;09/10/2010
2010033047;5;2;1;1;2;420;12/10/2010
2010033048;1;2;3;1;3;420;13/10/2010
2010033049;3;2;9;1;1;420;14/10/2010
2010033050;1;1;3;1;7;420;14/10/2010
2010033051;1;2;2;1;6;420;15/10/2010
2010033052;1;2;1;2;6;420;16/10/2010
2010033053;1;2;1;3;7;420;17/10/2010
2010033054;1;2;1;2;6;420;18/10/2010
2010033055;1;2;1;2;6;420;18/10/2010
2010033056;2;2;2;1;6;420;21/10/2010
2010033057;1;2;3;1;6;420;21/10/2010
2010033058;2;2;2;1;3;420;22/10/2010
2010033059;1;2;1;1;6;420;22/10/2010
2010033060;1;2;3;1;3;420;26/10/2010
2010033061;5;2;1;1;3;420;27/10/2010
2010033062;1;2;1;1;6;420;28/10/2010
2010033063;1;2;1;1;6;420;28/10/2010
2010033064;2;2;1;1;5;420;29/10/2010
2010033065;5;2;1;1;1;420;02/11/2010
2010033066;5;2;1;1;6;420;04/11/2010
2010033067;5;2;1;2;3;420;05/11/2010
2010033068;1;2;2;1;3;420;06/11/2010
2010033069;2;2;1;1;6;420;08/11/2010
2010033070;1;2;1;1;6;420;08/11/2010
2010033071;5;2;3;8;3;420;08/11/2010
2010033072;5;2;1;2;6;420;08/11/2010
2010033073;1;2;2;8;3;420;10/11/2010
2010033074;1;2;3;1;3;420;12/11/2010
2010033075;5;2;2;1;6;420;13/11/2010
2010033076;5;2;1;2;6;420;15/11/2010
2010033077;5;2;1;2;6;420;15/11/2010
2010033078;5;2;1;1;6;420;17/11/2010
2010033079;1;2;2;1;3;420;18/11/2010
2010033080;1;2;1;1;6;420;18/11/2010
2010033081;1;2;1;1;6;420;18/11/2010
2010033082;1;2;1;1;3;420;18/11/2010
2010033083;1;2;3;1;3;420;19/11/2010
2010033084;1;2;1;1;1;420;20/11/2010
2010033085;5;2;2;2;5;420;20/11/2010
2010033086;5;2;1;2;2;420;22/11/2010
2010033087;5;2;2;2;3;420;23/11/2010
2010033088;1;2;1;4;2;420;26/11/2010
2010033089;1;2;1;4;5;420;26/11/2010
2010033090;5;2;2;1;3;420;30/11/2010
2010033091;5;2;1;4;7;420;30/11/2010
2010033092;1;2;1;1;6;420;01/12/2010
2010033093;1;2;1;1;7;420;30/11/2010
2010033094;2;2;2;1;6;420;04/12/2010
2010033095;5;2;2;2;6;420;06/12/2010
2010033096;5;2;1;1;3;420;07/12/2010
2010033097;1;2;1;1;3;420;07/12/2010
2010033098;1;2;1;1;6;420;07/12/2010
2010033099;3;2;1;1;3;420;07/12/2010
2010033100;3;1;1;4;7;420;09/12/2010
2010033101;3;2;1;1;7;420;09/12/2010
2010033102;5;2;3;1;3;420;11/12/2010
2010033103;1;2;1;4;6;420;16/12/2010
2010033104;1;2;1;1;6;420;15/12/2010
2010033105;1;2;1;1;6;420;16/12/2010
2010033106;5;2;2;1;3;420;20/12/2010
2010033107;1;2;2;8;3;420;21/12/2010
2010033108;1;2;1;1;6;420;22/12/2010
2010033109;5;2;1;8;5;420;22/12/2010
2010033110;5;2;1;1;6;420;22/12/2010
2010033111;1;2;1;1;6;420;23/12/2010
2010033112;1;2;1;8;1;420;24/12/2010
2010033113;1;2;3;1;3;420;29/12/2010
2010033114;1;2;3;1;3;420;30/12/2010
2010033115;5;2;3;9;3;430;03/01/2010
2010033116;1;2;9;1;6;430;23/01/2010
2010033117;5;2;1;1;6;430;23/01/2010
2010033118;1;2;1;1;3;430;04/03/2010
2010033119;1;2;1;1;3;430;05/03/2010
2010033120;1;2;1;1;6;430;13/03/2010
2010033121;1;2;1;1;2;430;16/03/2010
2010033122;1;2;1;1;2;430;25/03/2010
2010033123;1;1;1;1;6;430;01/04/2010
2010033124;1;1;1;1;6;430;16/04/2010
2010033125;1;2;1;1;6;430;25/04/2010
2010033126;1;2;1;1;6;430;25/04/2010
2010033127;1;2;1;1;6;430;02/05/2010
2010033128;2;1;1;1;6;430;13/05/2010
2010033129;1;2;1;1;7;430;13/05/2010
2010033130;1;2;1;1;1;430;22/05/2010
2010033131;1;2;1;1;6;430;25/05/2010
2010033132;1;2;1;1;3;430;03/06/2010
2010033133;1;2;1;1;6;430;04/06/2010
2010033134;1;2;3;1;3;430;05/06/2010
2010033135;1;2;2;1;3;430;30/06/2010
2010033136;1;2;1;1;6;430;02/07/2010
2010033137;3;1;1;1;7;430;08/08/2010
2010033138;1;2;1;1;3;430;13/08/2010
2010033139;1;2;1;1;2;430;27/08/2010
2010033140;1;2;1;1;6;430;30/08/2010
2010033141;1;2;1;1;7;430;05/09/2010
2010033142;1;1;1;1;7;430;08/09/2010
2010033143;1;2;1;1;6;430;27/09/2010
2010033144;1;2;1;1;6;430;29/09/2010
2010033145;1;2;1;1;1;430;30/09/2010
2010033146;1;2;1;1;3;430;29/09/2010
2010033147;1;2;1;1;1;430;02/10/2010
2010033148;1;2;1;2;6;430;04/10/2010
2010033149;1;2;1;1;6;430;08/10/2010
2010033150;1;2;2;1;3;430;14/10/2010
2010033151;1;2;1;1;3;430;14/10/2010
2010033152;1;2;3;1;6;430;15/10/2010
2010033153;1;2;1;1;6;430;28/10/2010
2010033154;1;2;1;1;6;430;28/10/2010
2010033155;1;2;3;2;3;430;10/11/2010
2010033156;5;2;1;1;6;430;12/11/2010
2010033157;5;2;1;5;6;430;21/11/2010
2010033158;1;2;1;1;6;430;29/11/2010
2010033159;2;2;1;1;6;430;07/12/2010
2010033160;1;2;1;1;6;430;08/12/2010
2010033161;1;2;1;8;6;430;11/02/2010
2010033162;1;2;1;1;6;440;06/01/2010
2010033163;1;2;6;1;3;440;12/01/2010
2010033164;5;2;2;1;6;440;10/01/2010
2010033165;5;2;1;1;6;440;23/01/2010
2010033166;1;2;1;1;3;440;08/02/2010
2010033167;1;2;6;1;3;440;23/02/2010
2010033168;5;2;1;1;6;440;27/02/2010
2010033169;5;2;1;1;6;440;23/03/2010
2010033170;1;2;1;1;6;440;23/03/2010
2010033171;1;2;3;1;3;440;25/03/2010
2010033172;3;2;1;1;7;440;29/03/2010
2010033173;1;2;1;1;7;440;01/04/2010
2010033174;1;2;2;1;3;440;04/04/2010
2010033175;1;2;2;1;3;440;07/04/2010
2010033176;1;2;3;1;3;440;11/04/2010
2010033177;1;2;1;1;2;440;18/04/2010
2010033178;1;1;1;1;7;440;19/04/2010
2010033179;1;2;1;1;6;440;20/04/2010
2010033180;5;2;1;1;7;440;21/04/2010
2010033181;5;1;4;1;3;440;23/04/2010
2010033182;1;2;1;1;3;440;27/04/2010
2010033183;1;2;6;1;3;440;04/05/2010
2010033184;1;2;1;1;6;440;07/05/2010
2010033185;1;2;2;1;3;440;04/05/2010
2010033186;1;2;1;1;6;440;11/05/2010
2010033187;1;2;1;1;3;440;11/05/2010
2010033188;5;2;3;1;3;440;15/05/2010
2010033189;1;2;1;1;6;440;23/05/2010
2010033190;1;2;1;1;2;440;27/05/2010
2010033191;2;2;2;7;3;440;26/05/2010
2010033192;1;1;1;1;7;440;04/06/2010
2010033193;1;1;1;1;7;440;05/06/2010
2010033194;5;2;3;1;7;440;06/06/2010
2010033195;1;1;1;1;7;440;08/06/2010
2010033196;5;2;1;1;6;440;10/06/2010
2010033197;1;1;1;1;7;440;11/06/2010
2010033198;1;2;1;1;6;440;14/06/2010
2010033199;5;2;1;1;6;440;16/06/2010
2010033200;1;1;1;1;7;440;20/06/2010
2010033201;1;2;1;1;4;440;22/06/2010
2010033202;1;2;1;1;6;440;29/06/2010
2010033203;1;2;3;1;3;440;03/07/2010
2010033204;1;2;2;1;3;440;05/07/2010
2010033205;2;2;1;1;7;440;05/07/2010
2010033206;1;2;1;1;3;440;07/07/2010
2010033207;1;2;2;1;3;440;08/07/2010
2010033208;1;2;2;1;3;440;08/07/2010
2010033209;1;2;1;1;6;440;10/07/2010
2010033210;1;2;1;1;6;440;12/07/2010
2010033211;5;2;6;1;6;440;14/07/2010
2010033212;1;2;1;8;5;440;14/07/2010
2010033213;1;2;6;1;7;440;16/07/2010
2010033214;1;2;2;1;3;440;18/07/2010
2010033215;1;2;9;1;3;440;18/07/2010
2010033216;1;2;8;7;6;440;20/07/2010
2010033217;1;2;1;1;6;440;22/07/2010
2010033218;1;2;1;1;2;440;22/07/2010
2010033219;1;1;3;1;3;440;23/07/2010
2010033220;1;2;2;1;3;440;29/07/2010
2010033221;5;2;1;1;1;440;30/07/2010
2010033222;2;2;1;1;6;440;31/07/2010
2010033223;1;2;1;1;3;440;11/08/2010
2010033224;3;1;1;1;7;440;12/08/2010
2010033225;1;2;3;1;6;440;18/08/2010
2010033226;1;2;1;1;2;440;20/08/2010
2010033227;1;2;3;1;1;440;21/08/2010
2010033228;1;2;4;2;6;440;25/08/2010
2010033229;1;2;1;1;1;440;27/08/2010
2010033230;1;2;1;1;3;440;31/08/2010
2010033231;1;2;6;1;3;440;08/09/2010
2010033232;1;2;2;1;3;440;08/09/2010
2010033233;1;2;1;1;6;440;11/09/2010
2010033234;5;2;2;1;3;440;11/09/2010
2010033235;1;2;6;1;3;440;12/09/2010
2010033236;1;2;1;1;6;440;13/09/2010
2010033237;1;2;1;1;6;440;14/09/2010
2010033238;1;2;3;1;3;440;16/09/2010
2010033239;1;2;1;1;3;440;16/09/2010
2010033240;1;2;1;1;2;440;17/09/2010
2010033241;1;2;1;1;2;440;18/09/2010
2010033242;1;1;1;1;7;440;18/09/2010
2010033243;1;2;6;1;6;440;19/09/2010
2010033244;1;2;9;1;3;440;21/09/2010
2010033245;1;2;1;7;3;440;21/09/2010
2010033246;1;2;3;8;3;440;24/09/2010
2010033247;3;1;1;1;6;440;05/10/2010
2010033248;3;1;1;1;2;440;14/10/2010
2010033249;1;2;2;7;3;440;16/10/2010
2010033250;1;2;1;1;3;440;04/11/2010
2010033251;5;2;3;1;3;440;12/11/2010
2010033252;5;2;1;8;6;440;14/11/2010
2010033253;1;2;3;1;2;440;27/11/2010
2010033254;1;2;1;1;3;440;03/12/2010
2010033255;1;2;1;2;2;440;07/12/2010
2010033256;5;2;1;1;6;440;09/12/2010
2010033257;1;2;1;1;6;440;14/12/2010
2010033258;1;2;6;1;3;440;22/12/2010
2010033259;5;2;1;1;6;440;28/12/2010
2010033260;5;2;1;1;6;440;04/01/2010
2010033261;1;2;1;8;2;440;03/02/2010
2010033262;1;1;1;1;4;440;04/01/2010
2010033263;1;2;1;1;6;440;06/01/2010
2010033264;1;2;1;1;3;440;06/01/2010
2010033265;3;2;1;2;6;440;06/01/2010
2010033266;1;2;3;1;6;440;07/01/2010
2010033267;1;2;1;1;3;440;08/01/2010
2010033268;1;2;6;1;3;440;18/01/2010
2010033269;1;2;1;1;6;440;08/01/2010
2010033270;1;2;1;1;6;440;08/01/2010
2010033271;2;1;1;2;6;440;14/01/2010
2010033272;2;2;1;4;6;440;06/01/2010
2010033273;5;2;1;2;6;440;16/01/2010
2010033274;5;2;1;1;1;;15/01/2010
2010033275;5;1;3;8;3;440;16/01/2010
2010033276;2;2;1;1;6;440;17/01/2010
2010033277;3;1;1;1;3;440;15/01/2010
2010033278;1;1;1;5;4;440;20/01/2010
2010033279;1;2;2;2;3;440;20/01/2010
2010033280;1;1;1;1;5;440;20/01/2010
2010033281;1;2;1;1;6;440;21/01/2010
2010033282;2;2;1;1;4;440;20/01/2010
2010033283;1;1;1;2;2;440;23/01/2010
2010033284;5;2;6;9;3;440;23/01/2010
2010033285;1;1;1;2;2;440;25/01/2010
2010033286;1;2;2;1;3;440;21/01/2010
2010033287;5;2;1;1;6;440;27/01/2010
2010033288;2;2;1;1;6;440;28/01/2010
2010033289;5;2;1;1;6;440;29/01/2010
2010033290;5;2;1;1;6;440;28/01/2010
2010033291;5;2;1;8;6;440;17/01/2010
2010033292;1;2;2;1;3;440;31/01/2010
2010033293;5;1;1;1;3;440;01/02/2010
2010033294;1;2;6;1;3;440;01/02/2010
2010033295;2;2;1;3;6;440;03/02/2010
2010033296;5;2;1;2;3;440;04/02/2010
2010033297;1;2;1;2;6;440;05/02/2010
2010033298;1;2;1;1;6;440;04/02/2010
2010033299;2;2;1;1;6;440;07/02/2010
2010033300;5;1;1;1;6;440;16/02/2010
2010033301;1;2;6;1;3;440;08/02/2010
2010033302;3;2;6;1;6;440;01/01/2010
2010033303;5;2;1;1;6;440;10/02/2010
2010033304;5;2;1;1;6;440;11/02/2010
2010033305;1;2;1;4;1;440;11/02/2010
2010033306;1;2;1;1;6;440;11/02/2010
2010033307;5;2;1;1;1;440;12/02/2010
2010033308;1;2;1;1;6;440;12/02/2010
2010033309;1;2;1;1;6;440;09/02/2010
2010033310;1;2;1;9;6;440;17/02/2010
2010033311;5;2;1;1;6;440;17/02/2010
2010033312;1;1;1;1;6;440;18/02/2010
2010033313;1;2;2;1;3;440;21/02/2010
2010033314;1;2;1;1;5;440;24/02/2010
2010033315;5;2;6;1;3;440;26/02/2010
2010033316;3;1;1;1;6;440;28/02/2010
2010033317;3;2;9;3;6;440;26/02/2010
2010033318;1;2;2;2;3;440;25/02/2010
2010033319;2;2;1;8;6;440;21/02/2010
2010033320;1;2;1;1;1;440;19/02/2010
2010033321;1;2;1;1;3;440;03/03/2010
2010033322;1;2;2;1;7;440;02/03/2010
2010033323;1;2;1;1;2;440;03/03/2010
2010033324;1;2;1;2;6;440;01/03/2010
2010033325;1;2;1;1;3;440;04/03/2010
2010033326;2;2;1;1;6;440;04/03/2010
2010033327;1;2;1;1;6;440;05/03/2010
2010033328;1;2;1;1;3;440;01/03/2010
2010033329;1;2;1;1;3;440;05/03/2010
2010033330;2;2;1;1;6;440;05/03/2010
2010033331;5;2;2;1;6;440;07/03/2010
2010033332;1;2;2;1;3;440;21/01/2010
2010033333;2;2;1;9;6;440;03/03/2010
2010033334;1;2;1;1;4;440;09/03/2010
2010033335;1;2;1;1;5;440;10/03/2010
2010033336;1;2;1;1;6;440;10/03/2010
2010033337;3;2;1;1;2;440;13/03/2010
2010033338;1;2;1;1;6;440;15/03/2010
2010033339;1;2;1;1;6;440;15/03/2010
2010033340;5;2;2;1;6;440;15/03/2010
2010033341;1;1;1;1;5;440;15/03/2010
2010033342;1;1;1;1;6;440;16/03/2010
2010033343;1;2;2;1;3;440;16/03/2010
2010033344;1;2;1;1;2;440;17/03/2010
2010033345;5;2;1;1;3;440;17/03/2010
2010033346;5;2;2;1;3;440;17/03/2010
2010033347;1;1;1;1;2;440;15/03/2010
2010033348;3;1;1;8;6;440;19/03/2010
2010033349;1;2;1;1;3;440;16/03/2010
2010033350;4;2;6;1;3;440;19/03/2010
2010033351;5;2;3;1;3;440;21/03/2010
2010033352;5;2;1;1;2;440;20/03/2010
2010033353;1;2;1;1;6;440;20/03/2010
2010033354;1;2;1;1;6;440;15/03/2010
2010033355;1;2;1;1;3;440;25/03/2010
2010033356;1;2;3;1;3;440;28/03/2010
2010033357;5;2;1;3;6;440;26/03/2010
2010033358;1;2;1;1;6;440;27/03/2010
2010033359;2;2;6;1;3;440;29/03/2010
2010033360;1;2;1;1;6;440;25/03/2010
2010033361;1;2;6;1;6;440;02/04/2010
2010033362;1;2;1;1;3;440;06/04/2010
2010033363;1;2;1;1;6;440;31/03/2010
2010033364;1;1;1;1;6;440;21/03/2010
2010033365;1;2;1;1;3;440;06/04/2010
2010033366;1;2;1;1;6;440;07/04/2010
2010033367;1;2;1;1;6;440;08/04/2010
2010033368;1;2;1;1;6;440;12/04/2010
2010033369;1;2;1;1;6;440;12/04/2010
2010033370;5;2;1;2;7;440;14/04/2010
2010033371;1;2;6;1;6;440;14/04/2010
2010033372;1;2;1;1;6;440;14/04/2010
2010033373;1;2;1;1;6;440;12/04/2010
2010033374;1;2;3;1;6;440;13/04/2010
2010033375;5;2;3;1;7;440;28/05/2010
2010033376;1;2;3;1;3;440;14/04/2010
2010033377;1;2;1;1;6;440;11/04/2010
2010033378;1;2;2;1;6;440;16/04/2010
2010033379;1;2;1;1;6;440;18/04/2010
2010033380;1;2;1;1;6;440;16/04/2010
2010033381;1;2;1;1;6;440;18/04/2010
2010033382;1;2;1;1;6;440;20/04/2010
2010033383;1;1;1;1;6;440;25/04/2010
2010033384;1;2;2;1;3;440;24/04/2010
2010033385;1;2;2;1;6;440;26/04/2010
2010033386;1;2;1;1;6;440;26/04/2010
2010033387;1;2;1;1;6;440;26/04/2010
2010033388;2;2;3;1;3;440;26/04/2010
2010033389;1;2;2;1;6;440;27/04/2010
2010033390;1;1;1;1;2;440;24/04/2010
2010033391;1;1;1;1;2;440;28/04/2010
2010033392;1;2;1;1;3;440;01/05/2010
2010033393;1;2;2;1;2;440;01/05/2010
2010033394;1;2;1;1;6;440;02/05/2010
2010033395;5;2;6;1;3;440;04/05/2010
2010033396;1;1;1;1;6;440;03/05/2010
2010033397;1;2;1;1;7;440;03/05/2010
2010033398;1;2;1;1;2;440;04/05/2010
2010033399;1;2;6;1;3;440;04/05/2010
2010033400;1;2;1;1;6;440;05/05/2010
2010033401;1;2;6;1;3;440;05/05/2010
2010033402;1;2;1;1;2;440;06/05/2010
2010033403;5;2;5;1;6;440;07/05/2010
2010033404;1;2;1;1;3;440;06/05/2010
2010033405;1;2;1;1;6;440;07/05/2010
2010033406;5;2;3;9;3;440;09/05/2010
2010033407;1;2;1;1;6;440;11/05/2010
2010033408;1;1;1;1;6;440;13/05/2010
2010033409;2;1;1;1;6;440;13/05/2010
2010033410;5;2;9;1;6;440;13/05/2010
2010033411;1;2;1;1;6;440;20/05/2010
2010033412;1;2;1;1;6;440;21/05/2010
2010033413;1;2;1;1;6;440;20/05/2010
2010033414;1;2;1;1;6;440;22/05/2010
2010033415;1;2;1;1;2;440;17/05/2010
2010033416;1;2;1;1;3;440;21/05/2010
2010033417;5;2;6;1;3;440;23/05/2010
2010033418;1;2;6;1;3;440;23/05/2010
2010033419;4;1;1;1;6;440;23/05/2010
2010033420;1;2;9;1;2;440;22/05/2010
2010033421;1;2;1;9;2;440;18/05/2010
2010033422;1;2;1;1;6;440;25/05/2010
2010033423;1;2;3;1;6;440;21/05/2010
2010033424;1;2;1;1;6;440;26/05/2010
2010033425;1;2;1;1;6;440;14/05/2010
2010033426;1;2;6;9;6;440;26/05/2010
2010033427;1;2;1;1;6;440;31/05/2010
2010033428;5;2;6;1;7;440;29/05/2010
2010033429;1;2;2;1;3;440;01/06/2010
2010033430;1;2;6;1;3;440;01/06/2010
2010033431;1;2;1;8;6;440;01/06/2010
2010033432;1;2;1;1;6;440;04/06/2010
2010033433;1;1;1;1;6;440;04/06/2010
2010033434;1;1;1;1;3;440;04/06/2010
2010033435;1;2;1;1;1;440;06/06/2010
2010033436;1;2;3;2;6;440;08/06/2010
2010033437;5;2;1;1;7;440;09/06/2010
2010033438;5;2;1;1;7;440;10/06/2010
2010033439;1;2;1;1;2;440;12/06/2010
2010033440;5;2;1;1;2;440;12/06/2010
2010033441;1;2;1;1;2;440;11/06/2010
2010033442;1;2;3;1;3;440;15/06/2010
2010033443;5;2;1;1;7;440;20/06/2010
2010033444;1;2;1;1;6;440;11/06/2010
2010033445;1;2;1;1;3;440;21/06/2010
2010033446;1;2;1;1;6;440;21/06/2010
2010033447;1;2;3;1;3;440;21/06/2010
2010033448;1;2;1;1;4;440;22/06/2010
2010033449;3;2;1;1;4;440;21/06/2010
2010033450;5;2;1;1;6;440;21/06/2010
2010033451;1;2;1;1;2;440;20/06/2010
2010033452;1;1;1;1;6;440;14/06/2010
2010033453;1;2;1;1;7;440;19/06/2010
2010033454;1;2;6;1;2;440;24/06/2010
2010033455;1;2;1;1;2;440;25/06/2010
2010033456;1;2;1;1;3;440;26/06/2010
2010033457;1;2;1;1;6;440;21/06/2010
2010033458;1;2;1;1;6;440;26/06/2010
2010033459;1;2;2;1;6;440;29/06/2010
2010033460;1;1;3;1;3;440;29/06/2010
2010033461;5;2;1;1;6;440;25/06/2010
2010033462;2;2;3;1;3;440;05/07/2010
2010033463;5;2;2;1;3;440;03/07/2010
2010033464;1;2;1;1;6;440;03/07/2010
2010033465;5;2;1;1;6;440;09/07/2010
2010033466;1;2;1;1;6;440;09/07/2010
2010033467;1;2;1;1;2;440;09/07/2010
2010033468;2;2;1;1;3;440;13/07/2010
2010033469;1;2;1;1;3;440;13/07/2010
2010033470;1;2;1;1;3;440;06/07/2010
2010033471;1;1;1;1;3;440;11/07/2010
2010033472;1;2;1;3;3;440;15/07/2010
2010033473;1;2;1;1;6;440;18/07/2010
2010033474;1;2;1;1;3;440;16/07/2010
2010033475;1;2;1;2;6;440;15/07/2010
2010033476;5;2;2;1;3;440;20/07/2010
2010033477;1;1;1;1;2;440;19/07/2010
2010033478;1;2;3;1;6;440;20/07/2010
2010033479;1;2;1;1;6;440;19/07/2010
2010033480;1;2;1;1;2;440;22/07/2010
2010033481;1;2;1;1;6;440;22/07/2010
2010033482;1;2;6;1;7;440;24/07/2010
2010033483;1;2;1;1;6;440;24/07/2010
2010033484;5;2;2;1;3;440;27/07/2010
2010033485;1;2;1;1;6;440;27/07/2010
2010033486;1;2;6;1;6;440;28/07/2010
2010033487;1;2;6;1;3;440;28/07/2010
2010033488;1;2;1;1;7;440;30/07/2010
2010033489;1;2;2;1;6;440;30/07/2010
2010033490;5;2;6;1;6;440;01/08/2010
2010033491;1;2;6;1;3;440;02/08/2010
2010033492;3;2;1;1;6;440;30/07/2010
2010033493;1;2;3;9;3;440;05/08/2010
2010033494;1;2;9;1;6;440;05/08/2010
2010033495;5;2;1;9;6;440;31/07/2010
2010033496;1;2;1;1;1;440;06/08/2010
2010033497;1;2;2;1;3;440;06/08/2010
2010033498;5;1;3;1;3;440;12/08/2010
2010033499;1;2;1;1;2;440;11/08/2010
2010033500;3;1;1;1;2;440;12/08/2010
2010033501;1;2;1;1;6;440;13/08/2010
2010033502;1;2;1;1;7;440;15/08/2010
2010033503;1;2;3;1;3;440;16/08/2010
2010033504;1;2;3;1;3;440;18/08/2010
2010033505;1;2;1;9;7;440;20/08/2010
2010033506;1;2;2;1;1;440;16/08/2010
2010033507;5;2;1;1;6;440;21/08/2010
2010033508;5;2;1;1;3;440;21/08/2010
2010033509;1;2;6;1;3;440;29/08/2010
2010033510;5;2;6;1;3;440;24/08/2010
2010033511;1;1;1;9;2;440;24/08/2010
2010033512;1;2;1;1;3;440;24/08/2010
2010033513;1;2;6;7;3;440;24/08/2010
2010033514;1;2;1;2;3;440;23/08/2010
2010033515;1;2;1;1;6;440;26/08/2010
2010033516;1;2;1;1;3;440;29/08/2010
2010033517;5;2;3;1;6;440;31/08/2010
2010033518;1;2;2;1;6;440;31/08/2010
2010033519;1;2;1;1;6;440;31/08/2010
2010033520;1;2;2;1;3;440;31/08/2010
2010033521;3;1;1;1;1;440;31/08/2010
2010033522;1;2;9;1;3;440;02/09/2010
2010033523;1;2;1;1;3;440;03/09/2010
2010033524;1;2;1;1;2;440;02/09/2010
2010033525;1;2;1;1;2;440;03/09/2010
2010033526;1;1;1;2;4;440;25/08/2010
2010033527;1;2;1;1;6;440;07/09/2010
2010033528;1;2;1;1;6;440;09/09/2010
2010033529;1;2;1;1;3;440;08/09/2010
2010033530;5;2;1;1;7;440;12/09/2010
2010033531;1;2;1;1;6;440;11/09/2010
2010033532;1;2;1;1;7;440;12/09/2010
2010033533;1;2;1;1;6;440;13/09/2010
2010033534;1;2;6;1;3;440;16/09/2010
2010033535;1;2;1;1;6;440;17/09/2010
2010033536;3;1;1;1;6;440;19/09/2010
2010033537;1;2;1;1;6;440;19/09/2010
2010033538;1;2;1;1;3;440;17/09/2010
2010033539;5;1;1;1;6;440;18/09/2010
2010033540;1;1;1;1;6;440;20/09/2010
2010033541;1;2;1;1;3;440;21/09/2010
2010033542;1;2;1;1;3;440;22/09/2010
2010033543;1;2;1;1;7;440;23/09/2010
2010033544;1;2;1;1;7;440;23/09/2010
2010033545;1;2;1;1;6;440;22/09/2010
2010033546;1;2;1;2;6;440;23/09/2010
2010033547;1;2;1;1;3;440;24/09/2010
2010033548;1;2;6;1;3;440;22/09/2010
2010033549;1;2;1;1;2;440;26/09/2010
2010033550;1;2;1;1;6;440;28/09/2010
2010033551;1;2;1;1;3;440;30/09/2010
2010033552;5;2;1;2;6;440;03/10/2010
2010033553;1;2;1;1;6;440;02/01/2010
2010033554;1;2;1;3;3;440;01/10/2010
2010033555;4;2;1;8;6;440;05/10/2010
2010033556;1;2;6;1;3;440;05/10/2010
2010033557;1;2;1;1;3;440;07/10/2010
2010033558;1;1;1;1;1;440;09/10/2010
2010033559;1;2;6;1;3;440;08/10/2010
2010033560;1;2;6;1;6;440;11/10/2010
2010033561;1;2;1;1;6;440;11/10/2010
2010033562;5;2;1;1;3;440;12/10/2010
2010033563;5;2;1;1;6;440;13/10/2010
2010033564;5;2;6;1;3;440;11/10/2010
2010033565;1;2;1;1;6;440;14/10/2010
2010033566;5;2;1;1;1;440;15/10/2010
2010033567;1;2;1;1;6;440;14/10/2010
2010033568;5;2;1;1;6;440;17/10/2010
2010033569;1;2;6;1;6;440;15/10/2010
2010033570;3;1;1;1;6;440;15/10/2010
2010033571;1;2;1;1;2;440;16/10/2010
2010033572;1;2;1;1;7;440;23/09/2010
2010033573;1;2;1;1;7;440;16/10/2010
2010033574;1;1;1;1;6;440;15/10/2010
2010033575;1;1;1;1;2;440;18/10/2010
2010033576;1;2;1;1;3;440;16/10/2010
2010033577;1;1;3;1;2;440;15/10/2010
2010033578;2;2;2;1;3;440;20/10/2010
2010033579;1;2;8;1;3;440;20/10/2010
2010033580;5;2;1;1;1;440;24/10/2010
2010033581;1;2;1;1;4;440;22/10/2010
2010033582;1;2;1;2;3;440;23/10/2010
2010033583;1;2;1;1;6;440;25/10/2010
2010033584;5;2;2;1;2;440;24/10/2010
2010033585;1;2;2;1;3;440;20/10/2010
2010033586;1;1;1;1;6;440;25/10/2010
2010033587;1;2;1;2;2;440;23/10/2010
2010033588;3;1;1;1;6;440;22/10/2010
2010033589;2;1;1;5;6;440;28/10/2010