num_acc;lum;agg;inter;atm;col;dep;date
2010033590;4;2;1;1;6;440;30/10/2010
2010033591;1;2;1;9;6;440;25/10/2010
2010033592;1;2;1;1;3;440;04/11/2010
2010033593;1;2;6;1;3;440;04/11/2010
2010033594;1;2;1;2;1;440;05/11/2010
2010033595;2;2;1;1;6;440;08/11/2010
2010033596;1;2;1;1;6;440;19/10/2010
2010033597;5;2;1;1;1;440;09/11/2010
2010033598;5;2;1;3;6;440;11/11/2010
2010033599;1;1;1;1;2;440;15/11/2010
2010033600;1;2;1;2;6;440;15/11/2010
2010033601;5;2;1;1;1;440;15/11/2010
2010033602;5;2;9;3;6;440;13/11/2010
2010033603;1;2;1;1;6;440;16/11/2010
2010033604;1;2;1;1;6;440;18/11/2010
2010033605;5;2;3;2;6;440;18/11/2010
2010033606;5;2;2;1;3;440;21/11/2010
2010033607;5;2;1;1;6;440;22/11/2010
2010033608;5;2;1;1;6;440;25/11/2010
2010033609;1;2;1;2;3;440;26/11/2010
2010033610;5;2;1;8;7;440;28/11/2010
2010033611;5;2;1;1;6;440;23/11/2010
2010033612;1;2;1;5;6;440;29/11/2010
2010033613;2;2;1;8;6;440;29/11/2010
2010033614;1;2;2;1;3;440;26/11/2010
2010033615;5;2;1;1;7;440;26/11/2010
2010033616;1;2;1;1;6;440;29/11/2010
2010033617;5;2;1;1;6;440;03/12/2010
2010033618;5;2;1;1;6;440;02/12/2010
2010033619;1;2;1;8;6;440;02/12/2010
2010033620;5;2;1;8;4;440;04/12/2010
2010033621;1;2;1;1;3;440;03/12/2010
2010033622;2;2;2;2;3;440;07/12/2010
2010033623;2;2;1;2;6;440;07/12/2010
2010033624;2;2;1;1;6;440;08/12/2010
2010033625;2;2;3;1;3;440;08/12/2010
2010033626;1;2;6;1;3;440;09/12/2010
2010033627;5;2;1;1;6;440;10/12/2010
2010033628;1;2;1;1;3;440;09/12/2010
2010033629;5;2;1;1;6;440;11/12/2010
2010033630;5;2;1;1;6;440;11/12/2010
2010033631;1;2;1;2;6;440;10/12/2010
2010033632;2;2;1;1;6;440;09/12/2010
2010033633;1;2;1;1;6;440;11/12/2010
2010033634;4;2;1;2;6;440;07/12/2010
2010033635;1;2;1;1;6;440;13/12/2010
2010033636;2;2;1;1;6;440;14/12/2010
2010033637;4;2;1;1;6;440;13/12/2010
2010033638;1;2;1;2;7;440;16/12/2010
2010033639;5;2;1;1;2;440;17/12/2010
2010033640;5;2;1;1;3;440;18/12/2010
2010033641;5;2;1;1;6;440;19/12/2010
2010033642;1;2;1;1;3;440;23/12/2010
2010033643;1;2;1;1;6;440;27/12/2010
2010033644;1;2;6;2;2;440;29/12/2010
2010033645;5;2;1;1;6;440;06/12/2010
2010033646;5;2;1;1;6;440;15/12/2010
2010033647;4;2;2;1;7;440;08/12/2010
2010033648;1;2;1;1;6;440;04/01/2010
2010033649;1;2;1;1;1;440;06/01/2010
2010033650;1;2;2;2;3;440;12/01/2010
2010033651;3;1;1;3;6;440;13/01/2010
2010033652;5;2;1;1;7;440;19/01/2010
2010033653;2;1;1;1;2;440;20/01/2010
2010033654;5;2;1;1;3;440;26/01/2010
2010033655;1;2;2;1;6;440;27/01/2010
2010033656;1;2;3;4;3;440;05/02/2010
2010033657;1;2;2;1;3;440;12/02/2010
2010033658;1;2;2;1;3;440;16/02/2010
2010033659;1;2;2;1;6;440;20/02/2010
2010033660;1;2;2;1;2;440;28/02/2010
2010033661;1;2;3;1;3;440;01/03/2010
2010033662;1;2;1;1;5;440;05/03/2010
2010033663;5;2;6;1;6;440;05/03/2010
2010033664;2;2;3;1;3;440;07/03/2010
2010033665;1;2;1;1;6;440;08/03/2010
2010033666;1;2;2;1;3;440;15/03/2010
2010033667;1;2;3;2;2;440;19/03/2010
2010033668;2;2;3;2;3;440;19/03/2010
2010033669;1;2;1;1;7;440;23/03/2010
2010033670;1;2;3;1;3;440;23/03/2010
2010033671;1;2;1;1;1;440;01/04/2010
2010033672;1;2;2;1;3;440;09/04/2010
2010033673;1;2;2;1;3;440;12/04/2010
2010033674;1;2;1;1;3;440;19/04/2010
2010033675;1;2;2;1;3;440;19/04/2010
2010033676;1;2;2;1;6;440;23/04/2010
2010033677;1;2;1;1;6;440;24/04/2010
2010033678;1;2;1;1;3;440;24/04/2010
2010033679;1;2;2;1;3;440;27/04/2010
2010033680;1;2;1;1;4;440;30/04/2010
2010033681;1;2;2;1;3;440;04/05/2010
2010033682;5;2;1;1;6;440;09/05/2010
2010033683;1;2;3;1;5;440;11/05/2010
2010033684;1;2;1;1;3;440;14/05/2010
2010033685;3;1;1;1;6;440;15/05/2010
2010033686;1;2;1;1;3;440;19/05/2010
2010033687;1;2;1;1;3;440;21/05/2010
2010033688;1;2;1;1;6;440;26/05/2010
2010033689;1;2;1;1;6;440;27/05/2010
2010033690;5;2;6;2;6;440;07/06/2010
2010033691;3;2;6;2;6;440;07/06/2010
2010033692;1;2;1;1;7;440;17/06/2010
2010033693;1;2;1;1;6;440;25/06/2010
2010033694;1;2;4;1;7;440;29/06/2010
2010033695;1;2;2;1;7;440;30/06/2010
2010033696;1;2;1;1;3;440;01/07/2010
2010033697;1;2;3;1;3;440;03/07/2010
2010033698;1;2;2;1;3;440;06/07/2010
2010033699;1;2;2;1;3;440;07/07/2010
2010033700;1;2;1;1;3;440;09/07/2010
2010033701;1;2;3;1;3;440;16/07/2010
2010033702;1;2;1;1;6;440;21/07/2010
2010033703;1;2;3;1;5;440;27/07/2010
2010033704;5;2;2;1;3;440;04/08/2010
2010033705;3;1;1;1;2;440;05/08/2010
2010033706;1;2;6;1;6;440;09/08/2010
2010033707;1;2;6;1;3;440;16/08/2010
2010033708;1;2;6;7;2;440;02/09/2010
2010033709;1;2;3;1;3;440;02/09/2010
2010033710;1;2;1;1;6;440;03/09/2010
2010033711;1;2;1;7;6;440;03/09/2010
2010033712;1;2;2;1;2;440;10/09/2010
2010033713;1;2;1;1;2;440;11/09/2010
2010033714;1;2;2;1;3;440;16/09/2010
2010033715;1;2;1;1;3;440;16/09/2010
2010033716;1;2;2;1;3;440;17/09/2010
2010033717;1;2;1;1;6;440;18/09/2010
2010033718;5;2;2;1;3;440;18/09/2010
2010033719;1;1;1;1;7;440;19/09/2010
2010033720;1;2;1;1;6;440;19/09/2010
2010033721;1;2;2;1;3;440;22/09/2010
2010033722;1;2;1;1;2;440;23/09/2010
2010033723;1;2;6;1;3;440;29/09/2010
2010033724;1;2;1;1;6;440;30/09/2010
2010033725;1;2;1;8;3;440;30/09/2010
2010033726;2;2;1;2;2;440;04/10/2010
2010033727;2;2;2;1;3;440;09/10/2010
2010033728;2;2;1;1;3;440;14/10/2010
2010033729;1;2;3;1;3;440;18/10/2010
2010033730;1;2;2;1;3;440;24/10/2010
2010033731;1;2;1;1;6;440;26/10/2010
2010033732;3;1;1;2;5;440;31/10/2010
2010033733;1;2;2;1;6;440;01/11/2010
2010033734;5;2;1;2;7;440;03/11/2010
2010033735;1;2;1;1;7;440;09/11/2010
2010033736;1;2;3;1;6;440;16/11/2010
2010033737;5;2;1;1;6;440;16/11/2010
2010033738;1;2;2;2;3;440;19/11/2010
2010033739;1;2;1;1;6;440;22/11/2010
2010033740;2;2;2;1;3;440;22/11/2010
2010033741;3;2;1;1;1;440;22/11/2010
2010033742;5;2;1;1;3;440;24/11/2010
2010033743;1;2;2;1;3;440;27/11/2010
2010033744;2;2;2;1;6;440;30/11/2010
2010033745;5;2;2;1;3;440;06/12/2010
2010033746;1;2;1;2;2;440;07/12/2010
2010033747;5;2;3;1;3;440;08/12/2010
2010033748;1;2;1;1;3;440;15/12/2010
2010033749;5;2;2;2;6;440;16/12/2010
2010033750;5;2;2;1;3;440;25/12/2010
2010033751;1;2;3;2;3;440;29/12/2010
2010033752;1;2;2;3;3;440;29/12/2010
2010033753;1;2;1;1;6;440;31/12/2010
2010033754;3;1;1;8;2;450;01/01/2010
2010033755;1;2;3;8;6;450;15/01/2010
2010033756;1;2;2;1;3;450;04/02/2010
2010033757;1;2;2;1;3;450;04/02/2010
2010033758;5;2;3;1;3;450;20/02/2010
2010033759;1;2;1;1;6;450;21/02/2010
2010033760;5;2;1;1;1;450;21/02/2010
2010033761;5;2;2;1;3;450;24/02/2010
2010033762;3;1;1;6;6;450;26/02/2010
2010033763;3;1;1;1;5;450;28/02/2010
2010033764;1;2;1;1;3;450;16/03/2010
2010033765;1;1;4;2;3;450;20/03/2010
2010033766;1;2;1;2;6;450;20/03/2010
2010033767;1;2;1;1;6;450;23/03/2010
2010033768;5;2;2;2;3;450;28/03/2010
2010033769;1;2;1;1;3;450;31/03/2010
2010033770;1;1;1;1;1;450;31/03/2010
2010033771;3;2;1;1;6;450;06/04/2010
2010033772;3;1;1;1;6;450;08/04/2010
2010033773;1;2;3;1;1;450;09/04/2010
2010033774;1;1;1;3;5;450;13/04/2010
2010033775;1;2;3;1;3;450;20/04/2010
2010033776;1;1;1;1;6;450;21/04/2010
2010033777;1;2;6;1;2;450;23/04/2010
2010033778;1;2;1;8;3;450;25/04/2010
2010033779;1;2;6;1;3;450;26/04/2010
2010033780;1;2;1;1;2;450;28/04/2010
2010033781;1;2;2;1;1;450;29/04/2010
2010033782;1;1;1;1;6;450;02/05/2010
2010033783;1;2;3;1;3;450;07/05/2010
2010033784;1;2;1;1;6;450;12/05/2010
2010033785;1;2;6;2;3;450;11/05/2010
2010033786;1;2;1;1;1;450;20/05/2010
2010033787;1;2;1;1;1;450;25/05/2010
2010033788;1;2;1;1;3;450;21/05/2010
2010033789;2;2;1;1;6;450;28/05/2010
2010033790;1;2;3;1;3;450;29/05/2010
2010033791;1;2;1;1;3;450;31/05/2010
2010033792;1;2;1;1;6;450;01/06/2010
2010033793;1;2;2;1;6;450;02/06/2010
2010033794;1;1;1;3;5;450;13/04/2010
2010033795;1;2;3;1;1;450;01/06/2010
2010033796;1;2;1;1;1;450;11/06/2010
2010033797;1;2;6;1;3;450;22/06/2010
2010033798;1;2;1;1;6;450;02/07/2010
2010033799;1;2;1;1;1;450;06/07/2010
2010033800;1;2;2;1;3;450;04/06/2010
2010033801;1;2;2;1;3;450;23/07/2010
2010033802;1;2;1;1;6;450;23/07/2010
2010033803;1;1;1;8;3;450;17/08/2010
2010033804;1;2;3;1;6;450;18/08/2010
2010033805;5;1;4;1;6;450;22/08/2010
2010033806;1;2;1;1;6;450;19/05/2010
2010033807;2;2;3;1;1;450;26/07/2010
2010033808;1;2;3;1;3;450;29/08/2010
2010033809;1;2;1;1;5;450;31/08/2010
2010033810;1;2;1;1;3;450;02/09/2010
2010033811;1;1;1;1;2;450;03/09/2010
2010033812;1;1;1;1;7;450;05/09/2010
2010033813;1;2;2;1;1;450;10/09/2010
2010033814;1;2;6;1;6;450;09/09/2010
2010033815;1;2;1;1;6;450;16/09/2010
2010033816;5;2;1;1;6;450;19/09/2010
2010033817;1;2;1;1;3;450;19/09/2010
2010033818;1;2;6;1;3;450;13/09/2010
2010033819;1;2;3;7;6;450;21/09/2010
2010033820;1;2;6;1;2;450;21/09/2010
2010033821;5;2;3;2;3;450;26/09/2010
2010033822;1;2;2;2;6;450;30/09/2010
2010033823;1;2;2;1;3;450;02/10/2010
2010033824;5;2;1;1;6;450;08/10/2010
2010033825;1;2;1;1;1;450;12/10/2010
2010033826;5;2;2;1;3;450;13/10/2010
2010033827;5;2;2;1;3;450;21/10/2010
2010033828;3;2;1;1;6;450;22/10/2010
2010033829;2;2;1;1;2;450;27/10/2010
2010033830;5;2;2;2;3;450;03/11/2010
2010033831;3;1;1;3;5;450;06/11/2010
2010033832;5;2;1;2;3;450;19/11/2010
2010033833;1;2;1;1;4;450;15/11/2010
2010033834;1;1;1;1;6;450;20/11/2010
2010033835;5;2;3;2;3;450;25/11/2010
2010033836;1;2;1;4;6;450;25/11/2010
2010033837;1;2;1;3;6;450;07/12/2010
2010033838;1;1;1;1;7;450;11/12/2010
2010033839;5;2;1;1;1;450;20/12/2010
2010033840;1;2;1;8;3;450;21/12/2010
2010033841;3;1;1;4;7;450;28/12/2010
2010033842;5;2;2;1;3;450;31/12/2010
2010033843;1;2;2;1;3;450;14/12/2010
2010033844;5;2;1;4;7;450;20/12/2010
2010033845;1;2;1;1;6;450;31/12/2010
2010033846;1;2;2;1;6;450;05/01/2010
2010033847;1;2;1;1;1;450;10/01/2010
2010033848;1;2;1;1;2;450;11/01/2010
2010033849;5;2;2;1;5;450;11/01/2010
2010033850;1;2;1;1;6;450;11/01/2010
2010033851;1;2;1;1;6;450;12/01/2010
2010033852;1;2;2;1;6;450;18/01/2010
2010033853;3;2;1;5;3;450;21/01/2010
2010033854;1;2;1;1;3;450;21/01/2010
2010033855;2;2;1;1;6;450;25/01/2010
2010033856;1;2;2;1;3;450;27/01/2010
2010033857;1;2;3;1;3;450;01/02/2010
2010033858;1;2;3;1;3;450;05/02/2010
2010033859;1;2;1;1;6;450;07/02/2010
2010033860;5;2;3;1;3;450;08/02/2010
2010033861;5;2;6;1;6;450;10/02/2010
2010033862;5;2;2;1;1;450;10/02/2010
2010033863;5;2;1;1;6;450;13/02/2010
2010033864;1;2;3;1;3;450;14/02/2010
2010033865;2;2;1;1;6;450;16/02/2010
2010033866;1;2;1;1;6;450;16/02/2010
2010033867;1;2;3;1;2;450;18/02/2010
2010033868;2;1;1;1;3;450;22/02/2010
2010033869;3;1;1;1;6;450;19/02/2010
2010033870;1;2;1;1;6;450;19/02/2010
2010033871;1;2;3;1;3;450;21/02/2010
2010033872;1;2;1;1;5;450;21/02/2010
2010033873;1;2;3;1;3;450;24/02/2010
2010033874;5;2;1;1;6;450;24/02/2010
2010033875;5;2;2;1;3;450;25/02/2010
2010033876;5;2;1;1;6;450;25/02/2010
2010033877;1;2;3;1;2;450;26/02/2010
2010033878;2;2;2;1;3;450;27/02/2010
2010033879;1;2;6;1;3;450;28/02/2010
2010033880;1;2;1;1;6;450;04/03/2010
2010033881;1;2;1;1;4;450;05/03/2010
2010033882;1;2;2;1;3;450;06/03/2010
2010033883;1;2;3;1;3;450;08/03/2010
2010033884;1;2;1;1;6;450;09/03/2010
2010033885;1;2;3;1;4;450;12/03/2010
2010033886;1;2;1;1;7;450;12/03/2010
2010033887;5;2;3;1;3;450;17/03/2010
2010033888;2;2;1;1;3;450;23/03/2010
2010033889;1;2;1;1;6;450;22/03/2010
2010033890;1;2;4;1;3;450;22/03/2010
2010033891;1;2;1;1;3;450;29/03/2010
2010033892;1;2;6;1;3;450;30/03/2010
2010033893;1;2;1;1;6;450;30/03/2010
2010033894;1;2;3;1;6;450;30/03/2010
2010033895;5;2;1;1;6;450;05/04/2010
2010033896;1;2;1;1;3;450;02/04/2010
2010033897;1;2;6;1;7;450;04/04/2010
2010033898;1;2;3;1;6;450;09/04/2010
2010033899;1;2;1;1;6;450;11/04/2010
2010033900;1;2;1;1;5;450;14/04/2010
2010033901;1;2;3;9;3;450;15/04/2010
2010033902;1;2;3;1;3;450;19/04/2010
2010033903;1;2;1;1;3;450;21/04/2010
2010033904;1;2;1;1;3;450;23/04/2010
2010033905;1;2;8;1;3;450;23/04/2010
2010033906;1;2;1;1;6;450;28/04/2010
2010033907;1;2;1;1;6;450;30/04/2010
2010033908;5;2;2;1;3;450;02/05/2010
2010033909;5;1;1;1;6;450;30/04/2010
2010033910;1;2;3;1;3;450;05/05/2010
2010033911;1;2;2;1;3;450;08/05/2010
2010033912;1;2;1;1;3;450;10/05/2010
2010033913;1;2;2;1;3;450;10/05/2010
2010033914;1;2;1;1;6;450;17/05/2010
2010033915;1;1;1;1;2;450;18/05/2010
2010033916;1;2;1;1;3;450;19/05/2010
2010033917;5;2;4;1;3;450;24/05/2010
2010033918;1;2;1;1;3;450;25/05/2010
2010033919;1;2;2;1;6;450;26/05/2010
2010033920;4;2;1;1;6;450;31/05/2010
2010033921;1;2;1;1;3;450;02/06/2010
2010033922;1;2;6;1;3;450;02/06/2010
2010033923;1;2;1;1;2;450;03/06/2010
2010033924;5;2;1;1;1;450;09/06/2010
2010033925;1;1;1;8;2;450;10/06/2010
2010033926;1;2;1;1;6;450;14/06/2010
2010033927;1;2;2;1;4;450;16/06/2010
2010033928;1;1;1;1;1;450;16/06/2010
2010033929;4;2;6;1;3;450;16/06/2010
2010033930;1;2;1;1;6;450;17/06/2010
2010033931;1;2;1;2;6;450;17/06/2010
2010033932;1;2;1;1;6;450;19/06/2010
2010033933;1;2;3;2;3;450;17/06/2010
2010033934;1;2;2;1;3;450;21/06/2010
2010033935;1;2;1;1;1;450;22/06/2010
2010033936;1;1;1;1;2;450;27/06/2010
2010033937;1;2;1;1;3;450;28/06/2010
2010033938;1;2;1;1;3;450;28/06/2010
2010033939;1;2;1;1;6;450;29/06/2010
2010033940;1;2;2;1;3;450;01/07/2010
2010033941;1;2;1;1;6;450;02/07/2010
2010033942;1;2;1;1;6;450;02/07/2010
2010033943;1;2;2;1;3;450;05/07/2010
2010033944;1;2;1;1;2;450;07/07/2010
2010033945;1;2;1;1;6;450;08/07/2010
2010033946;1;2;1;1;1;450;08/07/2010
2010033947;1;2;3;1;3;450;09/07/2010
2010033948;1;2;1;1;6;450;11/07/2010
2010033949;5;2;1;1;6;450;18/07/2010
2010033950;1;2;3;1;1;450;18/07/2010
2010033951;1;2;1;1;6;450;19/07/2010
2010033952;1;2;3;1;2;450;17/07/2010
2010033953;1;2;1;1;1;450;12/07/2010
2010033954;1;2;3;1;3;450;13/07/2010
2010033955;1;2;2;1;3;450;13/07/2010
2010033956;1;2;1;1;2;450;22/07/2010
2010033957;1;2;1;1;6;450;20/07/2010
2010033958;1;2;6;1;3;450;25/07/2010
2010033959;1;2;1;1;6;450;02/08/2010
2010033960;1;2;1;1;3;450;07/08/2010
2010033961;1;2;2;1;6;450;17/08/2010
2010033962;1;2;1;1;6;450;19/08/2010
2010033963;1;2;1;1;2;450;21/08/2010
2010033964;1;2;3;1;3;450;23/08/2010
2010033965;2;2;2;1;3;450;24/08/2010
2010033966;2;2;3;1;3;450;25/08/2010
2010033967;1;2;3;1;3;450;27/08/2010
2010033968;3;1;1;1;6;450;29/08/2010
2010033969;1;2;4;1;2;450;01/09/2010
2010033970;1;2;2;1;1;450;01/09/2010
2010033971;1;2;2;1;6;450;02/09/2010
2010033972;1;2;2;1;3;450;02/09/2010
2010033973;5;2;1;1;1;450;04/09/2010
2010033974;1;2;1;1;6;450;03/09/2010
2010033975;1;2;1;1;6;450;09/09/2010
2010033976;5;2;3;1;3;450;10/09/2010
2010033977;5;2;1;1;6;450;11/09/2010
2010033978;1;2;1;1;4;450;11/09/2010
2010033979;1;2;1;1;3;450;11/09/2010
2010033980;1;2;1;1;6;450;14/09/2010
2010033981;2;2;1;1;6;450;14/09/2010
2010033982;1;2;6;1;6;450;15/09/2010
2010033983;1;2;2;1;3;450;14/09/2010
2010033984;1;2;1;1;3;450;16/09/2010
2010033985;1;2;2;1;3;450;16/09/2010
2010033986;1;2;1;1;2;450;17/09/2010
2010033987;1;1;2;1;3;450;18/09/2010
2010033988;1;2;2;1;3;450;20/09/2010
2010033989;1;2;1;1;3;450;24/09/2010
2010033990;1;2;2;1;3;450;24/09/2010
2010033991;5;2;2;1;3;450;24/09/2010
2010033992;1;2;2;1;3;450;28/09/2010
2010033993;5;2;3;1;3;450;28/09/2010
2010033994;1;2;1;1;3;450;29/09/2010
2010033995;1;2;2;1;3;450;29/09/2010
2010033996;1;2;2;1;3;450;30/09/2010
2010033997;2;2;6;1;3;450;01/10/2010
2010033998;1;2;1;1;2;450;01/10/2010
2010033999;1;2;2;1;3;450;01/10/2010
2010034000;2;1;4;1;1;450;01/10/2010
2010034001;1;2;1;1;2;450;03/10/2010
2010034002;1;2;2;1;1;450;06/10/2010
2010034003;1;2;1;1;3;450;08/10/2010
2010034004;1;2;1;1;6;450;09/10/2010
2010034005;1;2;1;1;2;450;11/10/2010
2010034006;1;2;1;1;6;450;11/10/2010
2010034007;2;2;1;1;3;450;13/10/2010
2010034008;2;2;3;1;6;450;14/10/2010
2010034009;2;2;1;1;3;450;12/10/2010
2010034010;1;2;1;1;6;450;16/10/2010
2010034011;1;2;1;1;6;450;15/10/2010
2010034012;5;2;1;1;3;450;20/10/2010
2010034013;1;2;3;1;2;450;24/10/2010
2010034014;1;2;1;1;6;450;22/10/2010
2010034015;2;2;2;1;3;450;25/10/2010
2010034016;1;2;2;1;3;450;26/10/2010
2010034017;1;2;3;1;3;450;26/10/2010
2010034018;5;2;2;1;2;450;28/10/2010
2010034019;1;2;1;1;6;450;05/11/2010
2010034020;1;2;7;1;3;450;05/11/2010
2010034021;1;2;9;1;3;450;05/11/2010
2010034022;1;2;1;1;3;450;08/11/2010
2010034023;1;2;2;1;3;450;09/11/2010
2010034024;1;2;1;1;3;450;10/11/2010
2010034025;2;1;1;1;6;450;10/11/2010
2010034026;1;2;3;1;6;450;12/11/2010
2010034027;4;2;1;2;1;450;12/11/2010
2010034028;5;2;6;1;6;450;13/11/2010
2010034029;2;1;1;1;3;450;05/11/2010
2010034030;2;2;1;9;6;450;15/11/2010
2010034031;1;2;1;1;2;450;17/11/2010
2010034032;1;2;1;1;6;450;18/11/2010
2010034033;2;2;1;8;2;450;20/11/2010
2010034034;1;1;1;1;2;450;22/11/2010
2010034035;1;2;2;2;3;450;25/11/2010
2010034036;2;2;2;1;3;450;25/11/2010
2010034037;1;2;2;1;3;450;26/11/2010
2010034038;3;1;1;1;6;450;05/12/2010
2010034039;4;1;1;4;1;450;06/12/2010
2010034040;5;2;1;4;3;450;09/12/2010
2010034041;2;2;1;4;3;450;09/12/2010
2010034042;1;2;3;1;3;450;09/12/2010
2010034043;1;2;1;1;1;450;10/12/2010
2010034044;1;2;1;2;6;450;16/12/2010
2010034045;1;2;2;1;3;450;18/12/2010
2010034046;1;2;6;1;3;460;06/01/2010
2010034047;1;2;1;2;6;460;14/01/2010
2010034048;5;2;1;1;7;460;23/01/2010
2010034049;5;2;1;1;7;460;31/01/2010
2010034050;1;1;1;8;5;460;11/02/2010
2010034051;3;1;1;1;6;460;13/02/2010
2010034052;5;2;1;1;6;460;04/03/2010
2010034053;1;2;1;1;3;460;15/04/2010
2010034054;1;2;9;1;1;460;17/05/2010
2010034055;1;1;1;1;7;460;25/05/2010
2010034056;1;2;1;1;6;460;12/06/2010
2010034057;1;2;1;1;6;460;14/06/2010
2010034058;1;2;1;1;6;460;17/06/2010
2010034059;1;2;1;1;6;460;16/06/2010
2010034060;1;2;1;1;6;460;07/07/2010
2010034061;1;2;8;1;7;460;07/07/2010
2010034062;1;2;1;1;1;460;18/07/2010
2010034063;1;1;1;1;7;460;28/07/2010
2010034064;2;2;1;1;7;460;17/08/2010
2010034065;1;1;1;8;3;460;07/09/2010
2010034066;5;2;1;1;6;460;05/10/2010
2010034067;5;2;1;1;3;460;31/10/2010
2010034068;1;1;1;2;5;460;12/11/2010
2010034069;5;2;1;2;6;460;07/12/2010
2010034070;1;2;1;1;2;470;04/01/2010
2010034071;1;2;3;1;3;470;07/01/2010
2010034072;1;2;1;1;1;470;20/01/2010
2010034073;1;2;1;1;6;470;04/02/2010
2010034074;1;2;1;1;1;470;05/02/2010
2010034075;3;2;3;1;4;470;04/02/2010
2010034076;1;2;1;1;5;470;18/02/2010
2010034077;1;2;4;1;3;470;18/02/2010
2010034078;1;2;1;1;4;470;23/02/2010
2010034079;2;2;3;1;3;470;17/03/2010
2010034080;4;2;2;1;1;470;20/03/2010
2010034081;1;2;1;1;4;470;26/03/2010
2010034082;1;2;1;1;2;470;04/04/2010
2010034083;1;2;2;1;6;470;13/04/2010
2010034084;1;2;1;1;4;470;16/04/2010
2010034085;1;2;1;1;3;470;19/04/2010
2010034086;1;2;1;1;3;470;06/05/2010
2010034087;1;2;1;1;6;470;21/05/2010
2010034088;1;2;1;1;6;470;21/05/2010
2010034089;1;1;3;1;3;470;25/05/2010
2010034090;1;2;3;1;3;470;21/05/2010
2010034091;1;2;1;1;6;470;07/06/2010
2010034092;1;2;3;1;3;470;07/06/2010
2010034093;1;2;1;1;7;470;22/06/2010
2010034094;1;2;6;1;3;470;29/06/2010
2010034095;1;2;1;1;6;470;03/07/2010
2010034096;1;2;1;1;6;470;08/07/2010
2010034097;1;2;2;1;3;470;12/07/2010
2010034098;1;2;2;1;1;470;14/07/2010
2010034099;1;2;1;1;3;470;16/07/2010
2010034100;1;2;6;3;2;470;22/07/2010
2010034101;1;2;1;1;3;470;31/07/2010
2010034102;4;2;3;1;3;470;06/08/2010
2010034103;5;2;3;1;3;470;10/08/2010
2010034104;4;2;6;1;3;470;15/08/2010
2010034105;1;2;3;1;3;470;21/08/2010
2010034106;1;2;3;1;3;470;24/08/2010
2010034107;5;2;1;1;7;470;25/08/2010
2010034108;1;2;2;1;6;470;31/08/2010
2010034109;1;2;1;1;3;470;01/09/2010
2010034110;1;2;1;1;4;470;15/09/2010
2010034111;5;2;1;1;6;470;08/10/2010
2010034112;1;2;2;2;3;470;10/10/2010
2010034113;1;2;3;2;2;470;10/10/2010
2010034114;1;2;1;1;3;470;23/10/2010
2010034115;1;2;9;1;3;470;25/10/2010
2010034116;1;2;6;1;2;470;28/10/2010
2010034117;5;2;5;1;3;470;29/10/2010
2010034118;1;2;3;1;3;470;02/11/2010
2010034119;1;2;3;1;3;470;24/11/2010
2010034120;5;2;2;1;1;470;05/12/2010
2010034121;1;2;2;1;3;470;10/12/2010
2010034122;1;2;4;1;6;470;12/12/2010
2010034123;5;2;3;1;3;470;19/12/2010
2010034124;5;2;1;5;7;470;19/12/2010
2010034125;3;1;1;3;5;470;29/01/2010
2010034126;5;2;1;9;3;470;04/02/2010
2010034127;1;1;1;3;1;470;05/02/2010
2010034128;1;1;1;3;3;470;05/02/2010
2010034129;1;1;1;1;3;470;13/02/2010
2010034130;2;1;1;1;7;470;06/03/2010
2010034131;3;1;1;1;6;470;14/03/2010
2010034132;1;2;1;1;6;470;06/04/2010
2010034133;1;1;2;1;3;470;25/04/2010
2010034134;1;1;1;1;3;470;27/04/2010
2010034135;3;2;1;1;7;470;03/05/2010
2010034136;1;2;6;7;3;470;03/06/2010
2010034137;1;2;1;1;3;470;17/06/2010
2010034138;1;2;1;1;6;470;29/06/2010
2010034139;1;2;1;1;6;470;12/07/2010
2010034140;1;2;1;1;6;470;11/08/2010
2010034141;1;1;1;1;7;470;12/08/2010
2010034142;1;1;1;1;5;470;19/08/2010
2010034143;1;2;9;1;3;470;03/09/2010
2010034144;3;2;1;2;5;470;08/09/2010
2010034145;1;1;1;2;6;470;11/10/2010
2010034146;1;1;1;1;2;470;14/10/2010
2010034147;1;2;1;1;6;470;26/10/2010
2010034148;1;2;6;1;3;470;26/10/2010
2010034149;5;2;1;2;6;470;08/11/2010
2010034150;1;2;2;1;6;470;12/11/2010
2010034151;1;2;9;2;7;470;14/11/2010
2010034152;5;2;3;1;3;470;22/11/2010
2010034153;1;2;1;1;5;470;19/11/2010
2010034154;4;2;2;1;3;470;19/12/2010
2010034155;1;2;6;1;3;470;30/12/2010
2010034156;1;2;1;8;6;480;25/03/2010
2010034157;1;2;1;1;6;480;17/05/2010
2010034158;1;2;1;1;6;480;06/07/2010
2010034159;1;2;4;1;3;480;18/07/2010
2010034160;1;2;1;1;2;480;04/08/2010
2010034161;1;2;1;1;7;480;13/09/2010
2010034162;1;1;1;2;7;480;31/10/2010
2010034163;5;2;2;1;3;490;03/01/2010
2010034164;1;2;2;1;3;490;04/01/2010
2010034165;1;2;1;1;7;490;04/01/2010
2010034166;1;2;1;1;2;490;05/01/2010
2010034167;5;1;1;1;6;490;05/01/2010