num_acc;lum;agg;inter;atm;col;dep;date
2010034168;1;2;1;1;7;490;09/01/2010
2010034169;1;2;1;1;6;490;09/01/2010
2010034170;2;2;1;1;5;490;08/01/2010
2010034171;1;2;1;1;2;490;11/01/2010
2010034172;1;2;1;4;6;490;12/01/2010
2010034173;5;2;3;2;7;490;13/01/2010
2010034174;1;2;2;1;7;490;12/01/2010
2010034175;5;2;1;9;7;490;12/01/2010
2010034176;2;2;3;1;7;490;12/01/2010
2010034177;1;2;1;1;7;490;14/01/2010
2010034178;5;2;2;1;1;490;13/01/2010
2010034179;1;2;2;1;3;490;15/01/2010
2010034180;2;2;1;1;7;490;17/01/2010
2010034181;5;2;2;1;3;490;18/01/2010
2010034182;5;2;2;1;7;490;19/01/2010
2010034183;1;2;6;1;3;490;21/01/2010
2010034184;5;2;1;1;7;490;21/01/2010
2010034185;1;1;1;1;7;490;21/01/2010
2010034186;1;2;1;1;3;490;25/01/2010
2010034187;5;2;3;1;2;490;27/01/2010
2010034188;1;2;1;1;2;490;26/01/2010
2010034189;2;2;1;2;6;490;29/01/2010
2010034190;1;2;1;1;2;490;30/01/2010
2010034191;5;2;7;1;7;490;31/01/2010
2010034192;1;2;1;1;7;490;04/02/2010
2010034193;5;2;1;1;7;490;03/02/2010
2010034194;1;2;1;1;6;490;02/02/2010
2010034195;5;2;6;1;5;490;31/01/2010
2010034196;2;1;1;2;7;490;06/02/2010
2010034197;2;2;1;8;6;490;02/02/2010
2010034198;2;2;1;1;2;490;09/02/2010
2010034199;1;2;1;1;7;490;09/02/2010
2010034200;1;2;1;1;7;490;09/02/2010
2010034201;5;2;1;8;6;490;09/02/2010
2010034202;1;2;1;1;3;490;10/02/2010
2010034203;1;2;4;1;7;490;10/02/2010
2010034204;2;1;1;1;7;490;11/02/2010
2010034205;1;2;2;1;3;490;14/02/2010
2010034206;1;2;1;1;7;490;12/02/2010
2010034207;3;2;2;1;1;490;17/02/2010
2010034208;2;2;2;1;3;490;16/02/2010
2010034209;1;1;1;1;3;490;18/02/2010
2010034210;1;2;1;1;5;490;19/02/2010
2010034211;2;2;1;1;6;490;18/02/2010
2010034212;1;2;1;1;2;490;19/02/2010
2010034213;5;2;1;1;6;490;20/02/2010
2010034214;5;2;2;1;1;490;21/02/2010
2010034215;5;2;1;8;6;490;23/02/2010
2010034216;1;2;1;2;6;490;23/02/2010
2010034217;1;2;1;1;3;490;24/02/2010
2010034218;1;2;2;1;3;490;27/02/2010
2010034219;1;2;1;1;7;490;27/02/2010
2010034220;1;2;2;1;2;490;26/02/2010
2010034221;1;2;1;1;1;490;02/03/2010
2010034222;5;2;2;1;3;490;02/03/2010
2010034223;1;2;1;1;1;490;05/03/2010
2010034224;5;1;1;1;2;490;07/03/2010
2010034225;5;2;2;1;3;490;09/03/2010
2010034226;1;1;1;1;2;490;11/03/2010
2010034227;1;2;4;1;2;490;12/03/2010
2010034228;4;2;2;1;6;490;13/03/2010
2010034229;1;2;2;1;3;490;12/03/2010
2010034230;1;2;1;1;7;490;15/03/2010
2010034231;1;2;1;1;3;490;15/03/2010
2010034232;1;2;1;1;3;490;16/03/2010
2010034233;1;1;1;1;5;490;16/03/2010
2010034234;1;2;1;1;7;490;18/03/2010
2010034235;5;1;1;1;6;490;20/03/2010
2010034236;2;2;1;1;6;490;21/03/2010
2010034237;1;2;1;1;6;490;21/03/2010
2010034238;1;2;1;2;3;490;19/03/2010
2010034239;1;2;1;1;2;490;19/03/2010
2010034240;1;2;6;2;3;490;19/03/2010
2010034241;2;2;1;2;3;490;20/03/2010
2010034242;1;2;1;1;3;490;22/03/2010
2010034243;5;2;4;2;3;490;24/03/2010
2010034244;1;2;1;2;2;490;24/03/2010
2010034245;5;2;2;1;7;490;23/03/2010
2010034246;1;2;1;1;7;490;23/03/2010
2010034247;5;2;1;1;7;490;26/03/2010
2010034248;1;1;1;1;4;490;25/03/2010
2010034249;1;2;1;1;7;490;27/03/2010
2010034250;1;2;1;1;4;490;26/03/2010
2010034251;1;1;1;1;4;490;26/03/2010
2010034252;1;2;1;1;2;490;26/03/2010
2010034253;1;2;4;1;5;490;26/03/2010
2010034254;5;2;1;2;3;490;02/04/2010
2010034255;2;2;1;1;3;490;02/04/2010
2010034256;1;2;3;1;3;490;03/04/2010
2010034257;2;1;1;1;6;490;05/04/2010
2010034258;1;2;2;1;2;490;06/04/2010
2010034259;1;2;1;1;2;490;07/04/2010
2010034260;1;2;6;1;2;490;07/04/2010
2010034261;1;2;1;1;2;490;07/04/2010
2010034262;1;2;1;1;3;490;08/04/2010
2010034263;5;2;2;1;3;490;10/04/2010
2010034264;1;2;1;1;6;490;09/04/2010
2010034265;1;2;1;1;6;490;04/04/2010
2010034266;1;2;1;1;7;490;05/04/2010
2010034267;5;2;2;1;3;490;12/04/2010
2010034268;5;2;1;1;1;490;15/04/2010
2010034269;1;1;1;1;6;490;14/04/2010
2010034270;1;2;1;1;3;490;16/04/2010
2010034271;1;2;3;1;1;490;16/04/2010
2010034272;1;2;3;1;3;490;19/04/2010
2010034273;1;2;1;1;2;490;19/04/2010
2010034274;1;2;1;1;2;490;20/04/2010
2010034275;1;2;1;1;7;490;20/04/2010
2010034276;1;2;2;1;3;490;20/04/2010
2010034277;1;2;1;1;7;490;21/04/2010
2010034278;1;2;4;1;2;490;22/04/2010
2010034279;1;2;2;1;3;490;24/04/2010
2010034280;1;2;2;1;3;490;24/04/2010
2010034281;1;2;1;1;2;490;25/04/2010
2010034282;1;2;1;1;7;490;26/04/2010
2010034283;1;2;2;1;1;490;28/04/2010
2010034284;1;2;1;1;7;490;28/04/2010
2010034285;1;2;1;1;4;490;27/04/2010
2010034286;1;2;2;2;2;490;27/04/2010
2010034287;1;2;1;1;1;490;28/04/2010
2010034288;1;2;2;1;3;490;27/04/2010
2010034289;1;2;1;2;3;490;29/04/2010
2010034290;1;1;1;1;3;490;29/04/2010
2010034291;1;2;6;1;3;490;30/04/2010
2010034292;1;2;1;1;7;490;30/04/2010
2010034293;1;2;1;1;7;490;01/05/2010
2010034294;1;2;1;1;4;490;03/05/2010
2010034295;1;2;1;1;3;490;04/05/2010
2010034296;1;2;1;1;7;490;05/05/2010
2010034297;1;2;2;1;7;490;05/05/2010
2010034298;2;2;6;1;3;490;06/05/2010
2010034299;1;2;1;1;7;490;06/05/2010
2010034300;1;2;2;1;3;490;07/05/2010
2010034301;1;2;1;1;6;490;09/05/2010
2010034302;1;2;2;2;3;490;10/05/2010
2010034303;1;2;1;1;7;490;11/05/2010
2010034304;5;2;2;1;3;490;16/05/2010
2010034305;1;2;1;1;7;490;15/05/2010
2010034306;1;2;1;1;7;490;17/05/2010
2010034307;1;2;1;1;7;490;18/05/2010
2010034308;1;2;1;1;3;490;18/05/2010
2010034309;1;2;1;1;2;490;13/05/2010
2010034310;1;2;1;1;7;490;20/05/2010
2010034311;1;2;2;1;3;490;24/05/2010
2010034312;1;2;1;1;7;490;22/05/2010
2010034313;1;2;1;1;7;490;24/05/2010
2010034314;1;2;7;1;2;490;21/05/2010
2010034315;1;2;1;1;7;490;21/05/2010
2010034316;1;2;1;1;7;490;24/05/2010
2010034317;1;2;2;1;7;490;26/05/2010
2010034318;1;2;1;1;2;490;27/05/2010
2010034319;2;2;2;2;6;490;30/05/2010
2010034320;1;1;1;2;7;490;29/05/2010
2010034321;1;2;1;2;7;490;29/05/2010
2010034322;1;2;1;1;7;490;31/05/2010
2010034323;1;2;6;2;7;490;31/05/2010
2010034324;1;2;3;2;3;490;01/06/2010
2010034325;1;2;1;2;7;490;01/06/2010
2010034326;1;2;1;2;6;490;01/06/2010
2010034327;1;2;6;8;7;490;31/05/2010
2010034328;1;2;1;1;7;490;03/06/2010
2010034329;1;2;1;1;2;490;07/06/2010
2010034330;1;2;1;1;7;490;07/06/2010
2010034331;1;2;1;1;2;490;08/06/2010
2010034332;1;2;2;1;3;490;10/06/2010
2010034333;5;2;2;1;3;490;11/06/2010
2010034334;1;2;1;2;7;490;10/06/2010
2010034335;1;2;1;8;3;490;10/06/2010
2010034336;5;2;2;1;3;490;11/06/2010
2010034337;1;2;3;1;3;490;11/06/2010
2010034338;1;2;1;2;7;490;12/06/2010
2010034339;1;2;6;2;3;490;14/06/2010
2010034340;1;2;1;1;7;490;14/06/2010
2010034341;1;2;1;1;7;490;15/06/2010
2010034342;1;2;2;1;3;490;16/06/2010
2010034343;1;2;2;1;3;490;17/06/2010
2010034344;1;2;2;1;3;490;20/06/2010
2010034345;5;2;1;1;3;490;19/06/2010
2010034346;1;1;1;1;7;490;21/06/2010
2010034347;1;2;3;1;7;490;17/06/2010
2010034348;1;2;1;1;7;490;21/06/2010
2010034349;1;2;1;1;7;490;21/06/2010
2010034350;1;2;2;1;3;490;21/06/2010
2010034351;1;2;2;1;3;490;22/06/2010
2010034352;1;2;6;1;3;490;22/06/2010
2010034353;5;2;1;1;7;490;04/06/2010
2010034354;1;2;2;1;2;490;25/06/2010
2010034355;1;2;3;1;3;490;26/06/2010
2010034356;1;2;3;1;1;490;25/06/2010
2010034357;1;2;1;1;7;490;29/06/2010
2010034358;1;2;1;1;3;490;29/06/2010
2010034359;1;2;1;1;3;490;29/06/2010
2010034360;1;2;1;1;2;490;30/06/2010
2010034361;1;2;1;1;7;490;30/06/2010
2010034362;1;2;1;1;2;490;01/07/2010
2010034363;1;2;1;1;2;490;01/07/2010
2010034364;5;2;1;1;6;490;04/07/2010
2010034365;5;2;3;1;7;490;04/07/2010
2010034366;1;2;1;1;6;490;03/07/2010
2010034367;5;2;6;1;1;490;04/07/2010
2010034368;1;2;3;1;7;490;05/07/2010
2010034369;1;2;1;1;7;490;05/07/2010
2010034370;1;2;6;1;7;490;06/07/2010
2010034371;1;2;2;1;3;490;06/07/2010
2010034372;1;2;3;1;3;490;07/07/2010
2010034373;1;2;1;1;2;490;08/07/2010
2010034374;1;2;3;1;3;490;10/07/2010
2010034375;1;2;6;1;3;490;10/07/2010
2010034376;1;2;2;1;3;490;10/07/2010
2010034377;1;2;2;1;3;490;12/07/2010
2010034378;1;2;3;2;7;490;14/07/2010
2010034379;1;2;1;2;7;490;14/07/2010
2010034380;5;2;6;1;7;490;16/07/2010
2010034381;5;2;1;1;2;490;17/07/2010
2010034382;2;2;1;1;2;490;18/07/2010
2010034383;5;2;1;1;7;490;17/07/2010
2010034384;1;2;1;1;7;490;19/07/2010
2010034385;1;2;3;1;3;490;20/07/2010
2010034386;1;2;1;1;3;490;21/07/2010
2010034387;5;2;1;1;6;490;25/07/2010
2010034388;1;2;1;1;6;490;24/07/2010
2010034389;1;2;2;1;3;490;27/07/2010
2010034390;5;2;1;1;7;490;30/07/2010
2010034391;1;2;6;1;7;490;29/07/2010
2010034392;1;2;4;1;7;490;29/07/2010
2010034393;1;2;2;1;3;490;30/07/2010
2010034394;2;1;1;1;7;490;02/08/2010
2010034395;1;2;2;1;3;490;02/08/2010
2010034396;1;2;1;1;3;490;03/08/2010
2010034397;2;2;1;1;7;490;04/08/2010
2010034398;1;2;3;1;3;490;04/08/2010
2010034399;1;2;3;1;7;490;09/08/2010
2010034400;5;2;1;1;7;490;06/08/2010
2010034401;1;2;1;1;3;490;09/08/2010
2010034402;1;2;1;8;3;490;10/08/2010
2010034403;1;2;2;1;3;490;12/08/2010
2010034404;2;2;1;1;6;490;13/08/2010
2010034405;1;2;1;1;7;490;16/08/2010
2010034406;1;2;1;1;6;490;16/08/2010
2010034407;1;2;6;1;2;490;20/08/2010
2010034408;5;2;1;1;7;490;23/08/2010
2010034409;1;2;1;1;6;490;20/08/2010
2010034410;5;2;1;2;7;490;27/08/2010
2010034411;1;2;1;1;6;490;29/08/2010
2010034412;1;2;3;1;2;490;31/08/2010
2010034413;1;2;1;1;2;490;31/08/2010
2010034414;1;2;1;1;7;490;26/08/2010
2010034415;1;2;2;1;3;490;30/08/2010
2010034416;1;2;1;1;3;490;25/08/2010
2010034417;2;2;1;1;7;490;01/09/2010
2010034418;1;2;1;1;7;490;01/09/2010
2010034419;1;2;2;1;7;490;02/09/2010
2010034420;1;2;2;1;3;490;02/09/2010
2010034421;1;2;2;1;3;490;02/09/2010
2010034422;1;2;1;1;7;490;02/09/2010
2010034423;5;2;1;1;7;490;03/09/2010
2010034424;1;2;1;1;7;490;28/08/2010
2010034425;1;2;4;1;7;490;04/09/2010
2010034426;1;2;1;1;7;490;03/09/2010
2010034427;1;2;1;1;7;490;03/09/2010
2010034428;1;2;2;1;3;490;30/08/2010
2010034429;4;1;1;1;7;490;25/08/2010
2010034430;1;2;2;2;7;490;06/09/2010
2010034431;1;2;1;1;2;490;07/09/2010
2010034432;1;2;1;1;7;490;07/09/2010
2010034433;1;2;6;1;7;490;23/08/2010
2010034434;1;2;2;1;3;490;08/09/2010
2010034435;1;1;1;1;7;490;09/09/2010
2010034436;1;2;1;1;7;490;09/09/2010
2010034437;1;1;1;1;2;490;11/09/2010
2010034438;1;2;2;1;1;490;10/09/2010
2010034439;1;2;1;1;3;490;10/09/2010
2010034440;5;2;3;1;3;490;10/09/2010
2010034441;1;2;2;1;1;490;11/09/2010
2010034442;5;2;3;1;7;490;12/09/2010
2010034443;1;2;1;1;6;490;13/09/2010
2010034444;1;2;2;1;1;490;13/09/2010
2010034445;1;2;1;1;7;490;14/09/2010
2010034446;1;2;9;1;7;490;14/09/2010
2010034447;1;2;1;2;7;490;15/09/2010
2010034448;1;2;2;1;3;490;15/09/2010
2010034449;5;2;1;1;7;490;15/09/2010
2010034450;1;2;6;1;3;490;16/09/2010
2010034451;1;2;1;1;3;490;16/09/2010
2010034452;1;2;2;1;3;490;19/09/2010
2010034453;5;2;1;1;7;490;20/09/2010
2010034454;1;2;2;1;4;490;19/09/2010
2010034455;1;2;1;1;7;490;18/09/2010
2010034456;1;2;2;1;3;490;17/09/2010
2010034457;5;2;1;1;7;490;18/09/2010
2010034458;1;2;1;1;7;490;18/09/2010
2010034459;5;2;1;1;7;490;17/09/2010
2010034460;5;2;2;1;2;490;18/09/2010
2010034461;5;2;1;1;6;490;19/09/2010
2010034462;1;2;3;1;1;490;20/09/2010
2010034463;1;2;1;1;7;490;21/09/2010
2010034464;1;2;1;1;7;490;21/09/2010
2010034465;1;2;1;1;7;490;23/09/2010
2010034466;1;2;2;1;6;490;24/09/2010
2010034467;1;2;1;1;7;490;24/09/2010
2010034468;1;2;6;1;1;490;24/09/2010
2010034469;1;2;1;1;1;490;24/09/2010
2010034470;1;2;1;1;3;490;24/09/2010
2010034471;3;2;1;1;7;490;29/09/2010
2010034472;1;2;1;1;2;490;27/09/2010
2010034473;1;2;3;1;1;490;27/09/2010
2010034474;1;2;1;1;5;490;27/09/2010
2010034475;1;2;1;1;7;490;27/09/2010
2010034476;1;2;2;1;7;490;27/09/2010
2010034477;1;2;1;1;6;490;29/09/2010
2010034478;1;2;1;1;2;490;29/09/2010
2010034479;1;2;1;1;2;490;29/09/2010
2010034480;1;2;1;2;1;490;29/09/2010
2010034481;5;2;1;1;7;490;30/09/2010
2010034482;1;2;3;1;7;490;03/10/2010
2010034483;1;2;6;1;3;490;01/10/2010
2010034484;1;2;1;2;7;490;01/10/2010
2010034485;1;2;2;2;3;490;01/10/2010
2010034486;5;2;2;2;1;490;01/10/2010
2010034487;5;2;1;1;7;490;03/10/2010
2010034488;1;2;2;1;6;490;03/10/2010
2010034489;1;2;3;2;3;490;04/10/2010
2010034490;1;2;3;2;6;490;04/10/2010
2010034491;5;2;1;1;7;490;04/10/2010
2010034492;1;2;1;1;2;490;04/10/2010
2010034493;1;2;1;8;7;490;04/10/2010
2010034494;5;2;1;2;7;490;05/10/2010
2010034495;5;1;1;2;7;490;05/10/2010
2010034496;1;2;4;2;3;490;05/10/2010
2010034497;1;2;1;2;6;490;05/10/2010
2010034498;1;2;1;2;7;490;05/10/2010
2010034499;1;2;3;2;3;490;05/10/2010
2010034500;1;2;1;3;6;490;05/10/2010
2010034501;5;2;1;8;7;490;06/10/2010
2010034502;1;2;1;8;7;490;06/10/2010
2010034503;1;2;1;8;7;490;06/10/2010
2010034504;1;2;1;8;7;490;06/10/2010
2010034505;2;2;2;1;1;490;07/10/2010
2010034506;5;2;3;1;3;490;07/10/2010
2010034507;2;2;6;8;7;490;07/10/2010
2010034508;1;2;1;1;7;490;08/10/2010
2010034509;1;2;3;1;5;490;08/10/2010
2010034510;1;2;1;1;2;490;08/10/2010
2010034511;1;2;2;1;3;490;09/10/2010
2010034512;1;2;1;1;7;490;10/10/2010
2010034513;1;2;1;1;7;490;11/10/2010
2010034514;1;2;2;1;3;490;11/10/2010
2010034515;1;2;1;1;7;490;11/10/2010
2010034516;1;2;1;1;2;490;13/10/2010
2010034517;1;2;1;1;5;490;12/10/2010
2010034518;1;2;3;1;3;490;13/10/2010
2010034519;1;2;1;1;7;490;13/10/2010
2010034520;1;2;2;1;5;490;13/10/2010
2010034521;5;2;1;1;7;490;14/10/2010
2010034522;1;2;6;1;7;490;18/10/2010
2010034523;5;2;1;1;7;490;17/10/2010
2010034524;5;2;1;1;3;490;17/10/2010
2010034525;1;2;1;1;7;490;19/10/2010
2010034526;1;2;1;1;7;490;20/10/2010
2010034527;2;2;4;1;3;490;20/10/2010
2010034528;5;2;1;1;5;490;21/10/2010
2010034529;2;2;1;1;3;490;21/10/2010
2010034530;5;2;1;1;7;490;22/10/2010
2010034531;1;2;1;1;6;490;23/10/2010
2010034532;1;2;2;1;3;490;25/10/2010
2010034533;1;2;1;1;7;490;23/10/2010
2010034534;1;2;1;1;6;490;26/10/2010
2010034535;1;2;1;1;6;490;27/10/2010
2010034536;1;2;1;2;2;490;28/10/2010
2010034537;1;2;1;1;6;490;28/10/2010
2010034538;1;2;1;1;7;490;28/10/2010
2010034539;5;2;1;1;3;490;28/10/2010
2010034540;1;2;1;1;7;490;30/10/2010
2010034541;1;2;1;1;7;490;31/10/2010
2010034542;1;2;3;1;3;490;01/11/2010
2010034543;3;1;1;2;5;490;03/11/2010
2010034544;2;2;3;2;3;490;04/11/2010
2010034545;1;2;1;1;3;490;04/11/2010
2010034546;1;2;1;1;3;490;05/11/2010
2010034547;5;2;1;1;3;490;05/11/2010
2010034548;1;2;3;1;3;490;05/11/2010
2010034549;5;2;1;2;2;490;06/11/2010
2010034550;5;2;6;2;7;490;06/11/2010
2010034551;1;2;6;1;7;490;07/11/2010
2010034552;5;2;1;2;7;490;06/11/2010
2010034553;5;2;6;2;3;490;08/11/2010
2010034554;2;2;1;2;7;490;08/11/2010
2010034555;1;2;1;3;7;490;08/11/2010
2010034556;1;2;1;1;7;490;08/11/2010
2010034557;2;2;3;1;7;490;08/11/2010
2010034558;1;2;1;8;2;490;09/11/2010
2010034559;2;2;2;1;1;490;09/11/2010
2010034560;1;1;1;2;7;490;09/11/2010
2010034561;2;2;1;2;7;490;10/11/2010
2010034562;5;2;2;1;3;490;10/11/2010
2010034563;5;2;1;2;1;490;11/11/2010
2010034564;1;2;1;1;7;490;10/11/2010
2010034565;5;2;1;1;7;490;10/11/2010
2010034566;5;2;1;2;7;490;12/11/2010
2010034567;5;2;1;2;7;490;12/11/2010
2010034568;1;2;2;1;1;490;13/11/2010
2010034569;1;2;1;1;7;490;16/11/2010
2010034570;1;2;1;1;6;490;16/11/2010
2010034571;5;2;1;1;7;490;16/11/2010
2010034572;1;2;6;2;7;490;17/11/2010
2010034573;1;2;1;2;3;490;17/11/2010
2010034574;4;1;1;1;7;490;18/11/2010
2010034575;5;2;4;1;3;490;18/11/2010
2010034576;1;2;7;1;7;490;18/11/2010
2010034577;5;2;1;1;3;490;19/11/2010
2010034578;5;2;1;2;7;490;19/11/2010
2010034579;3;2;1;1;2;490;20/11/2010
2010034580;5;2;1;1;2;490;22/11/2010
2010034581;1;2;1;1;3;490;24/11/2010
2010034582;3;1;1;1;7;490;24/11/2010
2010034583;3;1;1;2;7;490;25/11/2010
2010034584;1;2;1;8;7;490;25/11/2010
2010034585;5;2;1;1;7;490;26/11/2010
2010034586;5;2;6;1;2;490;28/11/2010
2010034587;1;2;1;1;6;490;29/11/2010
2010034588;1;2;1;1;2;490;30/11/2010
2010034589;5;2;1;1;7;490;30/11/2010
2010034590;1;2;2;1;3;490;01/12/2010
2010034591;1;2;1;1;7;490;01/12/2010
2010034592;3;1;1;8;4;490;01/12/2010
2010034593;5;2;1;4;7;490;02/12/2010
2010034594;1;2;1;1;7;490;02/12/2010
2010034595;1;2;1;1;7;490;02/12/2010
2010034596;5;2;1;1;7;490;04/12/2010
2010034597;5;2;6;1;7;490;04/12/2010
2010034598;1;2;1;8;7;490;03/12/2010
2010034599;2;2;2;1;3;490;03/12/2010
2010034600;5;2;1;2;7;490;06/12/2010
2010034601;5;2;6;2;2;490;06/12/2010
2010034602;2;1;1;2;4;490;06/12/2010
2010034603;5;2;4;2;3;490;07/12/2010
2010034604;1;2;1;2;7;490;07/12/2010
2010034605;5;2;1;2;7;490;07/12/2010
2010034606;5;2;1;3;7;490;07/12/2010
2010034607;1;2;1;2;6;490;08/12/2010
2010034608;5;2;1;1;2;490;09/12/2010
2010034609;5;2;1;1;7;490;08/12/2010
2010034610;5;2;1;1;7;490;08/12/2010
2010034611;5;2;2;1;7;490;09/12/2010
2010034612;5;2;6;1;7;490;09/12/2010
2010034613;1;2;1;1;7;490;09/12/2010
2010034614;1;2;1;1;7;490;09/12/2010
2010034615;5;2;1;1;7;490;09/12/2010
2010034616;5;2;6;1;7;490;09/12/2010
2010034617;3;1;1;2;6;490;06/12/2010
2010034618;5;2;1;1;2;490;11/12/2010
2010034619;2;2;1;1;7;490;12/12/2010
2010034620;5;2;1;1;7;490;12/12/2010
2010034621;1;2;1;1;6;490;13/12/2010
2010034622;2;2;1;1;7;490;13/12/2010
2010034623;5;2;3;1;3;490;14/12/2010
2010034624;1;2;1;1;6;490;15/12/2010
2010034625;1;2;1;1;7;490;17/12/2010
2010034626;1;2;1;2;7;490;20/12/2010
2010034627;1;2;1;8;2;490;20/12/2010
2010034628;1;1;1;8;5;490;21/12/2010
2010034629;1;2;1;8;7;490;21/12/2010
2010034630;1;2;5;8;1;490;21/12/2010
2010034631;1;2;1;8;6;490;22/12/2010
2010034632;5;2;1;4;7;490;22/12/2010
2010034633;5;2;6;2;7;490;29/12/2010
2010034634;5;2;3;2;3;490;29/12/2010
2010034635;5;2;1;2;7;490;31/12/2010
2010034636;5;2;3;8;3;490;06/01/2010
2010034637;1;2;3;1;3;490;15/01/2010
2010034638;1;2;2;1;3;490;22/01/2010
2010034639;1;2;2;1;6;490;22/01/2010
2010034640;1;2;1;1;6;490;29/01/2010
2010034641;1;2;1;1;1;490;02/02/2010
2010034642;1;2;1;2;6;490;24/02/2010
2010034643;1;2;1;1;6;490;26/02/2010
2010034644;3;2;6;1;2;490;03/03/2010
2010034645;1;2;2;1;3;490;07/03/2010
2010034646;1;1;1;1;2;490;11/03/2010
2010034647;1;2;3;1;5;490;18/03/2010
2010034648;1;2;1;1;2;490;24/03/2010
2010034649;2;2;1;1;2;490;30/03/2010
2010034650;2;2;2;1;3;490;31/03/2010
2010034651;1;2;1;1;6;490;03/04/2010
2010034652;1;2;1;1;6;490;04/04/2010
2010034653;1;2;1;1;3;490;15/04/2010
2010034654;2;2;1;1;6;490;18/04/2010
2010034655;1;2;1;1;6;490;29/04/2010
2010034656;1;2;1;1;3;490;03/05/2010
2010034657;1;2;1;1;3;490;03/05/2010
2010034658;1;2;1;1;3;490;05/05/2010
2010034659;1;2;3;1;7;490;05/05/2010
2010034660;1;2;3;1;3;490;07/05/2010
2010034661;5;2;1;1;6;490;13/05/2010
2010034662;1;2;1;1;4;490;21/05/2010
2010034663;1;2;1;1;2;490;31/05/2010
2010034664;1;2;2;1;3;490;01/06/2010
2010034665;1;1;1;1;1;490;04/06/2010
2010034666;1;2;1;2;7;490;14/06/2010
2010034667;1;2;3;8;4;490;16/06/2010
2010034668;1;2;1;1;5;490;23/06/2010
2010034669;1;2;3;2;3;490;28/06/2010
2010034670;4;2;1;1;6;490;04/07/2010
2010034671;1;2;1;1;2;490;07/07/2010
2010034672;1;2;6;1;3;490;14/07/2010
2010034673;2;2;1;1;6;490;18/07/2010
2010034674;1;2;1;1;2;490;26/07/2010
2010034675;1;2;1;1;2;490;06/08/2010
2010034676;1;2;1;1;6;490;07/08/2010
2010034677;1;2;1;1;6;490;18/08/2010
2010034678;1;2;1;1;7;490;20/08/2010
2010034679;5;2;1;1;6;490;28/08/2010
2010034680;5;2;2;1;3;490;31/08/2010
2010034681;1;2;6;1;3;490;04/09/2010
2010034682;1;2;6;2;3;490;06/09/2010
2010034683;5;1;1;1;7;490;11/09/2010
2010034684;1;2;1;1;4;490;20/09/2010
2010034685;1;2;1;1;6;490;20/09/2010
2010034686;1;2;1;1;4;490;24/09/2010
2010034687;1;1;1;1;2;490;28/09/2010
2010034688;1;2;1;1;2;490;30/09/2010
2010034689;1;2;1;2;2;490;01/10/2010
2010034690;1;1;1;2;2;490;05/10/2010
2010034691;1;2;1;3;4;490;06/10/2010
2010034692;1;2;1;1;6;490;09/10/2010
2010034693;1;2;2;1;3;490;13/10/2010
2010034694;1;2;1;1;2;490;14/10/2010
2010034695;5;2;1;1;6;490;15/10/2010
2010034696;3;2;2;1;3;490;17/10/2010
2010034697;1;2;1;1;4;490;04/11/2010
2010034698;5;2;1;1;6;490;06/11/2010
2010034699;5;2;1;1;4;490;16/11/2010
2010034700;1;2;1;1;1;490;30/11/2010
2010034701;5;2;1;8;3;490;05/12/2010
2010034702;5;2;2;8;3;490;11/12/2010
2010034703;5;2;2;1;3;490;11/12/2010
2010034704;1;2;2;1;3;490;14/12/2010
2010034705;5;2;1;1;6;490;19/12/2010
2010034706;5;2;1;1;3;490;19/12/2010
2010034707;1;2;4;2;3;490;22/12/2010
2010034708;5;2;6;2;3;490;22/12/2010
2010034709;3;1;1;1;7;490;11/01/2010
2010034710;3;2;1;1;7;490;13/01/2010
2010034711;5;2;1;9;6;490;14/01/2010
2010034712;5;2;1;2;7;490;16/01/2010
2010034713;2;2;1;1;1;490;01/02/2010
2010034714;1;2;1;1;6;490;02/02/2010
2010034715;1;2;3;5;3;490;09/02/2010
2010034716;1;2;1;4;7;490;11/02/2010
2010034717;5;2;1;1;7;490;19/02/2010
2010034718;5;2;1;6;6;490;28/02/2010
2010034719;5;2;6;1;7;490;03/03/2010
2010034720;1;2;3;1;3;490;13/03/2010
2010034721;1;2;3;1;3;490;16/03/2010
2010034722;1;2;1;1;1;490;18/03/2010
2010034723;3;1;1;1;2;490;27/03/2010
2010034724;2;2;1;1;2;490;01/04/2010
2010034725;1;2;2;1;3;490;04/04/2010
2010034726;1;1;6;1;7;490;06/04/2010
2010034727;1;1;1;1;3;490;27/04/2010
2010034728;1;2;1;1;7;490;28/04/2010
2010034729;1;2;3;1;3;490;05/05/2010
2010034730;1;2;1;1;7;490;07/05/2010
2010034731;1;2;1;2;6;490;08/05/2010
2010034732;1;2;1;1;5;490;11/05/2010
2010034733;1;2;1;1;7;490;12/05/2010
2010034734;1;2;1;1;7;490;14/05/2010
2010034735;1;2;1;1;7;490;17/05/2010
2010034736;1;2;1;1;7;490;18/05/2010
2010034737;1;2;6;1;7;490;19/05/2010
2010034738;1;2;2;1;3;490;19/05/2010
2010034739;1;1;1;1;7;490;22/05/2010
2010034740;1;2;9;1;3;490;20/05/2010
2010034741;1;2;1;1;3;490;03/06/2010
2010034742;1;2;6;1;6;490;11/06/2010
2010034743;1;2;1;1;6;490;11/06/2010
2010034744;1;2;1;1;6;490;14/06/2010