num_acc;lum;agg;inter;atm;col;dep;date
2010034745;1;2;4;2;3;490;17/06/2010
2010034746;1;2;1;1;7;490;20/06/2010
2010034747;5;2;1;1;7;490;23/06/2010
2010034748;5;2;1;1;7;490;27/06/2010
2010034749;1;2;3;1;3;490;01/07/2010
2010034750;1;2;1;1;3;490;05/07/2010
2010034751;1;2;1;1;7;490;05/07/2010
2010034752;3;2;1;1;7;490;06/07/2010
2010034753;1;2;1;1;3;490;07/07/2010
2010034754;1;2;1;1;7;490;08/07/2010
2010034755;1;2;2;1;3;490;10/07/2010
2010034756;1;2;1;1;2;490;14/07/2010
2010034757;1;2;6;1;2;490;17/07/2010
2010034758;1;1;1;1;2;490;21/07/2010
2010034759;1;2;1;1;7;490;22/07/2010
2010034760;2;2;1;1;7;490;03/08/2010
2010034761;2;1;1;1;7;490;08/08/2010
2010034762;2;1;6;1;7;490;30/08/2010
2010034763;1;2;9;1;7;490;30/08/2010
2010034764;1;2;1;1;6;490;31/08/2010
2010034765;1;2;1;1;2;490;13/09/2010
2010034766;1;2;1;1;6;490;13/09/2010
2010034767;1;2;1;1;7;490;14/09/2010
2010034768;5;2;1;1;7;490;17/09/2010
2010034769;2;2;6;1;2;490;17/09/2010
2010034770;2;2;1;1;3;490;18/09/2010
2010034771;1;2;6;1;2;490;21/09/2010
2010034772;1;1;1;1;3;490;21/09/2010
2010034773;1;2;1;1;7;490;21/09/2010
2010034774;5;2;1;1;1;490;24/09/2010
2010034775;1;2;4;1;3;490;29/09/2010
2010034776;1;2;1;2;7;490;01/10/2010
2010034777;5;2;2;1;3;490;03/10/2010
2010034778;5;2;6;1;3;490;11/10/2010
2010034779;1;1;1;1;3;490;12/10/2010
2010034780;1;2;6;1;2;490;25/10/2010
2010034781;1;2;1;1;2;490;27/10/2010
2010034782;3;1;1;2;6;490;06/11/2010
2010034783;3;2;3;3;4;490;06/11/2010
2010034784;3;1;1;2;1;490;21/11/2010
2010034785;1;2;1;1;6;490;22/11/2010
2010034786;1;2;2;1;3;490;23/11/2010
2010034787;1;2;1;1;7;490;24/11/2010
2010034788;5;2;1;1;4;490;26/11/2010
2010034789;1;2;1;1;3;490;29/11/2010
2010034790;1;2;2;1;3;490;29/11/2010
2010034791;2;2;1;9;7;490;09/12/2010
2010034792;5;2;6;2;7;490;18/12/2010
2010034793;1;2;1;1;1;490;19/12/2010
2010034794;2;1;1;2;2;490;21/12/2010
2010034795;1;1;1;1;5;490;23/12/2010
2010034796;3;2;3;1;3;490;29/12/2010
2010034797;5;2;6;1;6;490;31/12/2010
2010034798;1;2;2;1;7;500;05/01/2010
2010034799;1;2;1;1;2;500;12/01/2010
2010034800;1;2;3;1;3;500;15/01/2010
2010034801;2;2;1;1;1;500;15/01/2010
2010034802;5;2;3;1;3;500;15/01/2010
2010034803;3;1;1;5;5;500;19/01/2010
2010034804;4;2;1;1;1;500;19/01/2010
2010034805;5;2;3;1;1;500;21/01/2010
2010034806;1;2;3;2;6;500;22/01/2010
2010034807;5;2;3;2;5;500;22/01/2010
2010034808;5;2;1;1;1;500;25/01/2010
2010034809;3;2;1;2;7;500;26/01/2010
2010034810;5;2;1;1;1;500;27/01/2010
2010034811;5;2;2;1;3;500;27/01/2010
2010034812;1;2;1;1;3;500;28/01/2010
2010034813;1;2;3;1;7;500;01/02/2010
2010034814;1;2;2;1;4;500;05/02/2010
2010034815;1;2;1;1;2;500;09/02/2010
2010034816;5;2;2;1;3;500;12/02/2010
2010034817;2;2;7;1;1;500;12/02/2010
2010034818;1;2;2;1;1;500;12/02/2010
2010034819;5;2;2;1;1;500;12/02/2010
2010034820;1;2;1;2;2;500;16/02/2010
2010034821;5;1;1;1;7;500;18/02/2010
2010034822;1;2;3;1;3;500;18/02/2010
2010034823;5;2;6;1;7;500;21/02/2010
2010034824;1;2;1;1;6;500;23/02/2010
2010034825;5;2;1;6;7;500;24/02/2010
2010034826;2;1;1;1;2;500;28/02/2010
2010034827;1;2;2;1;7;500;02/03/2010
2010034828;1;2;1;1;4;500;02/03/2010
2010034829;1;2;6;1;3;500;05/03/2010
2010034830;5;2;2;1;3;500;05/03/2010
2010034831;1;2;2;1;7;500;08/03/2010
2010034832;3;2;1;6;6;500;11/03/2010
2010034833;2;2;1;1;2;500;18/03/2010
2010034834;5;2;1;1;6;500;21/03/2010
2010034835;1;2;3;1;3;500;25/03/2010
2010034836;1;2;2;1;3;500;29/03/2010
2010034837;1;2;1;1;2;500;29/03/2010
2010034838;1;2;1;1;6;500;30/03/2010
2010034839;1;2;3;6;1;500;31/03/2010
2010034840;1;2;2;2;1;500;03/04/2010
2010034841;3;2;1;1;3;500;03/04/2010
2010034842;1;2;1;1;7;500;07/04/2010
2010034843;1;2;2;1;6;500;07/04/2010
2010034844;1;2;1;1;7;500;08/04/2010
2010034845;1;2;1;1;2;500;14/04/2010
2010034846;1;1;1;1;2;500;14/04/2010
2010034847;1;2;1;1;6;500;19/04/2010
2010034848;1;2;7;1;3;500;23/04/2010
2010034849;1;2;2;1;7;500;24/04/2010
2010034850;5;2;1;1;7;500;25/04/2010
2010034851;1;2;1;1;4;500;26/04/2010
2010034852;1;2;1;1;4;500;27/04/2010
2010034853;1;2;1;1;6;500;04/05/2010
2010034854;1;2;2;1;3;500;05/05/2010
2010034855;1;2;1;1;6;500;06/05/2010
2010034856;1;2;2;1;3;500;12/05/2010
2010034857;1;2;1;1;6;500;13/05/2010
2010034858;1;2;3;1;2;500;13/05/2010
2010034859;1;2;1;1;3;500;15/05/2010
2010034860;1;2;1;1;3;500;18/05/2010
2010034861;1;2;1;1;6;500;18/05/2010
2010034862;1;2;3;1;5;500;21/05/2010
2010034863;1;2;1;1;2;500;23/05/2010
2010034864;1;2;2;1;3;500;27/05/2010
2010034865;3;1;1;1;6;500;27/05/2010
2010034866;1;1;3;7;3;500;28/05/2010
2010034867;1;2;2;7;6;500;28/05/2010
2010034868;1;2;1;1;4;500;28/05/2010
2010034869;1;2;2;1;3;500;30/05/2010
2010034870;3;1;1;1;7;500;31/05/2010
2010034871;1;2;1;1;2;500;28/05/2010
2010034872;1;2;2;1;7;500;03/06/2010
2010034873;1;2;2;1;4;500;03/06/2010
2010034874;5;2;1;1;6;500;06/06/2010
2010034875;1;2;6;3;7;500;07/06/2010
2010034876;1;2;2;2;3;500;07/06/2010
2010034877;1;2;1;2;7;500;10/06/2010
2010034878;1;2;1;2;6;500;10/06/2010
2010034879;1;2;1;2;7;500;10/06/2010
2010034880;2;2;3;2;7;500;11/06/2010
2010034881;1;1;1;1;1;500;11/06/2010
2010034882;1;2;6;1;4;500;11/06/2010
2010034883;1;1;1;1;5;500;12/06/2010
2010034884;1;2;1;1;7;500;18/06/2010
2010034885;1;2;1;1;6;500;19/06/2010
2010034886;5;2;1;1;3;500;20/06/2010
2010034887;1;2;1;1;6;500;21/06/2010
2010034888;5;2;1;1;6;500;22/06/2010
2010034889;1;1;1;7;3;500;23/06/2010
2010034890;1;2;2;1;1;500;26/06/2010
2010034891;5;2;1;1;1;500;27/06/2010
2010034892;1;2;2;7;1;500;28/06/2010
2010034893;1;1;1;1;7;500;30/06/2010
2010034894;1;2;3;1;2;500;02/07/2010
2010034895;1;1;6;1;3;500;02/07/2010
2010034896;5;2;6;1;7;500;04/07/2010
2010034897;1;2;3;1;7;500;03/07/2010
2010034898;1;2;1;1;7;500;10/07/2010
2010034899;1;2;3;1;2;500;09/07/2010
2010034900;5;2;2;1;7;500;13/07/2010
2010034901;1;2;1;1;3;500;14/07/2010
2010034902;5;2;1;1;7;500;18/07/2010
2010034903;5;2;3;1;3;500;19/07/2010
2010034904;1;2;3;1;3;500;19/07/2010
2010034905;1;2;1;1;2;500;24/07/2010
2010034906;5;2;1;1;6;500;25/07/2010
2010034907;5;2;1;1;7;500;27/07/2010
2010034908;3;2;1;1;7;500;29/07/2010
2010034909;1;2;3;1;6;500;02/08/2010
2010034910;1;2;1;1;7;500;03/08/2010
2010034911;1;2;1;1;7;500;04/08/2010
2010034912;1;1;3;1;3;500;04/08/2010
2010034913;1;2;1;2;7;500;06/08/2010
2010034914;2;2;1;1;6;500;08/08/2010
2010034915;1;2;1;1;6;500;09/08/2010
2010034916;1;2;1;2;6;500;10/08/2010
2010034917;1;2;2;1;1;500;14/08/2010
2010034918;1;2;1;1;6;500;16/08/2010
2010034919;1;2;2;2;1;500;17/08/2010
2010034920;1;1;6;2;7;500;17/08/2010
2010034921;1;2;1;1;7;500;18/08/2010
2010034922;1;2;2;1;1;500;19/08/2010
2010034923;5;2;6;1;6;500;20/08/2010
2010034924;5;2;3;1;3;500;20/08/2010
2010034925;1;2;6;8;5;500;22/08/2010
2010034926;5;2;1;2;7;500;25/08/2010
2010034927;1;2;1;2;6;500;26/08/2010
2010034928;1;2;2;2;1;500;26/08/2010
2010034929;1;2;1;1;6;500;29/08/2010
2010034930;1;2;1;1;6;500;02/09/2010
2010034931;1;2;1;1;7;500;02/09/2010
2010034932;1;2;1;1;4;500;06/09/2010
2010034933;1;2;1;8;6;500;11/09/2010
2010034934;1;2;1;2;7;500;11/09/2010
2010034935;1;2;3;1;3;500;16/09/2010
2010034936;1;2;3;1;2;500;17/09/2010
2010034937;1;2;1;1;2;500;17/09/2010
2010034938;1;2;1;1;4;500;18/09/2010
2010034939;1;2;1;1;2;500;22/09/2010
2010034940;1;2;1;1;7;500;24/09/2010
2010034941;5;2;2;2;6;500;01/10/2010
2010034942;1;2;1;3;3;500;02/10/2010
2010034943;5;2;1;1;2;500;03/10/2010
2010034944;1;2;2;1;7;500;04/10/2010
2010034945;1;2;2;1;2;500;06/10/2010
2010034946;1;2;3;1;3;500;07/10/2010
2010034947;1;2;2;1;3;500;08/10/2010
2010034948;5;2;2;1;3;500;09/10/2010
2010034949;5;2;1;1;6;500;09/10/2010
2010034950;1;2;1;1;7;500;09/10/2010
2010034951;1;2;1;1;3;500;12/10/2010
2010034952;1;2;3;1;7;500;14/10/2010
2010034953;1;2;1;1;6;500;15/10/2010
2010034954;5;2;1;1;7;500;20/10/2010
2010034955;1;2;1;1;6;500;23/10/2010
2010034956;2;2;1;1;7;500;25/10/2010
2010034957;5;2;2;1;3;500;29/10/2010
2010034958;3;1;4;1;7;500;30/10/2010
2010034959;5;2;1;1;6;500;01/11/2010
2010034960;1;2;4;1;7;500;02/11/2010
2010034961;5;2;1;1;6;500;25/10/2010
2010034962;1;2;1;1;7;500;03/11/2010
2010034963;5;2;3;1;6;500;07/11/2010
2010034964;5;2;6;3;3;500;08/11/2010
2010034965;5;2;4;2;6;500;09/11/2010
2010034966;2;2;1;3;5;500;09/11/2010
2010034967;1;2;3;3;5;500;12/11/2010
2010034968;5;2;3;2;7;500;14/11/2010
2010034969;1;2;1;1;2;500;16/11/2010
2010034970;1;2;2;1;7;500;16/11/2010
2010034971;5;2;1;1;6;500;16/11/2010
2010034972;1;2;2;1;6;500;18/11/2010
2010034973;5;2;1;3;6;500;18/11/2010
2010034974;5;2;1;1;3;500;20/11/2010
2010034975;1;2;1;1;7;500;23/11/2010
2010034976;5;2;1;3;7;500;24/11/2010
2010034977;5;2;1;3;6;500;24/11/2010
2010034978;1;2;3;1;7;500;25/11/2010
2010034979;5;2;2;1;1;500;25/11/2010
2010034980;1;2;2;1;3;500;26/11/2010
2010034981;5;2;2;1;5;500;26/11/2010
2010034982;5;2;1;1;7;500;07/12/2010
2010034983;5;2;1;1;3;500;09/12/2010
2010034984;3;2;3;1;3;500;10/12/2010
2010034985;1;2;2;1;1;500;12/12/2010
2010034986;1;2;1;1;3;500;13/12/2010
2010034987;5;2;3;2;4;500;17/12/2010
2010034988;1;2;1;1;4;500;22/12/2010
2010034989;5;2;6;1;4;500;22/12/2010
2010034990;5;2;3;1;1;500;26/12/2010
2010034991;1;2;3;1;3;500;29/12/2010
2010034992;1;2;7;1;3;500;20/01/2010
2010034993;5;2;6;4;3;500;11/02/2010
2010034994;5;2;3;2;2;500;15/02/2010
2010034995;1;1;3;1;3;500;06/03/2010
2010034996;1;2;3;2;7;500;01/06/2010
2010034997;1;1;1;1;6;500;03/07/2010
2010034998;1;2;1;1;6;500;10/07/2010
2010034999;1;2;3;1;3;500;28/07/2010
2010035000;1;2;1;1;6;500;16/08/2010
2010035001;1;2;3;1;3;500;06/09/2010
2010035002;1;2;1;8;2;500;29/09/2010
2010035003;5;2;1;2;6;500;06/10/2010
2010035004;5;2;3;1;3;500;06/10/2010
2010035005;1;2;1;2;6;500;14/10/2010
2010035006;1;2;1;1;2;500;21/10/2010
2010035007;1;2;3;1;3;500;25/10/2010
2010035008;5;2;1;2;6;500;08/11/2010
2010035009;2;2;1;2;6;500;14/12/2010
2010035010;5;2;2;1;3;500;16/04/2010
2010035011;1;2;3;1;2;500;19/04/2010
2010035012;1;2;1;1;6;500;15/05/2010
2010035013;1;2;1;1;2;500;20/05/2010
2010035014;1;2;6;1;3;500;24/05/2010
2010035015;1;2;1;1;4;500;08/06/2010
2010035016;1;2;1;8;6;500;11/06/2010
2010035017;1;1;1;1;3;500;15/07/2010
2010035018;1;2;8;1;3;500;20/07/2010
2010035019;1;2;3;7;1;500;27/07/2010
2010035020;1;1;2;1;3;500;29/07/2010
2010035021;1;2;1;1;4;500;31/07/2010
2010035022;1;2;1;1;6;500;05/08/2010
2010035023;1;2;1;1;7;500;18/08/2010
2010035024;1;1;1;1;3;500;08/09/2010
2010035025;1;2;1;1;6;500;25/09/2010
2010035026;1;2;1;1;7;500;09/10/2010
2010035027;5;2;1;1;6;500;21/10/2010
2010035028;1;2;3;1;6;500;25/10/2010
2010035029;1;2;3;8;3;500;12/11/2010
2010035030;3;1;1;2;3;500;20/11/2010
2010035031;1;2;1;1;7;500;29/11/2010
2010035032;5;2;1;1;6;500;06/12/2010
2010035033;5;2;1;1;6;500;02/01/2010
2010035034;5;2;1;1;6;500;05/01/2010
2010035035;1;2;1;1;3;500;18/01/2010
2010035036;3;1;1;1;4;500;08/02/2010
2010035037;5;2;1;2;7;500;23/02/2010
2010035038;3;2;1;3;7;500;26/02/2010
2010035039;1;2;1;1;6;500;27/03/2010
2010035040;1;2;1;1;2;500;03/05/2010
2010035041;1;2;1;1;6;500;23/06/2010
2010035042;1;2;1;1;2;500;30/06/2010
2010035043;1;2;6;1;3;500;30/06/2010
2010035044;1;1;1;1;3;500;02/07/2010
2010035045;1;2;2;1;6;500;03/07/2010
2010035046;1;1;1;1;3;500;06/07/2010
2010035047;1;1;1;1;7;500;23/07/2010
2010035048;1;2;1;1;3;500;28/07/2010
2010035049;1;2;1;1;1;500;16/08/2010
2010035050;1;1;3;1;3;500;18/08/2010
2010035051;1;2;1;1;6;500;31/08/2010
2010035052;1;2;1;1;6;500;08/09/2010
2010035053;3;1;1;1;7;500;12/09/2010
2010035054;1;2;1;1;6;500;18/09/2010
2010035055;5;1;1;1;6;500;20/10/2010
2010035056;1;2;1;1;6;500;22/10/2010
2010035057;1;2;1;1;3;500;05/11/2010
2010035058;5;2;6;1;6;500;05/11/2010
2010035059;5;1;6;3;6;500;14/11/2010
2010035060;1;2;2;1;3;500;17/11/2010
2010035061;5;2;1;1;6;500;07/12/2010
2010035062;1;2;1;1;2;500;13/12/2010
2010035063;1;2;1;1;6;500;23/12/2010
2010035064;5;2;1;1;6;510;01/01/2010
2010035065;5;2;1;2;6;510;10/01/2010
2010035066;5;2;1;1;6;510;13/02/2010
2010035067;1;2;3;1;1;510;16/03/2010
2010035068;3;2;1;2;6;510;19/03/2010
2010035069;1;2;1;1;3;510;26/03/2010
2010035070;5;2;3;1;3;510;31/03/2010
2010035071;1;2;1;1;3;510;26/04/2010
2010035072;1;2;3;1;7;510;12/05/2010
2010035073;5;2;1;1;6;510;15/05/2010
2010035074;1;2;1;1;6;510;17/05/2010
2010035075;1;2;4;1;3;510;29/05/2010
2010035076;1;1;1;1;6;510;12/06/2010
2010035077;1;2;1;1;2;510;08/07/2010
2010035078;1;2;3;1;3;510;20/08/2010
2010035079;3;1;1;1;6;510;01/09/2010
2010035080;1;2;1;1;6;510;22/09/2010
2010035081;1;1;1;8;1;510;28/09/2010
2010035082;1;1;1;2;5;510;19/10/2010
2010035083;5;1;1;9;2;510;24/10/2010
2010035084;1;1;2;2;3;510;06/11/2010
2010035085;1;1;1;3;6;510;06/11/2010
2010035086;5;2;9;1;6;510;20/11/2010
2010035087;1;2;1;2;3;510;10/12/2010
2010035088;1;2;1;1;6;510;13/12/2010
2010035089;3;1;1;9;6;510;17/12/2010
2010035090;5;2;2;1;3;510;29/12/2010
2010035091;1;2;1;1;6;510;25/01/2010
2010035092;1;2;3;1;6;510;19/02/2010
2010035093;1;1;1;1;1;510;14/03/2010
2010035094;5;2;2;2;6;510;19/03/2010
2010035095;5;2;3;2;3;510;19/03/2010
2010035096;1;2;3;1;3;510;27/04/2010
2010035097;1;2;4;8;3;510;04/05/2010
2010035098;1;2;2;1;3;510;10/05/2010
2010035099;1;2;1;2;2;510;12/06/2010
2010035100;1;1;2;1;3;510;24/08/2010
2010035101;1;2;6;1;6;510;02/09/2010
2010035102;1;2;1;1;3;510;31/10/2010
2010035103;1;2;3;1;6;510;16/12/2010
2010035104;5;2;1;1;6;510;27/12/2010
2010035105;1;2;1;1;6;510;07/01/2010
2010035106;5;2;2;8;6;510;13/01/2010
2010035107;5;2;3;1;6;510;18/01/2010
2010035108;1;2;1;1;6;510;18/01/2010
2010035109;1;2;2;1;3;510;18/01/2010
2010035110;5;2;1;2;6;510;20/01/2010
2010035111;1;2;1;1;2;510;25/01/2010
2010035112;1;2;1;4;6;510;01/02/2010
2010035113;5;2;1;1;6;510;04/02/2010
2010035114;5;2;1;2;6;510;05/02/2010
2010035115;5;2;1;1;3;510;05/02/2010
2010035116;1;2;1;1;6;510;12/02/2010
2010035117;1;2;2;1;3;510;15/02/2010
2010035118;5;1;1;1;6;510;16/02/2010
2010035119;1;2;3;1;3;510;19/02/2010
2010035120;1;2;3;1;3;510;19/02/2010
2010035121;1;2;6;2;3;510;25/02/2010
2010035122;1;2;2;1;3;510;01/03/2010
2010035123;1;2;3;1;3;510;04/03/2010
2010035124;5;2;3;1;1;510;08/03/2010
2010035125;2;2;1;1;3;510;09/03/2010
2010035126;1;2;2;1;1;510;11/03/2010
2010035127;3;2;1;1;6;510;13/03/2010
2010035128;1;2;9;1;3;510;16/03/2010
2010035129;1;2;6;1;3;510;19/03/2010
2010035130;5;2;1;2;6;510;20/03/2010
2010035131;1;2;1;1;1;510;24/03/2010
2010035132;1;2;7;1;6;510;31/03/2010
2010035133;1;2;1;1;6;510;05/04/2010
2010035134;1;2;2;1;3;510;16/04/2010
2010035135;1;2;1;1;6;510;17/04/2010
2010035136;1;2;1;1;2;510;19/04/2010
2010035137;1;2;1;1;3;510;26/04/2010
2010035138;1;2;1;1;2;510;27/04/2010
2010035139;1;2;1;1;3;510;30/04/2010
2010035140;1;2;3;1;3;510;02/05/2010
2010035141;5;2;1;1;6;510;07/05/2010
2010035142;1;2;1;1;6;510;15/05/2010
2010035143;1;2;1;1;6;510;16/05/2010
2010035144;1;2;1;1;3;510;17/05/2010
2010035145;1;1;1;2;1;510;17/05/2010
2010035146;2;2;1;1;6;510;17/05/2010
2010035147;1;2;6;1;3;510;22/05/2010
2010035148;1;2;3;2;1;510;09/06/2010
2010035149;5;2;3;1;3;510;11/06/2010
2010035150;1;2;1;1;2;510;11/06/2010
2010035151;1;2;2;8;3;510;10/06/2010
2010035152;1;2;1;1;6;510;13/06/2010
2010035153;1;2;1;1;6;510;21/06/2010
2010035154;1;2;1;1;6;510;21/06/2010
2010035155;1;2;1;1;6;510;21/06/2010
2010035156;1;1;1;1;3;510;22/06/2010
2010035157;1;2;9;1;3;510;21/06/2010
2010035158;1;2;1;1;6;510;24/06/2010
2010035159;1;2;1;1;3;510;26/06/2010
2010035160;1;2;3;1;3;510;27/06/2010
2010035161;1;2;1;1;6;510;29/06/2010
2010035162;1;2;1;7;3;510;02/07/2010
2010035163;1;2;2;1;3;510;06/07/2010
2010035164;1;2;3;1;3;510;07/07/2010
2010035165;1;2;6;1;6;510;08/07/2010
2010035166;1;2;1;1;6;510;09/07/2010
2010035167;1;2;1;1;7;510;09/07/2010
2010035168;1;2;1;1;6;510;10/07/2010
2010035169;5;2;4;1;7;510;12/07/2010
2010035170;1;2;1;1;6;510;23/07/2010
2010035171;1;2;1;1;6;510;25/07/2010
2010035172;1;1;1;2;3;510;31/07/2010
2010035173;3;1;1;1;1;510;01/08/2010
2010035174;1;2;1;1;6;510;03/08/2010
2010035175;1;1;1;1;7;510;05/08/2010
2010035176;5;2;1;1;6;510;06/08/2010
2010035177;3;1;1;1;7;510;09/08/2010
2010035178;1;2;2;3;3;510;15/08/2010
2010035179;1;2;3;1;6;510;16/08/2010
2010035180;1;2;2;1;3;510;17/08/2010
2010035181;1;2;2;1;3;510;21/08/2010
2010035182;1;2;3;1;2;510;30/08/2010
2010035183;5;2;1;1;6;510;03/09/2010
2010035184;1;2;3;1;1;510;06/09/2010
2010035185;5;2;1;1;3;510;07/09/2010
2010035186;5;2;6;1;3;510;09/09/2010
2010035187;1;2;2;1;6;510;13/09/2010
2010035188;1;2;1;1;2;510;20/09/2010
2010035189;1;2;3;1;3;510;20/09/2010
2010035190;1;1;1;2;3;510;23/09/2010
2010035191;1;2;6;2;6;510;24/09/2010
2010035192;1;2;1;3;1;510;24/09/2010
2010035193;1;2;1;2;6;510;24/09/2010
2010035194;1;2;6;1;3;510;30/09/2010
2010035195;1;2;1;1;4;510;02/10/2010
2010035196;1;2;1;1;3;510;05/10/2010
2010035197;1;2;1;1;2;510;07/10/2010
2010035198;1;2;1;1;1;510;08/10/2010
2010035199;5;2;1;1;6;510;08/10/2010
2010035200;1;2;1;1;6;510;09/10/2010
2010035201;5;2;1;1;3;510;10/10/2010
2010035202;5;2;1;1;3;510;15/10/2010
2010035203;5;2;1;1;6;510;16/10/2010
2010035204;3;2;2;1;3;510;19/10/2010
2010035205;1;2;1;1;6;510;21/10/2010
2010035206;1;2;1;1;1;510;22/10/2010
2010035207;1;2;1;1;2;510;22/10/2010
2010035208;3;2;1;2;6;510;23/10/2010
2010035209;2;2;1;1;1;510;25/10/2010
2010035210;1;2;2;1;3;510;27/10/2010
2010035211;1;2;2;1;3;510;28/10/2010
2010035212;1;2;3;1;2;510;29/10/2010
2010035213;3;1;1;1;6;510;30/10/2010
2010035214;5;2;1;2;6;510;06/11/2010
2010035215;5;2;3;2;3;510;06/11/2010
2010035216;5;2;1;3;3;510;07/11/2010
2010035217;2;2;3;1;3;510;22/11/2010
2010035218;3;1;1;2;2;510;22/11/2010
2010035219;1;2;1;1;6;510;23/11/2010
2010035220;1;2;1;4;3;510;29/11/2010
2010035221;1;2;9;8;6;510;05/12/2010
2010035222;5;2;2;1;3;510;10/12/2010
2010035223;5;2;1;1;6;510;13/12/2010
2010035224;1;2;1;1;6;510;13/12/2010
2010035225;5;2;1;2;3;510;22/12/2010
2010035226;1;2;1;1;6;520;12/01/2010
2010035227;2;2;1;3;6;520;16/01/2010
2010035228;3;1;6;3;1;520;16/01/2010
2010035229;1;1;1;4;6;520;01/02/2010
2010035230;1;2;2;1;3;520;16/02/2010
2010035231;1;2;1;1;7;520;22/02/2010
2010035232;1;1;1;6;7;520;03/03/2010
2010035233;1;2;1;2;2;520;31/03/2010
2010035234;1;2;2;1;2;520;22/04/2010
2010035235;1;1;1;2;7;520;09/06/2010
2010035236;5;2;1;1;6;520;06/01/2010
2010035237;1;1;1;1;1;520;15/01/2010
2010035238;1;2;1;1;6;520;15/02/2010
2010035239;5;2;2;3;6;520;28/02/2010
2010035240;1;1;2;1;3;520;19/03/2010
2010035241;1;1;1;1;6;520;17/04/2010
2010035242;1;1;1;1;7;520;04/05/2010
2010035243;1;2;2;1;3;520;25/05/2010
2010035244;1;2;1;1;6;520;07/06/2010
2010035245;1;2;1;1;6;520;07/06/2010
2010035246;1;2;3;2;3;520;10/06/2010
2010035247;1;2;2;1;3;520;13/06/2010
2010035248;1;2;1;1;3;520;15/07/2010
2010035249;1;2;3;1;6;520;22/07/2010
2010035250;1;2;6;1;6;520;24/07/2010
2010035251;1;2;1;1;6;520;07/09/2010
2010035252;1;1;3;1;3;520;10/09/2010
2010035253;1;2;1;1;6;520;02/10/2010
2010035254;5;1;1;1;6;520;23/10/2010
2010035255;3;1;1;1;7;520;01/12/2010
2010035256;1;2;1;1;7;520;04/03/2010
2010035257;1;2;1;1;3;520;18/03/2010
2010035258;1;2;1;2;6;520;01/04/2010
2010035259;1;2;1;1;7;520;13/04/2010
2010035260;1;2;1;1;7;520;16/04/2010
2010035261;1;2;1;1;7;520;26/05/2010
2010035262;1;2;6;1;3;520;05/06/2010
2010035263;1;2;1;1;3;520;05/06/2010
2010035264;1;2;1;1;6;520;05/06/2010
2010035265;1;2;1;1;6;520;09/06/2010
2010035266;1;2;1;1;3;520;12/06/2010
2010035267;1;2;1;1;6;520;15/06/2010
2010035268;5;2;9;1;3;520;20/06/2010
2010035269;1;2;1;1;2;520;24/06/2010
2010035270;1;2;1;1;6;520;30/06/2010
2010035271;1;1;1;1;3;520;11/07/2010
2010035272;1;2;1;3;6;520;23/07/2010
2010035273;1;2;1;1;1;520;13/08/2010
2010035274;1;2;1;1;6;520;18/09/2010
2010035275;1;2;1;1;6;520;09/10/2010
2010035276;1;2;1;1;6;520;14/10/2010
2010035277;1;2;1;8;1;520;23/10/2010
2010035278;2;2;2;1;1;520;17/11/2010
2010035279;5;2;1;9;7;520;05/12/2010
2010035280;1;2;1;9;3;520;18/12/2010
2010035281;5;2;1;4;3;520;24/12/2010
2010035282;1;1;1;1;7;530;02/02/2010
2010035283;1;1;1;1;1;530;17/02/2010
2010035284;1;2;1;3;6;530;25/02/2010
2010035285;1;2;3;1;7;530;08/03/2010
2010035286;1;1;2;1;3;530;17/03/2010
2010035287;1;2;1;1;7;530;30/03/2010
2010035288;1;1;2;8;3;530;02/04/2010
2010035289;1;2;1;1;6;530;02/04/2010
2010035290;1;2;1;1;6;530;04/04/2010
2010035291;1;2;1;1;2;530;13/04/2010
2010035292;1;2;3;2;6;530;10/05/2010
2010035293;1;1;1;1;3;530;21/05/2010
2010035294;1;1;1;1;1;530;13/06/2010
2010035295;1;1;1;2;6;530;10/06/2010
2010035296;1;2;1;1;6;530;09/07/2010
2010035297;1;2;1;1;2;530;31/07/2010
2010035298;1;2;2;1;3;530;04/08/2010
2010035299;1;2;1;1;6;530;31/08/2010
2010035300;1;2;1;1;3;530;08/10/2010
2010035301;1;2;1;1;6;530;27/10/2010
2010035302;5;2;1;1;7;530;10/11/2010
2010035303;3;1;1;1;7;530;11/12/2010
2010035304;2;2;1;2;6;530;24/12/2010
2010035305;5;2;3;1;3;540;10/03/2010
2010035306;1;1;1;8;1;540;07/05/2010
2010035307;1;2;1;1;7;540;26/04/2010
2010035308;1;2;1;1;3;540;04/06/2010
2010035309;1;2;1;1;3;540;14/06/2010
2010035310;1;2;3;1;3;540;14/06/2010
2010035311;5;2;1;1;7;540;25/07/2010
2010035312;5;2;1;1;1;540;06/08/2010
2010035313;5;2;1;1;7;540;07/10/2010
2010035314;5;2;1;1;1;540;29/10/2010
2010035315;5;2;1;8;3;540;16/11/2010
2010035316;1;1;3;4;3;540;29/01/2010
2010035317;1;2;3;9;3;540;13/02/2010
2010035318;1;1;1;3;1;540;26/02/2010
2010035319;2;2;1;2;6;540;19/10/2010
2010035320;1;2;3;1;3;540;23/10/2010
2010035321;1;2;1;1;6;540;04/11/2010