num_acc;lum;agg;inter;atm;col;dep;date
2010035322;1;1;3;1;5;540;25/11/2010
2010035323;1;2;2;1;3;540;13/04/2010
2010035324;1;2;3;1;3;540;28/04/2010
2010035325;1;2;3;1;3;540;25/06/2010
2010035326;1;1;1;1;7;540;01/09/2010
2010035327;1;2;3;1;5;540;22/10/2010
2010035328;1;2;1;1;6;540;27/11/2010
2010035329;1;2;1;2;1;540;11/04/2010
2010035330;1;2;1;1;2;540;10/04/2010
2010035331;2;2;1;1;7;540;19/04/2010
2010035332;1;2;1;1;6;540;02/04/2010
2010035333;1;2;2;1;3;540;14/07/2010
2010035334;2;2;1;1;3;540;22/07/2010
2010035335;1;1;1;3;1;540;23/07/2010
2010035336;1;2;1;1;6;540;18/08/2010
2010035337;2;2;1;1;6;540;11/10/2010
2010035338;5;2;1;1;7;540;11/09/2010
2010035339;1;2;6;1;7;540;07/10/2010
2010035340;2;2;1;1;6;540;26/09/2010
2010035341;1;2;1;1;6;540;14/12/2010
2010035342;2;2;3;1;3;540;28/01/2010
2010035343;5;2;3;5;1;540;12/03/2010
2010035344;1;2;3;8;3;540;20/06/2010
2010035345;1;2;6;1;3;540;06/07/2010
2010035346;1;2;1;1;1;540;17/09/2010
2010035347;1;2;1;1;1;540;16/09/2010
2010035348;1;2;1;1;1;540;01/10/2010
2010035349;5;2;1;3;6;540;06/11/2010
2010035350;1;2;2;7;6;540;02/01/2010
2010035351;5;2;1;2;3;540;02/01/2010
2010035352;5;2;1;1;6;540;04/01/2010
2010035353;5;1;1;1;1;540;04/01/2010
2010035354;1;2;3;1;6;540;04/01/2010
2010035355;1;2;1;1;2;540;04/01/2010
2010035356;5;2;1;1;1;540;04/01/2010
2010035357;3;1;2;4;3;540;05/01/2010
2010035358;1;2;3;1;3;540;05/01/2010
2010035359;1;2;4;1;3;540;05/01/2010
2010035360;1;2;1;1;6;540;05/01/2010
2010035361;3;1;1;9;3;540;05/01/2010
2010035362;5;1;1;1;2;540;05/01/2010
2010035363;1;2;3;1;2;540;06/01/2010
2010035364;1;2;1;1;6;540;07/01/2010
2010035365;1;2;2;1;6;540;12/01/2010
2010035366;1;2;2;1;3;540;16/01/2010
2010035367;5;2;2;2;6;540;16/01/2010
2010035368;5;2;2;2;3;540;16/01/2010
2010035369;5;2;1;2;2;540;17/01/2010
2010035370;2;2;2;1;3;540;18/01/2010
2010035371;5;1;3;1;6;540;18/01/2010
2010035372;1;2;2;1;6;540;22/01/2010
2010035373;1;2;1;1;6;540;22/01/2010
2010035374;1;2;2;1;3;540;23/01/2010
2010035375;1;2;1;1;6;540;27/01/2010
2010035376;5;2;2;1;3;540;27/01/2010
2010035377;1;2;1;9;6;540;28/01/2010
2010035378;5;2;1;4;4;540;28/01/2010
2010035379;5;2;1;2;3;540;28/01/2010
2010035380;2;2;3;2;6;540;29/01/2010
2010035381;5;2;1;1;6;540;31/01/2010
2010035382;1;2;2;1;3;540;31/01/2010
2010035383;1;1;1;4;6;540;01/02/2010
2010035384;1;1;1;4;7;540;01/02/2010
2010035385;5;2;1;1;6;540;02/02/2010
2010035386;1;2;1;1;2;540;08/02/2010
2010035387;1;2;3;1;3;540;06/02/2010
2010035388;2;2;1;1;2;540;06/02/2010
2010035389;2;2;3;1;6;540;08/02/2010
2010035390;5;2;2;1;2;540;08/02/2010
2010035391;5;2;2;1;1;540;10/02/2010
2010035392;5;2;1;4;7;540;12/02/2010
2010035393;1;2;1;4;6;540;12/02/2010
2010035394;1;2;1;4;2;540;12/02/2010
2010035395;1;2;1;1;6;540;15/02/2010
2010035396;1;2;1;1;1;540;16/02/2010
2010035397;1;2;1;1;4;540;16/02/2010
2010035398;1;2;2;2;3;540;17/02/2010
2010035399;1;2;1;2;6;540;17/02/2010
2010035400;1;2;3;2;3;540;17/02/2010
2010035401;1;2;2;1;;540;18/02/2010
2010035402;1;2;2;1;2;540;19/02/2010
2010035403;1;2;2;4;3;540;20/02/2010
2010035404;1;2;2;8;6;540;22/02/2010
2010035405;1;2;1;1;6;540;22/02/2010
2010035406;1;1;1;8;1;540;23/02/2010
2010035407;1;2;1;1;2;540;23/02/2010
2010035408;2;2;3;1;2;540;23/02/2010
2010035409;1;2;1;1;6;540;24/02/2010
2010035410;5;1;1;2;3;540;26/02/2010
2010035411;5;2;1;1;3;540;27/02/2010
2010035412;1;2;2;1;6;540;27/02/2010
2010035413;1;2;1;1;3;540;27/02/2010
2010035414;1;2;1;1;6;540;01/03/2010
2010035415;1;2;2;1;2;540;02/03/2010
2010035416;1;2;2;1;3;540;02/03/2010
2010035417;1;2;3;1;2;540;02/03/2010
2010035418;1;1;2;1;6;540;03/03/2010
2010035419;5;2;3;1;3;540;03/03/2010
2010035420;5;2;2;1;3;540;04/03/2010
2010035421;1;2;2;1;3;540;04/03/2010
2010035422;1;2;1;1;6;540;04/03/2010
2010035423;5;2;3;1;3;540;04/03/2010
2010035424;5;2;2;1;3;540;04/03/2010
2010035425;1;2;1;1;2;540;06/03/2010
2010035426;5;2;1;1;3;540;07/03/2010
2010035427;1;2;2;1;2;540;08/03/2010
2010035428;1;2;1;1;7;540;08/03/2010
2010035429;1;2;1;1;6;540;02/03/2010
2010035430;1;2;2;1;2;540;09/03/2010
2010035431;1;2;4;1;6;540;12/03/2010
2010035432;5;2;1;1;4;540;12/03/2010
2010035433;1;1;2;1;1;540;13/03/2010
2010035434;5;2;2;1;3;540;13/03/2010
2010035435;1;2;1;1;2;540;15/03/2010
2010035436;1;1;6;1;7;540;16/03/2010
2010035437;1;2;1;1;2;540;16/03/2010
2010035438;1;2;2;1;3;540;16/03/2010
2010035439;1;1;6;1;2;540;17/03/2010
2010035440;1;2;2;1;6;540;17/03/2010
2010035441;1;2;1;1;6;540;17/03/2010
2010035442;1;2;2;1;5;540;19/03/2010
2010035443;1;2;1;1;3;540;19/03/2010
2010035444;5;2;1;2;2;540;20/03/2010
2010035445;5;2;3;2;6;540;20/03/2010
2010035446;5;2;1;1;6;540;21/03/2010
2010035447;1;2;1;1;6;540;22/03/2010
2010035448;1;2;3;1;3;540;22/03/2010
2010035449;1;2;2;1;6;540;23/03/2010
2010035450;2;2;1;1;2;540;24/03/2010
2010035451;1;2;1;1;4;540;25/03/2010
2010035452;1;2;2;2;3;540;26/03/2010
2010035453;1;2;1;1;6;540;26/03/2010
2010035454;1;2;1;1;3;540;26/03/2010
2010035455;5;2;1;3;1;540;26/03/2010
2010035456;1;2;2;2;3;540;29/03/2010
2010035457;1;2;2;2;3;540;29/03/2010
2010035458;1;2;1;1;2;540;31/03/2010
2010035459;1;2;3;1;3;540;01/04/2010
2010035460;1;2;2;1;6;540;01/04/2010
2010035461;1;2;1;8;6;540;01/04/2010
2010035462;1;2;2;1;3;540;02/04/2010
2010035463;1;1;3;2;2;540;02/04/2010
2010035464;5;2;3;2;3;540;03/04/2010
2010035465;1;2;2;1;6;540;06/04/2010
2010035466;5;2;1;1;1;540;06/04/2010
2010035467;1;2;3;1;2;540;07/04/2010
2010035468;1;2;1;1;6;540;07/04/2010
2010035469;1;2;2;1;3;540;08/04/2010
2010035470;1;2;1;1;6;540;09/04/2010
2010035471;2;2;2;1;3;540;10/04/2010
2010035472;1;2;1;1;3;540;10/04/2010
2010035473;1;2;1;1;3;540;10/04/2010
2010035474;1;2;2;2;6;540;12/04/2010
2010035475;1;2;2;2;6;540;13/04/2010
2010035476;1;1;1;1;6;540;16/04/2010
2010035477;5;2;1;1;3;540;19/04/2010
2010035478;1;2;1;1;6;540;20/04/2010
2010035479;1;2;2;1;3;540;21/04/2010
2010035480;1;2;4;1;2;540;21/04/2010
2010035481;1;2;1;1;2;540;22/04/2010
2010035482;1;2;1;1;3;540;22/04/2010
2010035483;1;2;1;1;3;540;23/04/2010
2010035484;1;2;3;1;2;540;23/04/2010
2010035485;1;2;4;1;6;540;23/04/2010
2010035486;5;2;2;1;3;540;24/04/2010
2010035487;1;2;2;1;3;540;25/04/2010
2010035488;1;2;2;1;4;540;26/04/2010
2010035489;1;2;1;1;6;540;27/04/2010
2010035490;1;2;1;1;3;540;28/04/2010
2010035491;1;2;2;1;4;540;28/04/2010
2010035492;1;2;1;1;6;540;28/04/2010
2010035493;1;1;1;1;6;540;29/04/2010
2010035494;1;2;1;1;6;540;29/04/2010
2010035495;1;2;1;1;6;540;30/04/2010
2010035496;1;2;4;1;2;540;30/04/2010
2010035497;1;2;1;1;6;540;30/04/2010
2010035498;1;2;3;1;6;540;30/04/2010
2010035499;1;2;1;1;4;540;30/04/2010
2010035500;1;2;3;1;2;540;30/04/2010
2010035501;1;2;3;1;4;540;02/05/2010
2010035502;1;2;1;1;3;540;04/05/2010
2010035503;1;2;1;1;1;540;05/05/2010
2010035504;1;2;3;8;6;540;07/05/2010
2010035505;1;2;2;1;2;540;11/05/2010
2010035506;1;2;1;1;2;540;11/05/2010
2010035507;1;2;1;1;2;540;11/05/2010
2010035508;1;2;1;1;2;540;11/05/2010
2010035509;1;2;1;1;4;540;12/05/2010
2010035510;1;2;2;1;6;540;13/05/2010
2010035511;1;2;1;1;2;540;13/05/2010
2010035512;5;2;1;1;6;540;14/05/2010
2010035513;1;2;1;1;6;540;15/05/2010
2010035514;1;2;2;1;3;540;17/05/2010
2010035515;1;2;1;1;3;540;18/05/2010
2010035516;1;2;3;1;3;540;18/05/2010
2010035517;1;2;2;1;2;540;19/05/2010
2010035518;1;2;1;1;2;540;20/05/2010
2010035519;1;2;5;1;3;540;20/05/2010
2010035520;1;2;3;1;6;540;21/05/2010
2010035521;1;2;2;7;3;540;22/05/2010
2010035522;1;2;1;1;6;540;23/05/2010
2010035523;1;2;2;1;3;540;24/05/2010
2010035524;1;2;2;1;3;540;24/05/2010
2010035525;5;2;2;1;3;540;24/05/2010
2010035526;1;2;2;1;5;540;25/05/2010
2010035527;1;2;1;1;2;540;28/05/2010
2010035528;1;2;1;1;6;540;29/05/2010
2010035529;1;2;2;1;3;540;31/05/2010
2010035530;1;2;3;1;3;540;31/05/2010
2010035531;1;2;1;1;3;540;01/06/2010
2010035532;1;2;1;1;4;540;02/06/2010
2010035533;1;2;1;1;6;540;03/06/2010
2010035534;1;2;2;1;6;540;05/06/2010
2010035535;1;2;2;1;6;540;06/06/2010
2010035536;1;2;3;1;4;540;08/06/2010
2010035537;1;2;1;1;6;540;10/06/2010
2010035538;1;2;1;1;6;540;11/06/2010
2010035539;1;2;1;1;7;540;11/06/2010
2010035540;5;2;1;1;5;540;11/06/2010
2010035541;5;2;3;1;3;540;12/06/2010
2010035542;1;2;1;1;2;540;13/06/2010
2010035543;1;2;1;1;2;540;14/06/2010
2010035544;1;2;1;1;6;540;14/06/2010
2010035545;1;2;2;1;3;540;14/06/2010
2010035546;1;2;1;1;3;540;14/06/2010
2010035547;1;2;1;1;6;540;14/06/2010
2010035548;1;2;3;1;4;540;15/06/2010
2010035549;1;2;1;1;3;540;15/06/2010
2010035550;1;2;1;1;7;540;16/06/2010
2010035551;1;2;1;1;2;540;18/06/2010
2010035552;2;2;1;2;6;540;19/06/2010
2010035553;1;2;1;1;2;540;21/06/2010
2010035554;1;2;1;1;2;540;22/06/2010
2010035555;1;2;2;1;2;540;23/06/2010
2010035556;1;2;2;1;3;540;23/06/2010
2010035557;1;2;3;1;6;540;24/06/2010
2010035558;1;2;1;1;7;540;26/06/2010
2010035559;1;2;6;1;3;540;28/06/2010
2010035560;1;2;2;1;6;540;28/06/2010
2010035561;1;2;1;1;3;540;29/06/2010
2010035562;1;2;1;1;6;540;01/07/2010
2010035563;1;2;2;1;6;540;02/07/2010
2010035564;1;2;3;1;6;540;03/07/2010
2010035565;1;2;1;1;6;540;05/07/2010
2010035566;1;2;1;1;4;540;05/07/2010
2010035567;1;2;1;1;6;540;05/07/2010
2010035568;1;2;1;1;2;540;06/07/2010
2010035569;1;2;1;7;5;540;07/07/2010
2010035570;1;2;3;7;3;540;08/07/2010
2010035571;1;2;1;1;6;540;12/07/2010
2010035572;1;2;2;2;2;540;12/07/2010
2010035573;1;2;1;2;7;540;14/07/2010
2010035574;5;1;1;1;2;540;15/07/2010
2010035575;1;2;2;1;3;540;15/07/2010
2010035576;1;2;1;1;2;540;16/07/2010
2010035577;1;2;3;1;5;540;16/07/2010
2010035578;1;2;1;1;6;540;19/07/2010
2010035579;1;2;1;1;6;540;19/07/2010
2010035580;1;2;2;1;3;540;20/07/2010
2010035581;1;2;1;2;2;540;23/07/2010
2010035582;1;2;1;1;1;540;24/07/2010
2010035583;1;2;1;1;6;540;27/07/2010
2010035584;1;2;6;1;2;540;30/07/2010
2010035585;1;2;2;1;2;540;30/07/2010
2010035586;1;2;1;1;7;540;31/07/2010
2010035587;1;2;3;1;3;540;31/07/2010
2010035588;5;2;1;1;6;540;02/08/2010
2010035589;1;2;1;1;1;540;03/08/2010
2010035590;1;2;1;1;3;540;03/08/2010
2010035591;5;1;6;1;6;540;04/08/2010
2010035592;1;1;1;1;1;540;04/08/2010
2010035593;1;2;1;1;6;540;04/08/2010
2010035594;1;2;1;1;6;540;05/08/2010
2010035595;1;2;2;1;3;540;05/08/2010
2010035596;1;2;3;1;6;540;06/08/2010
2010035597;5;2;1;1;4;540;07/08/2010
2010035598;1;2;1;1;2;540;10/08/2010
2010035599;1;2;1;1;2;540;11/08/2010
2010035600;1;2;3;1;3;540;11/08/2010
2010035601;1;2;1;1;6;540;12/08/2010
2010035602;1;2;1;1;6;540;14/08/2010
2010035603;1;2;1;1;3;540;17/08/2010
2010035604;1;2;1;1;5;540;18/08/2010
2010035605;1;2;6;1;6;540;20/08/2010
2010035606;1;1;1;1;4;540;19/08/2010
2010035607;1;2;1;1;2;540;20/08/2010
2010035608;1;2;1;1;2;540;20/08/2010
2010035609;1;2;2;1;3;540;20/08/2010
2010035610;1;2;2;1;6;540;20/08/2010
2010035611;1;2;3;1;6;540;24/08/2010
2010035612;1;2;1;1;2;540;24/08/2010
2010035613;1;2;2;1;3;540;25/08/2010
2010035614;1;2;2;1;3;540;25/08/2010
2010035615;1;2;1;1;6;540;20/08/2010
2010035616;1;2;1;1;3;540;28/08/2010
2010035617;2;2;2;1;3;540;28/08/2010
2010035618;1;2;1;1;6;540;30/08/2010
2010035619;1;2;2;1;3;540;30/08/2010
2010035620;5;2;1;2;1;540;30/08/2010
2010035621;1;2;1;1;2;540;31/08/2010
2010035622;1;2;2;1;3;540;31/08/2010
2010035623;1;2;2;1;6;540;31/08/2010
2010035624;1;2;1;7;2;540;01/09/2010
2010035625;1;2;2;1;6;540;01/09/2010
2010035626;2;2;2;1;1;540;01/09/2010
2010035627;1;2;1;1;6;540;03/09/2010
2010035628;1;2;1;1;1;540;02/09/2010
2010035629;1;1;1;1;7;540;02/09/2010
2010035630;1;2;9;1;6;540;03/09/2010
2010035631;1;2;1;1;7;540;04/09/2010
2010035632;1;2;3;1;2;540;04/09/2010
2010035633;1;2;3;1;1;540;05/09/2010
2010035634;1;2;1;1;4;540;06/09/2010
2010035635;1;2;1;1;6;540;06/09/2010
2010035636;1;2;1;1;2;540;06/09/2010
2010035637;1;2;1;3;6;540;07/09/2010
2010035638;1;2;1;2;7;540;07/09/2010
2010035639;1;2;1;1;2;540;08/09/2010
2010035640;1;2;2;1;6;540;08/09/2010
2010035641;1;2;1;1;6;540;09/09/2010
2010035642;5;2;7;1;3;540;09/09/2010
2010035643;1;2;1;8;7;540;09/09/2010
2010035644;1;2;2;2;6;540;09/09/2010
2010035645;1;2;3;1;1;540;11/09/2010
2010035646;1;2;2;7;3;540;11/09/2010
2010035647;1;2;1;9;4;540;11/09/2010
2010035648;1;2;3;1;2;540;12/09/2010
2010035649;1;2;3;1;2;540;13/09/2010
2010035650;1;2;1;8;2;540;14/09/2010
2010035651;1;2;1;1;6;540;14/09/2010
2010035652;1;2;2;2;3;540;15/09/2010
2010035653;1;2;2;1;3;540;16/09/2010
2010035654;1;2;2;1;6;540;16/09/2010
2010035655;1;2;1;1;6;540;18/09/2010
2010035656;1;2;3;1;2;540;18/09/2010
2010035657;1;2;1;1;4;540;19/09/2010
2010035658;1;2;2;1;3;540;19/09/2010
2010035659;1;2;2;1;6;540;20/09/2010
2010035660;1;2;1;1;2;540;20/09/2010
2010035661;1;2;1;1;6;540;21/09/2010
2010035662;1;2;1;1;2;540;21/09/2010
2010035663;1;2;3;1;3;540;22/09/2010
2010035664;5;2;2;1;3;540;22/09/2010
2010035665;2;2;3;1;6;540;23/09/2010
2010035666;5;2;1;1;5;540;24/09/2010
2010035667;1;2;3;9;3;540;27/09/2010
2010035668;1;1;1;1;3;540;27/09/2010
2010035669;1;2;1;1;6;540;23/09/2010
2010035670;1;1;6;1;3;540;29/09/2010
2010035671;1;2;1;9;2;540;30/09/2010
2010035672;1;2;6;2;6;540;30/09/2010
2010035673;1;2;2;1;3;540;01/10/2010
2010035674;1;2;1;1;6;540;01/10/2010
2010035675;1;2;3;1;3;540;02/10/2010
2010035676;5;2;1;1;6;540;03/10/2010
2010035677;1;2;2;1;3;540;03/10/2010
2010035678;5;2;2;1;3;540;04/10/2010
2010035679;1;2;1;1;3;540;04/10/2010
2010035680;1;2;3;1;3;540;14/10/2010
2010035681;1;2;1;1;3;540;04/10/2010
2010035682;1;2;1;1;5;540;05/10/2010
2010035683;2;2;2;1;3;540;06/10/2010
2010035684;1;2;1;1;4;540;07/10/2010
2010035685;1;2;1;1;6;540;07/10/2010
2010035686;1;2;1;1;5;540;07/10/2010
2010035687;2;1;1;1;2;540;07/10/2010
2010035688;1;2;1;1;6;540;01/10/2010
2010035689;2;2;1;1;6;540;08/10/2010
2010035690;1;2;1;1;1;540;09/10/2010
2010035691;5;1;1;5;7;540;10/10/2010
2010035692;1;2;2;7;3;540;10/10/2010
2010035693;1;2;1;1;2;540;11/10/2010
2010035694;1;2;2;1;7;540;11/10/2010
2010035695;5;2;1;1;3;540;11/10/2010
2010035696;1;2;1;7;6;540;12/10/2010
2010035697;1;2;3;1;3;540;12/10/2010
2010035698;1;2;1;1;2;540;12/10/2010
2010035699;1;2;2;1;6;540;12/10/2010
2010035700;1;2;2;1;6;540;13/10/2010
2010035701;1;1;2;1;3;540;13/10/2010
2010035702;1;2;1;1;6;540;14/10/2010
2010035703;1;2;4;1;2;540;14/10/2010
2010035704;1;2;3;9;7;540;14/10/2010
2010035705;1;2;3;1;5;540;14/10/2010
2010035706;5;2;2;1;1;540;14/10/2010
2010035707;1;2;2;1;5;540;15/10/2010
2010035708;5;2;1;1;3;540;15/10/2010
2010035709;5;2;2;1;3;540;15/10/2010
2010035710;1;2;1;2;6;540;16/10/2010
2010035711;5;1;6;2;7;540;16/10/2010
2010035712;1;2;1;1;2;540;16/10/2010
2010035713;1;2;2;1;3;540;17/10/2010
2010035714;1;2;2;1;2;540;17/10/2010
2010035715;5;2;1;1;6;540;18/10/2010
2010035716;2;2;2;2;2;540;19/10/2010
2010035717;2;2;1;2;3;540;19/10/2010
2010035718;1;2;1;3;6;540;19/10/2010
2010035719;2;2;1;2;2;540;20/10/2010
2010035720;1;2;2;1;3;540;21/10/2010
2010035721;1;2;1;1;7;540;21/10/2010
2010035722;1;2;3;9;3;540;21/10/2010
2010035723;1;2;3;1;6;540;21/10/2010
2010035724;5;2;3;1;2;540;26/10/2010
2010035725;1;2;1;1;6;540;27/10/2010
2010035726;1;2;1;9;3;540;28/10/2010
2010035727;1;2;3;1;6;540;30/10/2010
2010035728;1;2;2;1;2;540;30/10/2010
2010035729;5;2;3;2;3;540;30/10/2010
2010035730;1;2;3;1;3;540;02/11/2010
2010035731;1;2;2;2;5;540;04/11/2010
2010035732;1;2;4;1;6;540;05/11/2010
2010035733;1;2;1;2;6;540;06/11/2010
2010035734;5;2;1;2;2;540;07/11/2010
2010035735;5;2;1;2;3;540;08/11/2010
2010035736;2;2;1;2;3;540;08/11/2010
2010035737;5;2;1;2;6;540;09/11/2010
2010035738;5;2;2;2;3;540;09/11/2010
2010035739;3;2;3;2;3;540;09/11/2010
2010035740;5;2;1;2;3;540;10/11/2010
2010035741;5;2;2;2;6;540;12/11/2010
2010035742;1;2;1;2;6;540;12/11/2010
2010035743;2;2;2;1;6;540;13/11/2010
2010035744;5;2;6;1;2;540;13/11/2010
2010035745;5;2;1;1;6;540;15/11/2010
2010035746;5;2;1;2;2;540;15/11/2010
2010035747;5;2;3;1;2;540;16/11/2010
2010035748;1;2;1;1;6;540;17/11/2010
2010035749;5;2;1;2;6;540;19/11/2010
2010035750;1;2;3;2;6;540;19/11/2010
2010035751;1;2;3;2;2;540;19/11/2010
2010035752;1;2;1;2;6;540;19/11/2010
2010035753;5;2;3;1;3;540;19/11/2010
2010035754;5;2;3;1;1;540;20/11/2010
2010035755;5;2;2;1;2;540;19/11/2010
2010035756;5;2;3;1;2;540;20/11/2010
2010035757;5;2;2;2;6;540;22/11/2010
2010035758;5;2;2;2;3;540;23/11/2010
2010035759;5;2;3;1;6;540;24/11/2010
2010035760;1;2;3;4;6;540;25/11/2010
2010035761;5;2;2;1;3;540;29/11/2010
2010035762;5;2;1;1;2;540;29/11/2010
2010035763;1;2;2;4;6;540;29/11/2010
2010035764;5;2;1;4;2;540;29/11/2010
2010035765;1;2;3;9;3;540;01/12/2010
2010035766;5;2;1;4;7;540;01/12/2010
2010035767;5;2;1;8;4;540;01/12/2010
2010035768;1;2;6;1;2;540;02/12/2010
2010035769;5;2;1;1;4;540;02/12/2010
2010035770;2;2;1;9;6;540;04/12/2010
2010035771;1;2;2;4;3;540;06/12/2010
2010035772;1;2;1;1;2;540;07/12/2010
2010035773;1;2;1;4;6;540;07/12/2010
2010035774;5;2;1;3;6;540;08/12/2010
2010035775;5;2;1;3;6;540;08/12/2010
2010035776;5;2;2;1;3;540;08/12/2010
2010035777;1;2;1;1;6;540;09/12/2010
2010035778;5;2;2;1;3;540;09/12/2010
2010035779;5;2;1;2;2;540;11/12/2010
2010035780;5;2;1;2;3;540;10/12/2010
2010035781;5;2;1;2;1;540;12/12/2010
2010035782;1;2;2;1;5;540;13/12/2010
2010035783;5;2;2;2;6;540;17/12/2010
2010035784;5;2;1;2;6;540;23/12/2010
2010035785;1;2;3;4;3;540;24/12/2010
2010035786;1;2;1;4;2;540;26/12/2010
2010035787;5;2;1;9;6;540;30/12/2010
2010035788;1;2;2;9;6;540;31/12/2010
2010035789;5;2;1;4;1;540;20/01/2010
2010035790;5;2;1;1;7;540;02/05/2010
2010035791;1;2;3;1;3;540;11/07/2010
2010035792;5;2;9;2;3;540;03/11/2010
2010035793;1;1;3;1;3;540;06/11/2010
2010035794;3;1;1;3;3;540;08/12/2010
2010035795;5;2;2;3;3;540;08/12/2010
2010035796;5;2;1;4;6;540;27/12/2010
2010035797;1;2;1;1;1;540;28/01/2010
2010035798;1;2;1;9;3;540;28/01/2010
2010035799;1;2;2;1;4;540;30/01/2010
2010035800;1;1;3;1;3;540;06/02/2010
2010035801;1;2;9;1;3;540;07/02/2010
2010035802;5;2;3;1;6;540;21/02/2010
2010035803;5;2;1;1;6;540;05/03/2010
2010035804;5;2;3;1;3;540;06/03/2010
2010035805;5;2;2;1;3;540;21/04/2010
2010035806;1;1;1;1;6;540;24/04/2010
2010035807;1;2;1;1;6;540;24/04/2010
2010035808;1;2;2;1;3;540;08/06/2010
2010035809;1;2;2;1;3;540;11/06/2010
2010035810;1;2;1;1;2;540;21/06/2010
2010035811;1;2;3;1;3;540;25/06/2010
2010035812;1;1;1;1;6;540;21/07/2010
2010035813;1;2;1;1;3;540;18/08/2010
2010035814;2;2;1;8;3;540;08/09/2010
2010035815;1;2;1;1;3;540;23/09/2010
2010035816;1;2;3;2;3;540;26/09/2010
2010035817;5;1;9;1;3;540;05/10/2010
2010035818;1;2;4;1;3;540;21/10/2010
2010035819;1;2;3;1;3;540;26/10/2010
2010035820;5;2;1;2;6;540;15/11/2010
2010035821;5;2;2;1;6;540;26/11/2010
2010035822;1;2;1;3;6;540;08/12/2010
2010035823;1;2;5;8;3;540;18/12/2010
2010035824;1;1;2;4;2;540;28/12/2010
2010035825;1;1;1;4;7;540;11/12/2010
2010035826;2;1;1;8;6;540;02/04/2010
2010035827;2;2;1;1;3;540;14/04/2010
2010035828;2;2;4;1;6;540;20/08/2010
2010035829;5;2;1;1;3;540;09/10/2010
2010035830;5;2;1;1;3;540;18/10/2010
2010035831;5;2;2;2;7;540;06/11/2010
2010035832;1;2;1;1;7;540;16/11/2010
2010035833;1;1;1;2;1;540;18/11/2010
2010035834;2;1;1;4;2;540;29/11/2010
2010035835;2;2;1;4;3;540;26/01/2010
2010035836;1;2;1;4;6;550;07/01/2010
2010035837;1;2;1;2;6;550;21/01/2010
2010035838;5;2;1;1;6;550;26/01/2010
2010035839;1;2;1;1;6;550;27/01/2010
2010035840;1;2;1;1;6;550;08/03/2010
2010035841;1;1;1;1;6;550;10/03/2010
2010035842;1;1;3;1;3;550;10/03/2010
2010035843;1;2;1;1;6;550;23/03/2010
2010035844;1;2;2;1;6;550;01/04/2010
2010035845;1;2;3;2;3;550;03/04/2010
2010035846;1;1;1;1;7;550;09/04/2010
2010035847;1;2;3;1;3;550;24/04/2010
2010035848;1;1;1;1;7;550;25/04/2010
2010035849;3;1;1;3;6;550;29/04/2010
2010035850;1;2;1;1;3;550;28/05/2010
2010035851;1;2;1;1;2;550;23/06/2010
2010035852;5;2;1;1;6;550;14/08/2010
2010035853;1;1;1;1;2;550;27/08/2010
2010035854;1;2;1;1;2;550;31/08/2010
2010035855;1;2;1;1;6;550;03/09/2010
2010035856;5;2;1;1;6;550;16/09/2010
2010035857;1;1;3;1;3;550;03/10/2010
2010035858;1;2;3;1;1;550;05/10/2010
2010035859;1;2;3;1;3;550;06/10/2010
2010035860;1;2;3;1;3;550;07/10/2010
2010035861;1;2;1;1;5;550;08/10/2010
2010035862;1;2;3;1;3;550;09/10/2010
2010035863;1;2;1;1;3;550;14/10/2010
2010035864;3;1;1;2;6;550;05/11/2010
2010035865;1;2;1;1;1;550;21/11/2010
2010035866;5;2;1;4;6;550;04/12/2010
2010035867;1;2;2;1;6;550;08/01/2010
2010035868;3;2;1;1;6;550;04/02/2010
2010035869;1;1;1;1;6;550;10/04/2010
2010035870;1;2;4;2;3;550;02/05/2010
2010035871;1;2;1;1;3;550;07/05/2010
2010035872;1;2;2;1;3;550;07/05/2010
2010035873;1;2;1;1;1;550;08/05/2010
2010035874;1;2;1;1;6;550;04/06/2010
2010035875;1;2;6;1;3;550;06/07/2010
2010035876;1;2;1;1;6;550;02/08/2010
2010035877;1;2;1;1;6;550;10/09/2010
2010035878;3;2;1;1;1;550;22/10/2010
2010035879;1;2;6;1;7;550;25/10/2010
2010035880;1;2;1;1;7;550;05/11/2010
2010035881;2;2;3;1;2;550;05/11/2010
2010035882;2;2;6;2;3;550;09/11/2010
2010035883;2;2;1;1;1;550;25/11/2010
2010035884;5;2;1;2;6;550;26/11/2010
2010035885;5;2;1;1;6;550;12/12/2010
2010035886;2;2;1;2;6;550;22/12/2010
2010035887;1;2;1;1;7;560;01/01/2010
2010035888;5;2;1;1;7;560;01/01/2010
2010035889;2;2;2;1;3;560;02/01/2010
2010035890;2;2;1;1;3;560;04/01/2010
2010035891;1;2;1;1;7;560;04/01/2010
2010035892;3;1;1;1;7;560;04/01/2010
2010035893;1;2;1;1;7;560;11/01/2010
2010035894;1;2;1;2;7;560;12/01/2010
2010035895;1;2;6;2;3;560;12/01/2010
2010035896;1;2;1;1;7;560;13/01/2010
2010035897;5;2;2;1;7;560;13/01/2010
2010035898;5;2;1;1;7;560;14/01/2010