num_acc;lum;agg;inter;atm;col;dep;date
2010036477;1;2;6;1;2;570;23/03/2010
2010036478;1;2;1;3;6;570;26/03/2010
2010036479;1;1;1;2;2;570;27/03/2010
2010036480;5;2;1;2;6;570;27/03/2010
2010036481;5;2;1;1;3;570;02/04/2010
2010036482;1;2;1;1;3;570;06/04/2010
2010036483;1;2;6;1;3;570;06/04/2010
2010036484;2;1;3;2;3;570;08/04/2010
2010036485;5;2;1;1;6;570;12/04/2010
2010036486;1;2;1;3;2;570;20/03/2010
2010036487;1;2;1;2;6;570;12/04/2010
2010036488;1;2;1;1;3;570;14/04/2010
2010036489;1;2;6;1;2;570;16/04/2010
2010036490;1;2;1;1;3;570;16/04/2010
2010036491;1;2;1;1;1;570;22/04/2010
2010036492;1;1;1;1;1;570;24/04/2010
2010036493;1;2;1;1;6;570;26/04/2010
2010036494;1;2;1;1;2;570;30/04/2010
2010036495;1;2;1;1;2;570;01/05/2010
2010036496;1;2;1;1;6;570;02/05/2010
2010036497;1;2;1;1;6;570;03/05/2010
2010036498;1;2;1;1;6;570;12/05/2010
2010036499;1;2;1;1;2;570;18/05/2010
2010036500;1;2;1;1;6;570;21/05/2010
2010036501;1;2;1;1;6;570;23/05/2010
2010036502;1;2;1;1;2;570;24/05/2010
2010036503;1;2;2;1;3;570;27/05/2010
2010036504;5;2;2;1;3;570;29/05/2010
2010036505;1;2;1;2;2;570;31/05/2010
2010036506;1;2;6;1;6;570;02/06/2010
2010036507;1;1;1;1;4;570;04/06/2010
2010036508;1;2;1;1;3;570;04/06/2010
2010036509;1;2;3;1;3;570;04/06/2010
2010036510;1;2;1;1;3;570;05/06/2010
2010036511;1;2;6;1;3;570;05/06/2010
2010036512;1;2;1;1;6;570;09/06/2010
2010036513;1;2;2;1;6;570;12/06/2010
2010036514;1;2;3;1;2;570;14/06/2010
2010036515;1;1;1;1;1;570;15/06/2010
2010036516;1;2;1;1;6;570;15/06/2010
2010036517;1;2;1;1;6;570;16/06/2010
2010036518;1;2;1;2;4;570;17/06/2010
2010036519;2;2;2;1;2;570;18/06/2010
2010036520;1;2;1;1;1;570;22/06/2010
2010036521;1;2;1;1;6;570;24/06/2010
2010036522;5;2;1;1;7;570;26/06/2010
2010036523;1;2;1;1;2;570;26/06/2010
2010036524;1;2;3;1;2;570;26/06/2010
2010036525;1;2;1;1;6;570;30/06/2010
2010036526;1;1;1;1;2;570;02/07/2010
2010036527;1;1;1;1;3;570;04/07/2010
2010036528;1;2;1;1;6;570;04/07/2010
2010036529;1;2;1;7;6;570;06/07/2010
2010036530;1;2;1;1;1;570;06/07/2010
2010036531;5;2;1;1;6;570;07/07/2010
2010036532;5;2;1;1;1;570;10/07/2010
2010036533;1;2;6;1;2;570;11/07/2010
2010036534;5;2;1;1;6;570;14/07/2010
2010036535;1;2;1;1;3;570;25/07/2010
2010036536;1;1;1;1;2;570;27/07/2010
2010036537;1;2;1;1;6;570;30/07/2010
2010036538;1;2;3;1;3;570;04/08/2010
2010036539;1;2;1;1;3;570;11/08/2010
2010036540;1;2;1;1;3;570;16/08/2010
2010036541;5;2;1;1;7;570;18/08/2010
2010036542;1;2;1;1;4;570;21/08/2010
2010036543;3;1;1;1;6;570;23/08/2010
2010036544;5;2;1;1;3;570;25/08/2010
2010036545;1;1;1;1;1;570;26/08/2010
2010036546;1;2;3;1;4;570;27/08/2010
2010036547;1;2;1;2;4;570;30/08/2010
2010036548;1;2;1;1;2;570;11/09/2010
2010036549;1;1;1;1;3;570;12/09/2010
2010036550;2;2;6;1;3;570;22/09/2010
2010036551;1;2;1;8;1;570;23/09/2010
2010036552;1;2;1;2;4;570;24/09/2010
2010036553;1;2;1;1;3;570;25/09/2010
2010036554;1;2;2;2;3;570;26/09/2010
2010036555;1;2;1;1;3;570;27/09/2010
2010036556;1;2;1;2;4;570;02/10/2010
2010036557;5;2;1;2;6;570;03/10/2010
2010036558;1;2;1;1;6;570;07/10/2010
2010036559;1;2;1;1;3;570;09/10/2010
2010036560;1;2;1;1;3;570;10/10/2010
2010036561;1;2;3;1;3;570;10/10/2010
2010036562;5;2;1;1;3;570;09/10/2010
2010036563;1;2;1;1;6;570;11/10/2010
2010036564;4;2;1;1;4;570;15/10/2010
2010036565;4;2;1;2;6;570;16/10/2010
2010036566;1;2;1;1;7;570;17/10/2010
2010036567;1;2;2;2;3;570;19/10/2010
2010036568;1;2;1;7;4;570;19/10/2010
2010036569;1;2;1;1;4;570;23/10/2010
2010036570;1;1;1;7;2;570;26/10/2010
2010036571;5;2;1;1;6;570;28/10/2010
2010036572;1;2;2;1;3;570;29/10/2010
2010036573;5;2;1;2;3;570;02/11/2010
2010036574;3;1;1;2;4;570;02/11/2010
2010036575;1;2;1;1;6;570;05/11/2010
2010036576;1;2;1;2;3;570;09/11/2010
2010036577;1;2;1;2;3;570;10/11/2010
2010036578;1;1;1;2;3;570;10/11/2010
2010036579;1;1;1;1;2;570;16/11/2010
2010036580;3;2;1;2;6;570;17/11/2010
2010036581;5;1;1;2;2;570;17/11/2010
2010036582;3;1;1;1;1;570;17/11/2010
2010036583;5;2;1;1;3;570;18/11/2010
2010036584;5;2;1;1;2;570;20/11/2010
2010036585;1;2;2;1;3;570;26/11/2010
2010036586;1;1;1;1;2;570;26/11/2010
2010036587;5;2;1;4;2;570;30/11/2010
2010036588;1;1;1;4;6;570;01/12/2010
2010036589;2;2;1;2;6;570;02/12/2010
2010036590;1;2;2;2;2;570;05/12/2010
2010036591;2;1;2;4;6;570;06/12/2010
2010036592;5;2;2;3;6;570;08/12/2010
2010036593;1;2;2;1;6;570;13/12/2010
2010036594;5;1;1;2;2;570;15/12/2010
2010036595;1;1;2;1;2;570;16/12/2010
2010036596;1;2;2;4;3;570;19/12/2010
2010036597;1;1;1;4;6;570;22/12/2010
2010036598;1;2;1;1;6;570;23/12/2010
2010036599;1;2;1;4;6;570;22/12/2010
2010036600;5;2;1;4;6;570;23/12/2010
2010036601;1;2;1;4;1;570;24/12/2010
2010036602;1;2;1;4;4;570;28/12/2010
2010036603;1;2;1;1;3;580;30/12/2010
2010036604;1;1;1;2;7;580;09/05/2010
2010036605;1;2;1;1;7;580;24/05/2010
2010036606;2;2;1;2;7;580;09/06/2010
2010036607;1;2;1;1;7;580;13/06/2010
2010036608;1;2;1;1;7;580;19/07/2010
2010036609;1;2;1;1;7;580;23/07/2010
2010036610;1;2;1;1;3;580;04/01/2010
2010036611;1;2;1;2;7;580;08/09/2010
2010036612;1;2;1;1;7;580;09/10/2010
2010036613;1;2;1;1;7;580;12/10/2010
2010036614;5;2;1;2;7;580;02/11/2010
2010036615;2;2;1;4;6;580;06/01/2010
2010036616;1;2;1;1;7;580;07/01/2010
2010036617;1;2;1;2;6;580;13/01/2010
2010036618;5;2;1;1;6;580;14/01/2010
2010036619;5;2;1;1;7;580;17/01/2010
2010036620;1;2;1;1;6;580;19/01/2010
2010036621;1;2;1;1;6;580;21/01/2010
2010036622;5;2;1;1;6;580;05/02/2010
2010036623;2;2;3;1;3;580;01/02/2010
2010036624;1;2;1;1;3;580;15/02/2010
2010036625;1;2;1;1;7;580;26/02/2010
2010036626;1;2;1;1;3;580;01/03/2010
2010036627;1;2;1;1;2;580;02/03/2010
2010036628;1;2;1;1;6;580;21/02/2010
2010036629;1;2;1;1;2;580;08/03/2010
2010036630;1;2;1;4;6;580;10/03/2010
2010036631;1;2;1;1;5;580;17/03/2010
2010036632;1;2;1;1;4;580;19/03/2010
2010036633;2;2;1;1;1;580;21/03/2010
2010036634;1;2;1;1;3;580;23/03/2010
2010036635;1;2;1;1;2;580;29/03/2010
2010036636;1;2;3;1;3;580;12/04/2010
2010036637;1;2;1;1;7;580;13/04/2010
2010036638;1;2;1;1;4;580;16/04/2010
2010036639;1;2;1;1;6;580;19/04/2010
2010036640;1;2;1;1;1;580;19/04/2010
2010036641;1;2;1;1;1;580;12/05/2010
2010036642;1;2;1;1;3;580;12/05/2010
2010036643;1;1;1;1;6;580;19/05/2010
2010036644;1;2;1;1;1;580;21/05/2010
2010036645;1;2;1;1;1;580;01/06/2010
2010036646;1;2;1;1;6;580;27/05/2010
2010036647;1;2;1;1;3;580;31/05/2010
2010036648;1;2;1;1;2;580;10/06/2010
2010036649;1;2;1;1;1;580;24/06/2010
2010036650;1;2;1;1;2;580;17/07/2010
2010036651;5;2;1;1;6;580;06/08/2010
2010036652;5;2;1;2;1;580;11/08/2010
2010036653;1;2;1;1;6;580;21/08/2010
2010036654;1;2;1;1;6;580;26/08/2010
2010036655;1;2;6;1;6;580;26/08/2010
2010036656;1;2;1;1;6;580;01/09/2010
2010036657;1;2;1;1;2;580;02/09/2010
2010036658;5;2;1;2;1;580;07/09/2010
2010036659;1;2;1;2;7;580;08/09/2010
2010036660;5;2;1;1;6;580;12/09/2010
2010036661;1;2;1;1;6;580;09/09/2010
2010036662;1;2;1;1;3;580;16/09/2010
2010036663;2;2;1;1;3;580;19/09/2010
2010036664;1;2;1;1;6;580;21/09/2010
2010036665;1;2;1;1;4;580;26/09/2010
2010036666;5;2;1;2;2;580;24/09/2010
2010036667;1;2;1;1;1;580;07/10/2010
2010036668;2;2;3;2;3;580;19/10/2010
2010036669;2;2;1;1;6;580;24/10/2010
2010036670;1;2;1;1;6;580;27/10/2010
2010036671;1;2;2;1;3;580;01/11/2010
2010036672;1;2;1;1;3;580;29/10/2010
2010036673;5;2;1;2;3;580;08/11/2010
2010036674;1;2;1;2;7;580;08/11/2010
2010036675;5;2;1;8;3;580;14/11/2010
2010036676;5;2;1;2;1;580;13/11/2010
2010036677;2;2;1;1;1;580;16/11/2010
2010036678;1;2;6;1;3;580;13/10/2010
2010036679;1;2;1;1;6;580;22/11/2010
2010036680;1;2;1;1;6;580;23/11/2010
2010036681;5;2;1;1;6;580;18/11/2010
2010036682;5;2;6;1;6;580;29/11/2010
2010036683;1;2;1;1;4;580;24/11/2010
2010036684;5;2;1;2;6;580;22/12/2010
2010036685;5;2;1;2;7;580;22/12/2010
2010036686;5;2;6;2;3;580;23/12/2010
2010036687;5;2;1;1;3;590;10/01/2010
2010036688;1;2;2;1;1;590;14/01/2010
2010036689;1;2;1;1;6;590;01/02/2010
2010036690;1;2;1;1;2;590;06/02/2010
2010036691;2;2;1;2;6;590;26/02/2010
2010036692;1;1;1;1;6;590;04/06/2010
2010036693;1;2;3;2;3;590;10/06/2010
2010036694;1;2;1;1;1;590;28/06/2010
2010036695;1;2;1;1;1;590;07/07/2010
2010036696;5;2;1;1;6;590;02/07/2010
2010036697;1;2;1;1;3;590;05/07/2010
2010036698;1;2;1;1;3;590;07/08/2010
2010036699;1;2;2;1;3;590;29/08/2010
2010036700;1;2;3;1;3;590;06/09/2010
2010036701;1;2;1;2;6;590;02/10/2010
2010036702;5;2;1;1;7;590;17/10/2010
2010036703;1;2;1;8;3;590;07/11/2010
2010036704;2;2;1;1;7;590;04/01/2010
2010036705;1;2;1;8;3;590;21/01/2010
2010036706;1;2;1;1;6;590;25/01/2010
2010036707;1;1;2;1;3;590;26/02/2010
2010036708;1;1;1;1;2;590;07/03/2010
2010036709;1;1;1;1;3;590;14/03/2010
2010036710;1;1;2;1;3;590;20/03/2010
2010036711;1;2;6;1;6;590;19/03/2010
2010036712;5;2;1;3;6;590;29/03/2010
2010036713;1;2;1;1;7;590;30/03/2010
2010036714;1;2;3;1;1;590;22/05/2010
2010036715;1;1;1;1;1;590;04/06/2010
2010036716;1;1;1;1;2;590;05/06/2010
2010036717;1;2;1;6;6;590;24/08/2010
2010036718;1;1;3;7;1;590;23/06/2010
2010036719;1;2;3;1;3;590;24/06/2010
2010036720;1;2;1;1;4;590;05/07/2010
2010036721;1;1;1;1;7;590;22/07/2010
2010036722;1;2;3;2;3;590;02/08/2010
2010036723;1;2;1;1;6;590;09/08/2010
2010036724;1;2;2;1;1;590;13/08/2010
2010036725;1;2;9;1;1;590;24/08/2010
2010036726;1;2;1;1;2;590;30/07/2010
2010036727;1;1;1;3;3;590;08/09/2010
2010036728;1;2;9;1;6;590;11/09/2010
2010036729;1;2;1;1;3;590;06/09/2010
2010036730;1;2;1;1;3;590;17/09/2010
2010036731;1;2;3;2;3;590;19/09/2010
2010036732;1;2;1;1;3;590;21/09/2010
2010036733;1;2;1;1;6;590;28/09/2010
2010036734;5;2;6;1;2;590;30/09/2010
2010036735;1;2;3;1;3;590;27/09/2010
2010036736;1;1;1;1;1;590;22/09/2010
2010036737;1;2;6;1;6;590;08/10/2010
2010036738;1;2;6;1;7;590;11/10/2010
2010036739;5;2;1;1;6;590;30/10/2010
2010036740;1;2;1;1;7;590;01/11/2010
2010036741;1;2;9;1;6;590;28/10/2010
2010036742;5;2;1;1;3;590;04/11/2010
2010036743;1;2;1;1;6;590;06/11/2010
2010036744;1;2;1;1;2;590;19/10/2010
2010036745;1;1;3;3;3;590;10/11/2010
2010036746;5;2;2;2;6;590;23/11/2010
2010036747;1;2;3;1;6;590;24/11/2010
2010036748;1;2;2;2;3;590;25/11/2010
2010036749;1;2;1;9;6;590;17/11/2010
2010036750;5;1;1;1;4;590;28/11/2010
2010036751;5;2;1;1;6;590;30/11/2010
2010036752;5;2;1;4;6;590;03/12/2010
2010036753;5;2;3;1;3;590;08/12/2010
2010036754;1;1;3;4;5;590;14/12/2010
2010036755;5;2;1;2;7;590;29/12/2010
2010036756;1;2;3;8;2;590;25/01/2010
2010036757;1;2;1;1;3;590;08/03/2010
2010036758;1;2;1;1;6;590;02/05/2010
2010036759;1;2;1;1;4;590;19/05/2010
2010036760;1;2;1;7;5;590;04/06/2010
2010036761;1;1;2;3;5;590;03/07/2010
2010036762;1;2;2;1;3;590;13/10/2010
2010036763;5;2;1;1;7;590;07/11/2010
2010036764;5;2;1;3;7;590;13/11/2010
2010036765;1;1;9;4;3;590;15/02/2010
2010036766;1;1;1;1;3;590;01/08/2010
2010036767;5;1;1;2;6;590;02/10/2010
2010036768;1;2;1;1;6;590;31/10/2010
2010036769;1;1;1;1;2;590;08/11/2010
2010036770;5;2;1;1;7;590;10/01/2010
2010036771;5;2;6;8;6;590;29/01/2010
2010036772;5;2;1;1;7;590;25/01/2010
2010036773;5;2;1;1;6;590;08/02/2010
2010036774;1;2;1;1;6;590;18/03/2010
2010036775;1;2;2;1;3;590;15/04/2010
2010036776;1;2;1;1;3;590;25/04/2010
2010036777;1;2;1;1;3;590;08/07/2010
2010036778;1;2;1;1;1;590;15/07/2010
2010036779;1;2;3;1;3;590;11/08/2010
2010036780;5;2;2;1;3;590;19/09/2010
2010036781;1;2;1;1;6;590;25/10/2010
2010036782;1;2;1;1;3;590;17/11/2010
2010036783;3;1;1;8;1;590;07/12/2010
2010036784;1;2;1;1;3;590;06/02/2010
2010036785;5;1;1;9;6;590;13/02/2010
2010036786;1;2;2;1;7;590;16/02/2010
2010036787;1;2;4;1;6;590;07/03/2010
2010036788;5;2;2;1;3;590;12/03/2010
2010036789;5;2;9;1;3;590;26/03/2010
2010036790;1;2;1;1;7;590;22/04/2010
2010036791;1;2;1;7;3;590;29/06/2010
2010036792;1;2;9;8;6;590;06/01/2010
2010036793;1;2;2;8;6;590;19/01/2010
2010036794;1;2;1;1;6;590;14/01/2010
2010036795;1;2;1;1;6;590;06/03/2010
2010036796;1;2;3;1;3;590;11/03/2010
2010036797;1;2;1;1;1;590;19/04/2010
2010036798;1;2;1;1;3;590;30/04/2010
2010036799;1;2;1;1;3;590;19/05/2010
2010036800;1;2;1;1;1;590;14/05/2010
2010036801;1;2;9;1;1;590;17/06/2010
2010036802;1;2;9;1;6;590;16/06/2010
2010036803;1;2;3;1;6;590;30/06/2010
2010036804;1;2;1;1;6;590;28/07/2010
2010036805;1;2;1;1;6;590;30/09/2010
2010036806;5;2;1;2;6;590;18/10/2010
2010036807;1;2;1;1;2;590;30/10/2010
2010036808;2;2;1;1;6;590;18/11/2010
2010036809;5;2;1;2;6;590;12/11/2010
2010036810;2;2;9;1;3;590;04/09/2010
2010036811;2;2;1;1;6;590;12/01/2010
2010036812;5;2;1;8;6;590;10/01/2010
2010036813;1;2;6;1;3;590;06/01/2010
2010036814;5;2;1;8;6;590;21/01/2010
2010036815;1;2;1;7;6;590;17/01/2010
2010036816;3;1;1;1;3;590;24/01/2010
2010036817;1;2;2;1;3;590;21/02/2010
2010036818;5;2;1;9;6;590;31/01/2010
2010036819;5;2;1;1;7;590;31/01/2010
2010036820;1;2;6;1;3;590;06/02/2010
2010036821;1;2;1;1;3;590;09/03/2010
2010036822;1;2;1;1;6;590;22/03/2010
2010036823;1;2;4;1;3;590;22/03/2010
2010036824;3;1;1;2;6;590;22/03/2010
2010036825;5;2;1;1;6;590;03/03/2010
2010036826;1;2;1;1;6;590;04/03/2010
2010036827;3;1;1;1;2;590;06/03/2010
2010036828;5;2;1;1;2;590;07/04/2010
2010036829;1;2;1;1;3;590;31/03/2010
2010036830;1;1;1;1;5;590;12/04/2010
2010036831;1;2;1;1;3;590;12/03/2010
2010036832;1;2;1;1;6;590;18/04/2010
2010036833;1;1;1;1;3;590;27/03/2010
2010036834;1;2;1;2;3;590;31/03/2010
2010036835;1;2;1;1;6;590;01/05/2010
2010036836;1;2;1;1;6;590;20/05/2010
2010036837;1;2;1;1;6;590;22/05/2010
2010036838;1;2;1;1;6;590;15/06/2010
2010036839;1;2;1;1;6;590;30/05/2010
2010036840;1;2;1;1;6;590;10/07/2010
2010036841;1;2;1;1;6;590;16/07/2010
2010036842;1;2;2;1;3;590;22/07/2010
2010036843;5;2;1;1;3;590;26/08/2010
2010036844;1;2;1;3;3;590;16/08/2010
2010036845;5;2;3;1;3;590;02/10/2010
2010036846;1;1;1;1;3;590;17/11/2010
2010036847;5;2;1;3;6;590;12/11/2010
2010036848;2;1;1;1;3;590;08/10/2010
2010036849;5;2;1;8;6;590;01/01/2010
2010036850;1;2;3;4;6;590;07/01/2010
2010036851;1;2;9;8;6;590;14/01/2010
2010036852;5;2;9;1;1;590;22/01/2010
2010036853;1;1;1;1;1;590;26/01/2010
2010036854;1;2;1;1;6;590;26/01/2010
2010036855;1;2;9;1;7;590;22/01/2010
2010036856;3;2;3;3;6;590;29/01/2010
2010036857;5;2;9;1;3;590;30/01/2010
2010036858;1;2;9;2;6;590;08/02/2010
2010036859;1;2;1;1;6;590;25/02/2010
2010036860;5;2;2;2;3;590;28/02/2010
2010036861;1;2;9;1;6;590;25/02/2010
2010036862;1;2;3;1;6;590;03/03/2010
2010036863;1;2;1;1;3;590;06/03/2010
2010036864;1;2;2;1;3;590;12/03/2010
2010036865;1;2;1;1;6;590;12/03/2010
2010036866;1;2;1;1;6;590;21/03/2010
2010036867;1;2;3;1;3;590;23/03/2010
2010036868;1;2;1;1;6;590;24/03/2010
2010036869;1;2;2;1;5;590;27/03/2010
2010036870;1;2;2;1;3;590;28/03/2010
2010036871;5;2;1;2;7;590;28/03/2010
2010036872;1;2;3;1;3;590;25/03/2010
2010036873;2;1;1;1;6;590;30/03/2010
2010036874;1;2;9;3;6;590;31/03/2010
2010036875;1;2;2;1;3;590;06/04/2010
2010036876;1;2;9;1;6;590;11/04/2010
2010036877;1;2;3;1;3;590;13/04/2010
2010036878;1;2;9;1;6;590;15/04/2010
2010036879;1;2;1;1;2;590;13/04/2010
2010036880;1;1;1;1;3;590;19/04/2010
2010036881;3;2;1;1;6;590;21/04/2010
2010036882;1;2;1;1;6;590;20/04/2010
2010036883;2;2;1;1;2;590;23/04/2010
2010036884;5;2;1;1;7;590;26/04/2010
2010036885;3;2;9;1;6;590;11/04/2010
2010036886;1;1;3;1;7;590;27/04/2010
2010036887;5;2;1;1;6;590;06/05/2010
2010036888;1;2;1;1;6;590;29/04/2010
2010036889;1;2;1;1;6;590;07/05/2010
2010036890;2;2;1;1;4;590;19/05/2010
2010036891;1;2;2;1;3;590;24/05/2010
2010036892;1;2;9;1;3;590;02/06/2010
2010036893;5;2;1;2;6;590;06/06/2010
2010036894;5;2;1;1;4;590;05/06/2010
2010036895;1;2;1;1;4;590;04/06/2010
2010036896;1;2;2;3;3;590;10/06/2010
2010036897;1;2;9;1;6;590;15/06/2010
2010036898;1;2;1;1;6;590;15/06/2010
2010036899;1;2;1;6;6;590;11/06/2010
2010036900;5;2;9;1;6;590;18/06/2010
2010036901;1;2;2;1;3;590;20/06/2010
2010036902;1;2;2;1;3;590;23/06/2010
2010036903;1;2;1;1;6;590;24/06/2010
2010036904;1;2;9;1;6;590;27/06/2010
2010036905;1;1;9;1;2;590;28/06/2010
2010036906;1;2;1;1;6;590;01/07/2010
2010036907;1;2;1;1;6;590;04/07/2010
2010036908;1;2;9;1;6;590;01/07/2010
2010036909;1;2;1;1;6;590;07/07/2010
2010036910;1;2;1;1;6;590;08/07/2010
2010036911;1;2;1;1;6;590;11/07/2010
2010036912;1;2;2;1;3;590;14/07/2010
2010036913;1;2;1;1;6;590;08/07/2010
2010036914;1;2;1;1;1;590;18/07/2010
2010036915;1;2;9;1;3;590;03/06/2010
2010036916;1;2;9;1;6;590;24/07/2010
2010036917;1;2;1;1;6;590;02/08/2010
2010036918;1;2;9;1;6;590;04/08/2010
2010036919;5;2;1;1;6;590;07/08/2010
2010036920;1;2;9;1;6;590;09/08/2010
2010036921;1;2;1;3;2;590;16/08/2010
2010036922;5;2;2;1;3;590;21/08/2010
2010036923;1;2;2;8;3;590;08/08/2010
2010036924;5;2;1;1;2;590;15/08/2010
2010036925;1;2;9;1;6;590;20/08/2010
2010036926;1;2;2;1;3;590;22/08/2010
2010036927;2;2;2;1;3;590;28/08/2010
2010036928;1;2;9;1;3;590;21/08/2010
2010036929;1;1;2;1;3;590;01/09/2010
2010036930;2;2;1;1;6;590;04/09/2010
2010036931;1;2;2;1;6;590;23/09/2010
2010036932;4;2;2;2;3;590;08/09/2010
2010036933;5;2;2;1;3;590;26/09/2010
2010036934;1;2;1;1;6;590;24/09/2010
2010036935;1;2;9;1;5;590;07/10/2010
2010036936;1;2;3;7;3;590;11/10/2010
2010036937;2;2;9;1;6;590;13/10/2010
2010036938;1;2;9;2;6;590;15/10/2010
2010036939;5;2;3;1;1;590;18/10/2010
2010036940;4;2;2;1;6;590;18/10/2010
2010036941;2;1;9;1;6;590;20/10/2010
2010036942;1;2;9;1;6;590;19/10/2010
2010036943;5;2;9;1;2;590;21/10/2010
2010036944;1;2;9;1;6;590;11/10/2010
2010036945;5;2;1;2;6;590;30/10/2010
2010036946;5;2;9;1;6;590;30/10/2010
2010036947;1;2;9;8;6;590;02/11/2010
2010036948;5;2;9;1;6;590;06/11/2010
2010036949;1;2;9;2;6;590;07/11/2010
2010036950;1;2;3;1;3;590;07/11/2010
2010036951;5;2;1;2;6;590;08/11/2010
2010036952;5;2;9;3;6;590;08/11/2010
2010036953;5;2;1;8;6;590;13/11/2010
2010036954;5;1;1;1;6;590;17/11/2010
2010036955;5;2;1;1;6;590;23/11/2010
2010036956;5;2;2;1;3;590;26/11/2010
2010036957;5;2;2;1;3;590;07/11/2010
2010036958;5;2;1;1;6;590;30/11/2010
2010036959;5;2;1;3;2;590;05/12/2010
2010036960;5;2;2;1;6;590;10/12/2010
2010036961;1;2;9;1;6;590;15/12/2010
2010036962;5;2;9;1;1;590;28/12/2010
2010036963;5;2;4;8;6;590;08/01/2010
2010036964;5;2;3;8;3;590;27/01/2010
2010036965;1;2;1;1;6;590;05/03/2010
2010036966;5;2;1;1;7;590;18/07/2010
2010036967;1;1;1;2;5;590;25/09/2010
2010036968;1;2;1;1;1;590;10/10/2010
2010036969;1;2;3;1;6;590;18/10/2010
2010036970;3;1;1;8;6;590;24/10/2010
2010036971;1;2;1;1;3;590;26/01/2010
2010036972;1;2;1;1;1;590;22/01/2010
2010036973;5;2;9;1;3;590;02/02/2010
2010036974;1;2;3;1;3;590;11/04/2010
2010036975;5;2;1;1;6;590;17/04/2010
2010036976;1;2;1;1;6;590;04/05/2010
2010036977;2;2;3;1;7;590;16/06/2010
2010036978;5;2;6;1;7;590;16/06/2010
2010036979;5;2;1;1;6;590;10/10/2010
2010036980;2;2;1;1;7;590;30/07/2010
2010036981;1;2;1;1;7;590;30/08/2010
2010036982;1;2;1;1;7;590;18/10/2010
2010036983;1;1;1;1;7;590;18/07/2010
2010036984;3;1;1;6;2;590;11/11/2010
2010036985;1;1;1;1;2;590;16/11/2010
2010036986;4;2;1;8;6;590;24/11/2010
2010036987;1;1;1;1;1;590;05/05/2010
2010036988;1;1;1;1;5;590;08/05/2010
2010036989;1;2;2;1;3;590;01/07/2010
2010036990;1;2;1;1;1;590;13/07/2010
2010036991;1;2;1;1;6;590;05/02/2010
2010036992;5;2;6;1;7;590;26/06/2010
2010036993;5;2;2;1;3;590;21/08/2010
2010036994;3;1;1;1;2;590;04/09/2010
2010036995;1;2;1;1;2;590;08/10/2010
2010036996;5;2;4;1;3;590;07/11/2010
2010036997;5;2;1;1;6;590;25/11/2010
2010036998;3;2;1;8;3;590;14/12/2010
2010036999;2;1;8;4;3;590;21/12/2010
2010037000;1;2;1;1;6;590;03/01/2010
2010037001;5;2;1;1;2;590;04/01/2010
2010037002;5;2;1;8;2;590;06/01/2010
2010037003;5;2;1;1;6;590;06/01/2010
2010037004;5;2;1;4;6;590;07/01/2010
2010037005;1;2;1;4;6;590;08/01/2010
2010037006;1;2;1;1;4;590;09/01/2010
2010037007;5;2;1;1;6;590;10/01/2010
2010037008;1;2;2;1;3;590;11/01/2010
2010037009;1;2;6;1;3;590;11/01/2010
2010037010;2;2;1;1;6;590;14/01/2010
2010037011;1;2;1;1;7;590;14/01/2010
2010037012;1;2;1;1;6;590;17/01/2010
2010037013;1;1;1;1;1;590;18/01/2010
2010037014;5;2;1;1;6;590;19/01/2010
2010037015;2;2;3;2;3;590;20/01/2010
2010037016;1;2;1;1;6;590;21/01/2010
2010037017;5;2;1;8;6;590;21/01/2010
2010037018;1;2;1;4;2;590;22/01/2010
2010037019;1;2;1;2;6;590;16/01/2010
2010037020;1;2;3;1;6;590;21/01/2010
2010037021;5;2;1;8;3;590;22/01/2010
2010037022;1;2;1;1;6;590;25/01/2010
2010037023;5;2;1;2;6;590;24/01/2010
2010037024;1;2;2;1;6;590;26/01/2010
2010037025;1;2;1;1;3;590;26/01/2010
2010037026;2;2;1;1;6;590;26/01/2010
2010037027;5;2;2;1;6;590;26/01/2010
2010037028;5;2;1;1;6;590;27/01/2010
2010037029;5;2;1;1;2;590;28/01/2010
2010037030;5;2;1;1;3;590;19/01/2010
2010037031;1;2;1;2;6;590;28/01/2010
2010037032;5;2;2;2;3;590;29/01/2010
2010037033;1;2;1;4;6;590;30/01/2010
2010037034;1;2;1;4;6;590;30/01/2010
2010037035;1;2;1;1;6;590;31/01/2010
2010037036;1;2;1;8;3;590;30/01/2010
2010037037;1;2;1;1;2;590;01/02/2010
2010037038;2;2;1;2;6;590;02/02/2010
2010037039;2;2;1;2;6;590;03/02/2010
2010037040;1;2;1;2;6;590;03/02/2010
2010037041;5;2;1;2;6;590;03/02/2010
2010037042;2;2;2;2;3;590;04/02/2010
2010037043;1;1;1;1;6;590;04/02/2010
2010037044;5;2;1;1;2;590;04/02/2010
2010037045;1;2;1;1;6;590;04/02/2010
2010037046;5;2;2;1;3;590;05/02/2010
2010037047;5;2;1;1;6;590;05/02/2010
2010037048;3;2;1;2;1;590;29/01/2010
2010037049;2;2;1;4;6;590;11/02/2010
2010037050;1;2;2;1;6;590;11/02/2010
2010037051;1;2;2;1;6;590;11/02/2010
2010037052;5;2;1;1;6;590;13/02/2010
2010037053;1;2;1;1;6;590;12/01/2010