num_acc;lum;agg;inter;atm;col;dep;date
2010037054;1;2;2;7;3;590;16/02/2010
2010037055;1;2;2;1;6;590;16/02/2010
2010037056;1;2;1;1;3;590;18/02/2010
2010037057;5;2;1;1;7;590;18/02/2010
2010037058;4;2;1;1;6;590;21/02/2010
2010037059;5;2;9;2;3;590;21/02/2010
2010037060;1;2;2;2;3;590;22/02/2010
2010037061;1;2;1;2;3;590;23/02/2010
2010037062;5;2;2;2;3;590;23/02/2010
2010037063;5;2;1;1;3;590;24/02/2010
2010037064;5;2;2;1;3;590;24/02/2010
2010037065;5;2;2;2;6;590;28/02/2010
2010037066;5;2;1;6;3;590;26/02/2010
2010037067;1;2;1;1;2;590;01/03/2010
2010037068;5;2;1;1;3;590;01/03/2010
2010037069;1;2;1;1;6;590;01/03/2010
2010037070;1;2;1;7;6;590;02/03/2010
2010037071;2;2;2;1;6;590;02/03/2010
2010037072;1;2;2;1;3;590;01/03/2010
2010037073;1;2;2;1;6;590;02/03/2010
2010037074;1;2;3;1;3;590;02/03/2010
2010037075;1;1;2;1;3;590;07/03/2010
2010037076;5;2;1;1;6;590;10/03/2010
2010037077;1;2;1;1;6;590;10/03/2010
2010037078;5;2;1;1;6;590;11/03/2010
2010037079;3;1;1;1;6;590;12/03/2010
2010037080;1;2;4;1;6;590;12/03/2010
2010037081;2;2;2;1;6;590;12/03/2010
2010037082;5;2;1;1;6;590;13/03/2010
2010037083;5;2;1;1;6;590;15/03/2010
2010037084;1;2;2;1;6;590;15/03/2010
2010037085;1;2;1;2;6;590;16/03/2010
2010037086;1;2;1;1;2;590;17/03/2010
2010037087;5;2;2;1;6;590;16/03/2010
2010037088;1;2;1;1;6;590;18/03/2010
2010037089;1;2;2;1;6;590;18/03/2010
2010037090;1;2;1;1;6;590;18/03/2010
2010037091;1;2;3;1;3;590;18/03/2010
2010037092;5;2;1;1;6;590;19/03/2010
2010037093;1;2;1;1;6;590;20/03/2010
2010037094;1;2;1;1;6;590;21/03/2010
2010037095;1;1;2;1;3;590;18/03/2010
2010037096;1;2;3;1;3;590;17/03/2010
2010037097;5;1;1;1;6;590;23/03/2010
2010037098;5;2;1;1;6;590;22/03/2010
2010037099;1;2;1;1;2;590;24/03/2010
2010037100;5;2;3;1;6;590;23/03/2010
2010037101;1;2;1;1;6;590;27/03/2010
2010037102;1;2;1;1;6;590;27/03/2010
2010037103;5;2;1;1;6;590;27/03/2010
2010037104;1;2;2;2;3;590;29/03/2010
2010037105;1;2;2;1;6;590;29/03/2010
2010037106;2;2;1;1;6;590;31/03/2010
2010037107;1;2;1;1;6;590;01/04/2010
2010037108;5;2;4;2;6;590;02/04/2010
2010037109;5;2;1;1;1;590;03/04/2010
2010037110;5;2;1;1;6;590;03/04/2010
2010037111;1;1;1;1;3;590;05/04/2010
2010037112;1;2;1;1;6;590;06/04/2010
2010037113;1;2;1;1;6;590;06/04/2010
2010037114;1;2;1;1;6;590;06/04/2010
2010037115;1;2;1;1;3;590;06/04/2010
2010037116;1;1;1;1;2;590;06/04/2010
2010037117;2;2;2;2;6;590;03/04/2010
2010037118;1;2;2;2;3;590;08/04/2010
2010037119;1;2;4;1;6;590;09/04/2010
2010037120;1;2;1;1;6;590;09/04/2010
2010037121;5;2;3;1;3;590;09/04/2010
2010037122;1;2;1;1;2;590;10/04/2010
2010037123;5;2;3;1;6;590;13/04/2010
2010037124;1;2;1;1;2;590;12/04/2010
2010037125;1;2;3;1;6;590;13/04/2010
2010037126;1;2;1;1;2;590;13/04/2010
2010037127;5;2;1;1;4;590;13/04/2010
2010037128;1;2;1;1;3;590;14/04/2010
2010037129;1;2;2;1;6;590;14/04/2010
2010037130;1;2;1;1;3;590;17/04/2010
2010037131;1;2;1;1;6;590;16/04/2010
2010037132;1;2;2;1;3;590;15/04/2010
2010037133;1;2;1;1;2;590;18/04/2010
2010037134;1;2;3;1;3;590;19/04/2010
2010037135;1;1;1;1;3;590;14/04/2010
2010037136;1;2;1;1;6;590;21/04/2010
2010037137;1;2;2;1;6;590;22/04/2010
2010037138;1;2;1;1;6;590;21/04/2010
2010037139;1;2;1;1;3;590;23/04/2010
2010037140;1;2;2;1;6;590;23/04/2010
2010037141;1;1;1;1;3;590;23/04/2010
2010037142;1;2;2;1;6;590;23/04/2010
2010037143;1;2;1;1;6;590;23/04/2010
2010037144;1;2;3;1;2;590;24/04/2010
2010037145;1;2;3;1;3;590;16/04/2010
2010037146;5;2;1;1;6;590;25/04/2010
2010037147;1;2;2;1;3;590;27/04/2010
2010037148;1;2;1;1;6;590;27/04/2010
2010037149;1;2;1;1;6;590;27/04/2010
2010037150;1;2;1;1;6;590;28/04/2010
2010037151;5;2;1;1;6;590;29/04/2010
2010037152;1;2;1;1;6;590;29/04/2010
2010037153;1;2;1;1;6;590;29/04/2010
2010037154;1;2;2;1;6;590;01/05/2010
2010037155;1;2;3;1;3;590;01/05/2010
2010037156;1;2;3;1;6;590;02/05/2010
2010037157;1;2;1;1;6;590;02/05/2010
2010037158;1;2;1;1;6;590;02/05/2010
2010037159;1;2;1;1;6;590;03/05/2010
2010037160;1;2;1;1;6;590;04/05/2010
2010037161;1;2;3;2;6;590;03/05/2010
2010037162;2;2;2;1;3;590;05/05/2010
2010037163;5;2;1;1;6;590;06/05/2010
2010037164;5;2;3;1;6;590;08/05/2010
2010037165;1;2;2;1;3;590;08/05/2010
2010037166;1;2;1;1;6;590;08/05/2010
2010037167;1;2;1;1;1;590;10/05/2010
2010037168;1;2;1;1;6;590;11/05/2010
2010037169;1;2;3;1;6;590;12/05/2010
2010037170;1;2;3;1;3;590;13/05/2010
2010037171;1;2;1;1;3;590;14/05/2010
2010037172;1;2;1;1;6;590;16/05/2010
2010037173;5;2;1;1;6;590;13/05/2010
2010037174;1;2;2;1;3;590;17/05/2010
2010037175;1;2;2;1;3;590;17/05/2010
2010037176;1;1;1;1;6;590;15/05/2010
2010037177;1;2;1;1;6;590;20/05/2010
2010037178;5;2;1;1;6;590;21/05/2010
2010037179;2;2;1;1;5;590;22/05/2010
2010037180;1;2;6;1;3;590;21/05/2010
2010037181;1;2;1;1;6;590;22/05/2010
2010037182;1;2;1;1;2;590;07/05/2010
2010037183;1;2;1;1;6;590;25/05/2010
2010037184;1;2;1;1;6;590;22/05/2010
2010037185;1;2;1;1;6;590;27/05/2010
2010037186;1;2;1;1;6;590;28/05/2010
2010037187;5;2;2;1;6;590;28/05/2010
2010037188;1;2;2;1;6;590;28/05/2010
2010037189;1;2;1;1;6;590;28/05/2010
2010037190;1;2;1;1;6;590;30/05/2010
2010037191;1;2;1;1;3;590;28/05/2010
2010037192;5;2;1;1;6;590;31/05/2010
2010037193;1;2;1;1;6;590;31/05/2010
2010037194;1;2;1;1;2;590;31/05/2010
2010037195;1;2;1;1;6;590;01/06/2010
2010037196;1;2;2;1;3;590;01/06/2010
2010037197;1;2;3;1;3;590;01/06/2010
2010037198;5;2;1;2;6;590;02/06/2010
2010037199;1;2;1;1;2;590;02/06/2010
2010037200;1;2;1;1;6;590;02/06/2010
2010037201;1;2;2;1;5;590;29/05/2010
2010037202;1;2;2;1;6;590;03/06/2010
2010037203;5;2;2;1;3;590;03/06/2010
2010037204;2;2;1;1;2;590;03/06/2010
2010037205;1;2;2;1;6;590;05/06/2010
2010037206;1;2;9;1;6;590;05/06/2010
2010037207;1;2;1;1;6;590;05/06/2010
2010037208;1;2;1;1;6;590;05/06/2010
2010037209;5;2;3;1;6;590;04/06/2010
2010037210;1;2;1;1;6;590;04/06/2010
2010037211;5;2;1;1;6;590;05/06/2010
2010037212;1;2;1;1;6;590;07/06/2010
2010037213;1;2;1;1;6;590;08/06/2010
2010037214;1;2;2;1;6;590;08/06/2010
2010037215;1;2;1;1;3;590;08/06/2010
2010037216;1;2;3;1;6;590;02/06/2010
2010037217;1;2;6;1;2;590;10/06/2010
2010037218;1;2;1;3;3;590;10/06/2010
2010037219;1;2;3;1;3;590;10/06/2010
2010037220;1;1;1;3;6;590;10/06/2010
2010037221;1;2;3;1;3;590;12/06/2010
2010037222;5;2;2;1;6;590;12/06/2010
2010037223;1;2;1;1;2;590;11/06/2010
2010037224;1;2;3;1;3;590;14/06/2010
2010037225;5;2;2;1;3;590;14/06/2010
2010037226;1;2;3;1;3;590;14/06/2010
2010037227;1;2;1;1;3;590;14/06/2010
2010037228;1;2;1;1;3;590;16/06/2010
2010037229;1;2;1;1;6;590;16/06/2010
2010037230;5;2;2;1;7;590;28/05/2010
2010037231;1;2;1;1;6;590;15/06/2010
2010037232;1;2;1;1;6;590;16/06/2010
2010037233;1;2;1;1;4;590;16/06/2010
2010037234;1;2;1;1;6;590;16/06/2010
2010037235;1;2;2;1;3;590;16/06/2010
2010037236;5;2;1;1;6;590;16/06/2010
2010037237;1;2;1;1;7;590;17/06/2010
2010037238;1;2;1;1;6;590;17/06/2010
2010037239;1;2;1;1;6;590;20/06/2010
2010037240;1;2;2;1;6;590;18/06/2010
2010037241;1;2;1;1;2;590;19/06/2010
2010037242;1;2;1;1;6;590;19/06/2010
2010037243;1;2;1;1;6;590;19/06/2010
2010037244;1;2;3;1;6;590;21/06/2010
2010037245;1;2;2;1;3;590;21/06/2010
2010037246;5;2;1;1;6;590;23/06/2010
2010037247;1;2;1;1;7;590;11/06/2010
2010037248;1;2;2;1;6;590;11/06/2010
2010037249;5;2;1;1;6;590;24/06/2010
2010037250;1;2;1;1;6;590;22/06/2010
2010037251;1;2;1;1;6;590;23/06/2010
2010037252;1;2;1;1;7;590;24/06/2010
2010037253;1;2;2;1;3;590;25/06/2010
2010037254;1;2;1;1;6;590;22/06/2010
2010037255;1;1;6;1;6;590;22/05/2010
2010037256;1;2;1;1;6;590;25/06/2010
2010037257;1;2;3;1;3;590;28/06/2010
2010037258;1;2;1;1;6;590;25/06/2010
2010037259;5;2;1;1;6;590;29/06/2010
2010037260;1;2;1;1;3;590;29/06/2010
2010037261;1;2;1;1;6;590;29/06/2010
2010037262;1;2;2;1;6;590;29/06/2010
2010037263;1;2;1;1;2;590;30/06/2010
2010037264;1;2;1;1;6;590;01/07/2010
2010037265;1;2;3;1;3;590;01/07/2010
2010037266;1;2;1;1;6;590;02/07/2010
2010037267;1;2;5;1;6;590;03/07/2010
2010037268;5;2;2;1;3;590;04/07/2010
2010037269;5;2;1;1;6;590;04/07/2010
2010037270;1;1;1;1;2;590;05/07/2010
2010037271;1;2;3;1;2;590;29/06/2010
2010037272;1;2;3;1;6;590;06/07/2010
2010037273;1;2;1;1;3;590;07/07/2010
2010037274;1;2;1;1;6;590;08/07/2010
2010037275;1;1;1;1;6;590;08/07/2010
2010037276;1;2;1;1;3;590;09/07/2010
2010037277;1;2;1;1;7;590;10/07/2010
2010037278;4;2;4;1;6;590;11/07/2010
2010037279;1;2;1;1;6;590;10/07/2010
2010037280;1;2;1;1;3;590;09/07/2010
2010037281;1;2;1;1;6;590;12/07/2010
2010037282;1;2;2;1;6;590;22/06/2010
2010037283;1;2;2;1;6;590;15/07/2010
2010037284;1;2;1;1;6;590;15/07/2010
2010037285;1;2;1;1;6;590;16/07/2010
2010037286;1;2;3;1;3;590;15/07/2010
2010037287;1;2;2;1;3;590;17/07/2010
2010037288;1;2;2;1;6;590;16/07/2010
2010037289;1;2;1;1;5;590;05/07/2010
2010037290;1;2;2;1;3;590;12/07/2010
2010037291;1;2;2;1;6;590;10/07/2010
2010037292;2;2;1;2;6;590;21/07/2010
2010037293;1;2;1;1;6;590;21/07/2010
2010037294;5;2;2;1;3;590;08/07/2010
2010037295;1;2;1;1;2;590;23/07/2010
2010037296;1;2;1;1;6;590;24/07/2010
2010037297;1;2;2;1;6;590;10/07/2010
2010037298;1;2;1;1;6;590;27/07/2010
2010037299;1;2;6;1;3;590;27/07/2010
2010037300;1;2;2;1;3;590;27/07/2010
2010037301;1;2;1;1;6;590;13/07/2010
2010037302;1;2;1;1;6;590;27/07/2010
2010037303;5;2;2;1;3;590;30/07/2010
2010037304;1;2;1;1;6;590;02/08/2010
2010037305;1;2;3;1;6;590;02/08/2010
2010037306;1;2;1;1;6;590;03/08/2010
2010037307;1;2;2;1;3;590;04/08/2010
2010037308;1;2;1;1;3;590;04/08/2010
2010037309;1;2;1;1;7;590;04/08/2010
2010037310;1;2;2;1;3;590;04/08/2010
2010037311;1;2;1;1;6;590;05/08/2010
2010037312;1;2;2;1;3;590;06/08/2010
2010037313;5;2;2;1;3;590;07/08/2010
2010037314;1;2;1;3;6;590;10/08/2010
2010037315;1;2;2;1;6;590;10/08/2010
2010037316;1;2;1;1;6;590;06/08/2010
2010037317;1;2;2;1;3;590;10/08/2010
2010037318;1;2;1;1;6;590;11/08/2010
2010037319;1;2;3;1;3;590;13/08/2010
2010037320;1;2;1;1;2;590;13/08/2010
2010037321;5;2;1;1;3;590;15/08/2010
2010037322;1;2;1;1;6;590;15/08/2010
2010037323;1;2;1;3;4;590;16/08/2010
2010037324;1;2;1;1;6;590;17/08/2010
2010037325;5;2;7;1;3;590;18/08/2010
2010037326;1;2;1;1;6;590;19/08/2010
2010037327;1;2;1;1;4;590;20/08/2010
2010037328;1;2;1;1;6;590;25/08/2010
2010037329;5;1;1;1;6;590;26/08/2010
2010037330;1;2;6;1;6;590;26/08/2010
2010037331;5;2;1;1;6;590;26/08/2010
2010037332;1;2;1;2;3;590;26/08/2010
2010037333;1;2;1;2;6;590;26/08/2010
2010037334;5;2;2;1;6;590;28/08/2010
2010037335;1;2;1;1;3;590;28/08/2010
2010037336;4;2;2;1;3;590;28/08/2010
2010037337;1;2;1;1;6;590;29/08/2010
2010037338;1;2;1;1;6;590;30/08/2010
2010037339;1;2;1;1;3;590;31/08/2010
2010037340;1;2;1;1;6;590;24/08/2010
2010037341;1;2;2;1;6;590;01/09/2010
2010037342;1;2;1;1;3;590;01/09/2010
2010037343;5;2;1;1;6;590;02/09/2010
2010037344;1;2;1;1;6;590;02/09/2010
2010037345;5;2;1;1;2;590;03/09/2010
2010037346;1;2;1;1;6;590;03/09/2010
2010037347;1;2;1;1;6;590;03/09/2010
2010037348;5;2;2;1;6;590;04/09/2010
2010037349;5;2;1;1;2;590;03/09/2010
2010037350;1;2;1;1;2;590;06/09/2010
2010037351;2;2;2;1;6;590;07/09/2010
2010037352;1;2;2;1;3;590;25/08/2010
2010037353;5;1;4;3;3;590;08/09/2010
2010037354;1;1;1;2;6;590;08/09/2010
2010037355;5;2;1;2;6;590;08/09/2010
2010037356;1;2;2;1;6;590;09/09/2010
2010037357;1;2;2;1;3;590;10/09/2010
2010037358;1;2;2;1;6;590;11/09/2010
2010037359;1;2;1;1;6;590;10/09/2010
2010037360;1;2;1;1;6;590;13/09/2010
2010037361;5;2;1;2;6;590;15/09/2010
2010037362;1;2;3;1;3;590;14/09/2010
2010037363;5;2;2;1;1;590;15/09/2010
2010037364;1;2;1;1;2;590;14/09/2010
2010037365;1;2;1;1;3;590;15/09/2010
2010037366;1;2;2;1;6;590;15/09/2010
2010037367;5;2;1;1;6;590;17/09/2010
2010037368;5;2;2;1;6;590;17/09/2010
2010037369;5;2;1;1;2;590;16/09/2010
2010037370;1;2;1;1;3;590;16/09/2010
2010037371;1;2;3;1;6;590;16/09/2010
2010037372;1;2;1;1;6;590;17/09/2010
2010037373;1;2;1;1;6;590;17/09/2010
2010037374;1;2;1;1;6;590;16/09/2010
2010037375;5;2;1;1;4;590;18/09/2010
2010037376;5;2;3;1;6;590;19/09/2010
2010037377;1;2;1;1;3;590;18/09/2010
2010037378;1;2;1;1;6;590;20/09/2010
2010037379;1;2;1;1;5;590;20/09/2010
2010037380;1;2;1;1;6;590;20/09/2010
2010037381;1;2;2;1;3;590;21/09/2010
2010037382;1;2;1;1;6;590;21/09/2010
2010037383;1;2;2;1;3;590;22/09/2010
2010037384;1;2;1;1;2;590;23/09/2010
2010037385;5;2;2;1;3;590;24/09/2010
2010037386;2;2;1;2;6;590;25/09/2010
2010037387;1;2;1;1;3;590;28/09/2010
2010037388;1;2;3;1;6;590;28/09/2010
2010037389;1;2;1;1;6;590;30/09/2010
2010037390;1;2;1;1;6;590;30/09/2010
2010037391;5;2;1;1;6;590;30/09/2010
2010037392;5;2;2;3;6;590;02/10/2010
2010037393;1;2;1;1;6;590;01/10/2010
2010037394;1;2;1;2;7;590;02/10/2010
2010037395;1;2;3;1;6;590;02/10/2010
2010037396;1;2;1;2;6;590;03/10/2010
2010037397;1;2;1;1;3;590;03/10/2010
2010037398;1;2;1;1;1;590;04/10/2010
2010037399;5;2;1;2;6;590;06/10/2010
2010037400;1;2;2;1;6;590;05/10/2010
2010037401;1;1;1;1;6;590;07/10/2010
2010037402;1;2;1;1;6;590;08/10/2010
2010037403;5;2;1;8;3;590;07/10/2010
2010037404;5;2;1;1;6;590;09/10/2010
2010037405;1;2;1;1;3;590;09/10/2010
2010037406;1;2;2;1;3;590;09/10/2010
2010037407;2;2;1;1;6;590;09/10/2010
2010037408;5;2;1;1;2;590;09/10/2010
2010037409;2;2;2;1;6;590;10/10/2010
2010037410;1;2;1;1;6;590;10/10/2010
2010037411;5;2;1;1;6;590;10/10/2010
2010037412;1;2;1;1;3;590;12/10/2010
2010037413;2;2;2;1;3;590;11/10/2010
2010037414;1;2;1;1;6;590;12/10/2010
2010037415;1;2;1;1;6;590;13/10/2010
2010037416;5;2;1;1;6;590;18/09/2010
2010037417;1;2;1;1;3;590;08/10/2010
2010037418;1;2;1;1;6;590;14/10/2010
2010037419;1;2;1;1;6;590;14/10/2010
2010037420;1;2;3;8;3;590;14/10/2010
2010037421;5;2;2;1;6;590;14/10/2010
2010037422;1;2;1;2;6;590;16/10/2010
2010037423;1;2;1;1;6;590;16/10/2010
2010037424;1;2;1;1;3;590;17/10/2010
2010037425;2;2;3;1;3;590;17/10/2010
2010037426;5;2;2;1;6;590;17/10/2010
2010037427;1;2;1;1;3;590;18/10/2010
2010037428;1;2;2;1;3;590;18/10/2010
2010037429;1;2;1;1;1;590;18/10/2010
2010037430;1;2;3;1;3;590;12/10/2010
2010037431;1;2;1;1;3;590;13/10/2010
2010037432;1;2;3;1;3;590;19/10/2010
2010037433;1;2;1;2;3;590;19/10/2010
2010037434;1;2;2;1;6;590;19/10/2010
2010037435;1;2;1;1;6;590;19/10/2010
2010037436;1;2;1;1;6;590;16/10/2010
2010037437;1;2;2;1;3;590;10/10/2010
2010037438;5;2;2;1;3;590;19/10/2010
2010037439;2;2;1;2;6;590;20/10/2010
2010037440;1;2;2;2;3;590;20/10/2010
2010037441;1;2;2;1;3;590;20/10/2010
2010037442;1;2;4;1;6;590;20/10/2010
2010037443;1;2;1;1;3;590;20/10/2010
2010037444;1;2;2;1;6;590;20/10/2010
2010037445;5;2;1;1;3;590;21/10/2010
2010037446;1;2;1;1;6;590;21/10/2010
2010037447;4;2;1;1;2;590;22/10/2010
2010037448;1;2;1;1;6;590;23/10/2010
2010037449;1;2;3;1;3;590;23/10/2010
2010037450;2;2;2;1;3;590;23/10/2010
2010037451;5;2;1;1;6;590;24/10/2010
2010037452;1;2;1;1;6;590;24/10/2010
2010037453;5;2;1;2;6;590;24/10/2010
2010037454;2;2;2;2;6;590;25/10/2010
2010037455;1;2;1;1;6;590;25/10/2010
2010037456;5;2;1;1;3;590;26/10/2010
2010037457;5;2;1;1;6;590;26/10/2010
2010037458;5;2;1;1;6;590;02/10/2010
2010037459;5;2;1;1;3;590;28/10/2010
2010037460;1;2;1;1;6;590;28/10/2010
2010037461;1;2;2;1;3;590;28/10/2010
2010037462;1;2;1;1;7;590;29/10/2010
2010037463;5;2;1;1;6;590;29/10/2010
2010037464;5;2;1;2;6;590;31/10/2010
2010037465;1;2;1;1;3;590;31/10/2010
2010037466;1;2;2;2;3;590;01/11/2010
2010037467;5;1;2;1;6;590;02/11/2010
2010037468;1;2;2;2;3;590;03/11/2010
2010037469;1;2;1;1;6;590;03/11/2010
2010037470;5;2;1;1;6;590;03/11/2010
2010037471;1;2;1;1;6;590;04/11/2010
2010037472;5;2;1;1;6;590;05/11/2010
2010037473;1;2;2;1;6;590;05/11/2010
2010037474;1;2;1;1;6;590;05/11/2010
2010037475;5;2;1;3;6;590;06/11/2010
2010037476;1;2;3;1;6;590;05/11/2010
2010037477;1;2;1;1;6;590;06/11/2010
2010037478;2;2;1;2;3;590;05/11/2010
2010037479;1;2;1;1;6;590;15/10/2010
2010037480;1;2;1;1;6;590;08/11/2010
2010037481;1;2;1;1;6;590;22/10/2010
2010037482;1;2;1;3;6;590;08/11/2010
2010037483;2;2;2;2;6;590;08/11/2010
2010037484;5;2;1;2;2;590;08/11/2010
2010037485;5;2;2;2;6;590;08/11/2010
2010037486;1;2;3;1;6;590;07/11/2010
2010037487;1;2;2;2;6;590;09/11/2010
2010037488;2;2;1;1;3;590;09/11/2010
2010037489;1;2;1;1;6;590;19/10/2010
2010037490;1;2;1;2;6;590;10/11/2010
2010037491;1;2;1;1;6;590;10/11/2010
2010037492;1;2;2;2;6;590;10/11/2010
2010037493;5;2;1;2;6;590;10/11/2010
2010037494;5;2;1;2;3;590;10/11/2010
2010037495;5;2;2;1;3;590;11/11/2010
2010037496;1;2;1;1;6;590;12/11/2010
2010037497;5;2;1;2;2;590;12/11/2010
2010037498;1;2;1;1;6;590;13/11/2010
2010037499;1;2;2;8;3;590;09/11/2010
2010037500;2;2;1;1;6;590;13/11/2010
2010037501;4;2;3;3;6;590;20/10/2010
2010037502;1;2;1;1;6;590;14/11/2010
2010037503;5;2;1;1;6;590;15/11/2010
2010037504;1;2;1;1;3;590;16/11/2010
2010037505;1;2;1;1;6;590;17/11/2010
2010037506;5;2;2;5;6;590;16/11/2010
2010037507;1;2;1;1;6;590;18/11/2010
2010037508;5;2;1;1;6;590;18/11/2010
2010037509;5;2;1;1;6;590;18/11/2010
2010037510;5;2;1;1;6;590;18/11/2010
2010037511;1;2;1;1;6;590;18/11/2010
2010037512;1;2;1;1;3;590;10/11/2010
2010037513;1;2;1;1;3;590;23/11/2010
2010037514;2;2;1;1;6;590;24/11/2010
2010037515;1;2;1;1;6;590;22/11/2010
2010037516;1;2;1;1;6;590;24/11/2010
2010037517;5;2;1;1;6;590;26/11/2010
2010037518;5;2;3;4;6;590;25/11/2010
2010037519;1;2;2;1;6;590;26/11/2010
2010037520;1;2;1;2;6;590;26/11/2010
2010037521;5;2;2;8;6;590;27/11/2010
2010037522;5;2;2;1;3;590;27/11/2010
2010037523;5;2;1;1;1;590;27/11/2010
2010037524;5;2;2;1;3;590;28/11/2010
2010037525;1;2;1;4;6;590;30/11/2010
2010037526;1;2;1;1;6;590;30/11/2010
2010037527;5;2;2;2;3;590;25/11/2010
2010037528;1;2;1;1;6;590;02/12/2010
2010037529;5;2;1;4;6;590;02/12/2010
2010037530;5;2;4;1;6;590;05/12/2010
2010037531;1;2;1;1;6;590;06/12/2010
2010037532;1;2;2;2;3;590;06/12/2010
2010037533;5;2;1;8;4;590;08/12/2010
2010037534;1;2;3;4;6;590;09/12/2010
2010037535;5;2;2;1;6;590;11/12/2010
2010037536;5;2;1;1;6;590;12/12/2010
2010037537;5;2;1;1;6;590;12/12/2010
2010037538;5;2;1;1;6;590;10/12/2010
2010037539;2;2;1;1;6;590;13/12/2010
2010037540;1;2;1;1;2;590;13/12/2010
2010037541;1;2;1;7;6;590;13/12/2010
2010037542;1;2;1;1;1;590;14/12/2010
2010037543;5;2;1;8;6;590;09/12/2010
2010037544;1;2;1;1;6;590;18/12/2010
2010037545;1;2;1;1;6;590;20/12/2010
2010037546;5;2;1;4;6;590;20/12/2010
2010037547;5;2;2;4;2;590;22/12/2010
2010037548;5;2;1;4;6;590;02/12/2010
2010037549;1;2;2;5;6;590;22/12/2010
2010037550;5;2;3;1;6;590;26/12/2010
2010037551;5;2;2;1;3;590;27/12/2010
2010037552;5;2;3;1;4;590;11/12/2010
2010037553;1;2;1;1;2;590;30/12/2010
2010037554;1;2;2;4;6;590;29/12/2010
2010037555;5;2;1;1;2;590;25/12/2010
2010037556;1;1;1;1;3;590;22/12/2010
2010037557;2;2;3;9;3;590;04/01/2010
2010037558;5;2;1;1;2;590;05/01/2010
2010037559;3;1;1;3;7;590;17/01/2010
2010037560;5;2;1;9;7;590;24/01/2010
2010037561;3;1;1;1;6;590;06/02/2010
2010037562;1;2;1;1;6;590;22/02/2010
2010037563;1;2;1;1;2;590;07/04/2010
2010037564;1;2;3;1;3;590;14/04/2010
2010037565;1;2;1;1;7;590;12/06/2010
2010037566;1;2;1;1;3;590;28/05/2010
2010037567;1;2;1;1;3;590;05/07/2010
2010037568;1;2;3;1;3;590;12/07/2010
2010037569;1;2;1;1;7;590;24/07/2010
2010037570;1;2;1;1;4;590;03/08/2010
2010037571;1;2;1;1;1;590;24/08/2010
2010037572;1;2;2;1;2;590;21/08/2010
2010037573;5;1;1;1;6;590;25/08/2010
2010037574;1;2;1;1;6;590;12/09/2010
2010037575;1;2;3;1;7;590;12/10/2010
2010037576;2;1;1;2;7;590;04/11/2010
2010037577;1;2;1;1;6;590;15/11/2010
2010037578;2;2;1;1;6;590;30/11/2010
2010037579;1;1;1;2;6;590;15/12/2010
2010037580;5;2;1;4;2;590;17/12/2010
2010037581;3;2;1;4;6;590;17/12/2010
2010037582;1;1;2;1;3;590;07/01/2010
2010037583;1;1;1;1;6;590;06/01/2010
2010037584;4;1;3;1;3;590;06/01/2010
2010037585;5;1;3;1;3;590;09/01/2010
2010037586;1;1;1;1;6;590;11/01/2010
2010037587;5;1;1;1;6;590;11/01/2010
2010037588;5;1;2;1;6;590;11/01/2010
2010037589;1;1;3;8;3;590;12/01/2010
2010037590;1;1;1;4;6;590;09/01/2010
2010037591;1;1;1;2;2;590;09/01/2010
2010037592;5;1;1;1;2;590;11/01/2010
2010037593;4;1;2;1;6;590;17/01/2010
2010037594;4;1;1;1;6;590;20/01/2010
2010037595;4;1;2;2;6;590;20/01/2010
2010037596;5;1;3;1;3;590;18/01/2010
2010037597;1;1;3;1;6;590;11/01/2010
2010037598;1;1;3;1;2;590;16/01/2010
2010037599;5;1;3;1;6;590;18/01/2010
2010037600;2;1;3;2;6;590;24/01/2010
2010037601;1;1;2;1;3;590;28/01/2010
2010037602;5;1;2;1;6;590;28/01/2010
2010037603;5;1;3;1;6;590;24/01/2010
2010037604;5;1;1;2;3;590;29/01/2010
2010037605;1;1;3;1;6;590;22/01/2010
2010037606;1;1;2;2;6;590;21/01/2010
2010037607;1;1;2;1;3;590;31/01/2010
2010037608;5;1;2;4;1;590;29/01/2010
2010037609;1;1;1;1;6;590;28/01/2010
2010037610;1;1;2;4;1;590;30/01/2010
2010037611;5;1;3;2;6;590;02/02/2010
2010037612;5;1;2;4;2;590;10/02/2010
2010037613;1;1;1;1;6;590;07/02/2010
2010037614;1;1;4;4;6;590;10/02/2010
2010037615;1;1;1;4;6;590;10/02/2010
2010037616;1;1;2;1;3;590;19/02/2010
2010037617;1;1;1;1;3;590;18/02/2010
2010037618;5;1;3;1;2;590;17/02/2010
2010037619;1;1;1;1;6;590;19/02/2010
2010037620;5;1;1;1;6;590;18/02/2010
2010037621;1;1;1;1;6;590;24/02/2010
2010037622;2;1;2;1;3;590;20/02/2010
2010037623;1;1;1;1;6;590;24/02/2010
2010037624;4;1;3;2;3;590;23/02/2010
2010037625;1;1;1;1;6;590;27/02/2010
2010037626;5;1;6;2;3;590;27/02/2010
2010037627;1;1;1;1;1;590;26/02/2010
2010037628;5;1;1;1;6;590;01/03/2010
2010037629;5;1;1;1;6;590;01/03/2010
2010037630;1;1;3;1;3;590;09/02/2010