num_acc;lum;agg;inter;atm;col;dep;date
2010038208;1;2;1;1;6;600;22/06/2010
2010038209;1;2;1;1;7;600;23/06/2010
2010038210;1;2;3;1;3;600;19/06/2010
2010038211;1;2;7;1;6;600;29/06/2010
2010038212;1;1;1;1;7;600;18/07/2010
2010038213;1;2;1;1;2;600;12/08/2010
2010038214;1;2;6;1;3;600;01/09/2010
2010038215;1;1;1;1;6;600;01/09/2010
2010038216;1;2;1;1;6;600;13/09/2010
2010038217;1;2;1;7;3;600;17/09/2010
2010038218;1;1;6;1;2;600;23/09/2010
2010038219;1;2;1;1;6;600;25/09/2010
2010038220;1;1;1;2;7;600;02/10/2010
2010038221;1;2;1;1;6;600;08/10/2010
2010038222;2;2;1;1;6;600;15/10/2010
2010038223;5;2;1;1;6;600;30/10/2010
2010038224;1;2;1;1;6;600;03/11/2010
2010038225;1;1;1;1;6;600;05/11/2010
2010038226;1;2;1;5;6;600;16/11/2010
2010038227;1;1;1;5;2;600;16/11/2010
2010038228;2;1;1;9;4;600;27/11/2010
2010038229;1;2;3;1;3;600;11/12/2010
2010038230;1;1;1;1;1;600;11/12/2010
2010038231;1;2;1;8;7;600;07/01/2010
2010038232;5;2;1;1;7;600;17/01/2010
2010038233;1;2;1;1;2;600;21/01/2010
2010038234;3;1;1;1;1;600;24/01/2010
2010038235;3;1;1;1;2;600;24/01/2010
2010038236;2;2;1;1;7;600;27/02/2010
2010038237;1;2;3;1;3;600;05/03/2010
2010038238;1;2;1;1;7;600;29/04/2010
2010038239;1;2;1;1;5;600;30/04/2010
2010038240;1;2;1;1;6;600;05/05/2010
2010038241;1;1;1;1;6;600;19/05/2010
2010038242;5;2;3;1;5;600;21/05/2010
2010038243;1;2;2;1;3;600;22/05/2010
2010038244;1;2;1;1;6;600;30/05/2010
2010038245;1;2;9;1;2;600;02/06/2010
2010038246;5;2;1;1;6;600;05/06/2010
2010038247;1;2;1;1;3;600;08/06/2010
2010038248;1;2;6;1;3;600;28/06/2010
2010038249;1;2;1;2;1;600;15/08/2010
2010038250;1;2;3;2;6;600;06/11/2010
2010038251;5;2;1;1;1;600;06/06/2010
2010038252;1;2;1;1;6;600;05/06/2010
2010038253;1;2;1;1;5;600;06/07/2010
2010038254;1;2;1;1;6;600;09/08/2010
2010038255;1;2;1;1;1;600;24/08/2010
2010038256;1;1;1;2;1;600;06/09/2010
2010038257;5;1;1;1;7;600;17/09/2010
2010038258;1;2;1;1;3;600;12/09/2010
2010038259;1;2;1;1;7;600;25/09/2010
2010038260;3;2;9;2;6;600;24/09/2010
2010038261;1;2;3;2;3;600;02/10/2010
2010038262;1;2;1;2;6;600;02/10/2010
2010038263;3;1;1;2;2;600;30/10/2010
2010038264;1;2;1;2;6;600;10/11/2010
2010038265;5;2;3;1;6;600;17/11/2010
2010038266;5;1;1;1;2;600;14/11/2010
2010038267;1;2;1;8;3;610;10/02/2010
2010038268;2;2;3;1;3;610;07/03/2010
2010038269;1;2;2;1;3;610;08/03/2010
2010038270;1;2;6;8;3;610;23/03/2010
2010038271;1;2;6;8;3;610;25/03/2010
2010038272;5;2;1;1;3;610;28/03/2010
2010038273;5;2;3;1;7;610;28/03/2010
2010038274;1;2;2;1;3;610;17/04/2010
2010038275;1;2;2;1;7;610;25/05/2010
2010038276;1;2;1;1;3;610;31/05/2010
2010038277;2;2;1;1;1;610;06/06/2010
2010038278;5;2;1;1;7;610;19/06/2010
2010038279;1;2;6;1;3;610;05/07/2010
2010038280;1;2;2;1;3;610;17/07/2010
2010038281;1;1;1;1;4;610;19/07/2010
2010038282;1;2;1;1;6;610;21/08/2010
2010038283;1;2;6;1;3;610;25/08/2010
2010038284;5;2;2;1;3;610;17/09/2010
2010038285;1;2;2;1;3;610;16/09/2010
2010038286;3;1;3;1;3;610;29/09/2010
2010038287;1;2;1;1;3;610;07/10/2010
2010038288;1;1;1;1;7;610;21/10/2010
2010038289;1;2;2;9;3;610;02/11/2010
2010038290;5;2;2;1;6;610;29/10/2010
2010038291;5;2;1;1;6;610;10/11/2010
2010038292;5;2;1;3;1;610;13/11/2010
2010038293;5;2;1;2;1;610;17/11/2010
2010038294;5;2;1;1;6;610;22/11/2010
2010038295;2;2;1;1;3;610;23/11/2010
2010038296;1;2;6;1;3;610;24/11/2010
2010038297;1;2;4;7;6;610;14/12/2010
2010038298;2;2;2;1;3;610;21/12/2010
2010038299;1;2;3;1;3;610;22/12/2010
2010038300;1;2;2;1;6;610;15/02/2010
2010038301;1;2;1;1;6;610;08/03/2010
2010038302;1;2;3;1;3;610;13/06/2010
2010038303;1;2;3;1;3;610;16/06/2010
2010038304;1;2;1;1;6;610;09/07/2010
2010038305;1;2;6;1;2;610;06/08/2010
2010038306;1;2;1;1;3;610;31/08/2010
2010038307;1;2;3;1;3;610;09/09/2010
2010038308;2;2;1;5;6;610;19/11/2010
2010038309;1;2;1;8;6;610;27/11/2010
2010038310;1;2;1;1;6;610;30/11/2010
2010038311;5;2;1;2;6;610;19/03/2010
2010038312;1;2;1;1;6;610;04/05/2010
2010038313;1;2;2;1;6;610;19/06/2010
2010038314;1;2;1;7;6;620;03/01/2010
2010038315;1;2;1;1;3;620;15/02/2010
2010038316;3;1;1;1;6;620;28/02/2010
2010038317;1;2;1;1;6;620;01/03/2010
2010038318;1;2;4;1;2;620;04/03/2010
2010038319;5;2;1;1;3;620;17/03/2010
2010038320;1;2;2;1;3;620;28/03/2010
2010038321;1;1;6;1;6;620;13/04/2010
2010038322;1;1;3;1;2;620;16/04/2010
2010038323;1;2;3;1;6;620;02/05/2010
2010038324;1;2;1;1;6;620;18/05/2010
2010038325;1;1;2;1;3;620;22/05/2010
2010038326;1;2;1;1;3;620;25/05/2010
2010038327;1;2;1;1;6;620;26/05/2010
2010038328;1;1;1;1;3;620;03/06/2010
2010038329;2;2;1;1;6;620;08/06/2010
2010038330;1;2;1;1;6;620;12/06/2010
2010038331;1;2;3;1;3;620;16/06/2010
2010038332;1;2;2;1;6;620;18/06/2010
2010038333;1;1;4;1;7;620;29/06/2010
2010038334;1;2;3;1;1;620;21/07/2010
2010038335;1;2;1;2;3;620;27/08/2010
2010038336;1;2;2;1;3;620;27/08/2010
2010038337;1;2;1;3;3;620;08/09/2010
2010038338;2;1;2;1;3;620;10/09/2010
2010038339;1;2;1;1;6;620;11/09/2010
2010038340;5;2;2;1;3;620;10/10/2010
2010038341;1;2;2;1;3;620;16/10/2010
2010038342;3;1;1;2;3;620;06/11/2010
2010038343;5;2;5;3;3;620;12/11/2010
2010038344;5;1;1;2;6;620;12/11/2010
2010038345;5;2;1;1;6;620;23/11/2010
2010038346;2;2;6;1;2;620;29/11/2010
2010038347;3;2;3;1;3;620;30/11/2010
2010038348;1;2;4;9;3;620;11/12/2010
2010038349;2;2;1;4;6;620;07/01/2010
2010038350;5;2;1;1;1;620;18/01/2010
2010038351;5;2;1;8;6;620;15/02/2010
2010038352;5;1;1;8;7;620;17/02/2010
2010038353;5;1;1;4;6;620;20/02/2010
2010038354;3;1;1;1;5;620;19/02/2010
2010038355;5;2;8;1;3;620;27/02/2010
2010038356;1;2;1;1;3;620;07/06/2010
2010038357;2;2;3;1;6;620;29/06/2010
2010038358;1;2;3;1;3;620;26/06/2010
2010038359;5;2;3;2;6;620;28/07/2010
2010038360;1;2;1;1;6;620;11/08/2010
2010038361;1;1;9;1;7;620;26/08/2010
2010038362;1;2;6;1;3;620;22/09/2010
2010038363;2;2;3;8;3;620;05/12/2010
2010038364;3;1;1;1;6;620;03/01/2010
2010038365;3;1;1;4;6;620;06/01/2010
2010038366;1;2;4;1;3;620;17/01/2010
2010038367;1;2;2;1;3;620;20/01/2010
2010038368;5;2;2;3;6;620;23/01/2010
2010038369;1;2;3;1;5;620;01/02/2010
2010038370;1;1;1;1;6;620;25/02/2010
2010038371;1;2;1;1;6;620;26/02/2010
2010038372;1;2;1;1;6;620;15/03/2010
2010038373;1;2;1;1;6;620;09/04/2010
2010038374;1;2;1;1;7;620;11/04/2010
2010038375;1;2;1;1;7;620;16/04/2010
2010038376;1;2;1;1;7;620;20/05/2010
2010038377;1;2;3;1;3;620;23/05/2010
2010038378;1;2;1;1;3;620;15/06/2010
2010038379;1;2;1;1;6;620;02/07/2010
2010038380;1;2;2;1;6;620;08/07/2010
2010038381;1;2;1;1;3;620;30/07/2010
2010038382;1;2;1;1;1;620;30/07/2010
2010038383;2;2;1;1;6;620;08/08/2010
2010038384;1;2;2;2;3;620;27/08/2010
2010038385;1;2;2;1;3;620;03/09/2010
2010038386;1;2;3;2;6;620;25/09/2010
2010038387;1;2;2;1;3;620;05/10/2010
2010038388;1;2;1;1;6;620;12/10/2010
2010038389;5;2;1;1;1;620;13/10/2010
2010038390;1;2;2;1;1;620;18/10/2010
2010038391;1;1;2;2;3;620;10/11/2010
2010038392;5;2;1;1;6;620;11/11/2010
2010038393;1;2;2;1;3;620;27/11/2010
2010038394;5;2;2;9;3;620;15/12/2010
2010038395;1;2;1;1;6;620;04/01/2010
2010038396;1;2;1;1;6;620;05/01/2010
2010038397;1;2;2;1;3;620;11/02/2010
2010038398;1;2;3;1;3;620;14/03/2010
2010038399;1;2;1;1;5;620;18/03/2010
2010038400;1;2;1;1;2;620;10/04/2010
2010038401;1;1;1;1;7;620;28/04/2010
2010038402;1;2;1;8;3;620;26/05/2010
2010038403;5;2;1;1;6;620;06/11/2010
2010038404;1;2;2;1;3;620;12/06/2010
2010038405;1;2;1;1;1;620;26/06/2010
2010038406;1;2;1;1;2;620;02/07/2010
2010038407;1;2;6;1;6;620;30/07/2010
2010038408;1;2;1;1;2;620;21/08/2010
2010038409;4;2;1;3;2;620;06/10/2010
2010038410;5;2;1;1;6;620;06/11/2010
2010038411;5;2;1;4;6;620;02/12/2010
2010038412;1;2;2;1;3;620;07/12/2010
2010038413;2;2;1;1;7;620;14/06/2010
2010038414;1;2;3;7;6;620;03/01/2010
2010038415;1;2;1;1;6;620;17/04/2010
2010038416;1;2;1;1;6;620;04/03/2010
2010038417;5;1;1;1;6;620;24/04/2010
2010038418;1;2;3;1;6;620;06/04/2010
2010038419;1;2;1;1;6;620;02/05/2010
2010038420;5;2;1;1;6;620;15/05/2010
2010038421;4;1;6;1;7;620;05/06/2010
2010038422;1;2;3;1;3;620;20/06/2010
2010038423;1;2;1;1;7;620;04/07/2010
2010038424;5;2;1;2;6;620;03/07/2010
2010038425;5;2;2;1;3;620;09/07/2010
2010038426;1;2;6;2;3;620;25/07/2010
2010038427;1;2;1;1;7;620;29/07/2010
2010038428;1;2;3;1;3;620;21/08/2010
2010038429;5;2;1;1;6;620;24/08/2010
2010038430;1;2;1;1;6;620;18/09/2010
2010038431;5;2;2;1;6;620;10/10/2010
2010038432;2;2;1;1;6;620;22/10/2010
2010038433;2;2;1;1;6;620;14/01/2010
2010038434;5;2;3;2;3;620;02/02/2010
2010038435;1;2;3;1;3;620;14/02/2010
2010038436;5;2;9;1;7;620;14/03/2010
2010038437;1;2;1;1;2;620;21/03/2010
2010038438;1;2;1;1;6;620;20/04/2010
2010038439;5;2;1;1;6;620;12/06/2010
2010038440;5;2;3;1;3;620;05/09/2010
2010038441;2;2;3;1;3;620;22/09/2010
2010038442;1;2;1;1;7;620;17/09/2010
2010038443;1;2;1;8;1;620;28/10/2010
2010038444;1;2;3;4;6;620;18/12/2010
2010038445;5;2;2;2;3;620;14/11/2010
2010038446;2;2;1;8;6;620;14/01/2010
2010038447;1;2;1;1;6;620;06/03/2010
2010038448;1;2;1;1;6;620;19/01/2010
2010038449;1;2;1;1;6;620;25/04/2010
2010038450;1;2;2;1;3;620;17/05/2010
2010038451;1;2;3;2;7;620;01/06/2010
2010038452;1;2;1;1;3;620;01/05/2010
2010038453;2;2;1;1;6;620;12/06/2010
2010038454;1;2;1;1;3;620;19/06/2010
2010038455;1;2;2;1;1;620;07/08/2010
2010038456;5;2;1;1;6;620;08/09/2010
2010038457;4;2;6;1;6;620;17/09/2010
2010038458;1;2;3;1;6;620;18/09/2010
2010038459;1;1;1;1;2;620;22/09/2010
2010038460;5;2;3;1;3;620;10/10/2010
2010038461;1;2;1;1;6;620;30/10/2010
2010038462;5;2;1;2;6;620;09/11/2010
2010038463;3;1;1;2;4;620;08/11/2010
2010038464;5;2;3;1;3;620;11/12/2010
2010038465;2;2;4;4;6;620;17/12/2010
2010038466;5;2;1;1;6;620;13/12/2010
2010038467;5;2;1;1;6;620;26/01/2010
2010038468;5;2;1;1;6;620;20/02/2010
2010038469;5;2;1;1;2;620;24/02/2010
2010038470;1;2;1;1;6;620;25/02/2010
2010038471;1;2;1;1;6;620;26/02/2010
2010038472;5;2;2;1;6;620;27/02/2010
2010038473;1;2;1;1;6;620;06/03/2010
2010038474;1;2;1;1;7;620;09/03/2010
2010038475;5;2;1;1;6;620;15/03/2010
2010038476;1;2;1;1;6;620;21/03/2010
2010038477;1;2;1;1;6;620;23/03/2010
2010038478;1;2;1;1;6;620;26/03/2010
2010038479;4;2;1;1;6;620;11/04/2010
2010038480;1;2;1;1;6;620;25/04/2010
2010038481;1;2;1;1;6;620;07/05/2010
2010038482;1;2;1;1;6;620;17/05/2010
2010038483;1;1;1;1;6;620;20/05/2010
2010038484;1;2;1;1;6;620;26/05/2010
2010038485;1;2;1;1;6;620;30/05/2010
2010038486;1;2;1;1;6;620;08/06/2010
2010038487;1;2;1;1;6;620;21/06/2010
2010038488;1;2;1;1;6;620;22/06/2010
2010038489;1;2;7;1;3;620;25/06/2010
2010038490;1;2;1;1;6;620;05/07/2010
2010038491;1;2;3;1;6;620;05/07/2010
2010038492;1;2;1;1;6;620;09/07/2010
2010038493;5;2;1;1;6;620;15/07/2010
2010038494;1;1;1;1;3;620;19/07/2010
2010038495;1;2;3;1;6;620;21/07/2010
2010038496;1;2;2;1;3;620;30/07/2010
2010038497;1;2;8;1;6;620;28/07/2010
2010038498;2;1;1;1;6;620;22/08/2010
2010038499;1;2;1;1;3;620;21/08/2010
2010038500;1;2;2;1;3;620;21/08/2010
2010038501;1;2;3;1;3;620;24/08/2010
2010038502;1;2;1;1;2;620;01/09/2010
2010038503;1;2;2;1;7;620;06/09/2010
2010038504;1;2;1;1;6;620;15/09/2010
2010038505;1;2;1;1;6;620;21/09/2010
2010038506;1;2;1;1;6;620;21/09/2010
2010038507;1;1;1;1;2;620;02/10/2010
2010038508;1;1;1;1;1;620;10/10/2010
2010038509;1;2;1;1;6;620;21/10/2010
2010038510;1;2;1;1;5;620;29/10/2010
2010038511;1;2;9;2;6;620;02/11/2010
2010038512;5;2;1;1;6;620;04/11/2010
2010038513;5;2;3;2;6;620;13/11/2010
2010038514;5;2;2;1;1;620;18/11/2010
2010038515;3;1;1;4;6;620;29/11/2010
2010038516;2;2;1;1;6;620;07/12/2010
2010038517;2;2;1;1;6;620;13/12/2010
2010038518;5;2;2;1;3;620;13/12/2010
2010038519;1;2;2;1;3;620;15/12/2010
2010038520;2;2;1;4;6;620;20/12/2010
2010038521;1;2;3;1;1;620;17/12/2010
2010038522;1;1;1;2;1;620;23/12/2010
2010038523;4;1;1;1;6;620;09/01/2010
2010038524;1;2;1;1;2;620;15/01/2010
2010038525;1;2;1;2;6;620;23/01/2010
2010038526;5;2;1;1;6;620;03/02/2010
2010038527;2;2;1;3;6;620;02/02/2010
2010038528;1;2;1;2;3;620;03/02/2010
2010038529;1;2;1;1;6;620;05/02/2010
2010038530;1;2;1;1;6;620;07/02/2010
2010038531;1;2;1;8;6;620;17/02/2010
2010038532;4;1;1;1;5;620;19/02/2010
2010038533;5;2;1;2;6;620;20/02/2010
2010038534;1;2;1;2;3;620;22/02/2010
2010038535;1;1;1;1;1;620;27/02/2010
2010038536;1;2;1;1;6;620;24/02/2010
2010038537;4;2;1;2;6;620;27/02/2010
2010038538;1;2;1;7;6;620;17/03/2010
2010038539;5;2;2;1;3;620;10/04/2010
2010038540;1;2;1;1;6;620;05/04/2010
2010038541;1;2;3;1;3;620;18/04/2010
2010038542;1;2;1;1;1;620;13/04/2010
2010038543;1;2;2;1;3;620;24/04/2010
2010038544;1;2;3;1;3;620;27/04/2010
2010038545;1;2;1;1;6;620;21/04/2010
2010038546;1;2;1;1;3;620;04/05/2010
2010038547;1;2;1;1;2;620;19/05/2010
2010038548;1;2;2;1;3;620;19/05/2010
2010038549;1;2;2;1;3;620;18/05/2010
2010038550;1;2;1;1;1;620;31/05/2010
2010038551;1;1;1;1;2;620;20/05/2010
2010038552;1;1;1;1;2;620;27/05/2010
2010038553;1;2;3;1;3;620;08/06/2010
2010038554;5;2;1;1;6;620;17/05/2010
2010038555;1;2;1;1;3;620;15/06/2010
2010038556;5;1;1;1;3;620;18/06/2010
2010038557;1;2;1;1;3;620;19/06/2010
2010038558;1;1;1;2;3;620;19/06/2010
2010038559;1;2;2;1;3;620;11/06/2010
2010038560;5;2;1;1;6;620;22/06/2010
2010038561;5;2;1;1;6;620;26/06/2010
2010038562;1;2;1;1;2;620;28/06/2010
2010038563;1;2;2;1;3;620;01/07/2010
2010038564;1;1;1;1;3;620;01/07/2010
2010038565;1;2;2;1;6;620;05/07/2010
2010038566;1;1;1;1;7;620;29/06/2010
2010038567;5;2;1;1;6;620;10/07/2010
2010038568;1;2;1;1;6;620;09/07/2010
2010038569;5;2;1;1;7;620;08/07/2010
2010038570;5;2;6;1;3;620;09/07/2010
2010038571;1;2;1;1;3;620;09/07/2010
2010038572;5;2;1;1;6;620;16/07/2010
2010038573;1;2;3;2;6;620;23/07/2010
2010038574;1;2;1;1;6;620;16/07/2010
2010038575;1;2;1;1;1;620;19/08/2010
2010038576;1;2;1;2;6;620;25/08/2010
2010038577;5;1;1;1;6;620;29/08/2010
2010038578;1;2;1;1;1;620;26/08/2010
2010038579;1;2;1;1;6;620;14/08/2010
2010038580;1;2;1;1;6;620;01/09/2010
2010038581;1;2;1;1;3;620;02/09/2010
2010038582;5;2;2;1;6;620;07/09/2010
2010038583;5;2;1;1;7;620;07/09/2010
2010038584;1;2;1;1;6;620;12/09/2010
2010038585;1;2;1;1;3;620;07/09/2010
2010038586;5;2;3;1;3;620;13/09/2010
2010038587;1;2;1;1;6;620;13/09/2010
2010038588;5;2;1;1;3;620;20/09/2010
2010038589;1;2;1;1;6;620;10/09/2010
2010038590;1;2;1;1;6;620;17/09/2010
2010038591;1;2;3;1;3;620;10/09/2010
2010038592;1;2;1;1;6;620;28/09/2010
2010038593;5;2;1;8;3;620;25/10/2010
2010038594;1;2;2;1;3;620;21/10/2010
2010038595;5;2;1;1;3;620;23/10/2010
2010038596;5;2;1;1;3;620;27/10/2010
2010038597;1;2;3;2;3;620;10/11/2010
2010038598;1;2;1;1;1;620;12/11/2010
2010038599;2;2;1;2;6;620;27/10/2010
2010038600;5;2;1;1;6;620;17/11/2010
2010038601;5;2;1;1;6;620;19/11/2010
2010038602;5;2;1;9;6;620;28/11/2010
2010038603;5;2;1;1;2;620;24/11/2010
2010038604;1;2;2;1;3;620;10/12/2010
2010038605;1;1;1;4;6;620;20/12/2010
2010038606;2;2;1;1;3;620;13/12/2010
2010038607;1;2;1;1;2;620;09/12/2010
2010038608;1;1;1;8;6;620;14/12/2010
2010038609;1;2;1;8;6;620;06/12/2010
2010038610;2;2;3;4;3;620;03/01/2010
2010038611;5;1;9;1;3;620;11/12/2010
2010038612;2;2;1;8;3;620;31/12/2010
2010038613;3;2;1;1;6;620;22/10/2010
2010038614;1;2;3;1;3;620;05/02/2010
2010038615;1;2;1;1;6;620;09/02/2010
2010038616;2;2;2;8;3;620;31/01/2010
2010038617;1;2;1;1;6;620;02/03/2010
2010038618;1;1;1;1;7;620;27/03/2010
2010038619;1;2;6;1;3;620;23/03/2010
2010038620;5;2;1;1;6;620;25/03/2010
2010038621;1;2;2;1;3;620;29/03/2010
2010038622;5;2;1;1;6;620;11/04/2010
2010038623;2;1;1;1;6;620;09/04/2010
2010038624;1;2;6;1;3;620;30/03/2010
2010038625;1;2;1;1;1;620;31/03/2010
2010038626;1;1;9;1;3;620;02/04/2010
2010038627;5;1;9;1;2;620;09/04/2010
2010038628;1;1;1;1;6;620;25/04/2010
2010038629;1;2;9;1;6;620;04/04/2010
2010038630;1;2;9;1;1;620;15/04/2010
2010038631;1;2;1;1;3;620;19/05/2010
2010038632;1;1;9;1;3;620;13/05/2010
2010038633;1;1;9;1;3;620;19/04/2010
2010038634;5;2;1;1;6;620;05/06/2010
2010038635;2;2;9;1;3;620;23/05/2010
2010038636;2;2;1;1;1;620;06/05/2010
2010038637;1;2;3;1;3;620;23/05/2010
2010038638;1;2;1;1;6;620;01/06/2010
2010038639;1;2;1;1;3;620;11/06/2010
2010038640;1;2;9;1;6;620;10/07/2010
2010038641;1;2;1;1;2;620;11/07/2010
2010038642;1;2;1;1;6;620;02/06/2010
2010038643;1;2;3;1;1;620;02/06/2010
2010038644;1;2;1;1;1;620;27/07/2010
2010038645;5;2;9;1;3;620;16/07/2010
2010038646;5;2;1;1;1;620;18/07/2010
2010038647;1;2;1;1;7;620;01/08/2010
2010038648;1;2;1;3;6;620;02/08/2010
2010038649;1;2;3;1;3;620;23/08/2010
2010038650;5;2;1;1;6;620;12/09/2010
2010038651;1;2;3;1;1;620;03/08/2010
2010038652;1;1;1;1;6;620;11/09/2010
2010038653;1;2;2;1;3;620;21/08/2010
2010038654;1;2;1;1;3;620;19/09/2010
2010038655;1;2;1;2;6;620;24/09/2010
2010038656;1;2;1;2;6;620;27/10/2010
2010038657;3;2;3;1;6;620;15/12/2010
2010038658;3;1;9;1;3;620;23/11/2010
2010038659;2;2;3;1;6;620;15/12/2010
2010038660;3;1;1;4;5;620;23/12/2010
2010038661;1;2;1;1;1;620;12/12/2010
2010038662;2;2;1;1;6;620;22/01/2010
2010038663;5;2;1;4;7;620;03/01/2010
2010038664;5;2;1;2;6;620;27/01/2010
2010038665;1;2;3;1;3;620;28/01/2010
2010038666;2;2;1;2;6;620;05/02/2010
2010038667;3;1;3;1;3;620;18/02/2010
2010038668;1;2;1;1;6;620;18/02/2010
2010038669;1;2;1;2;6;620;02/02/2010
2010038670;1;2;3;1;3;620;24/02/2010
2010038671;1;2;2;1;3;620;05/03/2010
2010038672;4;1;1;2;6;620;19/03/2010
2010038673;1;2;1;1;1;620;11/03/2010
2010038674;1;1;1;1;7;620;08/04/2010
2010038675;2;2;1;1;1;620;22/03/2010
2010038676;1;2;1;1;6;620;12/04/2010
2010038677;1;2;1;2;6;620;08/04/2010
2010038678;1;2;1;1;6;620;09/04/2010
2010038679;1;2;1;1;6;620;18/04/2010
2010038680;1;2;1;1;2;620;30/04/2010
2010038681;5;2;1;1;6;620;14/05/2010
2010038682;1;2;1;1;6;620;23/03/2010
2010038683;5;2;3;1;3;620;01/05/2010
2010038684;1;2;1;1;6;620;20/05/2010
2010038685;1;2;1;1;6;620;27/05/2010
2010038686;1;2;1;1;6;620;04/06/2010
2010038687;1;2;1;1;6;620;15/04/2010
2010038688;1;2;3;1;5;620;26/05/2010
2010038689;1;2;3;1;7;620;11/06/2010
2010038690;5;2;1;1;1;620;07/06/2010
2010038691;5;2;3;1;3;620;11/06/2010
2010038692;1;2;1;1;6;620;03/06/2010
2010038693;5;2;3;1;3;620;24/05/2010
2010038694;1;2;1;1;6;620;16/06/2010
2010038695;1;1;1;1;6;620;30/06/2010
2010038696;1;2;1;1;2;620;10/07/2010
2010038697;5;2;1;1;6;620;27/06/2010
2010038698;1;2;1;1;6;620;07/07/2010
2010038699;1;2;3;1;3;620;22/07/2010
2010038700;1;2;3;1;3;620;28/07/2010
2010038701;1;2;1;8;7;620;02/08/2010
2010038702;1;2;1;1;6;620;04/08/2010
2010038703;1;2;2;1;3;620;03/08/2010
2010038704;2;2;1;1;6;620;13/08/2010
2010038705;1;2;1;1;6;620;27/08/2010
2010038706;1;2;1;1;6;620;31/08/2010
2010038707;1;2;1;1;4;620;09/09/2010
2010038708;1;2;1;1;6;620;25/08/2010
2010038709;1;2;2;1;3;620;09/09/2010
2010038710;1;2;2;7;3;620;22/09/2010
2010038711;1;2;3;1;3;620;28/09/2010
2010038712;1;2;2;2;3;620;02/10/2010
2010038713;1;2;1;9;6;620;06/10/2010
2010038714;1;2;2;1;3;620;08/10/2010
2010038715;5;2;1;1;2;620;20/10/2010
2010038716;1;2;1;1;6;620;22/10/2010
2010038717;2;2;1;1;2;620;29/10/2010
2010038718;1;2;2;1;7;620;12/10/2010
2010038719;1;2;1;1;6;620;29/10/2010
2010038720;2;2;1;1;6;620;18/11/2010
2010038721;5;2;1;1;6;620;19/11/2010
2010038722;5;2;2;1;3;620;17/11/2010
2010038723;2;2;1;1;6;620;11/12/2010
2010038724;1;2;1;9;6;620;05/01/2010
2010038725;1;2;1;1;2;620;14/12/2010
2010038726;2;2;1;1;6;620;19/01/2010
2010038727;1;2;1;1;6;620;25/01/2010
2010038728;1;2;2;1;1;620;21/02/2010
2010038729;1;1;1;1;6;620;18/02/2010
2010038730;1;2;1;1;3;620;13/03/2010
2010038731;5;1;1;1;6;620;28/02/2010
2010038732;1;2;1;1;6;620;07/03/2010
2010038733;5;2;1;1;6;620;17/03/2010
2010038734;1;2;2;1;3;620;19/03/2010
2010038735;1;2;1;1;3;620;31/03/2010
2010038736;1;2;1;1;3;620;01/04/2010
2010038737;1;2;1;1;3;620;24/04/2010
2010038738;1;2;1;1;6;620;25/04/2010
2010038739;5;1;1;1;7;620;15/05/2010
2010038740;1;2;1;1;6;620;15/05/2010
2010038741;5;2;1;1;6;620;22/05/2010
2010038742;1;2;1;1;6;620;04/05/2010
2010038743;5;1;1;1;1;620;23/05/2010
2010038744;1;2;2;1;3;620;31/05/2010
2010038745;5;1;1;1;7;620;22/05/2010
2010038746;1;2;1;1;6;620;03/06/2010
2010038747;1;2;1;1;7;620;15/04/2010
2010038748;1;2;1;1;3;620;17/06/2010
2010038749;1;2;2;1;3;620;21/06/2010
2010038750;1;2;1;1;3;620;29/06/2010
2010038751;1;2;1;1;7;620;24/06/2010
2010038752;1;2;1;1;6;620;01/07/2010
2010038753;1;2;1;1;6;620;04/07/2010
2010038754;1;2;1;1;6;620;04/07/2010
2010038755;1;2;1;1;3;620;03/07/2010
2010038756;1;2;1;1;3;620;17/07/2010
2010038757;1;2;1;1;6;620;05/08/2010
2010038758;1;2;1;1;3;620;14/08/2010
2010038759;2;2;1;1;7;620;10/07/2010
2010038760;1;2;1;1;3;620;28/07/2010
2010038761;1;2;2;1;5;620;17/08/2010
2010038762;1;1;2;1;3;620;20/08/2010
2010038763;1;2;1;1;4;620;20/08/2010
2010038764;1;2;1;1;6;620;19/08/2010
2010038765;5;2;1;1;7;620;07/08/2010
2010038766;1;2;1;1;7;620;03/09/2010
2010038767;1;2;1;1;3;620;27/09/2010
2010038768;2;2;1;1;6;620;02/09/2010
2010038769;5;1;1;1;6;620;10/09/2010
2010038770;5;2;1;1;7;620;19/09/2010
2010038771;1;1;2;1;1;620;17/10/2010
2010038772;2;2;1;1;1;620;15/10/2010
2010038773;1;2;1;1;7;620;21/10/2010
2010038774;5;2;1;1;3;620;23/10/2010
2010038775;1;2;1;1;1;620;29/10/2010
2010038776;1;2;1;1;3;620;11/10/2010
2010038777;2;2;1;1;6;620;23/10/2010
2010038778;1;2;1;1;6;620;03/11/2010
2010038779;5;2;1;3;6;620;14/11/2010
2010038780;2;2;1;1;1;620;22/12/2010
2010038781;1;1;1;4;1;620;03/12/2010
2010038782;5;2;1;1;6;620;16/03/2010
2010038783;1;1;1;1;1;620;01/04/2010
2010038784;1;2;3;1;7;620;19/06/2010