num_acc;lum;agg;inter;atm;col;dep;date
2010039940;1;2;1;1;3;640;23/05/2010
2010039941;1;2;1;2;2;640;31/05/2010
2010039942;1;2;1;1;3;640;06/03/2010
2010039943;3;1;1;1;7;640;06/03/2010
2010039944;1;2;1;1;5;640;04/06/2010
2010039945;1;2;3;4;3;640;10/03/2010
2010039946;1;2;1;1;3;640;27/06/2010
2010039947;5;2;1;1;6;640;11/03/2010
2010039948;1;2;1;1;7;640;10/07/2010
2010039949;1;2;6;1;2;640;15/03/2010
2010039950;1;1;1;1;2;640;16/07/2010
2010039951;1;1;1;2;2;640;17/07/2010
2010039952;5;2;6;1;3;640;04/07/2010
2010039953;2;2;1;3;6;640;24/03/2010
2010039954;1;2;1;1;6;640;31/07/2010
2010039955;1;1;1;2;5;640;31/03/2010
2010039956;1;1;1;1;1;640;18/08/2010
2010039957;1;2;1;1;3;640;05/04/2010
2010039958;1;1;1;1;2;640;20/08/2010
2010039959;1;2;3;1;3;640;28/08/2010
2010039960;1;2;1;1;6;640;17/04/2010
2010039961;1;1;1;3;1;640;22/04/2010
2010039962;1;2;1;2;1;640;07/09/2010
2010039963;1;2;1;1;2;640;13/09/2010
2010039964;1;2;1;1;2;640;24/04/2010
2010039965;5;1;1;2;3;640;04/01/2010
2010039966;1;2;1;2;3;640;29/04/2010
2010039967;1;2;1;1;4;640;03/05/2010
2010039968;1;2;1;8;6;640;04/05/2010
2010039969;1;1;1;1;6;640;02/10/2010
2010039970;1;1;1;1;7;640;07/05/2010
2010039971;1;2;1;1;2;640;10/05/2010
2010039972;1;1;1;1;1;640;30/10/2010
2010039973;1;2;1;6;1;640;08/11/2010
2010039974;1;2;1;2;2;640;11/05/2010
2010039975;5;2;1;1;3;640;13/11/2010
2010039976;3;1;1;1;7;640;09/12/2010
2010039977;1;2;1;1;7;640;26/05/2010
2010039978;1;2;1;1;3;640;31/05/2010
2010039979;1;2;1;1;3;640;03/06/2010
2010039980;1;2;1;1;1;640;04/06/2010
2010039981;1;2;1;1;3;640;04/06/2010
2010039982;1;2;1;2;3;640;16/06/2010
2010039983;1;2;1;2;2;640;17/06/2010
2010039984;1;2;1;1;3;640;20/06/2010
2010039985;1;2;1;1;6;640;29/06/2010
2010039986;1;2;1;3;4;640;17/07/2010
2010039987;1;1;1;1;4;640;17/07/2010
2010039988;3;2;1;1;6;640;18/07/2010
2010039989;1;2;1;1;1;640;24/07/2010
2010039990;1;2;1;1;3;640;02/08/2010
2010039991;1;1;1;1;4;640;03/08/2010
2010039992;1;2;1;1;4;640;03/08/2010
2010039993;1;1;1;3;4;640;04/08/2010
2010039994;1;2;1;2;2;640;04/08/2010
2010039995;1;2;1;1;2;640;06/08/2010
2010039996;5;2;1;1;2;640;12/08/2010
2010039997;1;1;1;1;7;640;14/08/2010
2010039998;1;2;1;1;2;640;14/08/2010
2010039999;1;1;1;1;3;640;16/08/2010
2010040000;1;2;1;1;6;640;17/08/2010
2010040001;1;2;1;1;1;640;18/08/2010
2010040002;1;2;1;1;4;640;26/08/2010
2010040003;1;2;1;1;3;640;27/08/2010
2010040004;1;2;1;1;3;640;29/08/2010
2010040005;1;1;1;1;6;640;28/08/2010
2010040006;1;2;1;1;2;640;30/08/2010
2010040007;1;2;6;1;3;640;01/09/2010
2010040008;1;2;1;1;3;640;07/09/2010
2010040009;1;2;1;1;6;640;09/09/2010
2010040010;1;2;1;1;3;640;11/09/2010
2010040011;1;2;1;1;3;640;11/09/2010
2010040012;1;2;1;8;3;640;17/09/2010
2010040013;1;2;1;1;2;640;20/09/2010
2010040014;1;2;1;8;6;640;22/09/2010
2010040015;1;2;1;1;2;640;28/09/2010
2010040016;5;2;1;1;6;640;29/09/2010
2010040017;1;2;1;2;6;640;17/10/2010
2010040018;1;1;1;1;7;640;17/10/2010
2010040019;1;2;1;1;3;640;18/10/2010
2010040020;1;2;1;1;3;640;21/10/2010
2010040021;2;2;1;1;3;640;22/10/2010
2010040022;1;2;1;3;1;640;09/11/2010
2010040023;3;1;1;3;7;640;14/11/2010
2010040024;5;2;1;8;4;640;19/11/2010
2010040025;1;2;1;3;3;640;27/11/2010
2010040026;5;2;1;3;6;640;27/11/2010
2010040027;5;2;1;3;6;640;03/12/2010
2010040028;5;2;1;6;7;640;04/12/2010
2010040029;1;2;1;1;2;640;07/12/2010
2010040030;1;2;1;1;3;640;16/12/2010
2010040031;1;2;1;1;2;640;20/12/2010
2010040032;1;2;1;1;3;640;20/12/2010
2010040033;1;2;1;1;6;640;29/12/2010
2010040034;5;2;1;1;3;640;31/12/2010
2010040035;5;2;1;8;6;640;16/12/2010
2010040036;3;1;1;1;6;640;26/01/2010
2010040037;5;2;3;1;3;640;04/02/2010
2010040038;1;2;1;1;1;640;28/01/2010
2010040039;1;2;1;2;6;640;04/02/2010
2010040040;3;1;1;2;1;640;19/02/2010
2010040041;1;2;1;8;6;640;01/02/2010
2010040042;3;1;1;1;7;640;18/03/2010
2010040043;1;1;1;1;1;640;20/03/2010
2010040044;5;2;1;1;6;640;27/03/2010
2010040045;1;1;1;1;6;640;27/03/2010
2010040046;3;1;1;1;6;640;25/04/2010
2010040047;1;2;1;8;2;640;23/04/2010
2010040048;1;2;1;1;3;640;27/04/2010
2010040049;1;2;1;1;3;640;15/04/2010
2010040050;3;2;1;1;1;640;09/05/2010
2010040051;1;1;1;1;7;640;20/05/2010
2010040052;5;2;1;1;3;640;29/05/2010
2010040053;1;2;1;1;3;640;28/05/2010
2010040054;1;2;1;1;4;640;26/05/2010
2010040055;1;1;1;1;3;640;02/06/2010
2010040056;1;2;1;1;2;640;29/05/2010
2010040057;2;2;6;1;7;640;20/05/2010
2010040058;5;2;1;1;3;640;24/06/2010
2010040059;3;1;1;1;7;640;30/06/2010
2010040060;3;1;1;1;7;640;16/07/2010
2010040061;1;2;1;1;1;640;16/07/2010
2010040062;5;2;1;1;7;640;17/07/2010
2010040063;3;1;1;1;1;640;22/07/2010
2010040064;1;2;1;1;3;640;19/07/2010
2010040065;1;2;1;1;3;640;26/07/2010
2010040066;3;1;1;1;7;640;26/07/2010
2010040067;2;2;1;1;3;640;30/07/2010
2010040068;1;2;1;1;3;640;30/07/2010
2010040069;1;2;1;1;6;640;06/07/2010
2010040070;5;2;1;8;3;640;02/08/2010
2010040071;1;2;1;1;3;640;02/08/2010
2010040072;1;2;1;1;1;640;05/08/2010
2010040073;1;1;1;1;2;640;06/08/2010
2010040074;1;2;1;1;2;640;07/08/2010
2010040075;1;2;1;1;1;640;01/09/2010
2010040076;1;2;1;1;6;640;15/08/2010
2010040077;1;2;1;1;1;640;17/08/2010
2010040078;1;2;6;1;3;640;23/08/2010
2010040079;1;2;1;1;6;640;30/08/2010
2010040080;3;2;1;1;5;640;02/09/2010
2010040081;1;2;1;1;3;640;02/09/2010
2010040082;1;2;1;1;7;640;04/09/2010
2010040083;1;1;1;1;3;640;14/09/2010
2010040084;1;2;1;1;3;640;14/09/2010
2010040085;1;2;1;1;1;640;21/09/2010
2010040086;1;2;1;8;6;640;08/09/2010
2010040087;1;2;1;1;4;640;22/10/2010
2010040088;3;1;1;1;6;640;31/10/2010
2010040089;5;2;1;1;3;640;03/10/2010
2010040090;1;1;1;1;1;640;13/11/2010
2010040091;2;2;1;1;6;640;18/11/2010
2010040092;2;2;1;3;1;640;25/11/2010
2010040093;3;2;1;1;1;640;02/12/2010
2010040094;3;1;1;1;6;640;31/12/2010
2010040095;5;2;1;1;2;650;07/01/2010
2010040096;1;2;1;1;6;650;11/02/2010
2010040097;1;1;1;1;3;650;24/03/2010
2010040098;1;2;1;1;3;650;05/04/2010
2010040099;1;2;6;1;3;650;11/04/2010
2010040100;1;2;6;1;3;650;28/04/2010
2010040101;1;2;1;1;3;650;30/04/2010
2010040102;1;2;1;3;4;650;05/05/2010
2010040103;1;2;1;1;7;650;07/05/2010
2010040104;1;2;1;2;6;650;16/05/2010
2010040105;1;2;1;1;6;650;26/05/2010
2010040106;1;2;1;7;6;650;03/06/2010
2010040107;1;2;1;1;3;650;07/06/2010
2010040108;1;2;4;2;2;650;09/06/2010
2010040109;5;2;9;1;3;650;28/06/2010
2010040110;1;2;1;1;2;650;30/06/2010
2010040111;5;2;9;1;2;650;01/07/2010
2010040112;1;2;1;1;2;650;02/07/2010
2010040113;1;2;2;1;3;650;06/07/2010
2010040114;1;1;1;1;7;650;09/07/2010
2010040115;5;2;1;2;6;650;13/07/2010
2010040116;1;1;2;1;3;650;17/08/2010
2010040117;1;2;3;1;3;650;17/08/2010
2010040118;1;2;3;1;3;650;04/09/2010
2010040119;1;2;2;1;6;650;15/10/2010
2010040120;1;2;1;1;1;650;27/10/2010
2010040121;5;2;1;3;7;650;31/10/2010
2010040122;1;2;1;1;2;650;15/11/2010
2010040123;5;2;1;2;6;650;20/11/2010
2010040124;5;2;1;2;1;650;05/12/2010
2010040125;1;2;1;1;7;650;11/12/2010
2010040126;1;2;3;1;3;650;02/01/2010
2010040127;5;2;1;2;2;650;04/01/2010
2010040128;5;2;3;2;6;650;05/01/2010
2010040129;5;2;1;1;6;650;05/01/2010
2010040130;2;2;1;9;3;650;06/01/2010
2010040131;1;2;1;2;1;650;07/01/2010
2010040132;1;2;4;2;3;650;13/01/2010
2010040133;5;2;1;3;2;650;13/01/2010
2010040134;1;2;1;3;6;650;14/01/2010
2010040135;5;2;6;1;6;650;15/01/2010
2010040136;1;1;9;1;3;650;23/01/2010
2010040137;1;2;3;1;3;650;27/01/2010
2010040138;5;2;3;1;4;650;27/01/2010
2010040139;1;2;2;2;6;650;01/02/2010
2010040140;1;1;6;1;4;650;10/02/2010
2010040141;1;2;2;1;6;650;11/02/2010
2010040142;1;2;1;1;2;650;13/02/2010
2010040143;1;2;3;1;3;650;16/02/2010
2010040144;1;2;1;1;6;650;19/02/2010
2010040145;5;2;6;2;6;650;20/02/2010
2010040146;1;2;1;1;3;650;24/02/2010
2010040147;3;1;1;1;6;650;27/02/2010
2010040148;1;2;2;1;6;650;01/03/2010
2010040149;1;2;3;1;3;650;04/03/2010
2010040150;3;1;1;1;7;650;06/03/2010
2010040151;1;2;2;1;3;650;09/03/2010
2010040152;1;2;3;1;3;650;10/03/2010
2010040153;5;2;1;1;7;650;13/03/2010
2010040154;3;1;1;1;6;650;14/03/2010
2010040155;5;2;3;1;5;650;15/03/2010
2010040156;1;2;3;1;2;650;18/03/2010
2010040157;5;2;2;1;3;650;19/03/2010
2010040158;1;2;3;1;6;650;06/04/2010
2010040159;1;2;2;1;1;650;12/04/2010
2010040160;1;2;1;1;6;650;14/04/2010
2010040161;1;2;1;1;3;650;15/04/2010
2010040162;1;2;1;1;2;650;17/04/2010
2010040163;1;2;2;1;6;650;21/04/2010
2010040164;1;2;3;1;6;650;21/04/2010
2010040165;1;2;2;1;3;650;27/04/2010
2010040166;1;2;1;1;3;650;27/04/2010
2010040167;1;2;3;3;3;650;04/05/2010
2010040168;1;2;3;1;3;650;25/05/2010
2010040169;1;2;3;1;3;650;29/05/2010
2010040170;1;1;1;1;6;650;11/06/2010
2010040171;1;2;2;1;3;650;16/06/2010
2010040172;5;2;1;2;6;650;19/06/2010
2010040173;1;2;1;1;6;650;22/06/2010
2010040174;1;2;2;1;6;650;24/06/2010
2010040175;1;2;1;1;6;650;25/06/2010
2010040176;5;2;2;2;6;650;04/07/2010
2010040177;1;2;1;1;1;650;08/07/2010
2010040178;2;2;3;1;6;650;10/07/2010
2010040179;5;2;2;1;3;650;11/07/2010
2010040180;1;2;6;1;1;650;15/07/2010
2010040181;3;1;1;1;7;650;18/07/2010
2010040182;1;2;7;1;6;650;22/07/2010
2010040183;1;2;6;1;2;650;23/07/2010
2010040184;1;2;2;1;3;650;26/07/2010
2010040185;1;1;1;1;4;650;27/07/2010
2010040186;1;2;2;1;6;650;27/07/2010
2010040187;1;1;1;1;1;650;27/07/2010
2010040188;1;2;6;1;3;650;27/07/2010
2010040189;1;2;3;1;3;650;28/07/2010
2010040190;1;2;3;1;3;650;30/07/2010
2010040191;1;2;1;1;6;650;04/08/2010
2010040192;1;2;2;1;3;650;04/08/2010
2010040193;1;2;1;1;6;650;05/08/2010
2010040194;1;2;3;1;2;650;13/08/2010
2010040195;1;2;2;1;3;650;16/08/2010
2010040196;1;2;1;1;2;650;16/08/2010
2010040197;1;2;1;1;6;650;19/08/2010
2010040198;2;2;2;1;3;650;19/08/2010
2010040199;1;2;1;1;2;650;20/08/2010
2010040200;5;2;1;1;6;650;24/08/2010
2010040201;1;2;1;1;3;650;26/08/2010
2010040202;1;2;5;1;3;650;01/09/2010
2010040203;1;2;2;1;6;650;06/09/2010
2010040204;1;2;1;1;3;650;07/09/2010
2010040205;1;2;3;1;3;650;09/09/2010
2010040206;5;2;1;1;3;650;10/09/2010
2010040207;1;2;2;1;5;650;10/09/2010
2010040208;1;2;2;1;6;650;09/09/2010
2010040209;1;2;3;1;6;650;15/09/2010
2010040210;1;2;3;1;7;650;15/09/2010
2010040211;1;2;3;1;5;650;19/09/2010
2010040212;5;2;1;1;3;650;20/09/2010
2010040213;1;2;2;1;6;650;22/09/2010
2010040214;1;2;4;1;3;650;23/09/2010
2010040215;1;2;3;1;3;650;27/09/2010
2010040216;1;2;1;2;3;650;30/09/2010
2010040217;1;2;4;1;3;650;30/09/2010
2010040218;1;1;6;1;1;650;04/10/2010
2010040219;5;2;1;1;1;650;07/10/2010
2010040220;1;2;2;1;2;650;08/10/2010
2010040221;1;2;1;1;3;650;08/10/2010
2010040222;1;2;1;1;3;650;09/10/2010
2010040223;5;2;1;1;6;650;15/10/2010
2010040224;1;2;3;1;1;650;18/10/2010
2010040225;1;2;1;1;6;650;21/10/2010
2010040226;1;2;2;1;6;650;22/10/2010
2010040227;1;2;1;1;2;650;23/10/2010
2010040228;1;1;1;2;6;650;24/10/2010
2010040229;1;1;1;1;3;650;25/10/2010
2010040230;5;2;6;1;7;650;26/10/2010
2010040231;1;2;3;1;3;650;27/10/2010
2010040232;2;2;3;1;3;650;29/10/2010
2010040233;5;2;2;3;2;650;01/11/2010
2010040234;5;2;1;1;3;650;03/11/2010
2010040235;1;2;1;2;6;650;07/11/2010
2010040236;5;2;6;3;6;650;15/11/2010
2010040237;5;2;3;1;3;650;16/11/2010
2010040238;5;2;2;2;3;650;22/11/2010
2010040239;2;2;1;1;2;650;24/11/2010
2010040240;1;2;1;1;6;650;26/11/2010
2010040241;1;2;6;1;3;650;29/11/2010
2010040242;1;2;2;1;1;650;30/11/2010
2010040243;5;2;2;2;3;650;03/12/2010
2010040244;5;2;2;2;3;650;03/12/2010
2010040245;5;2;7;2;3;650;05/12/2010
2010040246;3;1;3;1;1;650;08/12/2010
2010040247;1;1;1;1;1;650;10/12/2010
2010040248;1;2;1;1;5;650;10/12/2010
2010040249;1;2;2;1;6;650;11/12/2010
2010040250;3;1;1;1;1;650;14/12/2010
2010040251;1;2;2;1;1;650;20/12/2010
2010040252;1;2;3;1;6;650;21/12/2010
2010040253;1;2;1;1;6;650;21/12/2010
2010040254;1;2;3;1;3;650;24/12/2010
2010040255;5;1;1;1;3;650;27/12/2010
2010040256;1;2;1;1;3;660;08/01/2010
2010040257;2;2;1;6;6;660;09/01/2010
2010040258;3;2;1;1;3;660;11/01/2010
2010040259;2;2;1;3;6;660;14/01/2010
2010040260;1;1;1;1;2;660;15/01/2010
2010040261;5;2;1;1;6;660;08/01/2010
2010040262;5;2;1;1;2;660;15/01/2010
2010040263;5;2;1;1;6;660;15/01/2010
2010040264;1;2;1;1;3;660;21/01/2010
2010040265;1;2;2;1;6;660;25/01/2010
2010040266;5;2;1;1;6;660;28/01/2010
2010040267;3;1;1;2;1;660;04/02/2010
2010040268;5;2;2;1;3;660;02/02/2010
2010040269;1;2;1;1;6;660;10/02/2010
2010040270;1;2;1;1;3;660;10/02/2010
2010040271;1;2;3;8;3;660;11/02/2010
2010040272;5;2;1;1;6;660;14/02/2010
2010040273;2;2;2;3;1;660;16/02/2010
2010040274;2;2;1;1;3;660;12/02/2010
2010040275;1;2;1;1;6;660;12/02/2010
2010040276;1;2;1;1;2;660;13/02/2010
2010040277;3;2;1;1;2;660;22/02/2010
2010040278;1;1;1;1;3;660;02/03/2010
2010040279;5;2;1;3;6;660;03/03/2010
2010040280;1;2;1;3;3;660;03/03/2010
2010040281;1;2;1;1;3;660;02/03/2010
2010040282;1;2;1;1;3;660;04/03/2010
2010040283;3;1;1;1;6;660;06/03/2010
2010040284;1;2;1;1;3;660;05/03/2010
2010040285;1;1;1;1;3;660;11/03/2010
2010040286;5;2;1;1;6;660;17/03/2010
2010040287;5;2;1;1;2;660;21/03/2010
2010040288;1;2;1;8;6;660;22/03/2010
2010040289;1;2;1;8;6;660;22/03/2010
2010040290;1;1;1;1;2;660;22/03/2010
2010040291;1;1;1;1;3;660;23/03/2010
2010040292;1;2;1;1;2;660;23/03/2010
2010040293;1;2;1;1;3;660;23/03/2010
2010040294;1;2;1;1;6;660;24/03/2010
2010040295;2;2;1;1;6;660;25/03/2010
2010040296;1;1;1;1;3;660;31/03/2010
2010040297;1;1;1;1;6;660;01/04/2010
2010040298;1;2;1;1;3;660;02/04/2010
2010040299;1;2;1;1;6;660;05/04/2010
2010040300;1;2;1;1;1;660;03/04/2010
2010040301;5;2;1;1;6;660;07/04/2010
2010040302;1;2;1;1;3;660;09/04/2010
2010040303;1;2;1;1;3;;09/04/2010
2010040304;1;1;2;1;3;660;12/04/2010
2010040305;1;2;1;1;6;660;13/04/2010
2010040306;1;2;1;1;6;660;09/04/2010
2010040307;1;2;1;1;6;660;14/04/2010
2010040308;1;1;1;1;4;660;15/04/2010
2010040309;1;2;1;1;2;660;16/04/2010
2010040310;1;1;1;1;4;660;17/04/2010
2010040311;1;2;1;1;6;660;18/04/2010
2010040312;1;2;1;1;6;660;20/04/2010
2010040313;1;2;1;1;6;660;20/04/2010
2010040314;1;2;1;1;3;660;18/04/2010
2010040315;1;2;1;1;1;660;22/04/2010
2010040316;1;2;1;1;2;660;24/04/2010
2010040317;1;2;1;1;2;;26/04/2010
2010040318;2;1;1;1;7;660;29/04/2010
2010040319;1;2;1;1;3;660;05/05/2010
2010040320;3;2;2;1;3;660;05/05/2010
2010040321;1;2;1;1;6;660;10/05/2010
2010040322;5;2;1;1;6;660;11/05/2010
2010040323;1;2;1;8;6;660;11/05/2010
2010040324;1;2;1;1;2;660;13/05/2010
2010040325;1;2;1;6;4;;16/05/2010
2010040326;1;1;1;1;1;660;17/05/2010
2010040327;5;2;2;1;6;660;15/05/2010
2010040328;5;2;2;1;3;;23/05/2010
2010040329;1;2;1;1;3;660;26/05/2010
2010040330;1;2;1;1;2;660;28/05/2010
2010040331;1;2;2;1;3;660;28/05/2010
2010040332;5;2;1;1;3;660;29/05/2010
2010040333;1;2;1;1;6;660;29/05/2010
2010040334;1;2;1;1;6;660;31/05/2010
2010040335;1;2;2;1;3;660;01/06/2010
2010040336;1;2;1;1;6;660;02/06/2010
2010040337;1;2;1;1;3;660;03/06/2010
2010040338;1;2;1;1;7;660;04/06/2010
2010040339;1;1;1;1;4;660;04/06/2010
2010040340;2;1;1;1;7;660;26/05/2010
2010040341;1;2;2;1;3;660;04/06/2010
2010040342;1;2;1;1;3;660;05/06/2010
2010040343;2;2;1;1;3;660;06/06/2010
2010040344;1;2;1;1;3;660;11/06/2010
2010040345;1;2;1;1;6;660;13/06/2010
2010040346;1;2;3;1;3;;07/06/2010
2010040347;1;1;1;8;3;660;14/06/2010
2010040348;1;1;1;2;1;660;14/06/2010
2010040349;3;1;1;1;6;660;13/06/2010
2010040350;4;2;1;1;6;660;18/06/2010
2010040351;1;2;2;6;6;660;19/06/2010
2010040352;1;2;1;1;6;660;27/06/2010
2010040353;1;2;1;1;3;660;28/06/2010
2010040354;1;2;1;1;3;660;29/06/2010
2010040355;5;1;1;1;7;660;01/07/2010
2010040356;1;2;1;1;2;660;01/07/2010
2010040357;1;2;2;1;3;660;01/07/2010
2010040358;1;2;1;1;6;660;03/07/2010
2010040359;5;2;2;1;3;660;02/07/2010
2010040360;1;2;1;1;3;660;07/07/2010
2010040361;1;2;1;1;6;660;27/07/2010
2010040362;5;2;1;1;3;660;30/07/2010
2010040363;1;2;1;1;6;660;31/07/2010
2010040364;2;2;2;3;3;660;01/08/2010
2010040365;1;2;1;1;1;660;07/08/2010
2010040366;1;1;1;1;2;660;01/08/2010
2010040367;1;2;1;1;5;660;06/08/2010
2010040368;1;1;1;1;4;660;09/08/2010
2010040369;1;2;1;1;3;660;09/08/2010
2010040370;1;2;1;1;6;660;10/08/2010
2010040371;1;2;2;1;3;660;10/08/2010
2010040372;1;1;1;1;5;660;11/08/2010
2010040373;5;2;2;1;3;660;11/08/2010
2010040374;1;2;1;1;2;660;10/08/2010
2010040375;1;2;1;1;1;660;09/08/2010
2010040376;3;1;1;1;2;660;13/08/2010
2010040377;1;2;2;1;3;660;19/08/2010
2010040378;1;1;1;1;3;660;21/08/2010
2010040379;1;2;1;1;1;660;23/08/2010
2010040380;3;1;1;1;2;660;26/08/2010
2010040381;5;2;1;1;3;660;27/08/2010
2010040382;5;2;2;1;3;660;31/08/2010
2010040383;1;2;1;1;6;660;31/08/2010
2010040384;1;2;1;1;3;660;31/08/2010
2010040385;1;2;1;1;3;660;01/09/2010
2010040386;1;2;1;1;3;660;01/09/2010
2010040387;1;2;1;1;3;660;03/09/2010
2010040388;1;1;1;1;2;660;03/09/2010
2010040389;1;2;2;2;3;660;06/09/2010
2010040390;1;2;1;1;3;660;07/09/2010
2010040391;1;2;1;1;2;660;04/09/2010
2010040392;1;2;2;1;3;660;09/09/2010
2010040393;1;2;3;1;3;660;12/09/2010
2010040394;1;2;1;1;6;660;13/09/2010
2010040395;1;2;1;1;6;660;16/09/2010
2010040396;1;2;2;1;3;660;17/09/2010
2010040397;1;2;2;1;3;;20/09/2010
2010040398;1;2;1;1;6;660;20/09/2010
2010040399;5;2;1;1;3;660;23/09/2010
2010040400;1;2;1;1;6;660;16/09/2010
2010040401;1;2;3;1;3;660;30/09/2010
2010040402;5;2;1;1;6;660;03/10/2010
2010040403;5;2;1;1;6;660;02/10/2010
2010040404;3;1;1;1;4;660;04/10/2010
2010040405;2;2;1;1;2;660;27/09/2010
2010040406;1;1;1;1;6;660;05/10/2010
2010040407;1;2;1;1;6;660;06/10/2010
2010040408;1;2;1;1;3;660;05/10/2010
2010040409;1;2;1;1;1;660;07/10/2010
2010040410;5;2;1;1;3;660;08/10/2010
2010040411;2;2;1;2;6;660;10/10/2010
2010040412;5;2;2;3;3;660;11/10/2010
2010040413;1;2;1;1;6;660;14/10/2010
2010040414;5;2;1;1;5;660;17/10/2010
2010040415;5;2;2;1;3;660;07/10/2010
2010040416;1;2;1;1;6;660;15/10/2010
2010040417;2;2;2;1;3;;20/10/2010
2010040418;1;2;1;1;3;660;21/10/2010
2010040419;2;2;1;6;6;660;26/10/2010
2010040420;1;2;1;1;3;660;03/11/2010
2010040421;1;2;1;1;3;660;05/11/2010
2010040422;1;2;1;1;6;660;04/11/2010
2010040423;1;2;1;1;1;660;09/11/2010
2010040424;5;2;1;1;4;660;09/11/2010
2010040425;1;2;1;1;6;660;12/11/2010
2010040426;5;2;2;1;1;660;12/11/2010
2010040427;1;2;1;1;3;660;13/11/2010
2010040428;2;1;1;1;2;660;14/11/2010
2010040429;2;2;1;1;3;660;13/11/2010
2010040430;2;2;1;1;2;660;16/11/2010
2010040431;1;2;1;1;3;660;16/11/2010
2010040432;1;2;1;1;6;660;16/11/2010
2010040433;3;1;1;1;6;660;19/11/2010
2010040434;2;2;1;1;3;660;19/11/2010
2010040435;1;2;1;1;6;660;02/11/2010
2010040436;5;2;2;1;3;660;22/11/2010
2010040437;1;2;1;1;6;660;23/11/2010
2010040438;1;2;1;2;1;660;01/12/2010
2010040439;1;1;1;2;4;660;01/12/2010
2010040440;2;2;1;2;6;660;30/11/2010
2010040441;1;1;1;1;6;660;03/12/2010
2010040442;1;2;1;1;3;660;02/12/2010
2010040443;5;2;1;2;4;660;02/12/2010
2010040444;5;2;1;1;6;660;02/12/2010
2010040445;5;2;6;1;3;660;03/12/2010
2010040446;5;2;1;1;1;660;04/12/2010
2010040447;1;2;1;1;3;660;06/12/2010
2010040448;1;2;1;1;2;;06/12/2010
2010040449;1;2;1;1;6;660;05/12/2010
2010040450;2;2;1;1;6;;09/12/2010
2010040451;2;2;1;1;6;660;11/12/2010
2010040452;1;2;1;1;3;660;11/12/2010
2010040453;1;2;1;1;6;660;11/12/2010
2010040454;1;2;2;1;3;660;14/12/2010
2010040455;1;2;1;1;3;660;09/12/2010
2010040456;2;2;1;1;6;660;22/12/2010
2010040457;1;2;3;1;3;660;09/12/2010
2010040458;1;2;1;6;4;660;24/12/2010
2010040459;3;1;1;1;5;670;04/01/2010
2010040460;1;2;1;4;1;670;01/02/2010
2010040461;1;1;1;4;1;670;12/02/2010
2010040462;3;1;1;1;6;670;07/03/2010
2010040463;1;1;1;1;4;670;22/03/2010
2010040464;1;1;6;2;6;670;29/03/2010
2010040465;1;1;1;1;6;670;22/04/2010
2010040466;5;2;1;1;6;670;25/04/2010
2010040467;1;2;1;2;6;670;19/05/2010
2010040468;1;2;1;1;3;670;25/05/2010
2010040469;1;2;1;1;1;670;29/05/2010
2010040470;1;2;1;1;6;670;28/05/2010
2010040471;1;1;1;3;7;670;06/06/2010
2010040472;2;2;1;1;3;670;24/06/2010
2010040473;1;2;1;1;3;670;28/06/2010
2010040474;1;1;1;1;7;670;13/07/2010
2010040475;1;2;2;1;3;670;07/10/2010
2010040476;1;2;2;1;3;670;13/11/2010
2010040477;1;1;1;4;7;670;27/11/2010
2010040478;1;2;1;4;3;670;30/11/2010
2010040479;3;1;1;4;1;670;21/12/2010
2010040480;1;1;1;8;1;670;23/02/2010
2010040481;1;1;1;1;1;670;29/03/2010
2010040482;5;2;5;1;1;670;01/04/2010
2010040483;1;2;3;2;2;670;26/05/2010
2010040484;1;2;2;1;3;670;08/07/2010
2010040485;1;2;2;1;3;670;27/09/2010
2010040486;1;2;1;7;6;670;04/12/2010
2010040487;5;2;1;1;6;670;01/01/2010
2010040488;1;2;1;1;6;670;03/01/2010
2010040489;1;2;3;8;6;670;04/01/2010
2010040490;1;2;4;1;3;670;05/01/2010
2010040491;1;2;2;1;3;670;05/01/2010
2010040492;2;2;4;4;5;670;07/01/2010
2010040493;1;2;3;4;6;670;07/01/2010
2010040494;5;2;1;4;3;670;09/01/2010
2010040495;5;2;3;4;3;670;10/01/2010
2010040496;1;2;1;8;5;670;13/01/2010
2010040497;5;2;3;5;3;670;19/01/2010
2010040498;1;2;1;1;6;670;15/01/2010
2010040499;5;2;3;2;6;670;18/01/2010
2010040500;5;2;1;1;4;670;18/01/2010
2010040501;1;2;3;1;3;670;18/01/2010
2010040502;1;2;2;8;6;670;19/01/2010
2010040503;2;2;1;1;1;670;20/01/2010
2010040504;1;2;1;1;6;670;20/01/2010
2010040505;1;2;1;1;6;670;21/01/2010
2010040506;1;2;1;1;6;670;23/01/2010
2010040507;1;2;1;2;5;670;25/01/2010
2010040508;1;2;2;1;6;670;26/01/2010
2010040509;5;2;1;1;6;670;26/01/2010
2010040510;2;2;1;4;2;670;28/01/2010
2010040511;1;2;1;4;6;670;28/01/2010
2010040512;5;2;1;1;6;670;28/01/2010
2010040513;5;2;1;4;3;670;31/01/2010
2010040514;1;2;2;8;6;670;01/02/2010
2010040515;5;2;1;1;6;670;04/02/2010
2010040516;1;2;1;2;6;670;05/02/2010
2010040517;5;2;2;2;6;670;05/02/2010