num_acc;lum;agg;inter;atm;col;dep;date
2010040518;5;1;1;9;6;670;05/02/2010
2010040519;5;2;1;1;6;670;05/02/2010
2010040520;1;2;2;1;3;670;07/02/2010
2010040521;5;2;1;1;6;670;12/02/2010
2010040522;1;2;1;1;3;670;16/02/2010
2010040523;5;2;1;1;6;670;16/02/2010
2010040524;1;2;2;3;3;670;19/02/2010
2010040525;1;2;1;2;3;670;19/02/2010
2010040526;1;2;1;1;3;670;20/02/2010
2010040527;5;2;1;1;6;670;21/02/2010
2010040528;5;2;2;1;6;670;21/02/2010
2010040529;1;2;2;1;6;670;22/02/2010
2010040530;1;2;1;2;6;670;24/02/2010
2010040531;1;2;3;1;3;670;24/02/2010
2010040532;1;2;1;1;4;670;24/02/2010
2010040533;1;2;2;1;3;670;25/02/2010
2010040534;1;2;1;2;6;670;26/02/2010
2010040535;1;2;3;1;6;670;26/02/2010
2010040536;5;2;1;1;6;670;26/02/2010
2010040537;1;2;1;1;3;670;27/02/2010
2010040538;2;2;1;6;6;670;28/02/2010
2010040539;1;2;1;1;6;670;01/03/2010
2010040540;1;2;2;1;3;670;01/03/2010
2010040541;1;2;1;1;6;670;01/03/2010
2010040542;2;2;1;2;6;670;02/03/2010
2010040543;1;2;2;2;3;670;02/03/2010
2010040544;1;2;2;1;3;670;02/03/2010
2010040545;1;2;2;8;3;670;02/03/2010
2010040546;5;2;3;1;6;670;02/03/2010
2010040547;1;2;3;1;1;670;03/03/2010
2010040548;1;2;1;1;6;670;03/03/2010
2010040549;1;2;3;1;3;670;03/03/2010
2010040550;1;2;1;1;2;670;04/03/2010
2010040551;1;2;1;1;4;670;04/03/2010
2010040552;1;2;1;1;6;670;05/03/2010
2010040553;1;2;1;1;6;670;05/03/2010
2010040554;5;2;1;1;6;670;08/03/2010
2010040555;1;2;2;1;6;670;07/03/2010
2010040556;1;2;1;1;6;670;08/03/2010
2010040557;1;2;8;1;6;670;08/03/2010
2010040558;1;2;1;1;1;670;08/03/2010
2010040559;5;2;3;1;2;670;08/03/2010
2010040560;5;2;2;1;6;670;09/03/2010
2010040561;1;2;1;1;6;670;09/03/2010
2010040562;1;2;1;1;6;670;09/03/2010
2010040563;1;2;1;6;6;670;10/03/2010
2010040564;5;2;1;1;3;670;10/03/2010
2010040565;1;2;3;4;6;670;11/03/2010
2010040566;1;2;1;4;6;670;11/03/2010
2010040567;1;2;1;1;7;670;12/03/2010
2010040568;1;2;2;2;3;670;15/03/2010
2010040569;1;2;2;2;3;670;17/03/2010
2010040570;1;2;1;1;6;670;16/03/2010
2010040571;1;2;2;1;6;670;16/03/2010
2010040572;1;2;2;1;3;670;17/03/2010
2010040573;5;2;2;1;3;670;17/03/2010
2010040574;1;2;1;1;5;670;19/03/2010
2010040575;1;2;2;1;3;670;19/03/2010
2010040576;1;2;1;1;6;670;19/03/2010
2010040577;5;2;2;2;3;670;21/03/2010
2010040578;1;2;3;1;3;670;22/03/2010
2010040579;1;2;1;1;4;670;23/03/2010
2010040580;2;2;1;1;5;670;23/03/2010
2010040581;5;2;1;1;6;670;23/03/2010
2010040582;1;2;2;1;6;670;24/03/2010
2010040583;1;2;1;1;3;670;25/03/2010
2010040584;1;2;2;1;3;670;24/03/2010
2010040585;1;2;2;2;3;670;26/03/2010
2010040586;1;2;3;1;6;670;26/03/2010
2010040587;5;2;2;2;3;670;26/03/2010
2010040588;5;2;3;2;3;670;26/03/2010
2010040589;1;1;1;1;3;670;27/03/2010
2010040590;5;2;1;1;1;670;27/03/2010
2010040591;1;2;2;8;3;670;28/03/2010
2010040592;5;2;3;1;3;670;28/03/2010
2010040593;1;2;2;1;3;670;30/03/2010
2010040594;1;2;2;1;3;670;30/03/2010
2010040595;5;2;1;1;6;670;30/03/2010
2010040596;1;2;1;2;2;670;31/03/2010
2010040597;1;2;1;1;6;670;01/04/2010
2010040598;5;2;1;1;7;670;02/04/2010
2010040599;1;2;5;1;6;670;03/04/2010
2010040600;1;2;3;1;6;670;06/04/2010
2010040601;1;1;1;1;3;670;06/04/2010
2010040602;1;2;1;1;6;670;06/04/2010
2010040603;5;2;1;1;6;670;06/04/2010
2010040604;1;2;1;1;2;670;07/04/2010
2010040605;1;2;1;1;6;670;07/04/2010
2010040606;1;2;1;8;3;670;08/04/2010
2010040607;1;2;1;1;3;670;09/04/2010
2010040608;1;2;2;1;3;670;09/04/2010
2010040609;1;2;1;1;4;670;09/04/2010
2010040610;1;1;1;1;6;670;09/04/2010
2010040611;1;2;1;2;3;670;13/04/2010
2010040612;1;2;1;1;6;670;13/04/2010
2010040613;1;2;1;1;6;670;13/04/2010
2010040614;1;2;1;1;3;670;14/04/2010
2010040615;1;2;1;1;6;670;14/04/2010
2010040616;1;2;1;1;3;670;15/04/2010
2010040617;1;2;2;1;6;670;15/04/2010
2010040618;5;2;2;1;3;670;15/04/2010
2010040619;1;2;3;1;3;670;17/04/2010
2010040620;1;2;1;1;6;670;17/04/2010
2010040621;5;2;2;1;6;670;18/04/2010
2010040622;2;2;1;1;6;670;18/04/2010
2010040623;1;2;4;1;6;670;18/04/2010
2010040624;1;2;1;1;6;670;18/04/2010
2010040625;1;2;1;2;3;670;19/04/2010
2010040626;1;2;1;1;3;670;21/04/2010
2010040627;1;2;3;1;3;670;21/04/2010
2010040628;1;2;1;1;3;670;21/04/2010
2010040629;1;2;1;1;6;670;22/04/2010
2010040630;1;2;3;1;6;670;23/04/2010
2010040631;1;2;1;1;6;670;25/04/2010
2010040632;1;2;2;1;3;670;27/04/2010
2010040633;1;2;1;1;6;670;27/04/2010
2010040634;1;2;1;1;6;670;27/04/2010
2010040635;1;2;1;1;6;670;28/04/2010
2010040636;1;2;1;1;3;670;28/04/2010
2010040637;2;2;2;1;3;670;28/04/2010
2010040638;1;2;4;1;6;670;29/04/2010
2010040639;1;2;1;1;6;670;30/04/2010
2010040640;1;2;2;1;3;670;30/04/2010
2010040641;5;2;1;2;6;670;30/04/2010
2010040642;1;2;2;1;2;670;02/05/2010
2010040643;1;2;3;8;3;670;03/05/2010
2010040644;1;2;3;8;2;670;03/05/2010
2010040645;1;2;1;1;3;670;05/05/2010
2010040646;1;2;2;1;6;670;05/05/2010
2010040647;1;2;1;3;6;670;06/05/2010
2010040648;5;2;1;2;6;670;07/05/2010
2010040649;1;2;1;1;6;670;08/05/2010
2010040650;1;2;2;2;3;670;09/05/2010
2010040651;5;2;3;2;3;670;09/05/2010
2010040652;1;2;1;1;2;670;08/05/2010
2010040653;1;2;2;1;3;670;10/05/2010
2010040654;1;2;2;1;2;670;12/05/2010
2010040655;1;2;1;1;6;670;12/05/2010
2010040656;1;2;2;1;3;670;13/05/2010
2010040657;1;2;2;1;1;670;14/05/2010
2010040658;2;2;1;1;6;670;14/05/2010
2010040659;2;2;1;1;2;670;16/05/2010
2010040660;1;2;1;1;6;670;17/05/2010
2010040661;1;2;1;1;4;670;17/05/2010
2010040662;1;2;2;1;6;670;17/05/2010
2010040663;1;2;2;1;2;670;18/05/2010
2010040664;1;2;1;1;1;670;18/05/2010
2010040665;1;2;1;1;6;670;18/05/2010
2010040666;1;2;1;1;3;670;18/05/2010
2010040667;1;2;1;1;6;670;18/05/2010
2010040668;1;2;2;1;7;670;19/05/2010
2010040669;1;2;3;2;3;670;19/05/2010
2010040670;1;2;2;2;3;670;20/05/2010
2010040671;1;2;1;1;4;670;20/05/2010
2010040672;1;2;1;1;3;670;21/05/2010
2010040673;1;2;1;8;6;670;21/05/2010
2010040674;1;2;1;2;6;670;21/05/2010
2010040675;1;2;2;1;3;670;21/05/2010
2010040676;5;2;1;1;7;670;22/05/2010
2010040677;1;2;5;1;6;670;22/05/2010
2010040678;1;2;1;1;6;670;22/05/2010
2010040679;5;2;3;1;6;670;22/05/2010
2010040680;1;2;1;1;2;670;24/05/2010
2010040681;1;2;1;1;6;670;25/05/2010
2010040682;1;2;1;2;1;670;26/05/2010
2010040683;1;2;2;3;6;670;26/05/2010
2010040684;1;2;1;2;6;670;26/05/2010
2010040685;5;2;1;2;3;670;26/05/2010
2010040686;1;2;1;1;2;670;27/05/2010
2010040687;2;2;4;1;3;670;28/05/2010
2010040688;5;2;1;1;2;670;28/05/2010
2010040689;2;2;2;1;3;670;29/05/2010
2010040690;1;2;2;1;3;670;29/05/2010
2010040691;2;2;1;1;6;670;29/05/2010
2010040692;1;2;1;1;1;670;30/05/2010
2010040693;1;2;1;1;3;670;01/06/2010
2010040694;1;2;1;1;2;670;01/06/2010
2010040695;1;2;1;1;3;670;02/06/2010
2010040696;1;2;1;1;3;670;04/06/2010
2010040697;1;2;1;1;2;670;04/06/2010
2010040698;1;2;1;1;6;670;04/06/2010
2010040699;1;2;2;1;6;670;04/06/2010
2010040700;1;2;1;1;6;670;04/06/2010
2010040701;1;2;2;1;6;670;04/06/2010
2010040702;1;2;1;1;6;670;05/06/2010
2010040703;1;2;1;1;1;670;05/06/2010
2010040704;1;2;2;1;6;670;05/06/2010
2010040705;1;2;1;1;3;670;05/06/2010
2010040706;1;2;1;1;2;670;05/06/2010
2010040707;1;2;1;1;2;670;07/06/2010
2010040708;1;2;5;1;6;670;05/06/2010
2010040709;5;2;1;1;6;670;05/06/2010
2010040710;1;2;1;1;6;670;07/06/2010
2010040711;1;2;1;1;3;670;07/06/2010
2010040712;1;2;1;1;3;670;07/06/2010
2010040713;1;2;1;1;3;670;08/06/2010
2010040714;1;2;1;1;4;670;08/06/2010
2010040715;1;1;2;1;3;670;09/06/2010
2010040716;1;2;1;1;4;670;09/06/2010
2010040717;1;2;1;1;3;670;11/06/2010
2010040718;1;2;2;1;3;670;11/06/2010
2010040719;1;2;2;1;3;670;12/06/2010
2010040720;1;2;2;1;6;670;12/06/2010
2010040721;1;2;1;1;6;670;12/06/2010
2010040722;1;1;2;1;6;670;13/06/2010
2010040723;1;2;1;1;6;670;15/06/2010
2010040724;1;2;1;1;6;670;15/06/2010
2010040725;1;2;1;1;6;670;16/06/2010
2010040726;1;2;1;1;6;670;16/06/2010
2010040727;1;2;3;1;3;670;16/06/2010
2010040728;5;2;1;2;6;670;17/06/2010
2010040729;1;2;1;1;7;670;17/06/2010
2010040730;1;2;2;8;3;670;18/06/2010
2010040731;1;2;2;1;3;670;18/06/2010
2010040732;1;2;3;1;3;670;18/06/2010
2010040733;1;2;1;1;6;670;18/06/2010
2010040734;5;2;2;1;3;670;19/06/2010
2010040735;1;2;1;1;3;670;19/06/2010
2010040736;1;2;5;1;3;670;21/06/2010
2010040737;1;2;1;1;3;670;21/06/2010
2010040738;1;2;3;1;2;670;22/06/2010
2010040739;1;2;6;1;3;670;22/06/2010
2010040740;1;2;1;1;3;670;22/06/2010
2010040741;1;2;2;1;3;670;23/06/2010
2010040742;1;1;1;1;6;670;23/06/2010
2010040743;1;2;2;1;3;670;23/06/2010
2010040744;1;2;2;1;3;670;23/06/2010
2010040745;1;2;1;1;3;670;24/06/2010
2010040746;1;2;2;1;7;670;24/06/2010
2010040747;1;2;1;1;6;670;24/06/2010
2010040748;1;2;1;1;3;670;25/06/2010
2010040749;1;2;1;1;3;670;25/06/2010
2010040750;1;2;1;1;7;670;25/06/2010
2010040751;1;2;2;1;3;670;25/06/2010
2010040752;3;2;1;1;7;670;25/06/2010
2010040753;5;2;1;1;7;670;27/06/2010
2010040754;5;2;1;1;2;670;27/06/2010
2010040755;1;2;1;1;6;670;28/06/2010
2010040756;1;2;2;1;3;670;29/06/2010
2010040757;1;2;3;1;3;670;29/06/2010
2010040758;1;2;1;1;6;670;29/06/2010
2010040759;2;2;2;2;6;670;29/06/2010
2010040760;1;2;2;1;3;670;30/06/2010
2010040761;1;2;3;1;3;670;30/06/2010
2010040762;1;2;1;1;3;670;30/06/2010
2010040763;1;2;1;1;6;670;30/06/2010
2010040764;1;2;1;1;6;670;01/07/2010
2010040765;1;2;1;1;6;670;01/07/2010
2010040766;1;2;3;1;3;670;01/07/2010
2010040767;5;2;3;1;6;670;02/07/2010
2010040768;1;2;3;7;3;670;02/07/2010
2010040769;1;2;2;1;3;670;02/07/2010
2010040770;1;2;2;1;3;670;02/07/2010
2010040771;5;2;2;1;6;670;02/07/2010
2010040772;1;2;3;1;3;670;04/07/2010
2010040773;1;2;1;1;2;670;05/07/2010
2010040774;1;2;9;1;6;670;06/07/2010
2010040775;1;2;3;1;6;670;06/07/2010
2010040776;1;2;3;1;6;670;06/07/2010
2010040777;1;2;3;1;3;670;06/07/2010
2010040778;1;2;1;1;3;670;07/07/2010
2010040779;1;2;3;1;3;670;07/07/2010
2010040780;1;2;2;1;6;670;07/07/2010
2010040781;1;2;1;1;2;670;07/07/2010
2010040782;1;2;1;1;7;670;08/07/2010
2010040783;5;2;3;1;3;670;10/07/2010
2010040784;1;2;3;1;3;670;09/07/2010
2010040785;1;2;1;1;7;670;09/07/2010
2010040786;5;2;3;1;3;670;10/07/2010
2010040787;1;2;1;1;7;670;10/07/2010
2010040788;1;2;2;1;3;670;10/07/2010
2010040789;5;2;1;3;7;670;10/07/2010
2010040790;1;2;1;1;6;670;11/07/2010
2010040791;1;2;1;1;3;670;12/07/2010
2010040792;1;2;3;1;3;670;12/07/2010
2010040793;1;2;3;1;7;670;13/07/2010
2010040794;1;2;2;1;3;670;13/07/2010
2010040795;5;2;2;1;3;670;14/07/2010
2010040796;1;2;3;1;3;670;16/07/2010
2010040797;1;2;1;1;7;670;18/07/2010
2010040798;2;2;2;1;3;670;18/07/2010
2010040799;1;2;5;1;3;670;19/07/2010
2010040800;1;2;2;1;6;670;19/07/2010
2010040801;1;2;1;1;6;670;20/07/2010
2010040802;1;2;1;1;2;670;21/07/2010
2010040803;1;2;1;1;3;670;21/07/2010
2010040804;1;2;2;1;2;670;21/07/2010
2010040805;5;2;1;8;2;670;21/07/2010
2010040806;1;2;1;2;6;670;22/07/2010
2010040807;1;2;2;1;6;670;23/07/2010
2010040808;1;2;3;8;2;670;23/07/2010
2010040809;2;2;2;2;3;670;23/07/2010
2010040810;1;2;1;2;6;670;28/07/2010
2010040811;1;2;1;2;7;670;28/07/2010
2010040812;1;2;2;1;3;670;28/07/2010
2010040813;1;2;1;1;6;670;29/07/2010
2010040814;1;2;1;1;2;670;29/07/2010
2010040815;1;2;1;2;6;670;30/07/2010
2010040816;1;2;2;1;6;670;31/07/2010
2010040817;1;2;2;1;3;670;31/07/2010
2010040818;1;2;1;1;6;670;31/07/2010
2010040819;5;2;2;1;3;670;31/07/2010
2010040820;1;2;2;1;1;670;03/08/2010
2010040821;1;2;1;1;6;670;07/08/2010
2010040822;1;2;2;1;6;670;09/08/2010
2010040823;1;2;3;1;3;670;10/08/2010
2010040824;5;2;3;1;6;670;10/08/2010
2010040825;5;2;1;2;3;670;11/08/2010
2010040826;1;2;3;1;3;670;13/08/2010
2010040827;1;2;1;1;6;670;13/08/2010
2010040828;1;2;2;1;6;670;13/08/2010
2010040829;1;2;1;1;1;670;17/08/2010
2010040830;1;2;3;2;2;670;17/08/2010
2010040831;1;2;1;2;6;670;18/08/2010
2010040832;1;2;2;2;6;670;18/08/2010
2010040833;1;2;1;1;6;670;19/08/2010
2010040834;1;2;1;1;6;670;19/08/2010
2010040835;5;2;3;1;6;670;19/08/2010
2010040836;1;2;1;1;3;670;20/08/2010
2010040837;1;2;2;1;3;670;20/08/2010
2010040838;1;2;1;1;6;670;20/08/2010
2010040839;5;2;3;1;3;670;20/08/2010
2010040840;1;2;3;1;3;670;22/08/2010
2010040841;5;2;3;1;6;670;24/08/2010
2010040842;1;2;3;3;6;670;24/08/2010
2010040843;5;2;2;1;6;670;25/08/2010
2010040844;1;2;4;1;6;670;25/08/2010
2010040845;1;2;3;1;3;670;26/08/2010
2010040846;1;2;3;1;3;670;26/08/2010
2010040847;1;2;1;1;6;670;27/08/2010
2010040848;1;2;1;1;5;670;27/08/2010
2010040849;1;1;1;2;3;670;28/08/2010
2010040850;1;2;1;1;6;670;28/08/2010
2010040851;1;2;3;3;6;670;29/08/2010
2010040852;1;2;1;1;6;670;30/08/2010
2010040853;1;2;2;1;3;670;30/08/2010
2010040854;1;2;1;1;3;670;01/09/2010
2010040855;1;2;2;1;3;670;02/09/2010
2010040856;1;2;2;1;3;670;03/09/2010
2010040857;1;2;3;1;5;670;04/09/2010
2010040858;4;2;1;1;3;670;04/09/2010
2010040859;5;2;1;1;3;670;05/09/2010
2010040860;1;2;2;1;3;670;05/09/2010
2010040861;1;2;1;1;2;670;06/09/2010
2010040862;1;2;2;1;6;670;06/09/2010
2010040863;1;2;1;2;6;670;07/09/2010
2010040864;1;2;1;1;3;670;07/09/2010
2010040865;1;2;1;1;3;670;08/09/2010
2010040866;1;2;1;2;3;670;08/09/2010
2010040867;1;2;1;1;6;670;08/09/2010
2010040868;5;1;2;1;6;670;08/09/2010
2010040869;1;2;3;1;4;670;10/09/2010
2010040870;1;2;1;1;6;670;10/09/2010
2010040871;2;2;3;1;3;670;11/09/2010
2010040872;1;2;1;1;3;670;12/09/2010
2010040873;4;2;1;2;2;670;12/09/2010
2010040874;1;2;3;1;3;670;13/09/2010
2010040875;5;2;3;1;3;670;14/09/2010
2010040876;2;2;1;1;6;670;15/09/2010
2010040877;1;2;3;2;6;670;15/09/2010
2010040878;1;2;3;1;3;670;16/09/2010
2010040879;1;2;1;1;2;670;16/09/2010
2010040880;1;2;2;1;6;670;16/09/2010
2010040881;1;2;1;1;3;670;17/09/2010
2010040882;1;2;1;1;3;670;17/09/2010
2010040883;1;2;1;1;3;670;18/09/2010
2010040884;5;2;1;1;6;670;19/09/2010
2010040885;5;2;1;1;6;670;19/09/2010
2010040886;1;2;2;1;6;670;20/09/2010
2010040887;1;2;1;1;6;670;21/09/2010
2010040888;1;2;6;1;6;670;21/09/2010
2010040889;1;2;9;1;2;670;21/09/2010
2010040890;1;2;1;1;3;670;21/09/2010
2010040891;1;2;1;1;2;670;22/09/2010
2010040892;1;2;1;2;3;670;24/09/2010
2010040893;1;2;3;2;3;670;24/09/2010
2010040894;1;2;1;2;2;670;24/09/2010
2010040895;2;2;2;2;3;670;24/09/2010
2010040896;1;2;1;8;6;670;28/09/2010
2010040897;5;2;2;1;3;670;26/09/2010
2010040898;1;2;2;1;4;670;27/09/2010
2010040899;2;2;1;1;2;670;27/09/2010
2010040900;1;2;1;1;6;670;29/09/2010
2010040901;1;2;2;8;3;670;29/09/2010
2010040902;1;2;3;1;2;670;02/10/2010
2010040903;5;2;1;1;1;670;01/10/2010
2010040904;1;2;3;2;3;670;02/10/2010
2010040905;1;2;1;1;1;670;02/10/2010
2010040906;5;2;3;1;6;670;03/10/2010
2010040907;2;2;3;1;3;670;03/10/2010
2010040908;1;2;9;1;6;670;04/10/2010
2010040909;1;2;1;1;6;670;04/10/2010
2010040910;1;2;2;1;6;670;04/10/2010
2010040911;5;2;2;1;6;670;04/10/2010
2010040912;5;1;2;1;2;670;04/10/2010
2010040913;1;2;2;1;3;670;05/10/2010
2010040914;5;2;1;1;5;670;06/10/2010
2010040915;5;2;1;1;6;670;06/10/2010
2010040916;4;2;1;1;3;670;05/10/2010
2010040917;1;2;1;1;6;670;06/10/2010
2010040918;2;2;2;5;3;670;07/10/2010
2010040919;5;2;1;1;3;670;06/10/2010
2010040920;1;2;1;1;7;670;06/10/2010
2010040921;1;2;3;1;3;670;08/10/2010
2010040922;2;2;3;1;3;670;09/10/2010
2010040923;1;2;3;1;3;670;10/10/2010
2010040924;1;2;1;1;2;670;11/10/2010
2010040925;1;2;2;1;6;670;12/10/2010
2010040926;1;2;1;1;6;670;13/10/2010
2010040927;1;2;2;1;3;670;13/10/2010
2010040928;1;2;3;1;3;670;15/10/2010
2010040929;1;2;2;1;3;670;15/10/2010
2010040930;1;2;1;1;6;670;15/10/2010
2010040931;1;2;1;1;6;670;18/10/2010
2010040932;2;2;1;2;6;670;20/10/2010
2010040933;2;2;3;3;6;670;20/10/2010
2010040934;1;2;1;2;3;670;20/10/2010
2010040935;1;2;2;1;3;670;21/10/2010
2010040936;1;2;2;1;3;670;21/10/2010
2010040937;1;2;1;1;6;670;21/10/2010
2010040938;1;2;2;1;3;670;22/10/2010
2010040939;1;2;2;1;3;670;22/10/2010
2010040940;1;2;1;1;6;670;23/10/2010
2010040941;1;2;3;1;3;670;23/10/2010
2010040942;1;2;2;2;3;670;24/10/2010
2010040943;5;2;1;1;6;670;25/10/2010
2010040944;5;1;1;1;6;670;26/10/2010
2010040945;1;2;1;1;6;670;27/10/2010
2010040946;1;2;1;1;3;670;27/10/2010
2010040947;1;2;3;1;3;670;29/10/2010
2010040948;5;2;2;1;6;670;29/10/2010
2010040949;1;2;1;1;3;670;01/11/2010
2010040950;1;2;1;1;2;670;02/11/2010
2010040951;1;2;1;1;2;670;02/11/2010
2010040952;1;2;1;1;6;670;02/11/2010
2010040953;5;2;2;1;6;670;02/11/2010
2010040954;1;2;1;1;3;670;03/11/2010
2010040955;2;2;3;8;3;670;03/11/2010
2010040956;1;2;2;1;3;670;04/11/2010
2010040957;5;2;1;8;2;670;04/11/2010
2010040958;5;2;1;8;3;670;04/11/2010
2010040959;1;2;1;1;3;670;05/11/2010
2010040960;1;2;2;1;3;670;05/11/2010
2010040961;1;2;1;1;5;670;05/11/2010
2010040962;1;2;1;1;2;670;06/11/2010
2010040963;1;2;1;1;6;670;05/11/2010
2010040964;5;2;3;1;6;670;06/11/2010
2010040965;1;2;1;1;6;670;08/11/2010
2010040966;1;2;3;1;3;670;08/11/2010
2010040967;1;2;2;1;6;670;09/11/2010
2010040968;2;2;1;8;2;670;09/11/2010
2010040969;5;2;1;1;6;670;09/11/2010
2010040970;1;2;3;2;6;670;10/11/2010
2010040971;1;2;1;2;6;670;10/11/2010
2010040972;1;2;2;1;1;670;11/11/2010
2010040973;5;2;3;2;6;670;11/11/2010
2010040974;5;2;2;2;3;670;11/11/2010
2010040975;2;2;3;2;6;670;12/11/2010
2010040976;5;2;2;6;3;670;13/11/2010
2010040977;1;2;1;1;6;670;13/11/2010
2010040978;5;2;1;1;6;670;13/11/2010
2010040979;1;2;5;1;6;670;14/11/2010
2010040980;5;2;1;2;6;670;14/11/2010
2010040981;1;2;2;1;3;670;16/11/2010
2010040982;1;2;1;1;6;670;17/11/2010
2010040983;1;2;1;1;7;670;17/11/2010
2010040984;1;2;1;1;6;670;17/11/2010
2010040985;1;2;1;1;6;670;17/11/2010
2010040986;5;2;2;1;6;670;17/11/2010
2010040987;5;2;2;1;3;670;17/11/2010
2010040988;1;2;3;1;3;670;18/11/2010
2010040989;5;2;1;1;3;670;18/11/2010
2010040990;1;2;2;2;6;670;19/11/2010
2010040991;1;2;1;2;6;670;19/11/2010
2010040992;3;2;1;1;6;670;19/11/2010
2010040993;5;2;1;1;3;670;19/11/2010
2010040994;1;2;3;1;3;670;20/11/2010
2010040995;5;2;2;1;3;670;20/11/2010
2010040996;5;2;1;2;3;670;22/11/2010
2010040997;1;2;1;1;3;670;23/11/2010
2010040998;2;2;1;1;6;670;23/11/2010
2010040999;1;2;1;8;6;670;24/11/2010
2010041000;5;2;6;2;3;670;24/11/2010
2010041001;5;2;6;2;3;670;24/11/2010
2010041002;5;2;1;3;6;670;25/11/2010
2010041003;1;2;1;1;7;670;26/11/2010
2010041004;5;2;1;4;2;670;26/11/2010
2010041005;5;2;2;4;3;670;26/11/2010
2010041006;5;2;2;1;3;670;26/11/2010
2010041007;5;2;2;1;3;670;27/11/2010
2010041008;5;2;3;1;2;670;29/11/2010
2010041009;5;2;1;1;3;670;30/11/2010
2010041010;5;2;2;1;3;670;02/12/2010
2010041011;1;2;3;1;3;670;03/12/2010
2010041012;1;2;2;1;7;670;04/12/2010
2010041013;5;2;1;4;7;670;06/12/2010
2010041014;1;2;3;2;2;670;06/12/2010
2010041015;5;2;3;1;3;670;04/12/2010
2010041016;2;2;2;2;6;670;07/12/2010
2010041017;1;2;2;2;3;670;07/12/2010
2010041018;5;2;2;3;3;670;07/12/2010
2010041019;1;2;3;3;3;670;08/12/2010
2010041020;5;2;2;2;3;670;08/12/2010
2010041021;5;2;1;3;6;670;08/12/2010
2010041022;3;2;1;3;6;670;08/12/2010
2010041023;2;2;1;1;2;670;09/12/2010
2010041024;1;2;3;2;6;670;10/12/2010
2010041025;2;2;1;2;6;670;10/12/2010
2010041026;2;2;3;2;5;670;10/12/2010
2010041027;1;2;1;1;4;670;11/12/2010
2010041028;1;2;2;1;3;670;13/12/2010
2010041029;1;2;2;1;6;670;14/12/2010
2010041030;1;2;1;1;6;670;16/12/2010
2010041031;2;2;3;6;3;670;16/12/2010
2010041032;1;2;1;2;6;670;21/12/2010
2010041033;5;2;2;2;3;670;19/12/2010
2010041034;5;2;2;2;6;670;21/12/2010
2010041035;2;2;1;2;1;670;22/12/2010
2010041036;1;2;2;2;3;670;22/12/2010
2010041037;5;2;3;1;3;670;22/12/2010
2010041038;2;2;2;4;5;670;24/12/2010
2010041039;5;2;1;4;2;670;27/12/2010
2010041040;1;2;1;1;5;670;27/12/2010
2010041041;2;2;6;1;2;670;27/12/2010
2010041042;5;2;2;2;3;670;28/12/2010
2010041043;5;2;3;4;2;670;30/12/2010
2010041044;1;2;3;2;6;670;02/01/2010
2010041045;1;2;2;1;3;680;16/01/2010
2010041046;1;2;1;1;6;680;16/01/2010
2010041047;1;1;1;1;6;680;21/01/2010
2010041048;2;2;3;1;3;680;21/01/2010
2010041049;5;2;7;1;3;680;21/01/2010
2010041050;1;2;3;2;3;680;26/01/2010
2010041051;5;2;3;1;6;680;02/02/2010
2010041052;1;2;1;1;3;680;24/02/2010
2010041053;1;2;2;2;6;680;25/02/2010
2010041054;1;2;3;1;3;680;02/03/2010
2010041055;1;2;1;1;1;680;05/03/2010
2010041056;1;2;1;1;6;680;12/03/2010
2010041057;5;2;1;1;2;680;26/03/2010
2010041058;1;2;2;1;3;680;27/03/2010
2010041059;1;2;1;1;2;680;29/03/2010
2010041060;1;2;1;1;3;680;31/03/2010
2010041061;1;2;3;1;2;680;09/04/2010
2010041062;1;2;1;1;3;680;18/04/2010
2010041063;1;2;3;1;2;680;24/04/2010
2010041064;1;2;2;1;3;680;22/04/2010
2010041065;1;2;6;1;6;680;27/04/2010
2010041066;5;2;1;2;7;680;02/05/2010
2010041067;5;2;1;1;6;680;12/05/2010
2010041068;1;2;2;1;3;680;19/05/2010
2010041069;1;2;4;1;2;680;18/05/2010
2010041070;1;2;1;1;3;680;23/05/2010
2010041071;1;2;2;1;3;680;23/05/2010
2010041072;1;2;3;1;3;680;23/05/2010
2010041073;1;2;2;1;3;680;25/05/2010
2010041074;1;2;1;1;1;680;07/06/2010
2010041075;1;2;6;1;3;680;31/05/2010
2010041076;1;2;1;1;2;680;12/06/2010
2010041077;1;2;3;1;1;680;28/05/2010
2010041078;1;2;2;1;3;680;17/06/2010
2010041079;1;2;1;1;6;680;20/06/2010
2010041080;5;2;7;1;2;680;22/06/2010
2010041081;1;2;2;1;3;680;26/06/2010
2010041082;1;2;3;3;6;680;22/07/2010
2010041083;1;2;2;1;6;680;22/07/2010
2010041084;1;2;3;2;3;680;28/07/2010
2010041085;1;2;3;1;3;680;30/07/2010
2010041086;5;2;1;1;6;680;19/08/2010
2010041087;5;2;1;1;6;680;20/08/2010
2010041088;1;2;2;1;3;680;01/09/2010
2010041089;1;2;1;1;6;680;04/09/2010
2010041090;1;2;1;1;6;680;05/09/2010
2010041091;1;2;2;1;3;680;05/09/2010
2010041092;1;2;3;1;3;680;06/09/2010
2010041093;1;2;1;1;6;680;16/09/2010
2010041094;5;2;1;1;6;680;17/09/2010