num_acc;lum;agg;inter;atm;col;dep;date
2010041095;1;2;2;1;3;680;17/09/2010
2010041096;1;2;4;1;2;680;20/09/2010
2010041097;1;2;4;1;3;680;20/09/2010
2010041098;4;2;2;1;3;680;18/09/2010
2010041099;1;2;1;1;6;680;22/09/2010
2010041100;1;2;2;1;3;680;22/09/2010
2010041101;1;2;1;1;2;680;27/09/2010
2010041102;1;2;1;1;6;680;30/09/2010
2010041103;5;2;3;1;6;680;01/10/2010
2010041104;1;2;3;1;6;680;08/10/2010
2010041105;1;2;2;1;3;680;07/10/2010
2010041106;3;2;3;1;3;680;12/10/2010
2010041107;1;2;2;1;3;680;27/10/2010
2010041108;5;2;1;1;6;680;02/11/2010
2010041109;1;2;1;1;6;680;29/10/2010
2010041110;5;2;1;1;6;680;14/11/2010
2010041111;1;2;2;4;3;680;02/12/2010
2010041112;1;2;1;4;3;680;03/12/2010
2010041113;1;2;6;1;3;680;22/12/2010
2010041114;5;2;1;1;6;680;23/01/2010
2010041115;5;2;1;1;2;680;23/03/2010
2010041116;1;2;3;1;3;680;27/05/2010
2010041117;1;2;3;1;3;680;27/05/2010
2010041118;1;2;2;1;3;680;31/07/2010
2010041119;1;2;2;8;6;680;11/08/2010
2010041120;1;2;1;1;2;680;28/09/2010
2010041121;1;2;2;1;3;680;26/10/2010
2010041122;1;2;1;8;6;680;26/11/2010
2010041123;5;2;3;2;6;680;26/11/2010
2010041124;5;2;6;8;3;680;12/01/2010
2010041125;1;2;2;5;3;680;19/01/2010
2010041126;1;2;1;1;6;680;19/01/2010
2010041127;1;2;1;1;6;680;21/01/2010
2010041128;1;2;4;1;6;680;18/01/2010
2010041129;5;2;1;1;6;680;25/01/2010
2010041130;1;2;1;1;3;680;21/01/2010
2010041131;5;2;6;1;7;680;24/01/2010
2010041132;1;2;3;1;3;680;05/01/2010
2010041133;1;2;1;1;6;680;21/01/2010
2010041134;5;2;2;4;3;680;31/01/2010
2010041135;5;1;1;4;6;680;31/01/2010
2010041136;5;2;1;8;6;680;31/01/2010
2010041137;3;1;1;4;5;680;02/02/2010
2010041138;5;2;3;4;2;680;29/01/2010
2010041139;1;2;1;1;6;680;18/01/2010
2010041140;1;2;3;1;2;680;08/02/2010
2010041141;5;2;3;1;1;680;08/02/2010
2010041142;5;2;1;1;6;680;08/02/2010
2010041143;1;2;1;1;6;680;09/02/2010
2010041144;5;2;1;3;6;680;23/02/2010
2010041145;5;2;1;1;6;680;05/03/2010
2010041146;1;2;1;9;6;680;07/03/2010
2010041147;1;2;3;1;3;680;08/03/2010
2010041148;1;1;1;2;2;680;15/03/2010
2010041149;5;2;1;1;7;680;26/02/2010
2010041150;1;2;2;1;3;680;18/03/2010
2010041151;5;2;2;1;3;680;23/03/2010
2010041152;1;2;3;1;3;680;19/03/2010
2010041153;1;2;1;1;7;680;29/03/2010
2010041154;1;2;3;1;3;680;31/03/2010
2010041155;1;2;1;1;6;680;13/03/2010
2010041156;3;1;2;1;3;680;09/04/2010
2010041157;1;2;1;1;6;680;01/04/2010
2010041158;1;2;1;1;6;680;12/04/2010
2010041159;1;2;1;1;6;680;01/04/2010
2010041160;1;2;1;1;4;680;11/04/2010
2010041161;1;2;2;7;3;680;11/04/2010
2010041162;1;1;1;1;2;680;28/04/2010
2010041163;1;1;1;1;2;680;28/04/2010
2010041164;1;2;1;1;6;680;29/04/2010
2010041165;5;1;1;3;6;680;02/05/2010
2010041166;5;2;2;1;3;680;07/05/2010
2010041167;1;2;1;1;6;680;18/05/2010
2010041168;1;1;1;1;4;680;01/04/2010
2010041169;1;2;2;1;6;680;20/05/2010
2010041170;1;2;1;1;6;680;30/05/2010
2010041171;1;2;3;1;6;680;04/06/2010
2010041172;1;2;1;1;3;680;23/05/2010
2010041173;1;2;6;1;6;680;04/06/2010
2010041174;1;2;2;1;6;680;09/06/2010
2010041175;1;2;2;1;3;680;07/06/2010
2010041176;1;2;1;1;6;680;22/06/2010
2010041177;1;2;1;1;6;680;26/06/2010
2010041178;1;2;3;7;3;680;25/06/2010
2010041179;2;1;1;1;6;680;08/07/2010
2010041180;1;2;2;1;3;680;01/07/2010
2010041181;1;2;1;1;7;680;21/09/2010
2010041182;1;2;1;1;6;680;08/07/2010
2010041183;1;2;3;6;6;680;12/07/2010
2010041184;1;2;1;1;2;680;08/07/2010
2010041185;1;2;4;1;6;680;18/08/2010
2010041186;1;2;1;1;6;680;10/07/2010
2010041187;5;2;3;1;6;680;20/07/2010
2010041188;1;2;1;1;6;680;27/07/2010
2010041189;1;2;1;1;2;680;03/08/2010
2010041190;1;2;6;1;3;680;12/07/2010
2010041191;1;1;1;1;3;680;14/08/2010
2010041192;1;2;1;1;7;680;20/08/2010
2010041193;1;2;2;1;6;680;22/08/2010
2010041194;1;1;1;1;1;680;20/08/2010
2010041195;1;2;3;1;3;680;10/09/2010
2010041196;1;2;2;1;1;680;01/09/2010
2010041197;1;2;2;1;6;680;15/09/2010
2010041198;5;2;2;1;3;680;11/08/2010
2010041199;1;2;1;1;6;680;20/09/2010
2010041200;1;2;1;1;6;680;21/09/2010
2010041201;1;2;3;1;2;680;23/09/2010
2010041202;1;2;1;1;6;680;25/09/2010
2010041203;1;1;1;1;1;680;27/09/2010
2010041204;1;2;3;2;6;680;30/09/2010
2010041205;5;2;3;3;3;680;30/09/2010
2010041206;5;2;1;1;1;680;01/10/2010
2010041207;5;2;6;1;3;680;01/10/2010
2010041208;1;2;1;1;6;680;02/10/2010
2010041209;1;2;1;1;3;680;11/10/2010
2010041210;1;2;1;1;6;680;11/10/2010
2010041211;1;2;1;1;6;680;12/10/2010
2010041212;2;1;1;1;6;680;14/10/2010
2010041213;1;2;2;1;1;680;26/10/2010
2010041214;5;2;1;1;6;680;27/10/2010
2010041215;1;2;3;1;6;680;27/10/2010
2010041216;5;2;2;1;3;680;24/10/2010
2010041217;1;2;1;1;6;680;01/11/2010
2010041218;1;2;1;1;2;680;04/11/2010
2010041219;1;2;3;7;6;680;14/11/2010
2010041220;2;2;1;1;6;680;16/11/2010
2010041221;1;2;1;1;3;680;17/11/2010
2010041222;1;1;1;8;5;680;20/11/2010
2010041223;5;2;2;1;3;680;12/11/2010
2010041224;1;2;3;8;6;680;23/11/2010
2010041225;1;2;3;1;3;680;04/12/2010
2010041226;5;2;3;3;6;680;08/12/2010
2010041227;1;2;1;8;6;680;15/12/2010
2010041228;1;2;1;2;5;680;21/12/2010
2010041229;5;2;1;4;6;680;25/12/2010
2010041230;5;2;6;4;3;680;17/02/2010
2010041231;1;2;2;1;3;680;12/05/2010
2010041232;1;2;3;1;3;680;22/05/2010
2010041233;1;2;3;1;1;680;06/07/2010
2010041234;5;2;4;1;1;680;23/07/2010
2010041235;1;2;3;3;3;680;28/07/2010
2010041236;1;2;1;8;3;680;05/08/2010
2010041237;1;2;3;1;3;680;11/10/2010
2010041238;5;2;3;8;3;680;16/11/2010
2010041239;5;2;1;2;6;680;30/11/2010
2010041240;5;2;2;9;3;680;15/12/2010
2010041241;1;2;1;8;3;680;05/01/2010
2010041242;3;1;1;1;2;680;10/04/2010
2010041243;1;2;1;1;6;680;22/04/2010
2010041244;2;2;1;1;3;680;22/05/2010
2010041245;1;2;1;1;6;680;25/06/2010
2010041246;1;1;1;1;3;680;06/07/2010
2010041247;1;2;3;1;3;680;07/08/2010
2010041248;5;1;5;1;1;680;06/10/2010
2010041249;1;2;1;1;5;680;13/10/2010
2010041250;1;2;1;1;3;680;05/11/2010
2010041251;1;2;1;1;3;680;09/11/2010
2010041252;1;2;1;1;6;680;11/12/2010
2010041253;2;2;3;1;6;690;03/02/2010
2010041254;1;2;1;1;6;690;16/02/2010
2010041255;5;2;1;1;3;690;05/03/2010
2010041256;1;2;1;1;3;690;16/03/2010
2010041257;1;2;9;1;3;690;12/04/2010
2010041258;1;2;1;7;3;690;14/04/2010
2010041259;1;2;1;1;2;690;17/05/2010
2010041260;1;1;6;1;3;690;12/06/2010
2010041261;1;2;2;7;1;690;02/07/2010
2010041262;1;2;2;1;3;690;08/08/2010
2010041263;1;2;1;1;3;690;15/08/2010
2010041264;5;2;1;1;7;690;24/08/2010
2010041265;1;2;8;1;6;690;02/09/2010
2010041266;1;2;1;1;3;690;08/09/2010
2010041267;1;1;3;1;3;690;11/09/2010
2010041268;1;2;3;1;1;690;01/10/2010
2010041269;5;2;1;1;2;690;22/10/2010
2010041270;1;2;1;1;3;690;05/11/2010
2010041271;2;2;1;2;6;690;10/11/2010
2010041272;5;2;1;2;6;690;20/11/2010
2010041273;5;2;1;1;6;690;29/11/2010
2010041274;5;2;3;1;5;690;29/11/2010
2010041275;5;2;1;1;6;690;29/11/2010
2010041276;5;2;2;2;6;690;23/12/2010
2010041277;1;2;1;1;6;690;18/01/2010
2010041278;5;2;1;1;3;690;21/01/2010
2010041279;5;2;5;2;1;690;28/01/2010
2010041280;1;2;1;1;6;690;28/01/2010
2010041281;1;2;1;8;6;690;28/01/2010
2010041282;5;2;2;2;3;690;06/02/2010
2010041283;1;2;1;4;5;690;10/02/2010
2010041284;1;2;3;8;2;690;14/02/2010
2010041285;1;2;2;1;6;690;15/02/2010
2010041286;5;2;1;1;6;690;18/02/2010
2010041287;5;2;2;1;6;690;27/02/2010
2010041288;5;2;3;1;6;690;14/03/2010
2010041289;1;2;1;1;6;690;17/03/2010
2010041290;1;2;1;7;6;690;23/03/2010
2010041291;1;1;1;1;2;690;23/03/2010
2010041292;1;2;4;3;2;690;27/03/2010
2010041293;1;2;1;1;6;690;31/03/2010
2010041294;1;2;1;1;6;690;09/04/2010
2010041295;1;2;1;1;2;690;16/04/2010
2010041296;1;2;1;1;6;690;14/04/2010
2010041297;1;2;1;1;6;690;17/04/2010
2010041298;1;2;2;1;6;690;24/04/2010
2010041299;1;2;1;2;6;690;11/05/2010
2010041300;1;2;4;1;6;690;29/05/2010
2010041301;1;2;1;1;6;690;26/05/2010
2010041302;5;2;1;2;6;690;16/06/2010
2010041303;1;2;1;8;6;690;17/06/2010
2010041304;1;2;2;7;3;690;05/07/2010
2010041305;1;2;4;1;7;690;09/07/2010
2010041306;5;2;1;1;6;690;15/07/2010
2010041307;1;2;1;1;6;690;21/07/2010
2010041308;1;2;2;1;1;690;08/08/2010
2010041309;1;2;2;1;3;690;12/08/2010
2010041310;5;1;1;1;6;690;19/08/2010
2010041311;1;2;1;1;6;690;08/09/2010
2010041312;1;2;1;1;3;690;21/09/2010
2010041313;1;2;2;1;3;690;22/09/2010
2010041314;2;2;2;1;6;690;04/10/2010
2010041315;5;2;1;1;6;690;12/10/2010
2010041316;1;2;2;1;6;690;17/10/2010
2010041317;5;2;1;1;6;690;03/11/2010
2010041318;5;2;1;1;3;690;04/11/2010
2010041319;5;2;1;2;6;690;07/11/2010
2010041320;5;2;1;8;7;690;08/11/2010
2010041321;2;2;1;3;6;690;15/11/2010
2010041322;1;2;1;1;6;690;24/11/2010
2010041323;2;2;3;1;3;690;07/12/2010
2010041324;5;2;1;8;6;690;11/12/2010
2010041325;5;2;1;1;6;690;12/12/2010
2010041326;5;2;1;1;2;690;20/12/2010
2010041327;5;2;1;1;1;690;02/01/2010
2010041328;5;2;2;1;3;690;02/01/2010
2010041329;1;1;1;1;6;690;03/01/2010
2010041330;1;2;1;4;7;690;12/01/2010
2010041331;2;2;2;1;3;690;27/01/2010
2010041332;1;2;1;1;2;690;04/02/2010
2010041333;1;2;3;1;6;690;09/03/2010
2010041334;1;2;1;1;6;690;12/03/2010
2010041335;1;2;1;1;3;690;18/03/2010
2010041336;1;2;9;3;6;690;26/03/2010
2010041337;1;1;1;1;1;690;26/03/2010
2010041338;5;2;1;1;3;690;26/03/2010
2010041339;4;1;1;1;6;690;29/03/2010
2010041340;1;1;1;1;6;690;01/04/2010
2010041341;1;2;1;1;1;690;02/04/2010
2010041342;1;2;3;1;6;690;02/04/2010
2010041343;1;2;1;1;5;690;06/04/2010
2010041344;5;2;1;1;3;690;06/04/2010
2010041345;1;2;9;1;3;690;09/04/2010
2010041346;1;2;1;1;3;690;11/04/2010
2010041347;1;2;1;1;6;690;14/04/2010
2010041348;1;2;1;1;2;690;14/04/2010
2010041349;1;2;1;1;6;690;19/04/2010
2010041350;1;2;1;1;3;690;23/04/2010
2010041351;2;2;2;1;3;690;23/04/2010
2010041352;1;2;2;1;3;690;28/04/2010
2010041353;1;2;1;1;2;690;08/05/2010
2010041354;1;1;1;1;6;690;05/05/2010
2010041355;1;2;1;1;4;690;11/05/2010
2010041356;1;2;2;1;3;690;18/05/2010
2010041357;1;2;9;1;2;690;21/05/2010
2010041358;1;2;1;1;6;690;23/05/2010
2010041359;1;2;2;1;3;690;23/05/2010
2010041360;5;2;2;2;3;690;30/05/2010
2010041361;1;2;3;2;3;690;15/06/2010
2010041362;1;1;1;8;7;690;20/06/2010
2010041363;1;2;1;1;6;690;26/06/2010
2010041364;1;1;1;1;7;690;30/06/2010
2010041365;1;2;1;1;6;690;07/07/2010
2010041366;1;2;1;1;6;690;18/07/2010
2010041367;1;2;1;1;6;690;24/07/2010
2010041368;2;2;1;1;6;690;26/07/2010
2010041369;1;2;1;8;4;690;27/07/2010
2010041370;5;2;1;1;3;690;30/07/2010
2010041371;1;2;1;1;7;690;06/08/2010
2010041372;1;2;1;1;3;690;22/08/2010
2010041373;1;2;2;1;1;690;26/08/2010
2010041374;1;2;2;1;3;690;27/08/2010
2010041375;1;2;1;1;6;690;03/09/2010
2010041376;1;1;1;1;3;690;09/09/2010
2010041377;1;2;1;1;2;690;14/09/2010
2010041378;1;2;2;1;1;690;27/09/2010
2010041379;1;2;3;1;3;690;01/10/2010
2010041380;1;2;5;1;3;690;10/10/2010
2010041381;1;2;1;1;5;690;21/10/2010
2010041382;1;2;1;2;7;690;30/10/2010
2010041383;1;2;1;1;6;690;16/11/2010
2010041384;1;1;1;1;1;690;24/11/2010
2010041385;5;1;1;2;6;690;06/12/2010
2010041386;1;2;1;1;6;690;09/12/2010
2010041387;1;2;1;2;3;690;24/12/2010
2010041388;2;2;1;4;5;690;04/01/2010
2010041389;1;2;1;8;1;690;16/01/2010
2010041390;5;2;1;5;2;690;19/01/2010
2010041391;5;2;2;1;1;690;26/01/2010
2010041392;1;2;2;1;3;690;25/01/2010
2010041393;1;2;1;1;4;690;01/02/2010
2010041394;5;2;2;1;3;690;03/02/2010
2010041395;1;2;1;1;2;690;08/02/2010
2010041396;1;2;1;1;6;690;18/02/2010
2010041397;5;2;1;1;4;690;27/02/2010
2010041398;1;2;1;8;6;690;10/03/2010
2010041399;1;2;1;7;7;690;16/03/2010
2010041400;1;2;1;1;3;690;16/03/2010
2010041401;1;2;1;7;6;690;12/03/2010
2010041402;5;2;3;1;3;690;12/03/2010
2010041403;5;2;1;1;3;690;09/03/2010
2010041404;1;2;1;1;1;690;12/03/2010
2010041405;3;2;2;2;3;690;31/03/2010
2010041406;1;2;1;1;5;690;02/04/2010
2010041407;5;2;6;1;6;690;23/03/2010
2010041408;5;2;1;2;3;690;26/03/2010
2010041409;1;2;1;1;6;690;18/04/2010
2010041410;1;2;1;1;6;690;20/04/2010
2010041411;1;2;1;1;6;690;22/04/2010
2010041412;1;2;1;1;3;690;27/04/2010
2010041413;5;2;1;3;1;690;04/05/2010
2010041414;1;2;4;1;6;690;08/05/2010
2010041415;1;1;5;1;4;690;02/06/2010
2010041416;1;2;1;2;1;690;15/06/2010
2010041417;1;2;1;2;3;690;15/06/2010
2010041418;3;1;1;1;1;690;25/06/2010
2010041419;1;2;3;1;3;690;18/06/2010
2010041420;5;2;6;1;3;690;19/04/2010
2010041421;1;2;1;1;2;690;08/07/2010
2010041422;1;2;1;1;3;690;07/07/2010
2010041423;1;2;4;1;6;690;29/06/2010
2010041424;1;2;2;1;3;690;05/07/2010
2010041425;1;2;1;7;6;690;01/07/2010
2010041426;1;2;2;1;3;690;21/07/2010
2010041427;1;2;2;1;3;690;30/07/2010
2010041428;1;2;3;1;1;690;28/07/2010
2010041429;1;2;3;2;3;690;01/08/2010
2010041430;1;2;2;1;3;690;03/08/2010
2010041431;1;2;3;7;2;690;04/08/2010
2010041432;1;2;2;1;3;690;12/08/2010
2010041433;1;2;2;1;1;690;14/08/2010
2010041434;1;2;1;1;2;690;11/08/2010
2010041435;1;2;3;1;2;690;19/08/2010
2010041436;5;2;9;1;7;690;19/08/2010
2010041437;5;2;1;1;3;690;20/08/2010
2010041438;1;2;2;1;3;690;23/08/2010
2010041439;5;2;2;1;6;690;03/09/2010
2010041440;1;2;1;1;2;690;01/09/2010
2010041441;1;2;1;3;7;690;07/09/2010
2010041442;1;2;1;3;6;690;07/09/2010
2010041443;5;2;6;1;3;690;21/09/2010
2010041444;1;2;3;1;7;690;22/09/2010
2010041445;1;2;2;1;2;690;24/09/2010
2010041446;1;2;3;8;3;690;27/09/2010
2010041447;1;2;1;2;6;690;30/09/2010
2010041448;1;2;1;8;1;690;30/09/2010
2010041449;1;2;2;1;6;690;30/09/2010
2010041450;1;2;1;1;3;690;29/09/2010
2010041451;1;2;1;1;2;690;07/10/2010
2010041452;1;2;4;1;3;690;06/10/2010
2010041453;1;2;1;1;3;690;09/10/2010
2010041454;5;2;1;1;6;690;09/10/2010
2010041455;1;2;9;1;3;690;15/10/2010
2010041456;1;2;1;1;6;690;22/10/2010
2010041457;5;2;2;1;3;690;01/11/2010
2010041458;1;2;1;1;4;690;27/10/2010
2010041459;1;1;1;1;2;690;29/10/2010
2010041460;5;2;1;1;6;690;04/11/2010
2010041461;5;2;2;1;6;690;06/11/2010
2010041462;1;2;1;8;3;690;05/11/2010
2010041463;1;2;3;1;2;690;12/11/2010
2010041464;4;2;1;2;6;690;15/11/2010
2010041465;5;2;1;1;6;690;10/11/2010
2010041466;1;2;1;1;2;690;17/11/2010
2010041467;5;2;1;2;7;690;25/11/2010
2010041468;5;2;1;1;6;690;13/11/2010
2010041469;2;2;3;2;6;690;18/11/2010
2010041470;1;2;3;2;3;690;06/12/2010
2010041471;3;2;1;2;6;690;25/11/2010
2010041472;1;2;2;2;2;690;10/11/2010
2010041473;1;1;1;1;2;690;09/12/2010
2010041474;5;2;3;1;6;690;10/12/2010
2010041475;5;2;4;1;3;690;29/11/2010
2010041476;5;2;3;8;6;690;15/12/2010
2010041477;1;2;1;4;3;690;15/12/2010
2010041478;1;2;2;1;3;690;08/12/2010
2010041479;5;2;1;1;3;690;20/12/2010
2010041480;5;2;1;1;4;690;20/12/2010
2010041481;5;2;1;3;6;690;23/12/2010
2010041482;1;2;1;1;5;690;26/12/2010
2010041483;1;2;1;8;1;690;07/01/2010
2010041484;1;2;1;2;2;690;15/01/2010
2010041485;5;2;1;1;6;690;16/01/2010
2010041486;5;2;1;1;6;690;26/01/2010
2010041487;1;2;1;2;4;690;05/02/2010
2010041488;1;2;2;1;2;690;15/02/2010
2010041489;1;2;1;1;7;690;10/03/2010
2010041490;5;2;1;1;6;690;18/03/2010
2010041491;1;2;1;1;2;690;06/04/2010
2010041492;1;2;1;1;4;690;06/04/2010
2010041493;5;2;2;1;3;690;06/04/2010
2010041494;1;2;1;1;6;690;09/04/2010
2010041495;1;2;1;1;6;690;15/04/2010
2010041496;1;2;3;1;3;690;18/04/2010
2010041497;1;2;1;1;1;690;20/04/2010
2010041498;2;2;1;1;6;690;27/04/2010
2010041499;1;2;1;1;2;690;29/04/2010
2010041500;1;2;3;1;1;690;14/04/2010
2010041501;1;2;1;1;6;690;23/04/2010
2010041502;1;2;1;2;6;690;05/05/2010
2010041503;5;2;1;1;6;690;09/05/2010
2010041504;1;2;1;1;3;690;09/05/2010
2010041505;1;2;3;1;3;690;20/05/2010
2010041506;1;2;1;1;3;690;23/05/2010
2010041507;1;2;1;1;6;690;21/05/2010
2010041508;1;2;1;1;1;690;27/05/2010
2010041509;1;2;1;3;3;690;16/06/2010
2010041510;1;2;2;1;3;690;10/06/2010
2010041511;1;2;1;1;7;690;17/06/2010
2010041512;5;2;3;1;3;690;22/06/2010
2010041513;1;2;1;1;2;690;23/06/2010
2010041514;1;2;1;1;7;690;16/06/2010
2010041515;1;2;2;1;3;690;23/06/2010
2010041516;1;2;3;1;7;690;28/06/2010
2010041517;5;2;1;1;6;690;01/07/2010
2010041518;1;2;3;1;3;690;03/07/2010
2010041519;5;2;1;1;6;690;27/07/2010
2010041520;1;2;3;1;1;690;09/07/2010
2010041521;1;2;2;1;3;690;28/07/2010
2010041522;1;2;4;1;3;690;30/07/2010
2010041523;1;2;1;1;6;690;03/08/2010
2010041524;1;2;1;1;1;690;07/08/2010
2010041525;1;2;2;1;6;690;20/08/2010
2010041526;1;2;2;1;3;690;20/08/2010
2010041527;1;2;6;1;6;690;24/08/2010
2010041528;1;2;1;1;6;690;01/09/2010
2010041529;1;2;1;1;3;690;06/09/2010
2010041530;1;2;1;2;3;690;09/09/2010
2010041531;1;2;1;2;6;690;09/09/2010
2010041532;1;2;1;1;7;690;12/09/2010
2010041533;1;2;3;1;6;690;13/09/2010
2010041534;5;2;1;1;3;690;26/09/2010
2010041535;1;2;1;2;3;690;24/09/2010
2010041536;1;2;2;1;2;690;17/09/2010
2010041537;5;2;1;1;2;690;20/10/2010
2010041538;1;2;1;1;6;690;08/10/2010
2010041539;5;2;2;1;3;690;09/10/2010
2010041540;1;2;1;1;3;690;12/10/2010
2010041541;5;2;2;1;7;690;23/09/2010
2010041542;1;2;2;1;6;690;25/10/2010
2010041543;1;2;2;8;3;690;08/11/2010
2010041544;1;2;1;1;3;690;13/11/2010
2010041545;1;2;3;2;6;690;15/11/2010
2010041546;1;2;1;1;1;690;28/10/2010
2010041547;1;2;1;1;6;690;09/12/2010
2010041548;2;2;1;8;7;690;14/12/2010
2010041549;5;2;3;1;6;690;16/12/2010
2010041550;1;2;1;4;7;690;17/12/2010
2010041551;5;2;1;2;6;690;21/12/2010
2010041552;1;2;2;2;3;690;23/12/2010
2010041553;1;2;2;1;3;690;30/09/2010
2010041554;5;2;1;2;6;690;13/01/2010
2010041555;5;2;1;1;3;690;03/01/2010
2010041556;5;1;1;1;6;690;14/01/2010
2010041557;1;2;1;2;5;690;14/01/2010
2010041558;5;2;1;1;6;690;15/01/2010
2010041559;1;2;3;1;3;690;17/01/2010
2010041560;5;2;1;1;6;690;22/01/2010
2010041561;1;2;1;1;6;690;22/01/2010
2010041562;1;1;1;1;3;690;21/01/2010
2010041563;2;2;1;2;6;690;28/01/2010
2010041564;1;2;2;7;6;690;30/01/2010
2010041565;1;2;3;2;2;690;05/02/2010
2010041566;2;2;1;1;6;690;10/02/2010
2010041567;5;2;1;1;6;690;14/02/2010
2010041568;1;2;1;1;6;690;14/02/2010
2010041569;5;2;1;6;6;690;23/02/2010
2010041570;1;2;2;2;3;690;24/02/2010
2010041571;1;2;3;1;1;690;01/03/2010
2010041572;3;2;1;1;3;690;05/03/2010
2010041573;1;2;2;7;3;690;08/03/2010
2010041574;1;2;3;1;6;690;09/03/2010
2010041575;1;2;1;1;6;690;10/03/2010
2010041576;1;2;1;1;2;690;17/03/2010
2010041577;1;2;1;1;6;690;24/03/2010
2010041578;5;2;1;2;3;690;05/03/2010
2010041579;1;2;1;1;6;690;25/03/2010
2010041580;1;2;1;1;6;690;29/03/2010
2010041581;3;2;3;2;3;690;01/04/2010
2010041582;1;2;1;1;2;690;07/04/2010
2010041583;1;2;1;1;6;690;08/04/2010
2010041584;1;2;1;1;6;690;08/04/2010
2010041585;5;2;1;1;1;690;14/04/2010
2010041586;1;2;3;1;6;690;15/04/2010
2010041587;5;2;1;1;6;690;20/04/2010
2010041588;1;2;1;1;2;690;17/04/2010
2010041589;1;2;1;1;6;690;20/04/2010
2010041590;1;2;3;1;3;690;22/04/2010
2010041591;1;2;1;1;4;690;22/04/2010
2010041592;5;2;2;1;3;690;01/05/2010
2010041593;5;2;2;2;3;690;01/05/2010
2010041594;1;2;1;1;6;690;11/05/2010
2010041595;2;2;1;1;4;690;12/05/2010
2010041596;1;2;1;1;4;690;13/05/2010
2010041597;1;2;1;1;6;690;14/05/2010
2010041598;5;2;2;1;3;690;15/05/2010
2010041599;5;2;1;1;1;690;15/05/2010
2010041600;1;2;1;1;4;690;20/05/2010
2010041601;1;2;1;1;3;690;24/05/2010
2010041602;1;2;2;1;1;690;25/05/2010
2010041603;1;2;1;2;3;690;26/05/2010
2010041604;1;2;1;1;2;690;26/05/2010
2010041605;1;2;1;1;6;690;28/05/2010
2010041606;1;2;2;1;3;690;31/05/2010
2010041607;1;2;1;1;6;690;31/05/2010
2010041608;1;2;1;1;5;690;04/06/2010
2010041609;1;2;3;1;3;690;10/06/2010
2010041610;1;2;1;1;6;690;05/06/2010
2010041611;1;2;1;1;4;690;14/06/2010
2010041612;5;2;1;9;2;690;17/06/2010
2010041613;1;2;1;1;6;690;20/06/2010
2010041614;1;2;2;1;3;690;21/06/2010
2010041615;1;2;3;1;3;690;22/06/2010
2010041616;1;2;1;1;6;690;18/06/2010
2010041617;1;2;2;1;3;690;25/06/2010
2010041618;1;2;3;1;3;690;26/06/2010
2010041619;1;2;1;1;2;690;05/07/2010
2010041620;1;2;1;1;2;690;01/07/2010
2010041621;1;2;1;1;1;690;06/07/2010
2010041622;1;2;2;1;3;690;09/07/2010
2010041623;1;2;2;1;1;690;11/07/2010
2010041624;1;2;1;1;3;690;16/07/2010
2010041625;1;2;2;8;3;690;16/07/2010
2010041626;1;2;1;1;3;690;17/07/2010
2010041627;1;2;9;1;6;690;19/07/2010
2010041628;1;2;1;1;3;690;21/07/2010
2010041629;4;2;1;2;6;690;22/07/2010
2010041630;2;2;3;1;6;690;24/07/2010
2010041631;1;2;2;1;3;690;24/07/2010
2010041632;4;2;3;1;3;690;30/07/2010
2010041633;1;2;6;1;3;690;25/07/2010
2010041634;1;2;1;1;2;690;02/07/2010
2010041635;1;2;2;1;2;690;05/08/2010
2010041636;1;2;2;1;3;690;03/08/2010
2010041637;1;2;2;1;2;690;17/08/2010
2010041638;1;2;3;1;3;690;18/08/2010
2010041639;1;2;1;1;3;690;19/08/2010
2010041640;5;2;2;1;3;690;22/08/2010
2010041641;1;2;5;1;3;690;18/08/2010
2010041642;1;2;1;1;6;690;26/08/2010
2010041643;1;2;1;1;6;690;23/08/2010
2010041644;1;2;1;1;3;690;30/08/2010
2010041645;1;1;1;1;1;690;01/09/2010
2010041646;1;2;1;1;6;690;02/09/2010
2010041647;2;2;3;1;3;690;08/09/2010
2010041648;1;2;1;1;3;690;14/09/2010
2010041649;5;2;6;1;6;690;14/09/2010
2010041650;1;2;1;1;7;690;10/09/2010
2010041651;1;2;3;1;1;690;12/09/2010
2010041652;5;2;1;1;1;690;17/09/2010
2010041653;1;2;1;1;2;690;20/09/2010
2010041654;1;2;1;1;6;690;23/09/2010
2010041655;2;2;1;1;7;690;22/09/2010
2010041656;1;2;1;1;2;690;22/09/2010
2010041657;5;2;2;1;3;690;28/09/2010
2010041658;1;2;3;1;3;690;30/09/2010
2010041659;1;2;1;1;6;690;07/10/2010
2010041660;5;2;6;6;6;690;03/10/2010
2010041661;1;2;1;1;2;690;03/04/2010
2010041662;1;2;1;1;6;690;30/09/2010
2010041663;1;2;9;1;6;690;08/10/2010
2010041664;1;2;1;1;2;690;07/10/2010
2010041665;1;1;1;1;6;690;15/10/2010
2010041666;1;2;1;1;2;690;07/10/2010
2010041667;1;2;1;2;6;690;20/10/2010
2010041668;5;2;1;1;6;690;20/10/2010
2010041669;2;2;2;9;2;690;12/10/2010
2010041670;1;2;1;1;6;690;27/10/2010
2010041671;5;2;3;1;3;690;04/11/2010