num_acc;lum;agg;inter;atm;col;dep;date
2010041672;1;2;3;2;3;690;10/11/2010
2010041673;5;2;2;1;1;690;09/11/2010
2010041674;1;2;3;1;3;690;10/11/2010
2010041675;5;2;1;1;6;690;11/11/2010
2010041676;1;2;2;1;3;690;23/11/2010
2010041677;1;2;1;2;6;690;22/11/2010
2010041678;1;2;2;1;3;690;26/11/2010
2010041679;1;2;1;2;6;690;25/11/2010
2010041680;1;2;3;4;3;690;26/11/2010
2010041681;2;2;1;1;6;690;09/07/2010
2010041682;1;2;1;1;2;690;26/11/2010
2010041683;5;2;1;3;3;690;06/12/2010
2010041684;1;2;4;1;3;690;07/12/2010
2010041685;1;2;4;1;1;690;09/12/2010
2010041686;5;2;1;1;6;690;12/12/2010
2010041687;5;2;2;1;3;690;13/12/2010
2010041688;4;2;9;1;6;690;09/12/2010
2010041689;1;2;1;1;6;690;21/12/2010
2010041690;5;2;2;1;6;690;19/12/2010
2010041691;1;2;1;1;6;690;20/12/2010
2010041692;1;2;3;2;3;690;21/12/2010
2010041693;1;2;1;8;6;690;25/12/2010
2010041694;1;2;2;1;2;690;24/12/2010
2010041695;1;2;1;1;6;690;21/01/2010
2010041696;1;2;9;1;3;690;18/02/2010
2010041697;1;2;2;1;3;690;24/03/2010
2010041698;4;2;1;1;6;690;25/03/2010
2010041699;1;1;2;1;6;690;18/03/2010
2010041700;1;2;1;1;2;690;20/04/2010
2010041701;1;2;1;1;7;690;28/04/2010
2010041702;1;2;1;3;7;690;11/05/2010
2010041703;1;2;1;3;3;690;11/05/2010
2010041704;1;2;1;1;6;690;26/05/2010
2010041705;1;2;3;1;6;690;03/06/2010
2010041706;1;2;2;1;3;690;31/05/2010
2010041707;1;2;1;1;7;690;14/06/2010
2010041708;1;2;2;1;3;690;11/08/2010
2010041709;1;2;1;1;3;690;11/09/2010
2010041710;5;2;1;1;2;690;19/09/2010
2010041711;1;2;2;1;3;690;20/09/2010
2010041712;1;2;2;1;3;690;09/10/2010
2010041713;1;2;1;1;3;690;19/08/2010
2010041714;5;2;2;1;7;690;15/11/2010
2010041715;1;2;3;1;6;690;07/01/2010
2010041716;1;2;2;1;6;690;07/01/2010
2010041717;1;2;3;1;3;690;20/01/2010
2010041718;1;2;2;1;6;690;25/01/2010
2010041719;1;2;2;1;6;690;03/02/2010
2010041720;1;2;7;1;6;690;24/02/2010
2010041721;1;2;3;1;6;690;01/02/2010
2010041722;1;2;2;4;6;690;09/02/2010
2010041723;1;2;2;1;6;690;10/02/2010
2010041724;5;2;1;1;3;690;26/02/2010
2010041725;1;2;1;1;6;690;10/03/2010
2010041726;1;2;1;2;6;690;23/02/2010
2010041727;1;2;2;1;6;690;01/02/2010
2010041728;5;2;2;1;5;690;06/03/2010
2010041729;1;2;1;1;6;690;12/03/2010
2010041730;1;2;1;1;6;690;30/04/2010
2010041731;1;2;2;1;6;690;29/03/2010
2010041732;1;2;1;1;6;690;31/03/2010
2010041733;1;2;2;1;6;690;02/04/2010
2010041734;5;2;2;2;2;690;07/04/2010
2010041735;5;2;2;1;2;690;20/03/2010
2010041736;1;2;1;1;6;690;19/04/2010
2010041737;1;2;2;1;3;690;19/04/2010
2010041738;1;2;2;1;3;690;26/04/2010
2010041739;1;2;3;1;6;690;27/04/2010
2010041740;1;2;2;1;3;690;28/04/2010
2010041741;1;2;1;1;3;690;08/04/2010
2010041742;1;2;1;1;6;690;28/04/2010
2010041743;1;2;3;1;3;690;20/04/2010
2010041744;1;2;1;2;6;690;01/05/2010
2010041745;5;2;1;2;7;690;01/05/2010
2010041746;5;2;1;1;6;690;26/04/2010
2010041747;1;2;3;1;6;690;07/05/2010
2010041748;1;2;3;1;6;690;07/05/2010
2010041749;1;2;3;1;3;690;07/05/2010
2010041750;1;2;1;1;6;690;08/05/2010
2010041751;1;2;9;1;6;690;10/05/2010
2010041752;1;2;3;2;6;690;12/05/2010
2010041753;1;2;2;1;6;690;19/05/2010
2010041754;5;2;1;2;6;690;15/06/2010
2010041755;1;2;2;1;6;690;28/04/2010
2010041756;1;2;2;1;1;690;26/05/2010
2010041757;1;2;1;1;6;690;28/05/2010
2010041758;1;2;1;1;6;690;31/05/2010
2010041759;1;2;3;1;3;690;03/06/2010
2010041760;1;2;1;1;6;690;07/06/2010
2010041761;1;2;1;2;5;690;17/06/2010
2010041762;1;2;1;1;1;690;14/06/2010
2010041763;1;2;3;2;6;690;19/06/2010
2010041764;2;2;1;1;6;690;21/06/2010
2010041765;1;2;3;1;6;690;08/06/2010
2010041766;1;2;1;1;6;690;23/06/2010
2010041767;1;2;1;1;6;690;30/06/2010
2010041768;1;2;1;1;3;690;08/06/2010
2010041769;1;2;3;1;6;690;07/07/2010
2010041770;1;2;1;1;6;690;13/07/2010
2010041771;1;2;1;1;6;690;16/07/2010
2010041772;1;2;3;1;3;690;19/07/2010
2010041773;1;2;2;1;6;690;19/07/2010
2010041774;1;2;3;1;6;690;20/07/2010
2010041775;1;2;3;1;3;690;20/07/2010
2010041776;1;1;1;1;3;690;03/07/2010
2010041777;5;2;1;1;6;690;26/07/2010
2010041778;1;2;9;1;6;690;03/08/2010
2010041779;5;2;1;1;3;690;13/07/2010
2010041780;1;2;1;1;6;690;17/07/2010
2010041781;1;2;2;1;6;690;23/07/2010
2010041782;1;2;1;1;6;690;29/07/2010
2010041783;1;2;1;1;6;690;11/08/2010
2010041784;5;2;2;1;6;690;13/08/2010
2010041785;1;2;2;1;3;690;03/06/2010
2010041786;5;2;1;1;6;690;20/08/2010
2010041787;1;2;1;1;3;690;11/08/2010
2010041788;1;2;1;1;3;690;16/08/2010
2010041789;1;2;1;1;6;690;25/08/2010
2010041790;3;2;3;1;7;690;03/09/2010
2010041791;5;2;2;1;3;690;18/09/2010
2010041792;1;2;1;1;6;690;21/09/2010
2010041793;1;2;2;1;6;690;28/09/2010
2010041794;1;2;3;1;3;690;01/10/2010
2010041795;2;2;3;1;1;690;02/10/2010
2010041796;1;2;1;1;6;690;19/07/2010
2010041797;1;2;1;1;6;690;07/10/2010
2010041798;1;2;1;8;6;690;08/10/2010
2010041799;1;2;1;1;2;690;11/10/2010
2010041800;1;2;1;1;7;690;13/10/2010
2010041801;2;2;1;1;6;690;08/10/2010
2010041802;1;2;6;1;3;690;26/10/2010
2010041803;5;2;2;2;3;690;17/10/2010
2010041804;1;2;2;2;3;690;05/11/2010
2010041805;5;2;1;1;7;690;08/11/2010
2010041806;1;2;3;1;6;690;18/11/2010
2010041807;2;2;1;2;6;690;10/11/2010
2010041808;5;2;1;1;6;690;19/11/2010
2010041809;1;2;3;1;6;690;08/12/2010
2010041810;1;2;1;4;3;690;02/12/2010
2010041811;5;2;2;1;6;690;11/12/2010
2010041812;2;2;4;2;6;690;08/12/2010
2010041813;5;2;2;1;6;690;29/10/2010
2010041814;5;2;3;1;6;690;23/10/2010
2010041815;5;2;1;1;7;690;01/11/2010
2010041816;1;2;2;1;3;690;11/12/2010
2010041817;5;2;2;2;6;690;04/12/2010
2010041818;1;2;5;6;3;690;29/10/2010
2010041819;1;2;1;1;3;690;29/01/2010
2010041820;1;2;2;2;3;690;23/02/2010
2010041821;5;2;1;6;1;690;27/02/2010
2010041822;1;2;2;1;6;690;17/03/2010
2010041823;5;2;1;1;3;690;05/04/2010
2010041824;5;2;3;1;3;690;13/04/2010
2010041825;5;2;6;1;3;690;16/04/2010
2010041826;1;2;1;1;6;690;19/04/2010
2010041827;1;2;3;1;3;690;20/05/2010
2010041828;1;2;2;1;3;690;25/05/2010
2010041829;3;2;1;1;6;690;28/05/2010
2010041830;1;2;3;1;3;690;03/06/2010
2010041831;1;2;3;1;3;690;03/06/2010
2010041832;1;2;1;1;3;690;11/06/2010
2010041833;5;2;4;1;1;690;23/06/2010
2010041834;1;2;1;1;2;690;01/07/2010
2010041835;5;2;1;1;3;690;11/09/2010
2010041836;1;2;1;1;4;690;06/10/2010
2010041837;1;2;1;8;3;690;17/10/2010
2010041838;1;2;2;4;2;690;30/11/2010
2010041839;5;2;3;1;3;690;10/02/2010
2010041840;1;2;1;1;1;690;13/02/2010
2010041841;1;2;2;1;3;690;28/02/2010
2010041842;5;2;1;1;7;690;26/03/2010
2010041843;1;2;3;2;6;690;26/03/2010
2010041844;1;2;3;1;3;690;14/05/2010
2010041845;1;2;3;1;7;690;15/05/2010
2010041846;1;2;3;1;3;690;04/06/2010
2010041847;1;2;1;2;6;690;15/06/2010
2010041848;1;2;1;1;1;690;04/07/2010
2010041849;1;2;2;1;3;690;29/07/2010
2010041850;1;2;3;1;3;690;11/09/2010
2010041851;1;2;1;1;3;690;23/09/2010
2010041852;1;2;2;1;6;690;09/10/2010
2010041853;1;2;1;1;7;690;26/10/2010
2010041854;5;2;1;5;6;690;02/12/2010
2010041855;2;2;2;1;3;690;18/01/2010
2010041856;3;2;4;1;1;690;18/01/2010
2010041857;5;2;1;1;6;690;22/01/2010
2010041858;5;2;1;1;2;690;22/01/2010
2010041859;1;2;1;6;6;690;04/02/2010
2010041860;1;2;2;1;6;690;07/02/2010
2010041861;1;2;1;4;6;690;09/02/2010
2010041862;1;2;1;4;1;690;10/02/2010
2010041863;5;2;3;8;3;690;12/02/2010
2010041864;5;2;2;1;3;690;13/02/2010
2010041865;1;2;1;1;3;690;16/02/2010
2010041866;1;2;2;1;2;690;23/02/2010
2010041867;5;2;1;1;2;690;17/02/2010
2010041868;1;2;5;1;2;690;24/02/2010
2010041869;5;2;3;1;1;690;02/03/2010
2010041870;5;2;3;1;3;690;06/03/2010
2010041871;5;2;1;1;6;690;19/03/2010
2010041872;1;2;1;1;6;690;25/03/2010
2010041873;1;2;3;1;4;690;29/03/2010
2010041874;1;2;1;6;3;690;30/03/2010
2010041875;1;2;1;1;6;690;10/04/2010
2010041876;1;2;3;1;6;690;30/04/2010
2010041877;3;2;1;2;6;690;02/05/2010
2010041878;2;2;1;8;5;690;06/05/2010
2010041879;1;2;2;1;3;690;18/05/2010
2010041880;1;2;1;1;3;690;22/05/2010
2010041881;1;2;2;1;3;690;22/05/2010
2010041882;1;2;2;1;2;690;26/05/2010
2010041883;1;2;1;1;6;690;28/05/2010
2010041884;1;2;3;1;2;690;28/05/2010
2010041885;1;2;1;1;3;690;02/06/2010
2010041886;5;2;1;1;6;690;03/06/2010
2010041887;1;2;1;1;2;690;14/06/2010
2010041888;1;2;1;1;6;690;10/06/2010
2010041889;1;2;1;1;2;690;12/06/2010
2010041890;1;2;2;1;3;690;18/06/2010
2010041891;1;2;2;3;3;690;19/06/2010
2010041892;1;2;1;1;4;690;29/06/2010
2010041893;1;2;1;1;2;690;02/07/2010
2010041894;1;2;1;1;3;690;03/07/2010
2010041895;1;2;6;1;3;690;04/07/2010
2010041896;1;2;1;7;6;690;06/07/2010
2010041897;1;2;1;1;3;690;16/07/2010
2010041898;1;2;1;1;6;690;18/07/2010
2010041899;1;2;2;7;3;690;18/07/2010
2010041900;1;2;6;1;6;690;24/07/2010
2010041901;1;2;1;1;5;690;24/07/2010
2010041902;1;2;1;1;2;690;26/07/2010
2010041903;1;2;1;1;2;690;26/07/2010
2010041904;1;2;2;1;3;690;29/07/2010
2010041905;1;2;1;1;6;690;10/08/2010
2010041906;1;2;6;1;6;690;12/08/2010
2010041907;1;2;1;1;1;690;17/08/2010
2010041908;1;2;1;1;6;690;20/08/2010
2010041909;1;2;1;1;3;690;25/08/2010
2010041910;1;2;1;1;6;690;22/08/2010
2010041911;1;2;2;1;4;690;01/09/2010
2010041912;1;2;3;2;5;690;09/09/2010
2010041913;1;2;6;2;6;690;09/09/2010
2010041914;1;2;1;1;3;690;12/09/2010
2010041915;1;2;8;1;3;690;16/09/2010
2010041916;1;2;1;1;6;690;18/09/2010
2010041917;1;2;1;1;6;690;21/09/2010
2010041918;1;2;3;1;6;690;22/09/2010
2010041919;1;2;3;1;6;690;27/09/2010
2010041920;1;2;3;1;6;690;28/09/2010
2010041921;1;2;2;1;3;690;01/10/2010
2010041922;1;2;1;7;3;690;07/10/2010
2010041923;1;2;2;1;3;690;02/10/2010
2010041924;1;2;3;1;3;690;15/10/2010
2010041925;1;2;3;1;6;690;22/10/2010
2010041926;1;1;1;1;2;690;27/10/2010
2010041927;1;2;6;1;6;690;18/10/2010
2010041928;1;2;1;3;6;690;31/10/2010
2010041929;1;2;2;3;3;690;31/10/2010
2010041930;1;2;1;1;6;690;13/11/2010
2010041931;5;2;3;1;6;690;19/11/2010
2010041932;4;2;2;3;6;690;20/11/2010
2010041933;5;2;2;3;6;690;21/11/2010
2010041934;1;2;1;1;6;690;13/11/2010
2010041935;5;2;1;1;6;690;24/11/2010
2010041936;1;2;2;8;3;690;26/11/2010
2010041937;5;2;1;8;1;690;04/12/2010
2010041938;1;2;6;1;6;690;29/11/2010
2010041939;2;2;2;1;6;690;07/12/2010
2010041940;1;2;3;1;3;690;10/12/2010
2010041941;5;2;4;1;3;690;08/12/2010
2010041942;5;2;2;1;6;690;13/12/2010
2010041943;5;2;2;4;3;690;16/12/2010
2010041944;2;2;1;1;6;690;17/12/2010
2010041945;1;2;1;4;6;690;17/12/2010
2010041946;5;2;1;1;6;700;13/12/2010
2010041947;1;2;1;1;3;700;12/05/2010
2010041948;1;1;1;1;3;700;20/07/2010
2010041949;1;2;1;1;7;700;21/09/2010
2010041950;3;2;1;2;1;700;09/11/2010
2010041951;5;2;3;1;6;700;24/01/2010
2010041952;1;2;1;1;3;700;07/03/2010
2010041953;1;2;1;1;7;700;14/06/2010
2010041954;1;1;1;2;3;700;18/06/2010
2010041955;1;2;1;1;2;700;04/07/2010
2010041956;5;2;1;2;7;700;11/07/2010
2010041957;3;1;1;1;7;700;06/08/2010
2010041958;1;2;1;1;3;700;29/08/2010
2010041959;1;2;1;1;1;700;02/09/2010
2010041960;1;2;1;1;2;700;09/09/2010
2010041961;2;2;3;3;3;700;30/09/2010
2010041962;1;2;6;1;3;700;18/10/2010
2010041963;1;2;1;1;7;700;20/10/2010
2010041964;1;2;1;1;3;700;06/11/2010
2010041965;3;1;1;2;2;700;08/11/2010
2010041966;2;1;1;3;5;700;15/11/2010
2010041967;2;2;1;1;7;700;25/11/2010
2010041968;1;1;1;2;2;700;08/12/2010
2010041969;5;2;2;2;3;700;28/12/2010
2010041970;3;1;1;1;1;710;07/01/2010
2010041971;5;2;9;1;3;710;27/01/2010
2010041972;5;2;3;1;3;710;31/01/2010
2010041973;1;2;9;1;2;710;02/02/2010
2010041974;1;2;1;1;6;710;24/02/2010
2010041975;1;2;1;1;1;710;05/03/2010
2010041976;1;2;6;1;3;710;16/03/2010
2010041977;1;2;1;1;6;710;23/03/2010
2010041978;1;2;1;1;6;710;11/04/2010
2010041979;5;2;2;1;3;710;11/04/2010
2010041980;1;1;2;3;3;710;15/05/2010
2010041981;1;2;1;1;6;710;01/06/2010
2010041982;5;2;9;1;3;710;13/06/2010
2010041983;2;1;2;1;3;710;13/06/2010
2010041984;1;2;1;1;6;710;25/06/2010
2010041985;1;2;9;1;6;710;01/07/2010
2010041986;2;1;9;1;3;710;06/07/2010
2010041987;1;1;1;1;5;710;22/07/2010
2010041988;2;1;1;3;7;710;02/08/2010
2010041989;1;2;6;1;3;710;09/08/2010
2010041990;1;2;1;1;6;710;10/08/2010
2010041991;1;1;1;1;3;710;21/08/2010
2010041992;1;2;1;1;7;710;22/08/2010
2010041993;1;2;3;1;3;710;27/08/2010
2010041994;2;2;2;1;3;710;31/08/2010
2010041995;1;1;1;1;6;710;17/09/2010
2010041996;1;2;3;1;3;710;22/09/2010
2010041997;2;2;2;1;4;710;23/09/2010
2010041998;1;2;1;1;2;710;28/09/2010
2010041999;1;2;9;1;6;710;30/09/2010
2010042000;1;2;3;1;3;710;03/10/2010
2010042001;2;2;3;1;3;710;06/11/2010
2010042002;2;1;9;1;3;710;08/11/2010
2010042003;3;1;1;1;6;710;13/11/2010
2010042004;5;2;1;3;6;710;25/11/2010
2010042005;1;1;1;1;4;710;29/11/2010
2010042006;1;1;1;1;5;710;29/11/2010
2010042007;5;2;1;2;4;710;22/12/2010
2010042008;1;2;1;4;6;710;24/12/2010
2010042009;1;1;9;1;1;710;28/12/2010
2010042010;1;1;1;8;6;710;07/01/2010
2010042011;5;2;2;5;3;710;18/01/2010
2010042012;1;2;2;2;3;710;20/01/2010
2010042013;1;2;2;1;3;710;25/01/2010
2010042014;5;2;1;1;6;710;28/01/2010
2010042015;1;2;1;1;3;710;08/02/2010
2010042016;5;2;6;1;3;710;09/02/2010
2010042017;5;1;1;9;1;710;11/02/2010
2010042018;2;2;1;1;6;710;19/02/2010
2010042019;1;2;1;1;6;710;22/02/2010
2010042020;1;2;2;1;2;710;04/03/2010
2010042021;2;2;2;1;2;710;05/03/2010
2010042022;3;1;1;1;2;710;14/03/2010
2010042023;1;2;1;1;6;710;14/03/2010
2010042024;1;2;1;1;6;710;16/03/2010
2010042025;1;1;2;1;3;710;16/03/2010
2010042026;1;1;1;1;6;710;21/03/2010
2010042027;1;2;1;1;6;710;16/04/2010
2010042028;1;1;6;1;3;710;21/04/2010
2010042029;1;2;3;2;3;710;06/05/2010
2010042030;1;2;1;2;6;710;12/05/2010
2010042031;1;2;2;1;6;710;22/05/2010
2010042032;1;2;2;1;5;710;20/05/2010
2010042033;1;2;2;1;3;710;22/05/2010
2010042034;1;1;2;1;2;710;22/05/2010
2010042035;1;2;3;1;3;710;26/06/2010
2010042036;1;2;1;1;3;710;26/06/2010
2010042037;1;1;2;1;3;710;16/07/2010
2010042038;1;1;1;1;6;710;12/07/2010
2010042039;2;1;2;1;3;710;02/08/2010
2010042040;1;2;6;1;6;710;09/08/2010
2010042041;1;2;2;1;3;710;10/08/2010
2010042042;1;2;3;1;6;710;14/08/2010
2010042043;1;2;9;1;3;;19/08/2010
2010042044;1;2;2;1;3;710;25/08/2010
2010042045;1;2;1;1;2;710;28/08/2010
2010042046;3;1;9;3;5;710;07/09/2010
2010042047;1;1;1;3;1;710;07/09/2010
2010042048;1;2;9;1;3;710;16/09/2010
2010042049;1;2;2;8;1;710;27/09/2010
2010042050;5;2;2;1;3;710;02/10/2010
2010042051;1;2;9;1;6;710;08/10/2010
2010042052;1;2;2;1;6;710;28/10/2010
2010042053;5;2;1;1;6;710;03/11/2010
2010042054;2;2;1;2;3;710;07/11/2010
2010042055;1;2;1;1;2;710;18/12/2010
2010042056;2;2;9;2;6;710;21/12/2010
2010042057;2;2;1;1;6;710;01/02/2010
2010042058;1;2;6;9;6;710;12/02/2010
2010042059;1;2;1;1;6;710;28/02/2010
2010042060;3;1;1;1;6;710;04/03/2010
2010042061;5;2;1;1;6;710;07/03/2010
2010042062;1;2;1;1;6;710;05/03/2010
2010042063;5;2;1;1;2;710;15/03/2010
2010042064;1;2;9;1;3;710;17/03/2010
2010042065;1;1;1;1;6;710;22/03/2010
2010042066;1;2;1;1;6;710;25/03/2010
2010042067;1;2;1;1;3;710;29/04/2010
2010042068;1;2;1;1;3;710;04/05/2010
2010042069;1;2;1;1;6;710;05/05/2010
2010042070;1;2;1;1;1;710;05/05/2010
2010042071;1;2;1;1;2;710;07/05/2010
2010042072;1;2;1;1;6;710;12/05/2010
2010042073;1;2;1;1;4;710;01/07/2010
2010042074;5;2;1;1;7;710;03/07/2010
2010042075;1;2;2;1;7;710;05/07/2010
2010042076;1;2;1;1;6;710;29/06/2010
2010042077;1;2;1;1;2;710;14/07/2010
2010042078;1;2;1;1;6;710;15/07/2010
2010042079;1;2;1;1;1;710;16/07/2010
2010042080;1;2;2;1;3;710;27/07/2010
2010042081;1;2;9;1;6;710;28/07/2010
2010042082;1;2;2;1;3;710;28/07/2010
2010042083;1;2;1;1;6;710;29/07/2010
2010042084;1;1;1;1;6;710;30/07/2010
2010042085;5;2;9;1;6;710;01/08/2010
2010042086;5;2;1;1;3;710;20/08/2010
2010042087;5;2;1;1;6;710;21/08/2010
2010042088;5;2;1;1;6;710;24/08/2010
2010042089;5;2;1;1;6;710;26/08/2010
2010042090;1;2;9;1;3;710;30/08/2010
2010042091;1;2;1;1;6;710;09/09/2010
2010042092;5;2;2;1;5;710;11/09/2010
2010042093;1;2;1;1;6;710;19/09/2010
2010042094;5;2;1;1;6;710;19/09/2010
2010042095;1;2;1;1;6;710;06/10/2010
2010042096;1;1;1;1;3;710;10/10/2010
2010042097;5;2;1;1;5;710;19/11/2010
2010042098;2;2;2;1;3;710;02/12/2010
2010042099;5;2;1;1;3;710;10/12/2010
2010042100;1;2;9;1;3;710;16/12/2010
2010042101;1;2;6;4;3;710;29/01/2010
2010042102;1;2;6;1;3;710;16/03/2010
2010042103;2;2;9;1;7;710;30/03/2010
2010042104;1;2;2;1;3;710;21/05/2010
2010042105;1;2;2;1;3;710;01/06/2010
2010042106;1;1;1;1;3;710;10/06/2010
2010042107;1;2;1;1;2;710;29/06/2010
2010042108;1;2;4;1;1;710;06/07/2010
2010042109;1;2;1;1;7;710;15/07/2010
2010042110;1;2;2;3;1;710;24/09/2010
2010042111;1;2;3;1;6;710;29/09/2010
2010042112;1;2;1;1;3;710;08/10/2010
2010042113;1;2;1;1;7;710;21/10/2010
2010042114;3;1;1;2;7;710;04/11/2010
2010042115;3;1;1;1;2;710;01/12/2010
2010042116;1;2;2;2;2;710;07/12/2010
2010042117;5;1;1;1;2;720;01/01/2010
2010042118;1;2;1;1;7;720;04/01/2010
2010042119;5;2;9;1;3;720;04/01/2010
2010042120;1;2;1;1;6;720;05/01/2010
2010042121;1;2;1;1;6;720;05/01/2010
2010042122;1;2;3;2;5;720;16/01/2010
2010042123;5;2;1;2;6;720;16/01/2010
2010042124;1;2;1;1;6;720;20/01/2010
2010042125;1;2;1;1;6;720;21/01/2010
2010042126;2;1;1;2;4;720;22/01/2010
2010042127;1;2;1;1;7;720;25/01/2010
2010042128;1;2;5;1;3;720;26/01/2010
2010042129;5;2;2;1;3;720;28/01/2010
2010042130;1;2;1;2;6;720;29/01/2010
2010042131;5;1;1;1;2;720;30/01/2010
2010042132;1;2;1;1;6;720;01/02/2010
2010042133;1;2;5;1;7;720;02/02/2010
2010042134;5;2;3;2;3;720;02/02/2010
2010042135;1;2;1;1;2;720;03/02/2010
2010042136;5;2;1;1;1;720;04/02/2010
2010042137;5;2;2;1;1;720;04/02/2010
2010042138;1;2;1;1;6;720;05/02/2010
2010042139;5;2;1;2;1;720;05/02/2010
2010042140;1;2;9;1;3;720;06/02/2010
2010042141;2;2;1;1;6;720;08/02/2010
2010042142;1;2;1;1;7;720;12/02/2010
2010042143;1;2;2;1;3;720;15/02/2010
2010042144;1;2;1;7;6;720;16/02/2010
2010042145;2;2;2;1;4;720;18/02/2010
2010042146;1;2;1;2;2;720;23/02/2010
2010042147;5;2;6;2;3;720;24/02/2010
2010042148;1;1;1;1;3;720;25/02/2010
2010042149;5;2;1;1;6;720;01/03/2010
2010042150;1;2;1;1;3;720;02/03/2010
2010042151;1;2;1;1;2;720;03/03/2010
2010042152;1;2;1;1;7;720;05/03/2010
2010042153;5;2;2;1;3;720;05/03/2010
2010042154;1;2;1;1;6;720;07/03/2010
2010042155;1;2;1;1;3;720;08/03/2010
2010042156;1;2;2;1;6;720;09/03/2010
2010042157;5;2;1;1;6;720;13/03/2010
2010042158;1;2;6;1;3;720;16/03/2010
2010042159;5;2;2;1;3;720;15/03/2010
2010042160;1;2;1;1;2;720;19/03/2010
2010042161;5;1;1;2;2;720;19/03/2010
2010042162;5;2;1;1;1;720;20/03/2010
2010042163;1;2;1;1;7;720;21/03/2010
2010042164;1;2;1;3;6;720;26/03/2010
2010042165;1;2;1;1;4;720;26/03/2010
2010042166;1;2;2;2;3;720;28/03/2010
2010042167;1;2;6;1;3;720;29/03/2010
2010042168;1;2;2;2;6;720;03/04/2010
2010042169;1;2;1;1;7;720;04/04/2010
2010042170;1;1;3;1;3;720;05/04/2010
2010042171;1;2;2;1;3;720;06/04/2010
2010042172;1;2;2;1;1;720;08/04/2010
2010042173;1;2;3;1;3;720;08/04/2010
2010042174;1;2;3;1;3;720;11/04/2010
2010042175;1;2;6;1;3;720;12/04/2010
2010042176;2;2;1;1;7;720;15/04/2010
2010042177;1;2;1;1;7;720;19/04/2010
2010042178;1;2;1;1;2;720;22/04/2010
2010042179;1;2;1;1;3;720;25/04/2010
2010042180;1;2;6;1;3;720;27/04/2010
2010042181;1;2;1;1;3;720;28/04/2010
2010042182;1;2;7;1;7;720;29/04/2010
2010042183;1;2;3;1;3;720;29/04/2010
2010042184;1;2;1;1;2;720;30/04/2010
2010042185;1;2;3;1;3;720;04/05/2010
2010042186;1;1;1;2;7;720;08/05/2010
2010042187;1;2;1;1;6;720;14/05/2010
2010042188;1;2;3;1;3;720;19/05/2010
2010042189;1;2;2;1;3;720;20/05/2010
2010042190;1;1;1;1;6;720;22/05/2010
2010042191;1;2;3;1;3;720;23/05/2010
2010042192;1;2;1;1;3;720;25/05/2010
2010042193;1;2;1;2;6;720;25/05/2010
2010042194;1;2;1;1;2;720;28/05/2010
2010042195;1;1;1;2;7;720;01/06/2010
2010042196;1;2;1;1;7;720;04/06/2010
2010042197;1;2;1;1;6;720;05/06/2010
2010042198;1;2;1;1;7;720;06/06/2010
2010042199;1;2;2;2;6;720;08/06/2010
2010042200;1;2;2;2;3;720;08/06/2010
2010042201;1;2;1;1;6;720;09/06/2010
2010042202;1;2;1;2;3;720;10/06/2010
2010042203;1;2;1;1;6;720;10/06/2010
2010042204;5;1;1;1;1;720;11/06/2010
2010042205;1;1;1;1;2;720;14/06/2010
2010042206;1;2;1;1;3;720;14/06/2010
2010042207;1;2;1;1;7;720;15/06/2010
2010042208;1;2;1;2;6;720;19/06/2010
2010042209;5;2;1;1;6;720;20/06/2010
2010042210;5;2;1;1;6;720;25/06/2010
2010042211;1;2;1;1;6;720;25/06/2010
2010042212;1;2;3;3;2;720;28/06/2010
2010042213;1;2;1;1;6;720;30/06/2010
2010042214;5;2;1;1;6;720;02/07/2010
2010042215;5;2;1;1;3;720;04/07/2010
2010042216;1;2;6;1;6;720;08/07/2010
2010042217;5;2;1;1;2;720;10/07/2010
2010042218;1;2;2;1;3;720;13/07/2010
2010042219;1;2;1;1;6;720;15/07/2010
2010042220;1;2;2;1;1;720;16/07/2010
2010042221;1;2;6;1;3;720;17/07/2010
2010042222;1;1;1;1;6;720;18/07/2010
2010042223;1;2;3;1;6;720;19/07/2010
2010042224;1;2;1;1;7;720;23/07/2010
2010042225;1;2;1;1;7;720;24/07/2010
2010042226;1;2;1;1;3;720;29/07/2010
2010042227;1;2;1;1;7;720;02/08/2010
2010042228;1;2;3;2;3;720;13/08/2010
2010042229;5;2;1;1;7;720;14/08/2010
2010042230;1;2;3;2;3;720;14/08/2010
2010042231;1;1;2;1;3;720;18/08/2010
2010042232;1;2;3;1;3;720;20/08/2010
2010042233;5;2;1;1;7;720;22/08/2010
2010042234;1;2;1;1;7;720;23/08/2010
2010042235;1;2;2;1;3;720;24/08/2010
2010042236;1;2;1;1;7;720;25/08/2010
2010042237;1;2;2;1;6;720;28/08/2010
2010042238;2;2;2;1;6;720;02/09/2010
2010042239;1;2;1;1;3;720;02/09/2010
2010042240;5;2;1;1;7;720;02/09/2010
2010042241;5;2;1;1;7;720;03/09/2010
2010042242;1;2;1;1;3;720;03/09/2010
2010042243;1;2;3;1;3;720;05/09/2010
2010042244;1;1;1;1;7;720;06/09/2010
2010042245;1;2;6;1;3;720;07/09/2010
2010042246;1;2;1;1;6;720;08/09/2010
2010042247;5;2;1;2;3;720;08/09/2010
2010042248;5;2;1;2;6;720;08/09/2010
2010042249;2;2;6;1;3;720;09/09/2010