num_acc;lum;agg;inter;atm;col;dep;date
2010043404;5;1;6;1;3;770;15/10/2010
2010043405;1;2;3;1;3;770;05/09/2010
2010043406;3;1;1;1;2;770;05/11/2010
2010043407;1;2;1;1;6;770;13/10/2010
2010043408;1;1;2;8;3;770;22/12/2010
2010043409;1;2;1;4;1;770;06/01/2010
2010043410;1;2;6;4;7;770;04/12/2010
2010043411;5;2;1;4;6;770;06/12/2010
2010043412;5;1;1;4;6;770;09/01/2010
2010043413;3;1;1;8;2;770;15/01/2010
2010043414;5;2;1;1;6;770;25/01/2010
2010043415;5;2;2;1;3;770;05/02/2010
2010043416;1;1;6;8;7;770;21/02/2010
2010043417;1;1;3;8;1;770;24/02/2010
2010043418;1;1;1;1;3;770;11/03/2010
2010043419;1;2;6;1;6;770;14/03/2010
2010043420;5;2;1;1;1;770;15/03/2010
2010043421;3;1;1;8;6;770;25/03/2010
2010043422;1;2;3;1;6;770;10/04/2010
2010043423;2;2;1;1;1;770;16/04/2010
2010043424;1;2;1;1;6;770;25/04/2010
2010043425;1;1;1;1;1;770;07/05/2010
2010043426;1;2;3;1;7;770;09/05/2010
2010043427;1;2;1;1;6;770;19/05/2010
2010043428;1;2;1;1;2;770;26/05/2010
2010043429;2;2;1;2;1;770;29/05/2010
2010043430;1;1;1;1;7;770;14/04/2010
2010043431;1;1;1;1;4;770;19/06/2010
2010043432;1;1;1;1;6;770;27/06/2010
2010043433;1;1;1;1;4;770;30/06/2010
2010043434;1;1;1;1;3;770;02/07/2010
2010043435;1;1;1;1;7;770;10/07/2010
2010043436;1;1;1;1;2;770;08/07/2010
2010043437;1;2;1;1;6;770;08/07/2010
2010043438;1;1;6;1;3;770;30/07/2010
2010043439;3;1;1;1;6;770;14/08/2010
2010043440;1;1;1;1;1;770;21/08/2010
2010043441;3;1;1;2;7;770;26/08/2010
2010043442;1;1;1;1;7;770;31/08/2010
2010043443;1;2;1;1;6;770;30/08/2010
2010043444;1;2;1;1;6;770;03/09/2010
2010043445;1;1;1;1;4;770;01/10/2010
2010043446;1;2;1;1;6;770;28/09/2010
2010043447;1;1;3;1;3;770;21/10/2010
2010043448;3;1;1;1;7;770;28/10/2010
2010043449;5;2;2;1;3;770;03/11/2010
2010043450;3;1;1;1;2;770;03/11/2010
2010043451;5;2;1;5;6;770;16/11/2010
2010043452;3;1;1;1;6;770;19/11/2010
2010043453;1;2;7;1;6;770;19/11/2010
2010043454;5;2;6;1;1;770;23/11/2010
2010043455;1;2;2;1;3;770;24/11/2010
2010043456;5;2;2;1;6;770;25/11/2010
2010043457;3;2;1;1;4;770;25/11/2010
2010043458;1;2;1;2;7;770;26/11/2010
2010043459;1;2;1;2;6;770;08/12/2010
2010043460;3;2;1;1;6;770;17/12/2010
2010043461;1;2;1;1;1;770;03/01/2010
2010043462;5;2;6;2;6;770;12/01/2010
2010043463;3;2;1;1;2;770;04/02/2010
2010043464;2;1;1;1;7;770;20/02/2010
2010043465;1;2;1;1;3;770;06/04/2010
2010043466;1;2;1;1;7;770;01/05/2010
2010043467;3;1;1;1;7;770;13/05/2010
2010043468;1;1;2;1;3;770;16/06/2010
2010043469;1;1;2;1;3;770;26/05/2010
2010043470;1;2;1;7;3;770;19/07/2010
2010043471;1;2;5;1;7;770;11/07/2010
2010043472;1;2;3;1;3;770;10/08/2010
2010043473;3;1;1;1;7;770;22/10/2010
2010043474;3;1;1;8;7;770;17/12/2010
2010043475;1;1;1;1;1;770;01/06/2010
2010043476;1;2;1;1;6;770;07/06/2010
2010043477;1;1;1;1;7;770;08/06/2010
2010043478;1;2;1;1;6;770;19/07/2010
2010043479;1;1;1;1;6;770;03/09/2010
2010043480;1;1;1;8;7;770;23/09/2010
2010043481;5;2;2;1;3;770;08/10/2010
2010043482;1;2;1;1;2;770;14/10/2010
2010043483;5;1;1;1;6;770;16/11/2010
2010043484;1;2;1;8;6;770;10/01/2010
2010043485;5;1;1;1;1;770;24/01/2010
2010043486;5;2;1;2;6;770;29/01/2010
2010043487;5;2;1;1;7;770;05/04/2010
2010043488;5;1;1;1;7;770;15/05/2010
2010043489;1;1;1;1;1;770;16/05/2010
2010043490;1;2;1;8;6;770;19/06/2010
2010043491;1;2;1;1;3;770;27/06/2010
2010043492;1;2;1;1;3;770;13/07/2010
2010043493;5;1;1;1;6;770;14/07/2010
2010043494;1;2;1;1;3;770;28/07/2010
2010043495;3;1;1;1;6;770;30/07/2010
2010043496;1;2;1;1;5;770;14/08/2010
2010043497;1;2;4;1;3;770;20/09/2010
2010043498;1;2;1;4;2;770;23/12/2010
2010043499;1;2;6;9;3;770;05/01/2010
2010043500;5;2;2;1;3;770;02/01/2010
2010043501;1;2;2;1;6;770;13/01/2010
2010043502;1;2;1;1;6;770;03/02/2010
2010043503;1;2;6;7;2;770;01/03/2010
2010043504;1;2;1;1;1;770;26/03/2010
2010043505;1;2;3;8;6;770;31/03/2010
2010043506;1;2;8;8;6;770;04/04/2010
2010043507;1;2;1;1;6;770;28/04/2010
2010043508;1;2;9;1;3;770;03/06/2010
2010043509;1;2;1;1;5;770;11/06/2010
2010043510;1;2;2;1;6;770;18/06/2010
2010043511;5;2;6;1;6;770;24/06/2010
2010043512;1;2;3;7;2;770;25/06/2010
2010043513;1;2;2;1;6;770;30/06/2010
2010043514;1;2;2;1;6;770;09/07/2010
2010043515;1;2;1;1;2;770;13/08/2010
2010043516;1;2;3;8;3;770;17/08/2010
2010043517;1;2;3;1;6;770;23/08/2010
2010043518;1;2;1;1;7;770;24/08/2010
2010043519;1;2;1;1;3;770;22/08/2010
2010043520;1;2;2;1;7;770;27/08/2010
2010043521;1;2;1;1;6;770;31/08/2010
2010043522;1;2;3;1;6;770;02/09/2010
2010043523;1;2;1;1;6;770;22/09/2010
2010043524;1;2;1;1;6;770;20/09/2010
2010043525;1;2;2;8;3;770;04/10/2010
2010043526;1;2;3;7;3;770;07/10/2010
2010043527;1;2;1;1;3;770;18/10/2010
2010043528;3;2;1;2;3;770;19/10/2010
2010043529;1;2;1;8;2;770;20/10/2010
2010043530;1;2;3;2;3;770;30/10/2010
2010043531;5;2;1;1;6;770;30/10/2010
2010043532;1;2;1;1;6;770;31/10/2010
2010043533;2;2;1;1;5;770;10/11/2010
2010043534;5;2;1;1;2;770;03/12/2010
2010043535;2;2;1;9;6;770;15/12/2010
2010043536;5;2;1;8;6;770;17/12/2010
2010043537;1;2;3;4;6;770;26/12/2010
2010043538;1;1;1;9;7;770;10/01/2010
2010043539;1;2;2;1;6;770;26/01/2010
2010043540;5;2;1;2;6;770;28/01/2010
2010043541;1;2;1;4;6;770;08/02/2010
2010043542;2;2;1;1;7;770;07/03/2010
2010043543;1;2;1;1;6;770;19/03/2010
2010043544;1;2;6;1;6;770;12/03/2010
2010043545;2;2;1;1;6;770;17/03/2010
2010043546;1;1;9;1;3;770;24/03/2010
2010043547;1;2;4;1;3;770;05/04/2010
2010043548;1;2;1;1;3;770;06/04/2010
2010043549;5;2;1;1;2;770;12/04/2010
2010043550;1;1;1;1;3;770;26/04/2010
2010043551;1;2;1;1;6;770;04/05/2010
2010043552;1;2;1;1;6;770;22/05/2010
2010043553;1;2;1;1;3;770;17/05/2010
2010043554;1;2;1;1;3;770;09/05/2010
2010043555;1;2;1;1;6;770;04/06/2010
2010043556;1;2;4;1;2;770;09/06/2010
2010043557;1;2;1;1;6;770;16/06/2010
2010043558;3;1;1;1;1;770;25/06/2010
2010043559;1;2;1;1;3;770;07/07/2010
2010043560;1;1;1;1;4;770;22/07/2010
2010043561;1;1;1;1;2;770;06/07/2010
2010043562;1;2;3;1;3;770;01/07/2010
2010043563;1;2;1;1;1;770;09/08/2010
2010043564;1;1;1;1;2;770;24/10/2010
2010043565;1;2;1;1;6;770;25/08/2010
2010043566;3;1;6;2;6;770;29/08/2010
2010043567;2;1;1;1;3;770;04/10/2010
2010043568;3;1;1;1;2;770;09/10/2010
2010043569;1;2;1;1;3;770;04/10/2010
2010043570;1;2;1;1;7;770;09/10/2010
2010043571;1;2;1;1;6;770;11/10/2010
2010043572;1;2;1;1;3;770;25/10/2010
2010043573;1;2;1;1;2;770;14/10/2010
2010043574;1;2;1;1;6;770;04/11/2010
2010043575;1;2;1;1;1;770;20/10/2010
2010043576;5;2;9;2;6;770;06/11/2010
2010043577;5;2;1;1;6;770;17/11/2010
2010043578;3;1;1;1;2;770;12/10/2010
2010043579;2;1;1;1;1;770;14/12/2010
2010043580;3;1;1;1;4;770;23/12/2010
2010043581;5;1;9;3;3;770;16/01/2010
2010043582;1;1;1;2;1;770;02/04/2010
2010043583;1;2;1;1;6;770;07/04/2010
2010043584;1;1;1;1;1;770;24/04/2010
2010043585;1;2;5;1;3;770;11/04/2010
2010043586;1;1;9;1;6;770;25/06/2010
2010043587;2;1;1;1;1;770;12/07/2010
2010043588;1;2;1;1;6;770;24/08/2010
2010043589;3;1;1;1;5;770;03/02/2010
2010043590;1;2;1;1;1;770;01/03/2010
2010043591;1;1;1;1;2;770;09/04/2010
2010043592;1;2;1;1;1;770;24/05/2010
2010043593;1;1;1;1;4;770;01/07/2010
2010043594;1;1;9;1;5;770;08/07/2010
2010043595;1;2;4;2;5;770;31/07/2010
2010043596;1;2;1;1;6;770;03/09/2010
2010043597;1;1;1;1;2;770;07/09/2010
2010043598;1;2;1;1;7;770;02/09/2010
2010043599;1;2;2;1;3;770;28/09/2010
2010043600;1;1;1;1;2;770;12/10/2010
2010043601;3;1;1;1;2;770;22/10/2010
2010043602;1;1;1;1;1;770;29/10/2010
2010043603;1;2;1;1;2;770;26/11/2010
2010043604;5;2;1;1;4;770;24/12/2010
2010043605;5;2;1;8;6;780;22/01/2010
2010043606;5;2;3;2;5;780;29/01/2010
2010043607;1;2;1;1;2;780;28/06/2010
2010043608;1;2;5;1;3;780;20/07/2010
2010043609;3;2;1;2;3;780;27/09/2010
2010043610;1;2;1;4;2;780;03/12/2010
2010043611;1;2;1;1;6;780;10/01/2010
2010043612;1;2;1;1;3;780;20/02/2010
2010043613;3;2;6;2;3;780;28/03/2010
2010043614;1;2;1;1;6;780;28/04/2010
2010043615;1;2;2;1;6;780;27/05/2010
2010043616;1;1;1;1;6;780;07/06/2010
2010043617;1;2;1;1;6;780;15/06/2010
2010043618;1;2;2;1;3;780;01/07/2010
2010043619;1;2;2;1;3;780;23/09/2010
2010043620;1;2;1;1;4;780;07/10/2010
2010043621;1;1;4;1;3;780;20/10/2010
2010043622;1;2;4;1;7;780;20/10/2010
2010043623;5;2;1;2;6;780;12/01/2010
2010043624;2;2;2;1;3;780;21/09/2010
2010043625;5;1;1;1;7;780;23/11/2010
2010043626;5;2;2;1;3;780;29/11/2010
2010043627;1;2;1;8;7;780;21/12/2010
2010043628;5;1;1;2;3;780;18/01/2010
2010043629;1;2;1;2;1;780;29/01/2010
2010043630;5;2;1;1;6;780;18/02/2010
2010043631;1;1;1;1;3;780;02/03/2010
2010043632;5;2;2;1;3;780;20/03/2010
2010043633;1;1;1;1;2;780;22/03/2010
2010043634;1;2;1;1;3;780;22/03/2010
2010043635;1;1;1;1;1;780;11/04/2010
2010043636;1;2;1;1;6;780;16/04/2010
2010043637;1;2;2;1;3;780;11/05/2010
2010043638;1;2;2;1;3;780;03/06/2010
2010043639;1;2;3;1;2;780;07/06/2010
2010043640;1;2;1;1;3;780;14/06/2010
2010043641;1;2;3;1;2;780;12/06/2010
2010043642;1;2;1;1;2;780;21/06/2010
2010043643;1;2;1;1;1;780;30/06/2010
2010043644;1;2;2;1;2;780;17/08/2010
2010043645;3;1;1;1;6;780;15/07/2010
2010043646;1;2;1;7;6;780;26/06/2010
2010043647;1;2;3;1;3;780;31/08/2010
2010043648;5;2;1;1;6;780;04/10/2010
2010043649;1;2;1;1;3;780;25/10/2010
2010043650;1;2;9;1;2;780;11/10/2010
2010043651;1;2;6;1;3;780;29/09/2010
2010043652;1;2;1;8;6;780;30/10/2010
2010043653;3;1;1;1;6;780;10/11/2010
2010043654;2;2;1;8;2;780;17/11/2010
2010043655;1;1;1;2;4;780;09/11/2010
2010043656;1;2;2;1;3;780;27/11/2010
2010043657;5;2;1;8;7;780;04/12/2010
2010043658;1;2;1;4;6;780;08/01/2010
2010043659;5;2;1;1;6;780;16/01/2010
2010043660;2;2;1;1;2;780;21/01/2010
2010043661;5;2;1;9;6;780;24/01/2010
2010043662;1;2;1;2;3;780;29/01/2010
2010043663;1;2;1;1;6;780;16/02/2010
2010043664;5;2;6;1;3;780;18/02/2010
2010043665;1;2;2;2;3;780;18/02/2010
2010043666;5;2;1;1;1;780;02/03/2010
2010043667;5;2;1;9;2;780;11/03/2010
2010043668;1;2;2;1;3;780;22/03/2010
2010043669;1;2;2;1;3;780;23/03/2010
2010043670;2;2;1;1;3;780;01/04/2010
2010043671;5;2;1;1;6;780;01/04/2010
2010043672;1;2;1;1;6;780;18/04/2010
2010043673;5;2;1;1;6;780;19/04/2010
2010043674;1;2;1;1;6;780;20/04/2010
2010043675;1;2;1;1;3;780;21/04/2010
2010043676;1;2;1;7;2;780;27/04/2010
2010043677;1;2;1;1;2;780;29/04/2010
2010043678;1;2;3;1;3;780;06/05/2010
2010043679;1;1;1;1;7;780;11/05/2010
2010043680;1;2;2;2;3;780;11/05/2010
2010043681;1;2;1;1;6;780;23/05/2010
2010043682;1;2;6;1;6;780;02/06/2010
2010043683;5;2;6;1;6;780;30/05/2010
2010043684;1;1;9;2;6;780;30/05/2010
2010043685;1;2;1;7;4;780;04/06/2010
2010043686;1;2;3;1;3;780;10/06/2010
2010043687;1;2;2;7;3;780;29/06/2010
2010043688;1;2;1;1;3;780;01/07/2010
2010043689;2;2;1;7;6;780;07/07/2010
2010043690;1;2;1;1;4;780;08/08/2010
2010043691;1;2;1;1;3;780;12/07/2010
2010043692;1;2;6;1;7;780;29/07/2010
2010043693;1;2;6;1;1;780;04/08/2010
2010043694;1;2;1;1;6;780;21/08/2010
2010043695;5;2;1;1;7;780;05/09/2010
2010043696;1;2;1;1;7;780;12/09/2010
2010043697;1;2;1;1;6;780;07/09/2010
2010043698;1;2;1;1;3;780;07/09/2010
2010043699;1;2;1;1;6;780;10/09/2010
2010043700;5;2;1;1;6;780;13/09/2010
2010043701;1;2;1;1;6;780;16/09/2010
2010043702;1;2;1;9;6;780;27/09/2010
2010043703;1;2;1;2;6;780;04/10/2010
2010043704;5;2;9;1;3;780;07/10/2010
2010043705;2;2;1;1;6;780;08/10/2010
2010043706;1;1;1;1;7;780;12/10/2010
2010043707;1;2;1;1;6;780;13/10/2010
2010043708;1;2;1;1;4;780;14/10/2010
2010043709;1;2;1;1;6;780;24/10/2010
2010043710;1;2;1;1;6;780;26/10/2010
2010043711;1;2;1;1;2;780;24/11/2010
2010043712;1;2;3;8;3;780;11/12/2010
2010043713;3;1;1;1;7;780;16/11/2010
2010043714;5;2;1;1;6;780;26/01/2010
2010043715;1;2;1;8;6;780;14/03/2010
2010043716;5;2;1;1;6;780;21/03/2010
2010043717;1;2;3;1;3;780;23/03/2010
2010043718;1;2;1;1;6;780;28/04/2010
2010043719;1;2;3;1;3;780;30/04/2010
2010043720;1;2;1;1;4;780;02/05/2010
2010043721;1;2;2;1;3;780;19/05/2010
2010043722;1;2;3;1;3;780;26/05/2010
2010043723;1;2;1;1;3;780;28/05/2010
2010043724;1;2;1;1;1;780;16/07/2010
2010043725;1;2;1;8;2;780;08/09/2010
2010043726;1;2;2;1;3;780;01/08/2010
2010043727;1;2;7;1;1;780;07/08/2010
2010043728;1;2;1;1;6;780;13/09/2010
2010043729;1;2;1;1;3;780;11/09/2010
2010043730;1;2;3;1;6;780;14/09/2010
2010043731;1;2;1;1;7;780;14/10/2010
2010043732;5;2;2;1;3;780;07/10/2010
2010043733;1;2;1;1;2;780;08/10/2010
2010043734;1;2;3;1;1;780;03/11/2010
2010043735;5;2;2;3;3;780;06/11/2010
2010043736;1;2;2;2;6;780;10/11/2010
2010043737;5;2;3;1;3;780;15/11/2010
2010043738;1;2;2;1;6;780;15/12/2010
2010043739;5;2;1;9;2;780;15/12/2010
2010043740;1;2;3;1;2;780;30/12/2010
2010043741;1;2;2;1;3;780;21/02/2010
2010043742;5;2;1;1;6;780;13/03/2010
2010043743;1;2;2;1;3;780;14/04/2010
2010043744;5;1;1;2;7;780;25/09/2010
2010043745;5;2;1;1;7;780;07/10/2010
2010043746;5;2;1;1;7;780;20/11/2010
2010043747;5;2;1;1;3;780;20/11/2010
2010043748;5;2;6;1;6;780;15/03/2010
2010043749;1;2;2;1;3;780;12/05/2010
2010043750;1;2;1;1;4;780;03/09/2010
2010043751;1;2;1;1;6;780;05/01/2010
2010043752;1;2;1;1;3;780;15/01/2010
2010043753;5;2;2;1;3;780;17/01/2010
2010043754;1;2;1;1;3;780;21/01/2010
2010043755;1;1;1;1;6;780;04/02/2010
2010043756;5;2;2;1;3;780;05/02/2010
2010043757;5;2;1;4;6;780;17/02/2010
2010043758;2;2;1;1;3;780;26/02/2010
2010043759;2;2;2;1;6;780;05/03/2010
2010043760;1;2;1;1;6;780;15/03/2010
2010043761;1;2;2;1;3;780;23/03/2010
2010043762;1;2;1;1;3;780;25/03/2010
2010043763;3;1;1;1;7;780;06/04/2010
2010043764;1;2;1;1;3;780;09/04/2010
2010043765;1;2;1;1;6;780;12/04/2010
2010043766;1;2;3;1;3;780;15/04/2010
2010043767;1;2;3;1;3;780;17/04/2010
2010043768;1;2;3;1;3;780;24/04/2010
2010043769;2;2;3;1;6;780;06/05/2010
2010043770;1;1;1;2;1;780;11/05/2010
2010043771;1;2;2;1;2;780;16/05/2010
2010043772;1;2;3;1;6;780;14/05/2010
2010043773;1;1;1;1;5;780;19/05/2010
2010043774;1;2;1;1;3;780;19/05/2010
2010043775;1;2;1;1;6;780;20/05/2010
2010043776;1;2;2;1;3;780;20/05/2010
2010043777;1;2;3;1;3;780;23/05/2010
2010043778;1;2;1;1;6;780;23/05/2010
2010043779;1;2;2;1;3;780;31/05/2010
2010043780;1;2;2;1;3;780;07/06/2010
2010043781;2;2;3;1;6;780;13/06/2010
2010043782;1;2;6;1;6;780;13/06/2010
2010043783;1;2;2;1;6;780;15/06/2010
2010043784;1;2;2;1;3;780;24/06/2010
2010043785;1;1;1;1;6;780;30/06/2010
2010043786;1;2;2;1;3;780;07/07/2010
2010043787;1;2;9;1;6;780;08/07/2010
2010043788;1;2;7;1;6;780;19/07/2010
2010043789;1;2;3;1;3;780;01/08/2010
2010043790;1;2;1;1;3;780;28/08/2010
2010043791;1;2;1;1;6;780;30/08/2010
2010043792;1;2;2;1;3;780;01/09/2010
2010043793;1;2;6;1;6;780;03/09/2010
2010043794;5;2;3;1;3;780;03/09/2010
2010043795;1;2;3;1;3;780;07/09/2010
2010043796;1;2;3;1;3;780;08/09/2010
2010043797;5;2;2;1;3;780;19/09/2010
2010043798;1;2;1;1;6;780;21/09/2010
2010043799;1;2;1;1;4;780;22/09/2010
2010043800;1;2;2;1;3;780;23/09/2010
2010043801;1;1;1;1;4;780;24/09/2010
2010043802;5;2;1;2;7;780;24/09/2010
2010043803;1;2;3;1;6;780;27/09/2010
2010043804;1;2;1;1;3;780;28/09/2010
2010043805;5;2;3;2;6;780;06/10/2010
2010043806;1;2;1;1;6;780;07/10/2010
2010043807;1;2;1;1;6;780;09/10/2010
2010043808;1;2;6;1;3;780;10/10/2010
2010043809;1;2;1;1;6;780;12/10/2010
2010043810;5;2;2;1;3;780;16/10/2010
2010043811;5;2;3;1;3;780;30/10/2010
2010043812;5;2;1;3;6;780;09/11/2010
2010043813;5;2;1;3;6;780;13/11/2010
2010043814;1;2;3;1;6;780;15/11/2010
2010043815;1;2;3;5;3;780;16/11/2010
2010043816;2;2;1;4;1;780;03/12/2010
2010043817;1;2;3;8;3;780;06/12/2010
2010043818;5;2;1;4;6;780;19/12/2010
2010043819;5;2;1;1;6;780;27/12/2010
2010043820;1;2;1;1;6;780;23/03/2010
2010043821;1;2;3;1;1;780;30/03/2010
2010043822;1;2;3;2;6;780;11/05/2010
2010043823;1;2;1;1;5;780;04/05/2010
2010043824;1;2;1;1;3;780;06/06/2010
2010043825;1;2;1;1;6;780;17/06/2010
2010043826;1;1;1;1;2;780;18/06/2010
2010043827;1;2;1;1;5;780;25/06/2010
2010043828;5;2;1;1;6;780;19/07/2010
2010043829;5;2;3;1;2;780;24/07/2010
2010043830;1;2;1;1;2;780;06/09/2010
2010043831;5;2;1;1;7;780;13/09/2010
2010043832;1;2;1;1;1;780;17/05/2010
2010043833;1;2;3;2;5;780;09/06/2010
2010043834;1;2;1;1;4;780;01/10/2010
2010043835;1;2;1;1;6;780;25/10/2010
2010043836;1;1;2;1;5;780;05/10/2010
2010043837;1;2;1;1;5;780;30/04/2010
2010043838;2;2;2;1;3;780;06/01/2010
2010043839;1;2;5;1;4;780;13/08/2010
2010043840;1;2;1;1;6;780;22/01/2010
2010043841;5;2;1;9;3;780;24/01/2010
2010043842;5;2;1;1;6;780;15/02/2010
2010043843;1;2;1;1;2;780;04/02/2010
2010043844;5;2;3;2;5;780;03/02/2010
2010043845;5;2;2;1;3;780;06/02/2010
2010043846;1;1;1;8;1;780;18/02/2010
2010043847;1;2;1;1;6;780;16/05/2010
2010043848;5;2;1;1;1;780;18/03/2010
2010043849;1;2;1;1;2;780;15/03/2010
2010043850;1;1;1;1;4;780;27/03/2010
2010043851;1;2;1;1;6;780;01/04/2010
2010043852;1;1;1;2;5;780;07/04/2010
2010043853;1;1;1;1;1;780;15/04/2010
2010043854;1;2;3;1;3;780;21/04/2010
2010043855;2;1;1;1;1;780;25/04/2010
2010043856;1;2;2;1;3;780;26/04/2010
2010043857;1;2;1;1;3;780;27/04/2010
2010043858;1;2;1;8;3;780;02/05/2010
2010043859;4;1;1;1;7;780;10/05/2010
2010043860;1;2;3;1;3;780;06/05/2010
2010043861;1;2;3;1;3;780;15/05/2010
2010043862;2;2;1;1;6;780;16/05/2010
2010043863;1;2;1;1;4;780;13/05/2010
2010043864;1;2;1;1;2;780;07/05/2010
2010043865;2;2;2;1;3;780;08/04/2010
2010043866;1;2;6;1;6;780;01/06/2010
2010043867;1;1;1;1;1;780;27/06/2010
2010043868;1;1;1;1;2;780;14/06/2010
2010043869;1;2;3;1;6;780;08/06/2010
2010043870;1;2;1;1;6;780;24/06/2010
2010043871;1;2;1;1;6;780;24/06/2010
2010043872;3;1;1;1;6;780;19/07/2010
2010043873;1;1;1;1;2;780;20/07/2010
2010043874;1;1;3;1;3;780;24/07/2010
2010043875;1;2;6;1;3;780;23/07/2010
2010043876;1;2;6;1;6;780;20/07/2010
2010043877;5;2;3;1;6;780;14/07/2010
2010043878;1;2;1;1;3;780;05/08/2010
2010043879;1;2;6;1;3;780;21/08/2010
2010043880;1;2;1;1;6;780;07/08/2010
2010043881;1;2;6;2;7;780;07/08/2010
2010043882;5;2;2;2;3;780;23/08/2010
2010043883;2;2;2;1;3;780;20/06/2010
2010043884;1;2;3;1;2;780;30/07/2010
2010043885;1;2;3;1;3;780;05/09/2010
2010043886;1;2;3;1;3;780;31/08/2010
2010043887;1;2;6;1;3;780;01/09/2010
2010043888;1;2;3;1;3;780;24/09/2010
2010043889;5;2;1;3;6;780;01/10/2010
2010043890;1;2;1;1;6;780;20/06/2010
2010043891;1;2;1;2;4;780;05/10/2010
2010043892;1;1;6;1;3;780;11/07/2010
2010043893;5;2;1;1;6;780;19/10/2010
2010043894;2;2;1;1;4;780;25/10/2010
2010043895;1;2;3;1;6;780;29/10/2010
2010043896;1;2;2;1;4;780;26/10/2010
2010043897;5;2;2;1;3;780;06/11/2010
2010043898;5;2;2;1;6;780;07/11/2010
2010043899;1;2;1;2;3;780;06/11/2010
2010043900;1;2;1;1;7;780;10/11/2010
2010043901;5;2;1;1;6;780;18/11/2010
2010043902;1;2;1;1;2;780;26/11/2010
2010043903;1;2;1;8;6;780;01/12/2010
2010043904;1;2;1;1;2;780;27/11/2010
2010043905;5;2;1;1;2;780;06/12/2010
2010043906;1;1;1;4;4;780;07/12/2010
2010043907;1;2;1;1;2;780;09/12/2010
2010043908;1;2;1;1;2;780;09/12/2010
2010043909;2;2;7;8;3;780;10/12/2010
2010043910;1;2;1;1;3;780;12/12/2010
2010043911;1;2;1;1;6;780;14/12/2010
2010043912;5;2;1;1;2;780;09/12/2010
2010043913;5;2;1;2;7;780;11/12/2010
2010043914;4;2;1;2;6;780;16/12/2010
2010043915;1;2;7;4;1;780;23/12/2010
2010043916;5;2;1;2;1;780;27/12/2010
2010043917;1;1;3;8;7;780;28/12/2010
2010043918;5;2;1;1;6;780;28/12/2010
2010043919;1;2;1;1;7;780;29/12/2010
2010043920;1;2;6;2;2;780;28/12/2010
2010043921;1;2;1;1;4;780;03/01/2010
2010043922;1;2;1;1;7;780;30/12/2010
2010043923;2;1;1;1;2;780;04/01/2010
2010043924;1;2;1;1;7;780;06/01/2010
2010043925;1;2;2;1;3;780;28/01/2010
2010043926;1;2;1;1;2;780;06/02/2010
2010043927;5;2;6;1;3;780;06/02/2010
2010043928;3;1;1;4;3;780;11/02/2010
2010043929;1;2;1;1;2;780;12/02/2010
2010043930;1;2;1;1;6;780;19/02/2010
2010043931;1;2;1;1;4;780;20/02/2010
2010043932;5;2;1;1;4;780;18/02/2010
2010043933;1;2;1;1;6;780;22/02/2010
2010043934;1;2;1;2;7;780;20/03/2010
2010043935;1;1;1;2;7;780;29/03/2010
2010043936;1;2;6;1;3;780;07/04/2010
2010043937;1;2;1;1;3;780;10/04/2010
2010043938;1;2;2;1;3;780;12/04/2010
2010043939;1;2;1;1;6;780;19/04/2010
2010043940;2;1;1;2;7;780;03/05/2010
2010043941;1;2;1;1;6;780;05/05/2010
2010043942;1;1;1;1;6;780;13/05/2010
2010043943;1;2;1;1;2;780;20/05/2010
2010043944;1;2;1;1;6;780;20/05/2010
2010043945;1;2;2;1;3;780;21/05/2010
2010043946;1;2;1;1;3;780;22/05/2010
2010043947;1;2;1;2;3;780;29/05/2010
2010043948;1;2;2;8;3;780;09/06/2010
2010043949;1;2;1;1;2;780;08/06/2010
2010043950;1;2;1;2;1;780;09/06/2010
2010043951;1;2;1;1;3;780;12/06/2010
2010043952;1;1;1;1;3;780;12/06/2010
2010043953;1;2;2;2;7;780;17/06/2010
2010043954;1;2;1;1;3;780;26/06/2010
2010043955;1;1;3;1;3;780;08/07/2010
2010043956;1;1;1;1;7;780;08/07/2010
2010043957;1;2;2;1;3;780;19/07/2010
2010043958;1;1;1;1;6;780;03/08/2010
2010043959;1;2;3;1;3;780;27/08/2010
2010043960;1;2;1;1;5;780;05/09/2010
2010043961;1;2;1;7;6;780;11/09/2010
2010043962;1;2;2;1;3;780;15/09/2010
2010043963;1;1;1;1;2;780;22/09/2010
2010043964;1;1;1;1;7;780;03/10/2010
2010043965;1;2;3;1;6;780;12/10/2010
2010043966;5;2;1;1;7;780;19/10/2010
2010043967;1;2;2;2;7;780;21/10/2010
2010043968;1;2;1;1;6;780;24/10/2010
2010043969;5;2;1;2;7;780;07/11/2010
2010043970;1;2;3;1;3;780;19/11/2010
2010043971;1;2;1;3;1;780;08/11/2010
2010043972;5;2;6;2;6;780;21/11/2010
2010043973;1;2;6;1;3;780;19/11/2010
2010043974;5;2;3;2;3;780;16/12/2010
2010043975;1;2;1;1;2;780;12/01/2010
2010043976;1;2;3;1;2;780;19/01/2010
2010043977;5;2;1;1;2;780;29/01/2010
2010043978;5;2;2;1;3;780;30/01/2010
2010043979;5;2;1;1;6;780;01/01/2010
2010043980;5;2;3;1;6;780;03/02/2010