num_acc;lum;agg;inter;atm;col;dep;date
2010043981;5;2;2;2;3;780;07/02/2010
2010043982;2;2;3;1;3;780;04/01/2010
2010043983;1;2;2;1;2;780;09/03/2010
2010043984;1;2;3;1;6;780;26/03/2010
2010043985;1;2;1;2;2;780;29/03/2010
2010043986;1;2;6;1;3;780;05/04/2010
2010043987;1;1;1;1;7;780;05/04/2010
2010043988;1;2;2;1;4;780;09/04/2010
2010043989;1;2;3;1;2;780;15/04/2010
2010043990;1;2;1;1;6;780;16/04/2010
2010043991;1;2;1;1;7;780;18/04/2010
2010043992;2;1;1;1;6;780;27/04/2010
2010043993;5;2;1;1;7;780;12/04/2010
2010043994;1;2;3;1;3;780;09/05/2010
2010043995;1;2;2;1;6;780;10/05/2010
2010043996;1;2;2;1;6;780;17/05/2010
2010043997;1;2;1;1;6;780;18/05/2010
2010043998;1;2;2;1;3;780;17/05/2010
2010043999;1;2;1;1;3;780;25/05/2010
2010044000;1;2;3;1;4;780;04/06/2010
2010044001;1;2;3;1;3;780;16/06/2010
2010044002;2;2;3;1;6;780;16/06/2010
2010044003;1;2;2;1;3;780;16/06/2010
2010044004;1;2;2;1;6;780;18/06/2010
2010044005;1;2;2;1;3;780;28/06/2010
2010044006;1;2;2;1;6;780;29/06/2010
2010044007;1;2;3;1;3;780;30/06/2010
2010044008;1;2;2;1;6;780;29/06/2010
2010044009;1;2;1;1;6;780;26/06/2010
2010044010;1;2;2;1;7;780;13/07/2010
2010044011;1;2;1;1;6;780;21/07/2010
2010044012;1;2;1;1;3;780;28/07/2010
2010044013;1;2;2;1;7;780;03/08/2010
2010044014;5;1;1;1;7;780;09/08/2010
2010044015;1;2;1;2;6;780;15/08/2010
2010044016;1;2;2;1;6;780;20/08/2010
2010044017;1;1;1;1;6;780;24/08/2010
2010044018;1;2;1;1;3;780;28/08/2010
2010044019;1;2;2;1;3;780;07/09/2010
2010044020;1;2;1;1;2;780;07/09/2010
2010044021;1;1;1;1;7;780;08/09/2010
2010044022;1;2;1;1;7;780;18/09/2010
2010044023;1;2;1;1;7;780;14/10/2010
2010044024;1;2;3;1;3;780;18/10/2010
2010044025;1;2;3;1;3;780;18/10/2010
2010044026;1;2;1;1;4;780;11/10/2010
2010044027;1;2;2;2;5;780;06/11/2010
2010044028;1;2;3;2;3;780;09/11/2010
2010044029;5;2;2;2;2;780;08/11/2010
2010044030;5;2;3;2;6;780;06/11/2010
2010044031;1;1;3;2;3;780;12/11/2010
2010044032;2;2;1;2;1;780;22/11/2010
2010044033;1;2;1;1;3;780;23/11/2010
2010044034;1;2;1;2;3;780;10/11/2010
2010044035;5;2;2;1;1;780;30/11/2010
2010044036;2;2;1;2;3;780;26/11/2010
2010044037;5;2;3;4;2;780;02/12/2010
2010044038;5;2;1;4;6;780;07/12/2010
2010044039;1;2;2;1;6;780;15/12/2010
2010044040;1;2;6;1;6;780;24/01/2010
2010044041;1;2;1;1;6;780;30/01/2010
2010044042;5;2;1;1;7;780;07/02/2010
2010044043;1;2;1;4;2;780;11/02/2010
2010044044;5;2;1;2;6;780;22/02/2010
2010044045;5;1;1;2;3;780;27/02/2010
2010044046;1;1;1;1;3;780;02/03/2010
2010044047;1;2;3;1;3;780;06/03/2010
2010044048;3;1;1;1;6;780;15/03/2010
2010044049;5;1;1;1;7;780;15/03/2010
2010044050;5;2;3;2;4;780;19/03/2010
2010044051;3;2;1;1;3;780;23/03/2010
2010044052;5;2;1;1;6;780;24/03/2010
2010044053;1;2;3;1;1;780;27/03/2010
2010044054;2;2;6;1;6;780;29/03/2010
2010044055;5;2;1;1;7;780;24/04/2010
2010044056;2;2;1;1;6;780;25/04/2010
2010044057;1;2;2;1;6;780;09/05/2010
2010044058;1;2;3;1;7;780;30/05/2010
2010044059;1;2;3;1;1;780;20/06/2010
2010044060;1;2;2;1;3;780;18/06/2010
2010044061;5;1;1;1;6;780;21/06/2010
2010044062;1;2;6;1;6;780;24/06/2010
2010044063;1;2;1;1;2;780;03/07/2010
2010044064;1;2;3;1;3;780;07/07/2010
2010044065;1;1;1;2;7;780;10/07/2010
2010044066;1;1;2;1;3;780;18/07/2010
2010044067;1;2;1;1;6;780;27/07/2010
2010044068;1;2;2;1;5;780;28/07/2010
2010044069;1;1;1;1;2;780;23/07/2010
2010044070;1;2;1;1;6;780;30/07/2010
2010044071;1;2;1;1;6;780;28/08/2010
2010044072;5;2;3;1;6;780;21/08/2010
2010044073;5;1;1;1;7;780;02/09/2010
2010044074;1;2;1;1;6;780;04/09/2010
2010044075;5;2;2;1;3;780;25/09/2010
2010044076;1;1;1;1;6;780;02/10/2010
2010044077;5;2;3;3;3;780;03/10/2010
2010044078;5;1;1;1;1;780;07/10/2010
2010044079;1;2;1;1;6;780;09/10/2010
2010044080;3;1;6;1;7;780;20/10/2010
2010044081;5;2;3;1;3;780;20/10/2010
2010044082;5;2;2;1;3;780;27/10/2010
2010044083;5;1;2;1;4;780;03/11/2010
2010044084;5;2;2;3;3;780;06/11/2010
2010044085;1;1;1;1;7;780;17/11/2010
2010044086;1;2;2;1;6;780;20/11/2010
2010044087;1;1;1;1;6;780;24/11/2010
2010044088;1;2;1;1;6;780;25/11/2010
2010044089;1;2;3;1;7;780;29/11/2010
2010044090;1;2;1;1;6;780;14/01/2010
2010044091;1;1;1;1;3;780;17/01/2010
2010044092;1;1;1;2;7;780;29/01/2010
2010044093;2;1;1;2;1;780;17/02/2010
2010044094;1;2;3;1;3;780;19/02/2010
2010044095;5;2;1;1;3;780;04/03/2010
2010044096;1;1;9;1;7;780;05/04/2010
2010044097;3;1;1;1;2;780;07/04/2010
2010044098;3;2;1;1;6;780;11/04/2010
2010044099;1;1;1;1;2;780;16/04/2010
2010044100;1;1;3;1;2;780;17/04/2010
2010044101;1;2;6;1;3;780;18/04/2010
2010044102;1;2;4;1;6;780;26/04/2010
2010044103;1;1;1;1;2;780;29/04/2010
2010044104;1;2;6;1;3;780;20/05/2010
2010044105;1;1;1;1;4;780;21/05/2010
2010044106;1;1;3;1;3;780;22/05/2010
2010044107;1;2;1;1;1;780;04/06/2010
2010044108;1;2;2;1;3;780;09/06/2010
2010044109;1;1;1;1;1;780;11/06/2010
2010044110;1;2;1;1;1;780;16/06/2010
2010044111;3;1;1;1;2;780;16/06/2010
2010044112;1;1;3;1;2;780;18/06/2010
2010044113;1;2;1;1;1;780;25/06/2010
2010044114;1;1;1;1;3;780;27/06/2010
2010044115;1;1;3;1;2;780;06/07/2010
2010044116;1;2;1;1;6;780;18/07/2010
2010044117;1;2;2;8;3;780;27/07/2010
2010044118;1;2;1;1;6;780;31/07/2010
2010044119;3;1;1;1;6;780;01/08/2010
2010044120;1;2;3;7;3;780;01/09/2010
2010044121;3;1;1;1;6;780;27/09/2010
2010044122;1;2;1;1;7;780;06/10/2010
2010044123;5;2;1;1;3;780;03/11/2010
2010044124;1;1;1;3;7;780;06/11/2010
2010044125;2;1;1;2;7;780;10/11/2010
2010044126;1;1;1;2;7;780;25/11/2010
2010044127;1;1;3;7;3;780;13/12/2010
2010044128;3;1;4;8;2;780;27/01/2010
2010044129;2;2;1;2;6;780;09/02/2010
2010044130;1;2;1;2;6;780;07/02/2010
2010044131;5;2;1;4;6;780;01/02/2010
2010044132;1;2;2;1;6;780;04/03/2010
2010044133;1;2;4;1;2;780;21/04/2010
2010044134;1;2;3;8;2;780;08/06/2010
2010044135;1;2;8;1;6;780;24/05/2010
2010044136;1;2;3;1;4;780;28/05/2010
2010044137;1;2;1;1;2;780;28/06/2010
2010044138;1;2;3;2;6;780;26/05/2010
2010044139;1;2;3;1;3;780;24/05/2010
2010044140;1;2;2;8;3;780;18/08/2010
2010044141;2;2;1;8;1;780;07/10/2010
2010044142;1;2;3;1;3;780;12/10/2010
2010044143;1;2;1;8;3;780;20/11/2010
2010044144;1;1;1;1;6;780;26/11/2010
2010044145;1;2;1;1;6;780;27/11/2010
2010044146;1;2;1;4;7;780;01/12/2010
2010044147;3;1;2;1;3;780;12/12/2010
2010044148;1;2;1;1;6;780;11/01/2010
2010044149;1;2;1;2;6;780;20/01/2010
2010044150;5;2;5;1;3;780;20/01/2010
2010044151;2;1;1;1;6;780;21/02/2010
2010044152;1;2;3;1;3;780;05/03/2010
2010044153;1;2;1;1;6;780;16/03/2010
2010044154;1;2;2;2;6;780;02/04/2010
2010044155;1;2;7;1;6;780;08/04/2010
2010044156;1;2;1;1;6;780;14/04/2010
2010044157;1;2;1;1;6;780;26/04/2010
2010044158;1;1;3;1;3;780;05/05/2010
2010044159;1;2;1;1;6;780;12/04/2010
2010044160;1;2;9;1;3;780;04/06/2010
2010044161;1;2;3;1;6;780;22/06/2010
2010044162;1;2;3;1;3;780;30/06/2010
2010044163;1;2;7;1;6;780;29/06/2010
2010044164;5;2;1;1;1;780;22/07/2010
2010044165;1;1;1;1;6;780;03/08/2010
2010044166;1;2;1;8;3;780;11/06/2010
2010044167;3;1;1;1;7;780;22/08/2010
2010044168;1;2;3;1;6;780;23/08/2010
2010044169;1;1;2;1;3;780;30/08/2010
2010044170;5;1;1;1;3;780;30/08/2010
2010044171;1;2;1;1;2;780;04/09/2010
2010044172;1;2;1;1;6;780;02/09/2010
2010044173;1;1;1;1;6;780;21/09/2010
2010044174;4;1;1;1;4;780;06/10/2010
2010044175;1;2;1;1;3;780;10/10/2010
2010044176;5;2;1;1;6;780;13/10/2010
2010044177;1;2;1;1;6;780;21/10/2010
2010044178;1;1;1;1;6;780;23/11/2010
2010044179;5;2;1;1;3;780;23/11/2010
2010044180;1;2;1;1;6;780;29/11/2010
2010044181;4;1;1;1;6;780;11/12/2010
2010044182;1;2;3;2;2;780;29/01/2010
2010044183;5;2;2;1;3;780;19/01/2010
2010044184;5;2;1;2;6;780;28/01/2010
2010044185;1;2;2;1;3;780;07/02/2010
2010044186;1;2;1;1;6;780;15/02/2010
2010044187;1;2;2;1;3;780;27/02/2010
2010044188;1;2;1;1;3;780;09/03/2010
2010044189;1;2;3;8;3;780;13/03/2010
2010044190;1;2;4;1;6;780;05/03/2010
2010044191;1;2;3;6;3;780;25/03/2010
2010044192;2;2;1;1;1;780;27/03/2010
2010044193;1;2;3;1;6;780;14/04/2010
2010044194;1;2;1;1;6;780;17/04/2010
2010044195;1;2;1;1;6;780;04/05/2010
2010044196;5;2;6;1;6;780;15/05/2010
2010044197;5;2;1;1;6;780;10/06/2010
2010044198;1;2;3;1;3;780;03/06/2010
2010044199;5;2;3;1;3;780;05/06/2010
2010044200;1;2;6;1;3;780;16/06/2010
2010044201;1;2;1;1;5;780;30/06/2010
2010044202;5;2;3;1;3;780;04/07/2010
2010044203;1;2;3;1;6;780;01/07/2010
2010044204;1;2;1;1;6;780;13/07/2010
2010044205;1;2;1;1;2;780;21/07/2010
2010044206;1;2;2;2;3;780;16/08/2010
2010044207;1;2;1;1;1;780;09/09/2010
2010044208;1;2;3;1;1;780;19/09/2010
2010044209;1;2;1;1;6;780;21/09/2010
2010044210;1;2;3;1;3;780;29/09/2010
2010044211;1;2;3;1;1;780;27/09/2010
2010044212;1;2;2;1;2;780;07/10/2010
2010044213;5;2;1;1;6;780;08/10/2010
2010044214;5;2;3;1;5;780;31/10/2010
2010044215;4;2;1;1;6;780;03/11/2010
2010044216;1;2;1;1;6;780;05/11/2010
2010044217;1;2;2;1;3;780;15/11/2010
2010044218;5;1;3;1;6;780;15/11/2010
2010044219;5;2;2;3;3;780;13/11/2010
2010044220;1;2;3;1;3;780;19/11/2010
2010044221;1;2;6;1;2;780;16/11/2010
2010044222;5;2;1;1;6;780;30/11/2010
2010044223;5;2;1;1;6;780;03/12/2010
2010044224;2;1;1;1;3;780;04/01/2010
2010044225;5;2;1;2;4;780;22/01/2010
2010044226;5;2;2;2;6;780;06/02/2010
2010044227;5;2;1;1;3;780;07/02/2010
2010044228;1;2;1;2;4;780;03/02/2010
2010044229;1;2;3;4;6;780;10/02/2010
2010044230;1;2;2;1;3;780;15/05/2010
2010044231;1;1;1;3;4;780;27/05/2010
2010044232;1;1;1;1;3;780;06/07/2010
2010044233;1;2;1;1;2;780;22/07/2010
2010044234;2;1;1;2;6;780;10/08/2010
2010044235;1;2;1;2;4;780;14/08/2010
2010044236;1;2;1;1;6;780;26/08/2010
2010044237;2;2;1;2;4;780;26/09/2010
2010044238;5;1;1;1;2;780;13/10/2010
2010044239;1;2;3;1;6;780;06/10/2010
2010044240;1;2;1;1;6;780;04/11/2010
2010044241;5;2;3;4;3;780;17/12/2010
2010044242;1;2;1;4;7;780;28/12/2010
2010044243;1;2;1;8;6;780;31/12/2010
2010044244;2;2;1;4;6;780;08/01/2010
2010044245;2;1;1;8;7;780;14/01/2010
2010044246;2;2;1;5;7;780;14/01/2010
2010044247;2;2;7;2;7;780;20/01/2010
2010044248;3;2;1;5;7;780;22/01/2010
2010044249;5;2;1;8;6;780;22/01/2010
2010044250;1;2;1;2;3;780;06/02/2010
2010044251;5;1;1;1;6;780;15/02/2010
2010044252;5;2;9;1;2;780;19/02/2010
2010044253;1;2;1;8;6;780;24/02/2010
2010044254;1;1;1;1;3;780;16/03/2010
2010044255;1;1;6;1;7;780;18/03/2010
2010044256;1;2;1;1;3;780;22/03/2010
2010044257;5;2;1;1;2;780;23/03/2010
2010044258;5;2;1;1;2;780;25/03/2010
2010044259;1;2;9;1;3;780;07/04/2010
2010044260;1;2;1;8;6;780;31/03/2010
2010044261;1;2;1;1;3;780;13/04/2010
2010044262;1;2;9;8;3;780;08/05/2010
2010044263;2;2;6;1;7;780;03/05/2010
2010044264;1;2;2;1;3;780;11/05/2010
2010044265;1;2;1;1;6;780;23/04/2010
2010044266;1;1;3;1;3;780;27/05/2010
2010044267;1;2;1;1;2;780;18/04/2010
2010044268;1;2;1;1;3;780;23/10/2010
2010044269;5;2;1;3;7;780;06/09/2010
2010044270;1;2;3;1;3;780;27/08/2010
2010044271;2;1;3;2;3;780;15/09/2010
2010044272;1;2;1;1;6;780;18/09/2010
2010044273;1;2;2;1;3;780;25/06/2010
2010044274;1;2;3;1;3;780;22/08/2010
2010044275;5;2;1;8;6;780;16/06/2010
2010044276;1;2;1;1;3;780;30/06/2010
2010044277;1;2;1;1;7;780;10/08/2010
2010044278;5;2;3;8;3;780;06/10/2010
2010044279;1;2;1;1;2;780;21/10/2010
2010044280;2;2;1;1;6;780;31/07/2010
2010044281;1;1;1;8;7;780;31/10/2010
2010044282;1;2;4;1;3;780;18/10/2010
2010044283;5;2;1;1;1;780;04/11/2010
2010044284;1;1;5;1;3;780;22/11/2010
2010044285;1;2;1;8;6;780;16/07/2010
2010044286;1;2;1;1;6;780;14/12/2010
2010044287;5;2;7;1;3;780;30/12/2010
2010044288;1;2;1;1;6;780;12/01/2010
2010044289;1;2;6;1;6;780;14/01/2010
2010044290;1;2;3;2;6;780;29/01/2010
2010044291;5;2;2;1;3;780;31/01/2010
2010044292;1;2;1;1;3;780;15/02/2010
2010044293;1;2;6;1;3;780;04/03/2010
2010044294;1;1;1;1;3;780;07/03/2010
2010044295;1;2;3;1;2;780;09/03/2010
2010044296;1;2;3;1;3;780;05/03/2010
2010044297;1;2;2;1;6;780;10/03/2010
2010044298;1;2;1;1;6;780;10/03/2010
2010044299;5;2;1;3;6;780;20/03/2010
2010044300;5;2;2;1;3;780;27/03/2010
2010044301;5;2;2;1;1;780;22/03/2010
2010044302;1;2;3;1;3;780;01/04/2010
2010044303;1;2;1;1;6;780;09/04/2010
2010044304;1;2;1;1;3;780;12/04/2010
2010044305;1;2;2;1;6;780;15/04/2010
2010044306;1;2;4;1;6;780;14/04/2010
2010044307;1;2;2;1;3;780;15/04/2010
2010044308;1;2;1;2;6;780;25/04/2010
2010044309;1;2;1;1;6;780;27/04/2010
2010044310;1;2;2;1;6;780;27/04/2010
2010044311;1;2;1;1;3;780;11/05/2010
2010044312;1;1;1;1;6;780;19/05/2010
2010044313;5;2;3;2;3;780;11/05/2010
2010044314;5;2;2;1;3;780;15/05/2010
2010044315;1;2;1;1;6;780;26/05/2010
2010044316;1;2;3;1;1;780;28/05/2010
2010044317;1;2;6;1;3;780;11/06/2010
2010044318;1;2;1;1;1;780;15/06/2010
2010044319;5;2;2;1;3;780;16/06/2010
2010044320;1;2;1;1;6;780;18/06/2010
2010044321;1;2;2;1;3;780;29/06/2010
2010044322;1;2;3;1;3;780;06/07/2010
2010044323;5;2;3;1;3;780;08/07/2010
2010044324;1;2;1;1;6;780;11/07/2010
2010044325;2;2;3;2;3;780;12/07/2010
2010044326;1;1;1;3;5;780;14/07/2010
2010044327;1;2;2;1;3;780;22/07/2010
2010044328;1;2;3;1;6;780;03/08/2010
2010044329;1;2;1;1;3;780;19/08/2010
2010044330;1;2;1;1;6;780;07/09/2010
2010044331;1;2;1;1;3;780;07/09/2010
2010044332;1;2;1;1;5;780;11/09/2010
2010044333;1;2;1;1;3;780;13/09/2010
2010044334;1;2;2;1;6;780;15/09/2010
2010044335;1;2;1;2;6;780;15/09/2010
2010044336;1;2;2;1;3;780;16/09/2010
2010044337;1;2;3;1;3;780;17/09/2010
2010044338;1;2;3;1;3;780;20/09/2010
2010044339;1;2;2;1;3;780;28/09/2010
2010044340;5;2;1;1;6;780;30/09/2010
2010044341;1;2;1;1;3;780;01/10/2010
2010044342;1;2;1;1;6;780;06/10/2010
2010044343;1;2;3;1;6;780;19/10/2010
2010044344;1;2;1;1;6;780;14/10/2010
2010044345;1;2;3;1;2;780;29/08/2010
2010044346;1;2;1;1;6;780;25/10/2010
2010044347;1;2;5;1;2;780;26/10/2010
2010044348;5;1;1;1;3;780;29/10/2010
2010044349;1;2;3;1;6;780;04/11/2010
2010044350;5;2;2;9;3;780;12/11/2010
2010044351;5;1;1;1;2;780;05/11/2010
2010044352;5;2;1;2;6;780;08/11/2010
2010044353;5;2;1;1;6;780;10/11/2010
2010044354;2;2;3;1;6;780;14/11/2010
2010044355;1;2;1;2;6;780;21/11/2010
2010044356;5;2;1;2;2;780;21/11/2010
2010044357;1;2;1;1;6;780;29/11/2010
2010044358;5;2;1;4;6;780;02/12/2010
2010044359;1;2;3;1;6;780;05/12/2010
2010044360;1;2;3;4;6;780;03/12/2010
2010044361;5;2;2;1;1;780;12/12/2010
2010044362;5;2;1;1;6;780;14/12/2010
2010044363;2;2;1;2;2;780;18/12/2010
2010044364;5;2;3;1;3;780;03/01/2010
2010044365;1;2;1;1;6;780;03/02/2010
2010044366;1;2;5;1;3;780;19/04/2010
2010044367;1;2;1;1;1;780;12/05/2010
2010044368;1;2;2;1;3;780;14/05/2010
2010044369;5;2;1;1;3;780;25/05/2010
2010044370;5;2;2;1;3;780;06/06/2010
2010044371;5;2;2;1;6;780;11/06/2010
2010044372;1;2;1;6;6;780;15/06/2010
2010044373;2;2;3;2;3;780;29/06/2010
2010044374;5;2;1;1;7;780;16/07/2010
2010044375;1;1;1;1;6;780;06/08/2010
2010044376;1;1;1;2;1;780;23/08/2010
2010044377;1;2;7;8;3;780;30/09/2010
2010044378;5;2;1;3;3;780;01/10/2010
2010044379;2;2;3;2;6;780;06/10/2010
2010044380;5;2;1;1;6;780;22/10/2010
2010044381;1;2;3;1;3;780;23/10/2010
2010044382;1;2;3;1;3;780;19/11/2010
2010044383;5;2;1;1;3;780;13/12/2010
2010044384;1;2;1;1;2;780;22/12/2010
2010044385;4;2;1;3;6;790;06/12/2010
2010044386;1;2;1;1;3;790;06/01/2010
2010044387;1;2;3;1;1;790;15/01/2010
2010044388;1;2;3;1;3;790;16/01/2010
2010044389;1;2;1;1;7;790;24/02/2010
2010044390;3;1;1;1;6;790;30/04/2010
2010044391;3;2;1;2;7;790;27/03/2010
2010044392;1;2;1;1;6;790;17/04/2010
2010044393;1;2;6;1;7;790;27/04/2010
2010044394;1;2;1;1;2;790;17/04/2010
2010044395;1;2;1;8;3;790;09/05/2010
2010044396;1;1;1;1;2;790;10/05/2010
2010044397;1;2;1;1;6;790;09/08/2010
2010044398;1;2;3;1;3;790;29/07/2010
2010044399;1;2;6;1;3;790;01/03/2010
2010044400;1;2;2;1;3;790;04/03/2010
2010044401;5;2;1;1;3;790;23/08/2010
2010044402;1;2;1;1;2;790;09/03/2010
2010044403;1;2;1;1;6;790;10/03/2010
2010044404;1;2;1;1;1;790;02/10/2010
2010044405;1;1;1;7;6;790;14/09/2010
2010044406;2;2;6;1;3;790;10/10/2010
2010044407;1;2;1;1;2;790;16/03/2010
2010044408;1;2;2;1;3;790;27/10/2010
2010044409;5;2;1;1;6;790;20/03/2010
2010044410;1;2;3;1;3;790;20/10/2010
2010044411;4;2;1;2;7;790;17/11/2010
2010044412;2;2;3;1;3;790;24/03/2010
2010044413;1;2;1;1;1;790;19/04/2010
2010044414;1;2;1;1;7;790;19/04/2010
2010044415;1;2;1;1;7;790;24/04/2010
2010044416;1;2;1;1;6;790;04/05/2010
2010044417;1;2;1;1;6;790;08/05/2010
2010044418;1;2;3;1;3;790;10/05/2010
2010044419;1;2;1;1;3;790;15/05/2010
2010044420;1;2;1;1;7;790;24/05/2010
2010044421;1;2;1;1;3;790;28/05/2010
2010044422;1;1;4;1;1;790;01/06/2010
2010044423;1;2;3;1;2;790;04/06/2010
2010044424;2;2;1;1;7;790;05/06/2010
2010044425;2;2;1;1;6;790;22/06/2010
2010044426;1;2;1;1;6;790;23/06/2010
2010044427;5;2;3;1;3;790;25/06/2010
2010044428;1;2;1;1;3;790;01/07/2010
2010044429;5;2;6;1;7;790;07/07/2010
2010044430;1;2;1;1;7;790;10/07/2010
2010044431;4;2;1;1;7;790;11/07/2010
2010044432;1;2;6;1;7;790;12/07/2010
2010044433;1;2;3;1;3;790;30/07/2010
2010044434;1;2;1;1;7;790;30/07/2010
2010044435;1;2;3;1;3;790;06/09/2010
2010044436;1;2;1;1;7;790;10/09/2010
2010044437;1;2;1;1;3;790;13/09/2010
2010044438;1;2;3;1;6;790;18/09/2010
2010044439;2;2;1;1;7;790;04/10/2010
2010044440;2;2;1;1;7;790;05/10/2010
2010044441;5;2;1;1;7;790;11/10/2010
2010044442;1;2;1;1;7;790;12/10/2010
2010044443;2;2;6;1;2;790;21/10/2010
2010044444;5;2;1;1;7;790;27/10/2010
2010044445;4;2;2;1;3;790;27/10/2010
2010044446;5;2;2;8;3;790;15/12/2010
2010044447;2;2;3;1;2;790;08/01/2010
2010044448;1;2;1;1;2;790;13/01/2010
2010044449;1;2;1;8;6;790;14/01/2010
2010044450;1;2;1;1;6;790;19/01/2010
2010044451;1;2;3;8;1;790;15/02/2010
2010044452;2;2;9;9;7;790;18/02/2010
2010044453;1;2;1;1;7;790;16/03/2010
2010044454;1;2;1;1;6;790;16/04/2010
2010044455;1;2;7;1;6;790;19/04/2010
2010044456;2;2;2;1;3;790;30/04/2010
2010044457;1;2;2;2;3;790;09/05/2010
2010044458;1;2;2;1;3;790;27/05/2010
2010044459;1;2;1;1;7;790;06/06/2010
2010044460;1;2;3;1;3;790;17/06/2010
2010044461;1;2;2;1;3;790;29/06/2010
2010044462;1;2;1;1;7;790;30/06/2010
2010044463;1;2;1;1;1;790;03/07/2010
2010044464;1;2;1;1;2;790;07/07/2010
2010044465;1;2;1;1;2;790;20/07/2010
2010044466;1;2;1;1;3;790;26/07/2010
2010044467;1;2;1;1;6;790;20/08/2010
2010044468;1;2;6;1;7;790;21/08/2010
2010044469;1;1;2;8;3;790;27/08/2010
2010044470;1;1;3;1;3;790;10/09/2010
2010044471;1;1;3;1;1;790;12/09/2010
2010044472;3;1;2;1;3;790;18/09/2010
2010044473;1;2;1;1;2;790;24/09/2010
2010044474;1;2;2;1;3;790;07/10/2010
2010044475;1;2;3;1;3;790;20/10/2010
2010044476;1;2;1;2;6;790;23/10/2010
2010044477;1;2;1;1;6;790;20/10/2010
2010044478;1;2;1;1;7;790;26/10/2010
2010044479;1;2;9;8;3;790;05/11/2010
2010044480;1;2;1;2;2;790;09/11/2010
2010044481;3;2;8;2;7;790;16/12/2010
2010044482;1;2;7;9;7;790;26/12/2010
2010044483;5;2;1;1;6;800;06/01/2010
2010044484;1;2;1;1;6;800;14/03/2010
2010044485;1;2;1;1;6;800;01/04/2010
2010044486;1;2;1;1;2;800;22/05/2010
2010044487;1;2;3;1;2;800;12/07/2010
2010044488;1;1;1;1;6;800;31/07/2010
2010044489;1;2;9;1;6;800;09/09/2010
2010044490;1;2;1;1;6;800;18/09/2010
2010044491;1;2;1;1;3;800;19/09/2010
2010044492;1;2;1;7;1;800;04/10/2010
2010044493;1;2;1;3;6;800;23/10/2010
2010044494;5;2;1;1;3;800;28/11/2010
2010044495;5;2;1;8;6;800;11/12/2010
2010044496;1;2;1;7;6;800;14/12/2010
2010044497;5;2;1;1;7;800;01/01/2010
2010044498;1;2;1;1;7;800;01/01/2010
2010044499;5;2;3;2;2;800;31/12/2010
2010044500;1;1;1;1;3;800;04/01/2010
2010044501;5;2;1;1;3;800;06/01/2010
2010044502;1;2;3;1;3;800;06/01/2010
2010044503;1;2;1;1;6;800;30/12/2010
2010044504;5;2;2;1;2;800;09/01/2010
2010044505;5;2;1;1;6;800;08/01/2010
2010044506;1;2;1;1;6;800;08/01/2010
2010044507;1;2;1;1;1;800;08/01/2010
2010044508;1;2;1;8;3;800;08/01/2010
2010044509;5;2;1;1;4;800;11/01/2010
2010044510;5;2;2;1;3;800;11/01/2010
2010044511;5;2;1;1;6;800;11/01/2010
2010044512;2;2;3;4;3;800;12/01/2010
2010044513;5;2;1;1;6;800;12/01/2010
2010044514;5;2;2;1;3;800;14/01/2010
2010044515;5;2;1;5;3;800;15/01/2010
2010044516;1;2;3;3;3;800;16/01/2010
2010044517;5;2;1;1;2;800;18/01/2010
2010044518;2;2;1;1;3;800;19/01/2010
2010044519;5;1;1;5;7;800;19/01/2010
2010044520;5;2;2;1;5;800;21/01/2010
2010044521;5;2;1;1;6;800;22/01/2010
2010044522;5;2;6;2;3;800;23/01/2010
2010044523;1;2;1;2;7;800;24/01/2010
2010044524;5;1;1;2;7;800;20/01/2010
2010044525;1;2;3;2;3;800;25/01/2010
2010044526;1;2;1;1;2;800;25/01/2010
2010044527;1;2;1;2;6;800;29/01/2010
2010044528;5;2;2;2;3;800;02/02/2010
2010044529;5;2;1;1;6;800;03/02/2010
2010044530;1;2;2;1;1;800;05/02/2010
2010044531;1;2;2;1;2;800;05/02/2010
2010044532;2;2;1;1;6;800;04/02/2010
2010044533;1;2;1;1;6;800;05/02/2010
2010044534;1;2;1;1;6;800;06/02/2010
2010044535;5;2;1;1;7;800;04/02/2010
2010044536;1;1;1;1;7;800;09/02/2010
2010044537;1;2;6;4;3;800;11/02/2010
2010044538;1;2;3;4;2;800;10/02/2010
2010044539;5;2;3;1;3;800;12/02/2010
2010044540;1;2;6;1;3;800;12/02/2010
2010044541;1;2;5;1;6;800;12/02/2010
2010044542;1;2;1;1;1;800;12/02/2010
2010044543;1;2;1;1;7;800;17/02/2010
2010044544;1;2;1;2;6;800;17/02/2010
2010044545;1;2;1;2;5;800;17/02/2010
2010044546;3;1;1;2;1;800;18/02/2010
2010044547;5;2;2;2;3;800;23/02/2010
2010044548;1;1;1;2;4;800;23/02/2010
2010044549;2;2;1;1;1;800;22/02/2010
2010044550;1;2;1;3;2;800;24/02/2010
2010044551;5;2;1;1;7;800;27/02/2010
2010044552;5;2;1;2;1;800;26/02/2010
2010044553;1;2;1;1;6;800;01/03/2010
2010044554;1;2;1;1;2;800;01/03/2010
2010044555;1;2;3;1;3;800;07/03/2010
2010044556;1;2;1;1;1;800;07/03/2010
2010044557;1;2;1;1;6;800;05/03/2010
2010044558;4;2;1;1;7;800;05/03/2010