num_acc;lum;agg;inter;atm;col;dep;date
2010044559;1;2;1;1;2;800;04/03/2010
2010044560;1;2;1;1;2;800;10/03/2010
2010044561;1;2;2;1;3;800;12/03/2010
2010044562;1;1;1;1;2;800;12/03/2010
2010044563;1;2;6;1;3;800;11/03/2010
2010044564;1;2;1;1;6;800;16/03/2010
2010044565;1;2;1;1;6;800;19/03/2010
2010044566;1;2;1;1;4;800;21/03/2010
2010044567;1;2;1;1;4;800;20/03/2010
2010044568;5;2;3;1;3;800;22/03/2010
2010044569;1;1;1;1;7;800;24/03/2010
2010044570;1;2;1;1;6;800;27/03/2010
2010044571;1;1;1;1;7;800;29/03/2010
2010044572;1;2;1;1;5;800;26/03/2010
2010044573;1;2;1;1;2;800;30/03/2010
2010044574;2;2;1;2;6;800;30/03/2010
2010044575;1;2;1;2;3;800;31/03/2010
2010044576;1;2;1;1;3;800;31/03/2010
2010044577;1;2;2;1;6;800;31/03/2010
2010044578;1;2;3;1;3;800;05/04/2010
2010044579;1;2;1;1;6;800;06/04/2010
2010044580;1;2;1;1;6;800;06/04/2010
2010044581;1;2;1;1;3;800;04/04/2010
2010044582;1;2;1;1;7;800;02/04/2010
2010044583;1;2;1;1;3;800;08/04/2010
2010044584;5;2;1;1;7;800;18/04/2010
2010044585;1;2;3;1;3;800;16/04/2010
2010044586;1;2;1;1;6;800;17/04/2010
2010044587;1;2;6;1;3;800;18/04/2010
2010044588;1;2;3;1;3;800;16/04/2010
2010044589;1;2;1;1;2;800;16/04/2010
2010044590;1;2;1;1;2;800;15/04/2010
2010044591;1;2;1;1;1;800;14/04/2010
2010044592;1;2;1;1;6;800;12/04/2010
2010044593;1;2;1;1;2;800;10/04/2010
2010044594;1;1;1;1;7;800;26/04/2010
2010044595;1;2;1;1;6;800;26/04/2010
2010044596;1;2;6;1;3;800;19/04/2010
2010044597;1;2;1;1;6;800;19/04/2010
2010044598;1;2;3;1;3;800;20/04/2010
2010044599;1;2;1;1;3;800;20/04/2010
2010044600;1;2;6;1;3;800;20/04/2010
2010044601;2;2;6;1;6;800;20/04/2010
2010044602;1;2;1;1;3;800;21/04/2010
2010044603;5;2;6;1;3;800;23/04/2010
2010044604;1;2;6;1;3;800;22/04/2010
2010044605;5;2;2;1;3;800;22/04/2010
2010044606;1;2;1;1;6;800;30/04/2010
2010044607;5;2;2;2;3;800;01/05/2010
2010044608;1;2;1;1;6;800;29/04/2010
2010044609;1;2;2;1;2;800;29/04/2010
2010044610;1;2;1;1;6;800;27/04/2010
2010044611;1;2;1;1;3;800;29/04/2010
2010044612;1;2;2;1;3;800;02/05/2010
2010044613;1;2;1;1;1;800;03/05/2010
2010044614;1;2;3;1;5;800;04/05/2010
2010044615;1;2;3;1;3;800;06/05/2010
2010044616;1;2;1;1;3;800;10/05/2010
2010044617;1;2;3;1;3;800;10/05/2010
2010044618;1;2;2;1;3;800;08/05/2010
2010044619;1;2;1;1;3;800;08/05/2010
2010044620;1;2;1;1;3;800;07/05/2010
2010044621;5;2;1;1;6;800;13/05/2010
2010044622;1;2;1;1;7;800;15/05/2010
2010044623;5;2;2;1;5;800;16/05/2010
2010044624;1;2;1;1;7;800;12/05/2010
2010044625;1;2;1;1;6;800;12/05/2010
2010044626;1;2;3;1;3;800;12/05/2010
2010044627;1;2;1;1;2;800;18/05/2010
2010044628;1;2;1;1;3;800;18/05/2010
2010044629;1;2;1;1;7;800;18/05/2010
2010044630;1;2;1;1;4;800;18/05/2010
2010044631;1;2;1;1;3;800;19/05/2010
2010044632;1;2;1;1;7;800;19/05/2010
2010044633;1;2;2;1;1;800;19/05/2010
2010044634;1;1;1;1;3;800;20/05/2010
2010044635;1;1;1;1;2;800;23/05/2010
2010044636;1;2;3;1;3;800;22/05/2010
2010044637;1;2;1;1;7;800;25/05/2010
2010044638;1;1;1;1;7;800;25/05/2010
2010044639;1;2;2;1;3;800;27/05/2010
2010044640;1;2;1;1;6;800;27/05/2010
2010044641;3;1;1;1;2;800;29/05/2010
2010044642;3;1;1;1;6;800;31/05/2010
2010044643;5;2;2;1;3;800;31/05/2010
2010044644;1;2;1;1;6;800;28/05/2010
2010044645;1;2;1;1;6;800;28/05/2010
2010044646;2;2;1;1;6;800;30/05/2010
2010044647;1;2;4;1;1;800;30/05/2010
2010044648;1;2;2;1;3;800;01/06/2010
2010044649;1;2;1;1;2;800;03/06/2010
2010044650;1;2;1;1;6;800;05/06/2010
2010044651;1;2;1;1;3;800;06/06/2010
2010044652;5;2;3;1;3;800;05/06/2010
2010044653;1;2;1;1;4;800;04/06/2010
2010044654;1;2;3;2;3;800;08/06/2010
2010044655;1;2;1;1;6;800;08/06/2010
2010044656;1;2;1;1;3;800;11/06/2010
2010044657;1;1;1;1;3;800;10/06/2010
2010044658;1;2;3;1;3;800;10/06/2010
2010044659;1;2;2;1;6;800;10/06/2010
2010044660;2;2;1;1;3;800;10/06/2010
2010044661;1;2;1;1;2;800;09/06/2010
2010044662;1;2;2;1;3;800;16/06/2010
2010044663;1;2;1;1;6;800;16/06/2010
2010044664;5;2;1;1;2;800;19/06/2010
2010044665;5;1;1;1;7;800;22/06/2010
2010044666;1;2;2;1;3;800;23/06/2010
2010044667;1;2;1;1;6;800;18/06/2010
2010044668;5;2;1;1;7;800;18/06/2010
2010044669;1;1;3;1;3;800;17/06/2010
2010044670;1;2;1;1;3;800;30/06/2010
2010044671;5;2;1;1;6;800;01/07/2010
2010044672;1;2;1;1;7;800;28/06/2010
2010044673;1;2;1;1;6;800;28/06/2010
2010044674;1;2;1;1;3;800;25/06/2010
2010044675;1;2;1;1;6;800;27/06/2010
2010044676;1;2;1;1;3;800;25/06/2010
2010044677;1;2;1;1;6;800;26/06/2010
2010044678;1;2;1;1;3;800;26/06/2010
2010044679;1;2;1;1;6;800;27/06/2010
2010044680;1;2;1;1;6;800;25/06/2010
2010044681;1;2;2;1;3;800;29/06/2010
2010044682;1;2;1;1;6;800;29/06/2010
2010044683;1;2;1;1;3;800;29/06/2010
2010044684;1;2;1;1;6;800;07/07/2010
2010044685;1;2;1;2;6;800;02/07/2010
2010044686;1;2;1;2;3;800;02/07/2010
2010044687;1;2;1;1;3;800;11/07/2010
2010044688;1;2;1;1;2;800;08/07/2010
2010044689;5;2;2;1;3;800;11/07/2010
2010044690;1;2;1;1;4;800;03/07/2010
2010044691;1;2;2;1;3;800;09/07/2010
2010044692;1;1;6;1;3;800;08/07/2010
2010044693;1;2;2;3;3;800;14/07/2010
2010044694;1;2;1;1;6;800;15/07/2010
2010044695;1;1;1;1;1;800;15/07/2010
2010044696;1;2;1;1;7;800;19/07/2010
2010044697;1;2;1;1;1;800;18/07/2010
2010044698;1;2;1;1;2;800;16/07/2010
2010044699;1;1;1;2;7;800;21/07/2010
2010044700;1;1;6;1;3;800;20/07/2010
2010044701;1;2;6;1;3;800;25/07/2010
2010044702;1;2;1;1;3;800;27/07/2010
2010044703;1;2;1;1;6;800;27/07/2010
2010044704;1;2;1;1;6;800;23/07/2010
2010044705;1;2;1;1;1;800;25/07/2010
2010044706;1;1;1;1;1;800;31/07/2010
2010044707;1;2;1;1;6;800;06/08/2010
2010044708;1;2;1;1;6;800;09/08/2010
2010044709;1;2;3;1;3;800;06/08/2010
2010044710;1;2;1;1;2;800;05/08/2010
2010044711;1;2;3;1;3;800;05/08/2010
2010044712;1;2;1;1;3;800;05/08/2010
2010044713;1;2;6;2;3;800;11/08/2010
2010044714;1;2;1;1;6;800;11/08/2010
2010044715;1;2;2;1;3;800;12/08/2010
2010044716;1;2;1;1;6;800;11/08/2010
2010044717;1;1;1;1;7;800;15/08/2010
2010044718;1;2;2;2;5;800;26/08/2010
2010044719;1;2;1;1;6;800;21/08/2010
2010044720;1;2;1;1;3;800;22/08/2010
2010044721;1;2;1;1;6;800;27/08/2010
2010044722;1;2;1;2;2;800;27/08/2010
2010044723;1;2;2;1;3;800;29/08/2010
2010044724;1;2;1;1;4;800;01/09/2010
2010044725;1;2;1;1;6;800;01/09/2010
2010044726;1;2;3;1;1;800;01/09/2010
2010044727;1;2;1;1;3;800;02/09/2010
2010044728;1;2;1;1;3;800;02/09/2010
2010044729;1;2;1;1;6;800;04/09/2010
2010044730;1;2;1;1;4;800;03/09/2010
2010044731;1;1;1;1;7;800;05/09/2010
2010044732;1;2;2;1;3;800;09/09/2010
2010044733;1;1;1;1;3;800;09/09/2010
2010044734;1;2;1;1;6;800;09/09/2010
2010044735;1;1;1;2;5;800;08/09/2010
2010044736;2;2;6;3;3;800;08/09/2010
2010044737;1;2;2;1;3;800;10/09/2010
2010044738;1;2;1;1;6;800;12/09/2010
2010044739;1;2;1;1;3;800;20/09/2010
2010044740;1;2;1;1;4;800;17/09/2010
2010044741;1;2;2;1;3;800;18/09/2010
2010044742;5;2;1;1;3;800;19/09/2010
2010044743;1;2;1;1;3;800;16/09/2010
2010044744;5;2;3;1;3;800;16/09/2010
2010044745;1;2;1;1;6;800;15/09/2010
2010044746;1;2;1;1;6;800;15/09/2010
2010044747;1;2;1;1;6;800;15/09/2010
2010044748;1;2;2;1;3;800;27/09/2010
2010044749;1;1;1;1;7;800;25/09/2010
2010044750;1;2;1;1;6;800;27/09/2010
2010044751;5;2;1;2;7;800;24/09/2010
2010044752;1;1;1;1;7;800;24/09/2010
2010044753;1;2;1;1;6;800;23/09/2010
2010044754;1;2;1;1;6;800;22/09/2010
2010044755;1;2;2;1;1;800;30/09/2010
2010044756;1;2;3;2;3;800;30/09/2010
2010044757;1;2;1;1;6;800;28/09/2010
2010044758;1;2;1;1;3;800;29/09/2010
2010044759;5;2;2;1;3;800;03/10/2010
2010044760;1;2;1;1;2;800;06/10/2010
2010044761;5;2;1;1;7;800;10/10/2010
2010044762;1;2;1;1;6;800;12/10/2010
2010044763;5;2;1;1;3;800;12/10/2010
2010044764;1;2;1;1;1;800;12/10/2010
2010044765;1;1;1;1;3;800;11/10/2010
2010044766;1;2;1;1;3;800;14/10/2010
2010044767;1;1;1;1;1;800;16/10/2010
2010044768;2;2;1;1;3;800;16/10/2010
2010044769;1;2;6;1;3;800;16/10/2010
2010044770;5;2;6;1;3;800;18/10/2010
2010044771;1;1;1;1;3;800;20/10/2010
2010044772;5;2;2;1;3;800;22/10/2010
2010044773;5;2;1;2;7;800;27/10/2010
2010044774;5;2;2;1;3;800;28/10/2010
2010044775;5;2;1;1;6;800;29/10/2010
2010044776;1;2;2;1;3;800;30/10/2010
2010044777;1;2;1;1;2;800;01/11/2010
2010044778;2;2;1;1;2;800;27/10/2010
2010044779;2;2;2;1;3;800;25/10/2010
2010044780;5;2;2;1;3;800;25/10/2010
2010044781;1;2;1;1;3;800;22/10/2010
2010044782;1;2;1;1;3;800;22/10/2010
2010044783;1;2;1;1;5;800;02/11/2010
2010044784;1;2;6;1;3;800;02/11/2010
2010044785;1;2;3;1;3;800;04/11/2010
2010044786;1;2;1;1;2;800;04/11/2010
2010044787;1;1;1;2;7;800;03/11/2010
2010044788;5;2;2;2;3;800;06/11/2010
2010044789;1;2;1;2;6;800;08/11/2010
2010044790;5;1;1;3;2;800;08/11/2010
2010044791;5;2;2;2;2;800;08/11/2010
2010044792;1;1;1;2;2;800;09/11/2010
2010044793;5;1;1;3;7;800;13/11/2010
2010044794;5;2;1;1;6;800;11/11/2010
2010044795;2;1;1;2;3;800;10/11/2010
2010044796;1;2;1;1;6;800;10/11/2010
2010044797;1;2;1;2;2;800;09/11/2010
2010044798;5;2;1;2;2;800;09/11/2010
2010044799;5;2;1;2;2;800;09/11/2010
2010044800;5;2;1;2;7;800;09/11/2010
2010044801;5;2;1;1;7;800;15/11/2010
2010044802;5;2;1;5;6;800;16/11/2010
2010044803;5;2;3;1;3;800;17/11/2010
2010044804;5;2;3;1;3;800;21/11/2010
2010044805;5;2;1;2;5;800;18/11/2010
2010044806;5;2;1;1;7;800;19/11/2010
2010044807;5;2;1;1;6;800;25/11/2010
2010044808;5;2;1;2;6;800;25/11/2010
2010044809;5;2;1;1;1;800;25/11/2010
2010044810;5;2;3;1;3;800;26/11/2010
2010044811;1;2;6;1;3;800;28/11/2010
2010044812;5;2;2;1;3;800;26/11/2010
2010044813;1;2;1;1;3;800;26/11/2010
2010044814;2;1;1;1;5;800;26/11/2010
2010044815;1;1;2;1;6;800;24/11/2010
2010044816;1;2;1;1;2;800;24/11/2010
2010044817;1;2;3;1;3;800;24/11/2010
2010044818;1;2;1;1;6;800;29/11/2010
2010044819;5;2;2;1;3;800;29/11/2010
2010044820;5;2;1;1;7;800;01/12/2010
2010044821;1;2;1;1;6;800;01/12/2010
2010044822;1;2;1;1;6;800;30/11/2010
2010044823;1;1;1;4;7;800;04/12/2010
2010044824;1;2;1;1;6;800;08/12/2010
2010044825;2;2;1;1;6;800;07/12/2010
2010044826;5;2;1;1;6;800;07/12/2010
2010044827;5;2;1;1;6;800;07/12/2010
2010044828;1;2;1;1;5;800;09/12/2010
2010044829;5;2;1;1;6;800;13/12/2010
2010044830;2;2;1;8;3;800;13/12/2010
2010044831;1;2;2;1;6;800;13/12/2010
2010044832;1;2;2;1;3;800;13/12/2010
2010044833;5;1;1;1;7;800;11/12/2010
2010044834;1;2;2;1;5;800;15/12/2010
2010044835;1;2;1;1;6;800;14/12/2010
2010044836;1;1;1;4;7;800;20/12/2010
2010044837;5;2;1;2;6;800;16/12/2010
2010044838;5;2;1;1;6;800;16/12/2010
2010044839;1;2;1;1;6;800;23/12/2010
2010044840;1;1;2;1;3;800;22/12/2010
2010044841;5;2;1;1;7;800;22/12/2010
2010044842;2;2;1;1;6;800;28/12/2010
2010044843;5;2;1;1;3;810;09/02/2010
2010044844;1;2;1;1;1;810;10/02/2010
2010044845;5;1;1;1;2;810;28/02/2010
2010044846;1;1;1;1;2;810;06/04/2010
2010044847;1;2;3;2;3;810;12/05/2010
2010044848;1;2;1;1;3;810;08/07/2010
2010044849;1;2;1;1;1;810;13/07/2010
2010044850;1;2;2;8;3;810;16/09/2010
2010044851;1;2;1;1;3;810;21/10/2010
2010044852;1;2;1;1;6;810;09/10/2010
2010044853;1;2;6;1;6;810;12/10/2010
2010044854;1;2;3;1;6;810;12/05/2010
2010044855;1;2;4;1;3;810;22/06/2010
2010044856;5;2;3;1;3;810;05/03/2010
2010044857;3;1;1;1;2;810;23/04/2010
2010044858;5;2;3;2;3;810;02/05/2010
2010044859;1;1;1;7;1;810;06/07/2010
2010044860;1;2;1;1;6;810;22/09/2010
2010044861;1;2;1;1;6;810;09/12/2010
2010044862;1;1;1;1;5;810;01/02/2010
2010044863;1;2;1;3;6;810;04/05/2010
2010044864;1;1;1;1;6;810;25/05/2010
2010044865;1;1;1;1;3;810;12/07/2010
2010044866;1;2;1;7;7;810;13/07/2010
2010044867;1;2;1;1;6;810;15/08/2010
2010044868;1;2;1;7;6;810;18/08/2010
2010044869;1;1;3;1;2;810;15/09/2010
2010044870;1;1;1;1;7;810;26/09/2010
2010044871;5;2;1;1;6;810;19/10/2010
2010044872;1;2;2;2;3;810;05/01/2010
2010044873;2;2;1;1;6;810;06/01/2010
2010044874;5;2;1;2;6;810;17/02/2010
2010044875;1;2;1;1;6;810;09/04/2010
2010044876;1;2;2;1;3;810;08/05/2010
2010044877;1;2;2;1;3;810;20/05/2010
2010044878;1;2;6;1;3;810;26/05/2010
2010044879;1;2;1;1;6;810;23/06/2010
2010044880;1;2;3;1;3;810;02/07/2010
2010044881;5;2;3;1;7;810;17/07/2010
2010044882;1;2;1;1;6;810;22/07/2010
2010044883;5;2;1;1;6;810;25/07/2010
2010044884;1;2;1;1;6;810;30/07/2010
2010044885;1;2;2;1;3;810;01/08/2010
2010044886;1;2;3;1;2;810;28/07/2010
2010044887;1;2;1;1;6;810;04/08/2010
2010044888;5;2;1;1;6;810;02/09/2010
2010044889;1;2;1;1;6;810;07/09/2010
2010044890;5;2;2;1;3;810;26/09/2010
2010044891;1;2;1;1;6;810;06/10/2010
2010044892;1;1;1;2;6;810;01/11/2010
2010044893;3;2;3;1;3;820;03/02/2010
2010044894;1;2;1;1;6;820;12/03/2010
2010044895;1;2;3;1;3;820;25/04/2010
2010044896;3;1;3;1;1;820;16/05/2010
2010044897;1;2;2;1;6;820;24/06/2010
2010044898;1;2;1;1;6;820;15/06/2010
2010044899;1;1;1;1;5;820;26/07/2010
2010044900;1;1;1;1;3;820;19/08/2010
2010044901;1;1;3;1;3;820;31/07/2010
2010044902;3;1;4;1;5;820;29/09/2010
2010044903;1;1;1;1;7;820;12/10/2010
2010044904;1;1;1;1;6;820;15/12/2010
2010044905;5;2;6;4;6;820;09/01/2010
2010044906;1;1;1;1;1;820;12/01/2010
2010044907;3;2;3;1;3;820;13/01/2010
2010044908;2;2;3;2;6;820;14/01/2010
2010044909;1;2;1;1;6;820;15/01/2010
2010044910;5;2;3;2;6;820;28/01/2010
2010044911;1;2;1;1;6;820;02/02/2010
2010044912;1;1;1;1;3;820;06/02/2010
2010044913;1;1;2;1;3;820;02/02/2010
2010044914;2;1;1;1;3;820;08/02/2010
2010044915;1;1;3;1;6;820;15/02/2010
2010044916;2;2;2;1;3;820;17/02/2010
2010044917;1;2;1;1;6;820;18/02/2010
2010044918;1;2;1;1;6;820;24/02/2010
2010044919;5;2;1;1;6;820;26/02/2010
2010044920;3;1;1;1;1;820;28/02/2010
2010044921;1;2;2;1;3;820;02/03/2010
2010044922;1;1;1;1;3;820;06/03/2010
2010044923;1;2;1;1;6;820;12/03/2010
2010044924;1;2;1;1;3;820;15/03/2010
2010044925;1;2;3;1;3;820;17/03/2010
2010044926;1;2;1;1;6;820;17/03/2010
2010044927;1;2;1;1;3;820;24/03/2010
2010044928;1;1;1;1;2;820;07/04/2010
2010044929;1;1;3;1;3;820;08/04/2010
2010044930;1;2;1;1;4;820;03/04/2010
2010044931;1;1;1;1;1;820;01/04/2010
2010044932;1;2;1;1;1;820;13/04/2010
2010044933;1;1;1;1;6;820;26/04/2010
2010044934;1;2;1;3;2;820;05/05/2010
2010044935;1;2;3;1;3;820;15/05/2010
2010044936;3;2;1;1;1;820;22/05/2010
2010044937;1;2;7;1;6;820;30/05/2010
2010044938;1;2;1;1;6;820;04/06/2010
2010044939;1;1;2;1;3;820;05/06/2010
2010044940;1;2;2;1;6;820;13/06/2010
2010044941;1;2;1;1;6;820;24/06/2010
2010044942;1;1;3;1;3;820;30/06/2010
2010044943;1;2;1;1;3;820;05/07/2010
2010044944;1;1;1;1;2;820;24/07/2010
2010044945;1;1;1;1;3;820;10/08/2010
2010044946;1;2;2;1;4;820;14/08/2010
2010044947;1;2;2;1;3;820;24/08/2010
2010044948;1;1;1;1;6;820;25/08/2010
2010044949;1;1;1;1;6;820;25/08/2010
2010044950;1;1;6;1;6;820;30/08/2010
2010044951;1;1;1;1;3;820;30/08/2010
2010044952;1;1;2;1;5;820;01/09/2010
2010044953;1;1;1;1;6;820;02/09/2010
2010044954;1;1;1;1;6;820;03/09/2010
2010044955;5;2;1;1;6;820;06/09/2010
2010044956;1;2;1;1;6;820;07/09/2010
2010044957;5;2;1;1;6;820;17/09/2010
2010044958;1;2;2;1;5;820;26/09/2010
2010044959;1;2;3;1;3;820;27/09/2010
2010044960;5;2;1;1;6;820;28/09/2010
2010044961;1;2;2;1;6;820;30/09/2010
2010044962;1;2;1;1;6;820;01/10/2010
2010044963;1;2;1;1;3;820;05/10/2010
2010044964;1;1;1;1;3;820;06/10/2010
2010044965;1;1;2;1;3;820;07/10/2010
2010044966;1;2;1;1;3;820;08/10/2010
2010044967;5;1;6;1;6;820;09/10/2010
2010044968;1;2;2;1;3;820;15/10/2010
2010044969;3;1;3;1;3;820;16/10/2010
2010044970;5;2;1;1;6;820;20/10/2010
2010044971;2;2;1;1;3;820;30/10/2010
2010044972;1;2;1;1;6;820;03/11/2010
2010044973;1;2;1;1;6;820;03/11/2010
2010044974;2;1;1;1;3;820;09/11/2010
2010044975;1;1;1;1;6;820;12/11/2010
2010044976;1;1;1;1;3;820;13/11/2010
2010044977;1;2;1;1;6;820;17/11/2010
2010044978;1;2;2;1;3;820;24/11/2010
2010044979;1;2;3;1;3;820;29/11/2010
2010044980;1;2;6;1;6;820;02/12/2010
2010044981;5;2;1;1;6;820;04/12/2010
2010044982;1;2;3;1;4;820;04/12/2010
2010044983;1;2;1;1;6;820;07/12/2010
2010044984;1;2;1;1;3;820;13/12/2010
2010044985;3;1;1;1;6;820;18/12/2010
2010044986;1;2;3;1;3;820;23/12/2010
2010044987;1;2;1;1;6;820;24/12/2010
2010044988;5;2;1;1;6;820;24/12/2010
2010044989;1;2;1;3;6;830;08/01/2010
2010044990;5;2;1;1;6;830;13/01/2010
2010044991;5;2;1;1;6;830;16/01/2010
2010044992;1;1;9;2;3;830;02/02/2010
2010044993;1;2;6;1;3;830;09/02/2010
2010044994;3;1;1;1;3;830;18/02/2010
2010044995;1;2;1;1;5;830;02/04/2010
2010044996;1;2;1;1;1;830;13/04/2010
2010044997;5;2;1;1;7;830;20/04/2010
2010044998;1;2;1;1;6;830;06/05/2010
2010044999;1;1;1;1;6;830;21/05/2010
2010045000;1;2;1;1;2;830;20/05/2010
2010045001;1;2;1;6;1;830;31/05/2010
2010045002;1;1;1;1;7;830;03/06/2010
2010045003;5;2;1;1;2;830;04/06/2010
2010045004;5;1;1;1;6;830;06/06/2010
2010045005;1;2;3;1;3;830;20/06/2010
2010045006;1;2;1;1;6;830;19/06/2010
2010045007;1;2;1;1;5;830;09/07/2010
2010045008;1;2;3;1;3;830;24/07/2010
2010045009;1;2;1;1;6;830;03/08/2010
2010045010;5;2;9;1;3;830;19/08/2010
2010045011;1;1;3;1;1;830;20/08/2010
2010045012;3;1;1;1;7;830;13/09/2010
2010045013;1;2;1;1;5;830;19/09/2010
2010045014;1;2;2;1;3;830;20/09/2010
2010045015;3;1;1;2;6;830;04/10/2010
2010045016;5;2;1;1;6;830;09/10/2010
2010045017;1;2;6;1;3;830;29/09/2010
2010045018;1;2;6;3;3;830;11/10/2010
2010045019;1;2;1;1;2;830;15/10/2010
2010045020;1;2;1;1;6;830;30/10/2010
2010045021;1;2;1;7;6;830;27/10/2010
2010045022;1;1;1;1;1;830;17/12/2010
2010045023;1;2;1;3;6;830;21/12/2010
2010045024;1;1;1;1;3;830;11/12/2010
2010045025;5;2;1;1;6;830;10/01/2010
2010045026;5;2;2;1;3;830;31/12/2010
2010045027;5;2;1;2;6;830;08/01/2010
2010045028;1;2;1;1;6;830;11/01/2010
2010045029;5;2;1;1;6;830;08/02/2010
2010045030;5;2;1;1;1;830;06/02/2010
2010045031;5;2;1;2;6;830;03/03/2010
2010045032;1;2;1;1;5;830;11/03/2010
2010045033;1;2;1;1;6;830;02/03/2010
2010045034;1;1;1;1;2;830;16/03/2010
2010045035;1;2;1;1;6;830;31/03/2010
2010045036;1;2;2;1;6;830;09/03/2010
2010045037;1;1;1;1;7;830;09/04/2010
2010045038;1;2;1;1;3;830;10/04/2010
2010045039;1;2;4;1;6;830;13/04/2010
2010045040;1;1;1;1;3;830;26/03/2010
2010045041;1;2;1;1;3;830;04/03/2010
2010045042;1;2;1;1;6;830;22/04/2010
2010045043;5;2;1;1;2;830;30/04/2010
2010045044;1;2;1;1;3;830;19/04/2010
2010045045;1;2;1;1;6;830;21/04/2010
2010045046;1;1;3;1;7;830;16/05/2010
2010045047;2;1;1;1;6;830;14/05/2010
2010045048;5;2;4;1;7;830;19/05/2010
2010045049;1;1;1;1;3;830;17/05/2010
2010045050;1;2;1;1;1;830;31/05/2010
2010045051;1;2;1;1;3;830;04/06/2010
2010045052;1;1;3;1;1;830;25/05/2010
2010045053;1;2;2;1;3;830;10/06/2010
2010045054;1;2;1;1;2;830;02/05/2010
2010045055;1;2;1;1;3;830;18/06/2010
2010045056;1;2;1;1;6;830;20/06/2010
2010045057;1;2;3;1;3;830;10/05/2010
2010045058;1;2;1;1;5;830;04/05/2010
2010045059;5;2;1;1;1;830;12/06/2010
2010045060;1;2;1;3;6;830;15/06/2010
2010045061;1;2;1;1;6;830;26/07/2010
2010045062;1;2;1;1;2;830;14/07/2010
2010045063;1;2;1;7;6;830;28/07/2010
2010045064;1;1;1;1;3;830;01/08/2010
2010045065;5;2;1;1;6;830;31/07/2010
2010045066;2;1;1;1;6;830;07/08/2010
2010045067;1;2;1;1;2;830;06/08/2010
2010045068;2;1;1;1;1;830;04/08/2010
2010045069;5;2;1;1;3;830;29/06/2010
2010045070;5;2;1;1;6;830;10/08/2010
2010045071;1;1;1;1;2;830;04/07/2010
2010045072;5;2;1;1;7;830;20/08/2010
2010045073;1;2;9;1;1;830;24/07/2010
2010045074;5;2;2;1;5;830;20/08/2010
2010045075;5;2;1;1;6;830;27/08/2010
2010045076;1;1;1;1;2;830;22/08/2010
2010045077;1;2;1;1;6;830;19/08/2010
2010045078;1;2;1;1;6;830;11/09/2010
2010045079;5;2;9;1;3;830;21/09/2010
2010045080;1;2;1;1;1;830;30/09/2010
2010045081;1;2;1;1;3;830;25/08/2010
2010045082;1;2;1;1;1;830;29/09/2010
2010045083;5;1;1;9;6;830;09/10/2010
2010045084;1;2;1;1;3;830;01/09/2010
2010045085;1;1;1;1;6;830;02/09/2010
2010045086;5;2;1;1;6;830;27/10/2010
2010045087;5;2;1;1;2;830;29/10/2010
2010045088;1;2;1;1;6;830;13/11/2010
2010045089;1;2;1;2;3;830;15/11/2010
2010045090;1;2;3;8;3;830;08/12/2010
2010045091;5;2;1;1;1;830;11/12/2010
2010045092;5;2;1;1;6;830;12/12/2010
2010045093;1;1;1;1;6;830;16/10/2010
2010045094;1;2;1;1;6;830;19/12/2010
2010045095;2;2;1;8;6;830;08/01/2010
2010045096;4;1;1;1;1;830;29/01/2010
2010045097;5;2;1;1;7;830;12/02/2010
2010045098;1;1;1;1;7;830;15/02/2010
2010045099;5;2;1;1;6;830;21/02/2010
2010045100;3;1;1;1;5;830;09/03/2010
2010045101;5;2;1;2;6;830;04/03/2010
2010045102;1;2;9;1;6;830;08/03/2010
2010045103;3;1;1;6;3;830;05/04/2010
2010045104;5;2;1;1;6;830;13/04/2010
2010045105;5;2;1;1;7;830;09/04/2010
2010045106;1;2;3;1;3;830;22/04/2010
2010045107;1;2;1;3;6;830;08/04/2010
2010045108;1;2;1;1;6;830;19/03/2010
2010045109;5;2;1;3;6;830;08/02/2010
2010045110;1;2;1;1;6;830;01/05/2010
2010045111;1;1;1;1;5;830;18/05/2010
2010045112;1;2;2;1;3;830;15/05/2010
2010045113;4;1;1;1;3;830;25/05/2010
2010045114;1;2;1;1;3;830;27/05/2010
2010045115;5;2;1;1;3;830;06/06/2010
2010045116;1;2;1;1;2;830;11/06/2010
2010045117;1;2;1;1;6;830;27/06/2010
2010045118;3;1;1;1;7;830;17/07/2010
2010045119;1;2;3;1;3;830;27/07/2010
2010045120;5;2;1;1;7;830;29/07/2010
2010045121;1;2;1;1;6;830;05/08/2010
2010045122;1;1;1;1;3;830;10/07/2010
2010045123;3;1;1;1;7;830;18/08/2010
2010045124;1;2;1;1;6;830;10/08/2010
2010045125;5;2;1;1;2;830;20/07/2010
2010045126;5;2;1;1;3;830;14/09/2010
2010045127;1;1;3;1;3;830;30/08/2010
2010045128;1;2;1;1;2;830;19/09/2010
2010045129;1;2;1;1;1;830;25/09/2010
2010045130;1;2;6;1;6;830;12/07/2010
2010045131;2;1;1;1;5;830;01/10/2010
2010045132;1;2;2;1;3;830;01/10/2010
2010045133;1;2;1;1;5;830;10/11/2010
2010045134;2;2;1;2;3;830;20/11/2010
2010045135;5;2;1;6;6;830;09/12/2010