num_acc;lum;agg;inter;atm;col;dep;date
2010045713;1;2;1;1;4;840;07/05/2010
2010045714;1;2;2;2;3;840;11/05/2010
2010045715;1;2;1;1;3;840;19/05/2010
2010045716;1;2;1;1;6;840;21/05/2010
2010045717;5;2;1;1;6;840;29/05/2010
2010045718;1;2;1;1;3;840;29/05/2010
2010045719;1;2;1;1;6;840;14/06/2010
2010045720;1;2;2;1;3;840;12/06/2010
2010045721;1;2;1;1;3;840;26/06/2010
2010045722;1;2;1;1;6;840;25/07/2010
2010045723;1;1;1;1;1;840;14/08/2010
2010045724;1;2;3;1;6;840;18/07/2010
2010045725;1;2;1;1;7;840;04/09/2010
2010045726;1;2;1;1;2;840;07/09/2010
2010045727;3;1;1;1;1;840;13/09/2010
2010045728;1;2;1;1;5;840;12/09/2010
2010045729;1;2;1;1;1;840;17/09/2010
2010045730;1;2;1;1;6;840;01/10/2010
2010045731;1;2;1;1;6;840;21/10/2010
2010045732;5;2;1;1;6;840;23/11/2010
2010045733;5;2;1;1;6;840;02/12/2010
2010045734;1;2;3;1;3;840;29/09/2010
2010045735;1;2;3;1;3;840;13/12/2010
2010045736;1;2;1;1;6;840;17/12/2010
2010045737;5;2;2;1;1;840;14/12/2010
2010045738;5;2;1;6;6;840;26/12/2010
2010045739;1;1;1;1;1;840;13/02/2010
2010045740;1;2;1;1;3;840;06/03/2010
2010045741;5;1;1;1;6;840;21/03/2010
2010045742;1;2;1;1;6;840;19/03/2010
2010045743;1;2;9;1;3;840;26/04/2010
2010045744;1;2;1;1;2;840;15/07/2010
2010045745;1;2;1;1;3;840;27/07/2010
2010045746;1;2;1;1;3;840;17/08/2010
2010045747;1;1;3;8;3;840;24/09/2010
2010045748;1;2;1;1;3;840;26/10/2010
2010045749;3;1;1;1;1;840;07/11/2010
2010045750;5;2;3;1;3;840;08/11/2010
2010045751;1;1;1;1;6;840;25/11/2010
2010045752;1;1;1;1;1;840;23/11/2010
2010045753;3;1;1;1;6;840;20/02/2010
2010045754;1;1;3;1;3;840;06/02/2010
2010045755;3;1;1;1;6;840;03/05/2010
2010045756;1;1;1;1;6;840;09/05/2010
2010045757;1;2;1;3;3;840;15/06/2010
2010045758;1;2;2;1;3;840;26/06/2010
2010045759;1;1;2;1;3;840;28/06/2010
2010045760;1;2;1;1;3;840;30/07/2010
2010045761;1;1;1;1;1;840;01/09/2010
2010045762;2;2;1;1;6;840;05/09/2010
2010045763;1;2;1;1;3;840;05/11/2010
2010045764;5;2;1;1;6;840;06/11/2010
2010045765;2;2;1;1;6;840;10/07/2010
2010045766;1;1;3;1;2;840;09/09/2010
2010045767;2;1;2;1;3;840;21/12/2010
2010045768;5;2;1;1;6;840;17/10/2010
2010045769;5;2;3;1;3;840;16/01/2010
2010045770;1;2;3;1;6;840;21/01/2010
2010045771;1;1;1;1;5;840;26/02/2010
2010045772;1;2;1;1;6;840;16/03/2010
2010045773;1;1;3;1;6;840;22/03/2010
2010045774;1;2;3;1;3;840;23/03/2010
2010045775;1;2;1;1;6;840;23/03/2010
2010045776;1;1;1;1;2;840;26/03/2010
2010045777;5;2;1;1;6;840;02/04/2010
2010045778;1;2;1;1;6;840;18/04/2010
2010045779;1;2;1;1;6;840;01/06/2010
2010045780;1;1;1;1;3;840;24/06/2010
2010045781;3;1;1;1;7;840;03/09/2010
2010045782;1;2;1;1;3;840;30/09/2010
2010045783;3;1;1;1;6;840;01/11/2010
2010045784;1;1;1;1;6;840;16/12/2010
2010045785;1;2;1;1;6;840;18/12/2010
2010045786;1;2;3;1;6;840;07/01/2010
2010045787;1;2;1;1;2;840;15/03/2010
2010045788;1;2;1;1;3;840;15/04/2010
2010045789;1;2;2;1;2;840;14/06/2010
2010045790;1;2;1;1;3;840;05/07/2010
2010045791;1;1;1;8;3;840;14/08/2010
2010045792;5;2;1;1;1;840;29/10/2010
2010045793;1;2;1;1;6;840;06/11/2010
2010045794;3;1;2;2;7;840;17/12/2010
2010045795;1;2;6;1;6;850;01/01/2010
2010045796;3;1;1;1;3;850;26/01/2010
2010045797;1;2;1;8;6;850;03/02/2010
2010045798;1;2;6;1;2;850;26/02/2010
2010045799;1;2;1;1;6;850;04/03/2010
2010045800;1;2;1;1;6;850;19/03/2010
2010045801;1;2;3;1;3;850;24/04/2010
2010045802;1;1;2;1;3;850;12/05/2010
2010045803;1;2;9;1;6;850;18/05/2010
2010045804;1;1;1;2;3;850;31/05/2010
2010045805;1;2;3;1;7;850;04/06/2010
2010045806;5;2;6;1;3;850;05/06/2010
2010045807;3;1;1;1;1;850;07/06/2010
2010045808;1;1;1;1;6;850;30/06/2010
2010045809;5;2;4;8;3;850;15/07/2010
2010045810;1;2;3;1;6;850;20/07/2010
2010045811;1;2;6;1;3;850;13/07/2010
2010045812;1;2;1;7;6;850;06/08/2010
2010045813;1;1;1;1;3;850;11/09/2010
2010045814;1;2;9;1;3;850;18/09/2010
2010045815;1;2;1;2;1;850;01/10/2010
2010045816;1;2;1;1;3;850;09/10/2010
2010045817;1;2;1;1;7;850;08/10/2010
2010045818;1;2;1;1;2;850;16/09/2010
2010045819;1;2;6;1;3;850;25/10/2010
2010045820;5;2;1;2;3;850;03/11/2010
2010045821;5;2;1;8;3;850;17/11/2010
2010045822;1;2;1;9;6;850;04/01/2010
2010045823;5;2;1;1;6;850;03/01/2010
2010045824;3;1;1;1;6;850;22/01/2010
2010045825;5;2;1;2;6;850;26/01/2010
2010045826;4;2;6;1;3;850;29/01/2010
2010045827;5;2;9;1;3;850;05/02/2010
2010045828;1;2;1;1;6;850;09/02/2010
2010045829;1;2;2;1;6;850;10/02/2010
2010045830;5;2;1;1;5;850;11/02/2010
2010045831;5;2;2;1;3;850;11/02/2010
2010045832;5;2;1;2;6;850;27/02/2010
2010045833;5;2;2;1;3;850;06/03/2010
2010045834;1;1;1;1;6;850;07/03/2010
2010045835;1;2;1;1;6;850;09/03/2010
2010045836;5;2;1;1;6;850;15/03/2010
2010045837;1;2;6;1;7;850;26/03/2010
2010045838;1;2;1;1;3;850;15/04/2010
2010045839;5;2;6;1;1;850;18/04/2010
2010045840;1;2;2;1;3;850;24/04/2010
2010045841;1;2;1;1;6;850;07/05/2010
2010045842;1;2;1;3;6;850;09/05/2010
2010045843;1;1;1;1;6;850;15/05/2010
2010045844;1;2;6;1;3;850;16/05/2010
2010045845;1;2;2;1;3;850;28/05/2010
2010045846;1;2;6;1;3;850;09/06/2010
2010045847;1;2;3;1;3;850;21/06/2010
2010045848;1;2;1;1;3;850;30/06/2010
2010045849;2;2;2;1;3;850;01/07/2010
2010045850;1;2;1;1;6;850;07/07/2010
2010045851;1;2;1;1;3;850;13/07/2010
2010045852;1;1;2;1;3;850;19/07/2010
2010045853;5;2;1;1;6;850;06/08/2010
2010045854;5;2;3;1;2;850;14/08/2010
2010045855;5;2;1;1;6;850;25/08/2010
2010045856;1;2;1;1;6;850;26/08/2010
2010045857;1;2;1;1;2;850;31/08/2010
2010045858;1;2;1;1;2;850;04/09/2010
2010045859;1;2;6;1;3;850;13/09/2010
2010045860;1;1;1;1;6;850;17/09/2010
2010045861;1;2;1;1;7;850;11/10/2010
2010045862;1;2;1;1;6;850;13/10/2010
2010045863;5;2;6;1;3;850;27/10/2010
2010045864;3;2;1;3;6;850;20/11/2010
2010045865;1;2;6;1;3;850;23/11/2010
2010045866;1;2;2;1;3;850;30/11/2010
2010045867;5;2;1;1;6;850;11/12/2010
2010045868;1;2;2;1;3;850;11/12/2010
2010045869;5;2;1;1;7;850;30/12/2010
2010045870;5;2;1;8;1;860;14/01/2010
2010045871;1;2;1;1;6;860;15/02/2010
2010045872;1;2;3;1;1;860;18/02/2010
2010045873;5;2;3;1;3;860;01/03/2010
2010045874;1;2;1;1;3;860;05/03/2010
2010045875;1;2;4;3;3;860;02/04/2010
2010045876;5;2;3;1;1;860;18/04/2010
2010045877;1;2;2;1;6;860;30/04/2010
2010045878;5;2;1;2;6;860;07/05/2010
2010045879;1;2;1;1;2;860;03/06/2010
2010045880;1;1;1;1;1;860;16/06/2010
2010045881;1;2;1;1;1;860;23/06/2010
2010045882;1;2;6;1;3;860;28/06/2010
2010045883;1;1;1;1;3;860;24/07/2010
2010045884;1;2;1;1;1;860;03/08/2010
2010045885;1;1;2;1;3;860;04/09/2010
2010045886;1;2;3;1;3;860;27/09/2010
2010045887;1;2;6;1;3;860;01/10/2010
2010045888;1;2;6;1;3;860;11/10/2010
2010045889;1;2;3;2;3;860;18/11/2010
2010045890;3;1;1;1;2;860;23/11/2010
2010045891;5;2;1;1;6;860;26/11/2010
2010045892;5;2;1;1;6;860;06/12/2010
2010045893;3;2;2;1;3;860;02/01/2010
2010045894;1;1;3;8;3;860;07/01/2010
2010045895;1;2;2;8;3;860;14/01/2010
2010045896;3;1;1;1;6;860;15/01/2010
2010045897;1;2;2;1;3;860;17/01/2010
2010045898;1;2;1;1;3;860;19/01/2010
2010045899;5;2;1;2;6;860;24/01/2010
2010045900;2;2;1;1;1;860;24/01/2010
2010045901;1;2;3;1;3;860;27/01/2010
2010045902;2;2;6;1;6;860;01/02/2010
2010045903;5;2;7;1;3;860;01/02/2010
2010045904;1;2;1;1;6;860;04/02/2010
2010045905;5;2;2;1;3;860;04/02/2010
2010045906;1;2;1;4;6;860;09/02/2010
2010045907;1;2;3;4;3;860;09/02/2010
2010045908;1;2;3;1;6;860;13/02/2010
2010045909;1;2;2;1;2;860;15/02/2010
2010045910;1;2;6;1;6;860;15/02/2010
2010045911;5;1;6;1;6;860;21/02/2010
2010045912;1;2;1;1;6;860;19/02/2010
2010045913;1;2;1;1;7;860;22/02/2010
2010045914;1;2;6;2;3;860;24/02/2010
2010045915;1;2;1;1;6;860;24/02/2010
2010045916;2;2;1;1;2;860;26/02/2010
2010045917;5;2;2;1;3;860;26/02/2010
2010045918;1;2;1;1;6;860;27/02/2010
2010045919;3;1;3;1;3;860;02/03/2010
2010045920;1;2;3;1;6;860;04/03/2010
2010045921;1;2;1;1;4;860;04/03/2010
2010045922;1;2;1;1;1;860;07/03/2010
2010045923;1;2;1;7;6;860;08/03/2010
2010045924;3;1;1;1;6;860;10/03/2010
2010045925;5;2;6;1;3;860;12/03/2010
2010045926;1;2;1;1;2;860;15/03/2010
2010045927;1;2;1;1;1;860;16/03/2010
2010045928;1;1;1;1;2;860;17/03/2010
2010045929;2;2;3;1;3;860;17/03/2010
2010045930;5;2;1;1;3;860;18/03/2010
2010045931;1;2;6;1;6;860;20/03/2010
2010045932;5;2;1;3;6;860;27/03/2010
2010045933;1;2;1;1;2;860;29/03/2010
2010045934;1;2;1;1;2;860;30/03/2010
2010045935;1;2;1;1;6;860;31/03/2010
2010045936;1;2;1;1;6;860;31/03/2010
2010045937;5;2;2;1;3;860;04/04/2010
2010045938;1;2;1;1;6;860;04/04/2010
2010045939;1;2;1;1;2;860;06/04/2010
2010045940;3;2;1;1;6;860;08/04/2010
2010045941;1;2;2;1;3;860;12/04/2010
2010045942;1;2;2;1;6;860;13/04/2010
2010045943;1;2;1;1;3;860;14/04/2010
2010045944;1;2;3;1;3;860;15/04/2010
2010045945;1;2;1;1;2;860;17/04/2010
2010045946;2;2;1;1;6;860;17/04/2010
2010045947;3;1;1;1;1;860;21/04/2010
2010045948;5;2;1;1;6;860;24/04/2010
2010045949;5;2;3;1;3;860;30/04/2010
2010045950;1;2;1;1;3;860;02/05/2010
2010045951;1;2;1;1;3;860;04/05/2010
2010045952;1;2;2;1;3;860;06/05/2010
2010045953;1;2;1;1;7;860;07/05/2010
2010045954;1;2;1;1;2;860;08/05/2010
2010045955;1;2;1;1;2;860;11/05/2010
2010045956;1;1;6;1;3;860;11/05/2010
2010045957;1;2;6;1;3;860;12/05/2010
2010045958;1;2;1;1;3;860;16/05/2010
2010045959;1;2;2;1;3;860;19/05/2010
2010045960;1;2;1;1;6;860;20/05/2010
2010045961;3;1;1;1;2;860;20/05/2010
2010045962;1;2;3;1;3;860;27/05/2010
2010045963;5;2;1;1;6;860;28/05/2010
2010045964;5;2;3;1;3;860;29/05/2010
2010045965;1;2;2;1;3;860;29/05/2010
2010045966;5;2;1;2;7;860;29/05/2010
2010045967;3;1;1;2;6;860;30/05/2010
2010045968;1;2;3;1;1;860;02/06/2010
2010045969;1;2;3;1;1;860;03/06/2010
2010045970;1;2;1;1;2;860;09/06/2010
2010045971;1;2;3;1;7;860;11/06/2010
2010045972;4;2;2;3;6;860;11/06/2010
2010045973;5;2;2;1;3;860;12/06/2010
2010045974;1;2;1;1;2;860;15/06/2010
2010045975;1;2;1;1;3;860;15/06/2010
2010045976;1;2;1;1;3;860;16/06/2010
2010045977;1;2;1;1;6;860;17/06/2010
2010045978;1;2;3;1;7;860;21/06/2010
2010045979;1;2;2;1;3;860;21/06/2010
2010045980;1;2;2;1;3;860;21/06/2010
2010045981;1;2;1;1;6;860;25/06/2010
2010045982;5;2;2;1;3;860;01/07/2010
2010045983;1;2;1;1;6;860;06/07/2010
2010045984;1;2;3;2;3;860;06/07/2010
2010045985;1;2;4;1;3;860;07/07/2010
2010045986;1;2;1;1;2;860;09/07/2010
2010045987;1;2;1;1;6;860;10/07/2010
2010045988;3;1;1;1;7;860;10/07/2010
2010045989;1;2;3;1;3;860;11/07/2010
2010045990;1;2;1;1;6;860;13/07/2010
2010045991;1;2;1;1;6;860;13/07/2010
2010045992;5;2;6;1;7;860;15/07/2010
2010045993;1;2;1;1;7;860;15/07/2010
2010045994;5;2;3;1;6;860;20/07/2010
2010045995;1;2;1;1;2;860;30/07/2010
2010045996;1;2;1;1;3;860;02/08/2010
2010045997;1;2;2;1;3;860;05/08/2010
2010045998;5;2;2;1;3;860;15/08/2010
2010045999;1;1;1;1;6;860;24/08/2010
2010046000;5;2;1;1;3;860;24/08/2010
2010046001;1;2;1;1;2;860;25/08/2010
2010046002;1;2;1;1;6;860;31/08/2010
2010046003;1;2;1;1;6;860;01/09/2010
2010046004;1;2;2;1;3;860;02/09/2010
2010046005;1;2;2;1;6;860;02/09/2010
2010046006;1;2;2;1;6;860;05/09/2010
2010046007;1;2;2;1;3;860;06/09/2010
2010046008;1;2;1;1;3;860;07/09/2010
2010046009;1;2;2;1;3;860;09/09/2010
2010046010;1;2;2;1;3;860;11/09/2010
2010046011;5;2;2;1;2;860;12/09/2010
2010046012;5;2;2;1;7;860;14/09/2010
2010046013;1;2;2;1;3;860;15/09/2010
2010046014;2;2;1;1;3;860;21/09/2010
2010046015;3;1;1;1;6;860;22/09/2010
2010046016;1;2;6;1;3;860;23/09/2010
2010046017;1;2;2;1;3;860;23/09/2010
2010046018;5;2;1;1;2;860;25/09/2010
2010046019;3;1;1;1;6;860;01/10/2010
2010046020;5;2;1;1;7;860;02/10/2010
2010046021;2;2;1;2;7;860;03/10/2010
2010046022;1;2;1;2;6;860;04/10/2010
2010046023;1;1;1;2;6;860;05/10/2010
2010046024;1;2;1;2;1;860;05/10/2010
2010046025;3;2;1;1;6;860;05/10/2010
2010046026;1;1;1;1;6;860;06/10/2010
2010046027;2;2;1;1;2;860;07/10/2010
2010046028;4;1;1;1;6;860;07/10/2010
2010046029;1;2;1;1;3;860;12/10/2010
2010046030;1;2;1;1;6;860;12/10/2010
2010046031;5;2;1;1;6;860;12/10/2010
2010046032;1;2;3;1;4;860;13/10/2010
2010046033;5;2;1;1;2;860;18/10/2010
2010046034;1;2;3;1;2;860;19/10/2010
2010046035;1;2;1;1;3;860;21/10/2010
2010046036;1;2;2;1;3;860;21/10/2010
2010046037;1;2;3;1;3;860;26/10/2010
2010046038;1;2;6;1;3;860;26/10/2010
2010046039;5;2;3;1;7;860;31/10/2010
2010046040;1;2;2;1;3;860;03/11/2010
2010046041;2;2;4;1;2;860;05/11/2010
2010046042;1;2;1;1;3;860;06/11/2010
2010046043;2;2;1;1;6;860;07/11/2010
2010046044;5;2;2;2;3;860;07/11/2010
2010046045;3;2;1;3;6;860;09/11/2010
2010046046;1;2;3;1;3;860;10/11/2010
2010046047;1;2;2;2;2;860;12/11/2010
2010046048;1;1;1;2;1;860;12/11/2010
2010046049;5;2;2;1;6;860;13/11/2010
2010046050;1;2;1;1;7;860;15/11/2010
2010046051;5;2;3;1;3;860;16/11/2010
2010046052;5;2;1;2;6;860;19/11/2010
2010046053;5;2;4;1;3;860;23/11/2010
2010046054;5;2;1;1;2;860;24/11/2010
2010046055;1;2;1;1;6;860;25/11/2010
2010046056;5;2;1;1;7;860;05/12/2010
2010046057;5;2;1;1;2;860;04/12/2010
2010046058;5;2;1;2;6;860;06/12/2010
2010046059;1;2;2;2;1;860;07/12/2010
2010046060;5;2;2;1;3;860;09/12/2010
2010046061;1;2;1;1;6;860;10/12/2010
2010046062;3;1;1;1;7;860;13/12/2010
2010046063;1;2;3;1;3;860;13/12/2010
2010046064;5;2;1;1;6;860;17/12/2010
2010046065;1;2;1;2;6;860;23/12/2010
2010046066;1;2;2;1;3;860;29/12/2010
2010046067;3;1;3;1;3;860;29/12/2010
2010046068;5;2;3;2;2;870;01/01/2010
2010046069;1;2;1;2;1;870;05/01/2010
2010046070;1;2;3;2;3;870;05/01/2010
2010046071;1;2;1;2;2;870;05/01/2010
2010046072;1;2;1;2;6;870;05/01/2010
2010046073;1;2;1;4;6;870;06/01/2010
2010046074;3;1;1;1;6;870;06/01/2010
2010046075;1;2;1;4;6;870;09/01/2010
2010046076;1;2;3;1;3;870;11/01/2010
2010046077;1;2;1;1;6;870;11/01/2010
2010046078;1;2;1;1;6;870;11/01/2010
2010046079;1;2;1;1;6;870;12/01/2010
2010046080;5;2;1;3;6;870;12/01/2010
2010046081;1;1;1;2;6;870;13/01/2010
2010046082;1;2;6;2;3;870;13/01/2010
2010046083;5;2;1;1;1;870;13/01/2010
2010046084;5;2;3;2;3;870;14/01/2010
2010046085;5;2;1;3;1;870;16/01/2010
2010046086;3;1;1;1;7;870;17/01/2010
2010046087;5;2;1;1;7;870;18/01/2010
2010046088;5;2;1;1;6;870;21/01/2010
2010046089;1;2;1;1;6;870;22/01/2010
2010046090;1;2;3;1;3;870;22/01/2010
2010046091;5;1;2;1;3;870;26/01/2010
2010046092;1;1;1;1;6;870;26/01/2010
2010046093;1;1;1;4;5;870;28/01/2010
2010046094;2;1;1;4;6;870;28/01/2010
2010046095;5;1;1;2;3;870;28/01/2010
2010046096;1;2;1;2;3;870;29/01/2010
2010046097;1;1;2;2;3;870;29/01/2010
2010046098;5;2;1;1;6;870;29/01/2010
2010046099;3;1;1;2;2;870;29/01/2010
2010046100;5;2;3;2;3;870;29/01/2010
2010046101;1;2;1;8;6;870;30/01/2010
2010046102;5;2;1;1;2;870;01/02/2010
2010046103;1;1;2;1;6;870;02/02/2010
2010046104;1;1;1;1;1;870;03/02/2010
2010046105;1;2;1;1;6;870;03/02/2010
2010046106;4;1;1;1;7;870;03/02/2010
2010046107;5;2;1;1;6;870;04/02/2010
2010046108;1;1;9;1;3;870;04/02/2010
2010046109;1;2;1;1;2;870;05/02/2010
2010046110;1;2;2;1;3;870;05/02/2010
2010046111;5;2;1;2;6;870;06/02/2010
2010046112;1;2;2;1;3;870;08/02/2010
2010046113;1;1;1;1;1;870;08/02/2010
2010046114;1;2;1;1;6;870;09/02/2010
2010046115;1;2;1;1;6;870;10/02/2010
2010046116;1;2;9;1;3;870;11/02/2010
2010046117;1;2;1;1;6;870;12/02/2010
2010046118;5;2;2;1;3;870;12/02/2010
2010046119;1;2;1;2;7;870;17/02/2010
2010046120;1;1;1;1;6;870;18/02/2010
2010046121;1;2;9;1;2;870;19/02/2010
2010046122;1;2;1;1;1;870;21/02/2010
2010046123;1;2;1;1;4;870;23/02/2010
2010046124;2;2;1;1;2;870;23/02/2010
2010046125;1;2;1;2;6;870;24/02/2010
2010046126;1;2;1;1;6;870;24/02/2010
2010046127;1;1;1;2;7;870;25/02/2010
2010046128;5;2;2;3;3;870;25/02/2010
2010046129;5;2;1;3;6;870;25/02/2010
2010046130;5;2;1;2;6;870;27/02/2010
2010046131;1;2;1;2;6;870;28/02/2010
2010046132;5;2;1;1;6;870;28/02/2010
2010046133;1;2;4;1;3;870;01/03/2010
2010046134;5;2;3;1;3;870;01/03/2010
2010046135;1;2;1;2;6;870;03/03/2010
2010046136;1;2;1;1;2;870;04/03/2010
2010046137;1;2;1;1;6;870;08/03/2010
2010046138;1;2;1;4;6;870;10/03/2010
2010046139;1;1;1;1;4;870;10/03/2010
2010046140;2;2;3;1;3;870;10/03/2010
2010046141;5;2;2;1;3;870;10/03/2010
2010046142;1;2;2;1;3;870;11/03/2010
2010046143;1;2;3;1;3;870;12/03/2010
2010046144;1;2;1;1;3;870;12/03/2010
2010046145;1;2;1;1;5;870;12/03/2010
2010046146;1;2;3;1;3;870;15/03/2010
2010046147;5;1;1;1;6;870;16/03/2010
2010046148;1;2;2;1;3;870;16/03/2010
2010046149;1;2;2;1;3;870;16/03/2010
2010046150;1;2;1;1;6;870;17/03/2010
2010046151;1;2;2;1;6;870;18/03/2010
2010046152;1;2;1;1;2;870;18/03/2010
2010046153;1;2;1;1;3;870;18/03/2010
2010046154;1;2;1;2;3;870;19/03/2010
2010046155;4;2;1;2;6;870;19/03/2010
2010046156;3;2;1;1;6;870;20/03/2010
2010046157;5;2;1;1;6;870;20/03/2010
2010046158;1;2;1;2;6;870;20/03/2010
2010046159;1;2;1;1;7;870;22/03/2010
2010046160;1;2;1;1;5;870;22/03/2010
2010046161;5;2;3;1;3;870;22/03/2010
2010046162;1;2;2;1;3;870;24/03/2010
2010046163;1;2;1;1;6;870;24/03/2010
2010046164;1;2;1;1;3;870;26/03/2010
2010046165;1;1;9;1;3;870;26/03/2010
2010046166;1;1;3;1;3;870;26/03/2010
2010046167;1;2;9;1;6;870;27/03/2010
2010046168;1;2;1;1;6;870;29/03/2010
2010046169;1;1;1;1;4;870;29/03/2010
2010046170;1;2;3;1;6;870;29/03/2010
2010046171;1;2;9;1;3;870;29/03/2010
2010046172;1;2;2;1;6;870;01/04/2010
2010046173;1;1;1;2;2;870;01/04/2010
2010046174;1;2;1;2;2;870;01/04/2010
2010046175;5;2;1;1;6;870;02/04/2010
2010046176;1;2;1;2;4;870;03/04/2010
2010046177;1;2;1;1;2;870;04/04/2010
2010046178;5;2;1;1;6;870;05/04/2010
2010046179;1;1;1;1;6;870;09/04/2010
2010046180;1;2;2;1;3;870;12/04/2010
2010046181;5;2;1;1;6;870;13/04/2010
2010046182;1;2;1;1;6;870;14/04/2010
2010046183;1;2;2;1;6;870;14/04/2010
2010046184;1;2;1;1;6;870;15/04/2010
2010046185;1;1;1;1;2;870;18/04/2010
2010046186;1;2;1;1;6;870;18/04/2010
2010046187;5;2;2;1;3;870;18/04/2010
2010046188;5;2;1;1;6;870;19/04/2010
2010046189;1;2;9;1;3;870;19/04/2010
2010046190;1;2;2;1;3;870;20/04/2010
2010046191;1;2;2;1;3;870;20/04/2010
2010046192;1;2;1;1;2;870;20/04/2010
2010046193;1;2;1;1;6;870;20/04/2010
2010046194;5;2;1;1;6;870;21/04/2010
2010046195;1;2;3;1;3;870;21/04/2010
2010046196;1;2;1;1;6;870;22/04/2010
2010046197;1;2;1;1;6;870;24/04/2010
2010046198;1;1;1;1;6;870;25/04/2010
2010046199;1;2;2;1;3;870;26/04/2010
2010046200;1;2;1;1;6;870;26/04/2010
2010046201;1;2;2;1;3;870;27/04/2010
2010046202;1;2;1;1;4;870;27/04/2010
2010046203;1;2;1;1;2;870;27/04/2010
2010046204;1;2;9;1;3;870;28/04/2010
2010046205;1;2;1;1;3;870;28/04/2010
2010046206;1;2;1;1;5;870;29/04/2010
2010046207;1;1;1;1;2;870;29/04/2010
2010046208;1;2;1;1;1;870;29/04/2010
2010046209;1;1;1;2;1;870;30/04/2010
2010046210;1;2;9;1;3;870;01/05/2010
2010046211;1;2;1;2;6;870;04/05/2010
2010046212;1;1;1;2;1;870;04/05/2010
2010046213;5;2;1;3;6;870;05/05/2010
2010046214;1;2;1;1;3;870;05/05/2010
2010046215;1;1;1;2;6;870;06/05/2010
2010046216;5;2;1;1;6;870;06/05/2010
2010046217;1;2;3;1;3;870;08/05/2010
2010046218;1;2;1;2;6;870;11/05/2010
2010046219;1;2;1;2;6;870;11/05/2010
2010046220;2;2;2;1;3;870;12/05/2010
2010046221;1;1;1;1;6;870;14/05/2010
2010046222;1;1;1;1;1;870;15/05/2010
2010046223;1;2;1;1;3;870;18/05/2010
2010046224;1;2;6;1;3;870;19/05/2010
2010046225;1;2;2;1;3;870;19/05/2010
2010046226;2;2;1;1;3;870;20/05/2010
2010046227;1;2;1;1;4;870;22/05/2010
2010046228;1;2;1;1;2;870;24/05/2010
2010046229;1;2;1;1;2;870;25/05/2010
2010046230;1;2;3;1;3;870;26/05/2010
2010046231;1;2;1;1;3;870;26/05/2010
2010046232;1;1;1;2;1;870;27/05/2010
2010046233;1;2;1;1;6;870;30/05/2010
2010046234;1;1;3;1;3;870;30/05/2010
2010046235;1;1;1;1;6;870;30/05/2010
2010046236;1;2;1;2;6;870;31/05/2010
2010046237;1;2;1;1;4;870;03/06/2010
2010046238;1;2;2;1;3;870;03/06/2010
2010046239;1;2;1;1;2;870;03/06/2010
2010046240;1;2;6;1;3;870;03/06/2010
2010046241;5;2;2;1;3;870;03/06/2010
2010046242;1;2;1;1;2;870;04/06/2010
2010046243;1;2;1;1;6;870;04/06/2010
2010046244;1;2;1;1;6;870;04/06/2010
2010046245;1;2;1;1;2;870;04/06/2010
2010046246;1;2;1;1;7;870;05/06/2010
2010046247;1;2;1;1;1;870;05/06/2010
2010046248;1;2;1;1;6;870;05/06/2010
2010046249;1;1;1;1;6;870;06/06/2010
2010046250;1;1;4;2;2;870;08/06/2010
2010046251;5;2;1;2;6;870;09/06/2010
2010046252;1;2;1;3;6;870;10/06/2010
2010046253;1;1;1;3;6;870;10/06/2010
2010046254;1;1;1;3;6;870;10/06/2010
2010046255;1;2;1;1;2;870;11/06/2010
2010046256;1;2;1;3;6;870;11/06/2010
2010046257;1;2;2;2;3;870;11/06/2010
2010046258;1;2;1;1;6;870;12/06/2010
2010046259;1;1;1;2;1;870;14/06/2010
2010046260;1;2;1;1;6;870;14/06/2010
2010046261;1;1;1;3;6;870;16/06/2010
2010046262;1;2;1;3;7;870;16/06/2010
2010046263;1;2;1;3;6;870;16/06/2010
2010046264;1;1;1;2;3;870;16/06/2010
2010046265;1;2;1;1;6;870;18/06/2010
2010046266;1;2;1;1;3;870;18/06/2010
2010046267;1;2;1;1;6;870;21/06/2010
2010046268;1;2;1;1;6;870;19/06/2010
2010046269;1;2;1;1;3;870;20/06/2010
2010046270;1;2;2;1;3;870;21/06/2010
2010046271;1;2;1;1;6;870;21/06/2010
2010046272;1;2;1;1;6;870;21/06/2010
2010046273;1;2;1;1;3;870;22/06/2010
2010046274;1;2;1;1;6;870;23/06/2010
2010046275;1;2;1;1;3;870;23/06/2010
2010046276;1;2;1;1;6;870;23/06/2010
2010046277;1;2;1;1;6;870;24/06/2010
2010046278;1;2;1;1;4;870;25/06/2010
2010046279;1;2;1;1;6;870;25/06/2010
2010046280;5;2;1;1;6;870;25/06/2010
2010046281;1;2;2;1;3;870;26/06/2010
2010046282;5;2;1;1;6;870;27/06/2010
2010046283;2;2;1;1;6;870;27/06/2010
2010046284;1;2;3;1;3;870;29/06/2010
2010046285;1;2;1;1;6;870;01/07/2010
2010046286;1;2;1;1;6;870;05/07/2010
2010046287;1;2;9;1;3;870;05/07/2010
2010046288;1;2;6;1;3;870;05/07/2010
2010046289;1;1;1;1;2;870;06/07/2010