num_acc;lum;agg;inter;atm;col;dep;date
2010047445;3;2;1;1;7;910;15/03/2010
2010047446;1;2;3;1;3;910;16/03/2010
2010047447;1;2;1;1;7;910;18/03/2010
2010047448;1;2;1;1;7;910;20/03/2010
2010047449;4;2;1;2;7;910;21/03/2010
2010047450;1;2;1;1;3;910;22/03/2010
2010047451;1;2;1;1;7;910;25/03/2010
2010047452;4;2;3;1;3;910;26/03/2010
2010047453;1;2;2;1;6;910;29/03/2010
2010047454;1;2;1;1;2;910;01/04/2010
2010047455;1;2;1;1;3;910;01/04/2010
2010047456;1;2;1;1;3;910;06/04/2010
2010047457;2;2;2;1;3;910;09/04/2010
2010047458;1;2;3;1;6;910;10/04/2010
2010047459;5;2;3;1;2;910;10/04/2010
2010047460;1;2;3;1;3;910;13/04/2010
2010047461;2;2;1;1;1;910;15/04/2010
2010047462;5;2;1;1;7;910;22/04/2010
2010047463;1;2;1;1;3;910;24/04/2010
2010047464;1;2;1;1;3;910;24/04/2010
2010047465;3;2;1;1;7;910;05/05/2010
2010047466;2;2;1;1;3;910;04/05/2010
2010047467;1;2;1;1;4;910;05/05/2010
2010047468;1;2;1;1;3;910;09/05/2010
2010047469;1;1;1;1;1;910;20/05/2010
2010047470;1;2;1;1;7;910;24/05/2010
2010047471;1;2;1;1;3;910;25/05/2010
2010047472;1;2;6;2;2;910;26/05/2010
2010047473;3;2;1;1;7;910;27/05/2010
2010047474;1;2;1;1;7;910;31/05/2010
2010047475;3;2;1;1;7;910;07/06/2010
2010047476;1;2;1;1;7;910;03/06/2010
2010047477;1;2;1;8;2;910;11/06/2010
2010047478;1;2;1;2;3;910;09/06/2010
2010047479;1;2;1;1;6;910;09/06/2010
2010047480;1;2;1;2;7;910;10/06/2010
2010047481;1;2;1;3;6;910;10/06/2010
2010047482;1;2;1;1;3;910;12/06/2010
2010047483;1;2;3;1;3;910;16/06/2010
2010047484;1;2;3;1;3;910;21/06/2010
2010047485;5;2;1;1;7;910;28/06/2010
2010047486;1;2;1;1;7;910;30/06/2010
2010047487;1;2;3;1;3;910;06/07/2010
2010047488;1;2;1;1;6;910;11/07/2010
2010047489;1;2;1;1;2;910;13/07/2010
2010047490;1;2;1;1;7;910;13/07/2010
2010047491;2;2;1;1;7;910;24/07/2010
2010047492;1;2;1;1;3;910;29/07/2010
2010047493;1;2;1;1;2;910;03/08/2010
2010047494;1;2;1;1;6;910;04/08/2010
2010047495;1;2;3;1;2;910;07/08/2010
2010047496;3;2;1;1;7;910;08/08/2010
2010047497;1;2;1;2;2;910;15/08/2010
2010047498;1;2;1;2;1;910;16/08/2010
2010047499;1;2;6;1;3;910;21/08/2010
2010047500;1;2;1;1;6;910;23/08/2010
2010047501;1;2;1;1;3;910;29/08/2010
2010047502;1;2;3;1;3;910;30/08/2010
2010047503;1;2;1;1;4;910;30/08/2010
2010047504;1;2;1;1;6;910;01/09/2010
2010047505;1;2;1;1;6;910;02/09/2010
2010047506;1;2;1;1;7;910;11/09/2010
2010047507;1;2;2;2;6;910;12/09/2010
2010047508;1;2;1;1;6;910;14/09/2010
2010047509;1;2;1;1;6;910;14/09/2010
2010047510;1;2;1;2;6;910;15/09/2010
2010047511;1;2;1;1;6;910;20/09/2010
2010047512;1;2;1;1;7;910;20/09/2010
2010047513;1;1;6;1;3;910;21/09/2010
2010047514;1;2;1;2;7;910;24/09/2010
2010047515;5;2;1;1;6;910;26/09/2010
2010047516;1;2;2;1;1;910;27/09/2010
2010047517;1;2;3;1;3;910;29/09/2010
2010047518;1;2;1;1;6;910;29/09/2010
2010047519;1;2;3;2;7;910;02/10/2010
2010047520;1;2;1;1;7;910;04/10/2010
2010047521;2;2;1;1;2;910;07/10/2010
2010047522;2;2;3;1;6;910;08/10/2010
2010047523;1;2;1;1;7;910;11/10/2010
2010047524;1;2;1;1;7;910;12/10/2010
2010047525;1;2;1;1;7;910;15/10/2010
2010047526;1;2;6;2;7;910;19/10/2010
2010047527;1;2;1;1;2;910;25/10/2010
2010047528;5;2;1;2;7;910;28/10/2010
2010047529;1;2;1;1;3;910;28/10/2010
2010047530;1;1;1;1;6;910;28/10/2010
2010047531;1;2;3;1;1;910;29/10/2010
2010047532;1;2;3;1;3;910;30/10/2010
2010047533;5;2;1;1;7;910;31/10/2010
2010047534;2;2;3;2;1;910;04/11/2010
2010047535;1;2;3;1;2;910;04/11/2010
2010047536;1;2;1;3;7;910;06/11/2010
2010047537;1;2;1;2;6;910;09/11/2010
2010047538;1;2;1;1;6;910;10/11/2010
2010047539;5;1;3;1;1;910;11/11/2010
2010047540;5;2;1;1;6;910;12/11/2010
2010047541;5;2;3;1;3;910;16/11/2010
2010047542;1;2;1;1;6;910;18/11/2010
2010047543;2;1;1;1;6;910;18/11/2010
2010047544;5;2;3;1;3;910;18/11/2010
2010047545;2;2;1;1;7;910;19/11/2010
2010047546;2;2;1;2;7;910;21/11/2010
2010047547;1;1;1;1;2;910;27/11/2010
2010047548;5;1;3;1;2;910;29/11/2010
2010047549;1;2;1;1;1;910;01/12/2010
2010047550;1;2;1;1;6;910;02/12/2010
2010047551;5;2;1;4;6;910;05/12/2010
2010047552;1;2;1;1;6;910;09/12/2010
2010047553;5;2;2;1;3;910;13/12/2010
2010047554;5;2;2;1;3;910;14/12/2010
2010047555;1;2;1;1;7;910;17/12/2010
2010047556;5;1;1;4;6;910;18/12/2010
2010047557;1;2;1;1;2;910;23/12/2010
2010047558;1;1;1;4;1;910;24/12/2010
2010047559;2;2;3;4;3;910;25/12/2010
2010047560;5;2;1;1;6;910;06/01/2010
2010047561;1;2;1;1;6;910;14/01/2010
2010047562;2;2;2;1;7;910;22/01/2010
2010047563;1;2;1;1;6;910;27/01/2010
2010047564;1;2;1;2;3;910;29/01/2010
2010047565;5;2;1;1;6;910;29/01/2010
2010047566;1;2;2;1;1;910;31/01/2010
2010047567;5;2;3;1;3;910;06/02/2010
2010047568;1;2;1;1;6;910;19/02/2010
2010047569;5;2;1;1;6;910;03/03/2010
2010047570;5;2;1;1;3;910;08/03/2010
2010047571;1;2;2;1;6;910;11/03/2010
2010047572;1;2;4;1;2;910;13/03/2010
2010047573;1;2;1;1;6;910;15/03/2010
2010047574;1;2;1;1;6;910;22/03/2010
2010047575;1;2;2;1;3;910;24/03/2010
2010047576;1;2;2;2;3;910;26/03/2010
2010047577;2;2;1;2;2;910;26/03/2010
2010047578;1;2;1;8;1;910;04/04/2010
2010047579;1;2;2;1;3;910;05/04/2010
2010047580;1;2;1;1;3;910;06/04/2010
2010047581;1;2;2;2;3;910;13/04/2010
2010047582;1;2;1;1;6;910;30/04/2010
2010047583;1;2;1;8;6;910;03/05/2010
2010047584;1;2;1;3;6;910;11/05/2010
2010047585;1;2;1;8;7;910;12/05/2010
2010047586;1;2;3;1;6;910;17/05/2010
2010047587;1;2;1;1;3;910;18/05/2010
2010047588;1;2;1;1;6;910;20/05/2010
2010047589;1;2;1;1;6;910;24/05/2010
2010047590;1;2;1;1;3;910;25/05/2010
2010047591;1;2;1;1;6;910;31/05/2010
2010047592;1;2;1;1;1;910;02/06/2010
2010047593;1;2;1;7;7;910;04/06/2010
2010047594;1;2;2;1;3;910;04/06/2010
2010047595;1;2;1;1;3;910;16/06/2010
2010047596;5;2;3;1;7;910;17/06/2010
2010047597;2;2;3;1;3;910;18/06/2010
2010047598;1;2;1;1;6;910;23/06/2010
2010047599;1;2;3;1;3;910;04/07/2010
2010047600;1;2;1;1;3;910;07/07/2010
2010047601;1;2;6;1;3;910;20/07/2010
2010047602;1;2;1;1;2;910;22/07/2010
2010047603;2;2;3;1;3;910;30/07/2010
2010047604;1;2;7;2;3;910;31/07/2010
2010047605;1;2;1;2;3;910;31/07/2010
2010047606;1;2;2;1;3;910;02/08/2010
2010047607;1;2;1;3;2;910;02/08/2010
2010047608;1;2;1;1;7;910;05/08/2010
2010047609;1;2;1;1;6;910;12/08/2010
2010047610;1;2;6;8;6;910;14/08/2010
2010047611;1;2;9;1;6;910;16/08/2010
2010047612;1;2;1;1;3;910;17/08/2010
2010047613;1;2;1;1;3;910;18/08/2010
2010047614;5;2;1;1;2;910;22/08/2010
2010047615;1;2;1;1;5;910;01/09/2010
2010047616;1;2;1;1;5;910;02/09/2010
2010047617;5;2;1;1;6;910;03/09/2010
2010047618;1;2;6;1;3;910;07/09/2010
2010047619;1;2;1;2;2;910;08/09/2010
2010047620;1;2;1;1;2;910;09/09/2010
2010047621;5;2;1;1;6;910;09/09/2010
2010047622;1;2;6;1;3;910;13/09/2010
2010047623;1;2;6;1;5;910;13/09/2010
2010047624;1;2;1;1;3;910;13/09/2010
2010047625;1;2;1;1;4;910;17/09/2010
2010047626;1;2;9;1;3;910;19/09/2010
2010047627;1;2;2;1;3;910;21/09/2010
2010047628;1;2;2;1;6;910;17/09/2010
2010047629;1;2;3;1;1;910;22/09/2010
2010047630;1;2;2;1;3;910;23/09/2010
2010047631;1;2;2;2;4;910;24/09/2010
2010047632;5;2;6;8;6;910;27/09/2010
2010047633;1;2;1;1;6;910;11/10/2010
2010047634;1;2;9;1;6;910;12/10/2010
2010047635;1;2;6;1;3;910;18/10/2010
2010047636;1;2;1;1;6;910;22/10/2010
2010047637;1;2;1;1;3;910;18/10/2010
2010047638;1;2;1;1;3;910;24/10/2010
2010047639;1;2;1;1;2;910;03/11/2010
2010047640;1;2;6;1;3;910;15/11/2010
2010047641;5;2;1;1;6;910;16/11/2010
2010047642;5;2;1;1;6;910;16/11/2010
2010047643;5;2;1;5;6;910;16/11/2010
2010047644;5;2;1;8;6;910;25/11/2010
2010047645;5;2;2;1;3;910;27/11/2010
2010047646;1;2;2;9;3;910;29/11/2010
2010047647;1;2;1;4;3;910;01/12/2010
2010047648;5;2;1;8;2;910;01/12/2010
2010047649;1;2;1;8;1;910;02/12/2010
2010047650;2;2;1;2;2;910;08/12/2010
2010047651;5;2;1;4;2;910;08/12/2010
2010047652;1;2;1;4;6;910;09/12/2010
2010047653;1;2;2;4;3;910;09/12/2010
2010047654;5;2;1;1;1;910;11/12/2010
2010047655;1;2;7;1;6;910;04/01/2010
2010047656;1;2;1;8;1;910;18/01/2010
2010047657;2;2;3;1;6;910;28/01/2010
2010047658;2;2;3;1;3;910;28/01/2010
2010047659;1;2;3;1;6;910;03/02/2010
2010047660;2;2;3;1;6;910;11/02/2010
2010047661;5;2;9;8;6;910;05/03/2010
2010047662;5;2;3;1;3;910;13/03/2010
2010047663;1;2;1;1;6;910;15/03/2010
2010047664;1;2;1;1;6;910;19/03/2010
2010047665;1;2;9;1;3;910;21/03/2010
2010047666;5;2;3;1;3;910;14/04/2010
2010047667;1;2;1;1;2;910;19/04/2010
2010047668;1;2;3;1;3;910;21/04/2010
2010047669;1;2;3;1;6;910;08/05/2010
2010047670;1;2;1;1;6;910;28/05/2010
2010047671;1;2;1;1;3;910;07/06/2010
2010047672;1;2;3;1;3;910;12/06/2010
2010047673;1;2;1;1;6;910;12/06/2010
2010047674;1;2;3;1;3;910;14/06/2010
2010047675;1;2;3;1;3;910;18/06/2010
2010047676;1;2;1;1;1;910;04/07/2010
2010047677;1;2;3;1;6;910;06/07/2010
2010047678;1;2;3;1;6;910;17/07/2010
2010047679;5;2;1;1;6;910;27/07/2010
2010047680;1;1;1;1;7;910;06/08/2010
2010047681;1;2;1;1;2;910;07/08/2010
2010047682;1;2;1;1;1;910;10/08/2010
2010047683;1;2;1;1;6;910;12/08/2010
2010047684;1;2;3;1;3;910;08/09/2010
2010047685;1;2;3;1;3;910;25/09/2010
2010047686;5;2;1;1;2;910;05/11/2010
2010047687;1;2;1;1;6;910;17/11/2010
2010047688;2;2;1;1;7;910;25/11/2010
2010047689;1;2;3;1;3;920;12/03/2010
2010047690;1;2;1;8;6;920;11/01/2010
2010047691;1;2;2;2;3;920;24/01/2010
2010047692;5;2;3;1;3;920;27/01/2010
2010047693;5;2;3;1;6;920;01/02/2010
2010047694;2;2;2;2;3;920;08/02/2010
2010047695;1;2;1;1;6;920;18/02/2010
2010047696;5;2;2;2;6;920;18/02/2010
2010047697;1;2;1;1;6;920;22/03/2010
2010047698;2;2;2;1;3;920;26/03/2010
2010047699;1;2;1;1;3;920;29/03/2010
2010047700;1;2;2;1;6;920;05/04/2010
2010047701;1;2;2;1;2;920;27/04/2010
2010047702;1;2;1;1;2;920;28/04/2010
2010047703;1;2;7;1;6;920;10/05/2010
2010047704;5;2;1;1;3;920;03/06/2010
2010047705;1;2;6;1;3;920;04/06/2010
2010047706;1;2;1;1;6;920;05/06/2010
2010047707;1;2;1;2;6;920;12/06/2010
2010047708;1;2;1;1;3;920;20/09/2010
2010047709;1;2;1;1;6;920;24/06/2010
2010047710;1;2;1;1;2;920;29/06/2010
2010047711;1;2;2;1;6;920;28/07/2010
2010047712;1;2;1;1;3;920;07/08/2010
2010047713;1;2;2;8;3;920;16/08/2010
2010047714;1;2;2;1;2;920;30/08/2010
2010047715;1;2;1;1;6;920;06/09/2010
2010047716;1;2;3;8;6;920;28/09/2010
2010047717;1;2;1;1;7;920;03/10/2010
2010047718;1;2;3;7;6;920;09/10/2010
2010047719;1;2;2;1;6;920;14/10/2010
2010047720;1;2;7;1;3;920;16/10/2010
2010047721;1;2;1;1;6;920;22/10/2010
2010047722;2;2;1;1;3;920;14/11/2010
2010047723;5;2;2;1;2;920;15/11/2010
2010047724;1;2;1;1;6;920;17/11/2010
2010047725;1;2;1;1;5;920;17/11/2010
2010047726;1;2;2;1;6;920;26/11/2010
2010047727;1;2;3;1;6;920;29/11/2010
2010047728;5;2;2;1;3;920;03/12/2010
2010047729;1;2;1;4;2;920;04/12/2010
2010047730;5;2;7;1;6;920;07/12/2010
2010047731;5;2;1;1;6;920;14/12/2010
2010047732;5;2;2;2;3;920;16/12/2010
2010047733;5;2;2;1;6;920;23/12/2010
2010047734;5;2;3;1;6;920;29/12/2010
2010047735;5;2;2;1;3;920;07/01/2010
2010047736;1;2;3;1;3;920;10/01/2010
2010047737;1;2;1;1;6;920;14/01/2010
2010047738;1;2;1;1;4;920;15/01/2010
2010047739;5;2;1;1;1;920;16/01/2010
2010047740;1;2;1;2;6;920;16/01/2010
2010047741;2;2;3;9;2;920;16/01/2010
2010047742;5;1;1;1;3;920;16/01/2010
2010047743;2;2;3;2;6;920;20/01/2010
2010047744;5;2;1;1;1;920;24/01/2010
2010047745;1;2;1;1;6;920;28/01/2010
2010047746;1;2;2;1;2;920;29/01/2010
2010047747;5;2;3;1;3;920;04/02/2010
2010047748;1;2;1;1;3;920;12/02/2010
2010047749;5;2;2;1;6;920;13/02/2010
2010047750;1;2;3;1;6;920;15/02/2010
2010047751;1;2;3;1;6;920;01/03/2010
2010047752;2;2;9;1;6;920;03/03/2010
2010047753;5;2;2;1;3;920;04/03/2010
2010047754;1;2;3;1;6;920;04/03/2010
2010047755;1;2;1;1;6;920;04/03/2010
2010047756;5;2;1;1;6;920;05/03/2010
2010047757;1;2;3;1;6;920;11/03/2010
2010047758;1;2;4;1;6;920;14/03/2010
2010047759;5;2;6;1;6;920;18/03/2010
2010047760;1;2;1;1;3;920;18/03/2010
2010047761;4;2;1;1;6;920;18/03/2010
2010047762;1;2;2;1;3;920;26/03/2010
2010047763;5;2;3;1;2;920;27/03/2010
2010047764;1;2;1;2;6;920;07/04/2010
2010047765;1;2;3;1;3;920;11/04/2010
2010047766;1;2;3;1;3;920;13/04/2010
2010047767;5;2;2;2;6;920;13/04/2010
2010047768;1;2;2;1;3;920;17/04/2010
2010047769;1;2;2;1;3;920;19/04/2010
2010047770;3;2;1;1;6;920;19/04/2010
2010047771;1;2;3;1;6;920;22/04/2010
2010047772;1;2;1;1;6;920;28/04/2010
2010047773;1;2;1;1;2;920;28/04/2010
2010047774;5;2;3;1;6;920;28/04/2010
2010047775;1;1;2;1;6;920;30/04/2010
2010047776;5;2;4;1;6;920;05/05/2010
2010047777;1;2;1;1;6;920;06/05/2010
2010047778;1;2;1;1;2;920;11/05/2010
2010047779;1;2;3;1;6;920;20/05/2010
2010047780;1;2;1;1;3;920;20/05/2010
2010047781;5;2;3;1;3;920;21/05/2010
2010047782;1;2;4;1;3;920;31/05/2010
2010047783;1;2;1;1;6;920;31/05/2010
2010047784;1;2;1;1;6;920;04/06/2010
2010047785;1;2;2;1;2;920;05/06/2010
2010047786;1;2;8;1;4;920;05/06/2010
2010047787;5;2;3;1;6;920;06/06/2010
2010047788;1;2;2;1;6;920;07/06/2010
2010047789;1;2;3;1;6;920;07/06/2010
2010047790;1;2;3;1;2;920;12/06/2010
2010047791;1;2;1;1;6;920;13/06/2010
2010047792;1;2;9;1;6;920;14/06/2010
2010047793;1;2;1;1;6;920;16/06/2010
2010047794;1;2;1;1;3;920;17/06/2010
2010047795;1;2;2;1;3;920;18/06/2010
2010047796;1;2;1;1;3;920;25/06/2010
2010047797;5;2;1;1;3;920;02/07/2010
2010047798;1;2;1;1;6;920;07/07/2010
2010047799;1;2;3;1;3;920;17/07/2010
2010047800;5;2;9;1;6;920;18/07/2010
2010047801;1;2;1;1;6;920;18/07/2010
2010047802;1;2;1;1;6;920;21/07/2010
2010047803;1;2;4;1;2;920;29/07/2010
2010047804;1;2;3;1;2;920;29/07/2010
2010047805;5;2;2;1;6;920;08/08/2010
2010047806;1;2;3;1;6;920;10/08/2010
2010047807;1;2;1;1;2;920;21/08/2010
2010047808;1;2;2;1;1;920;24/08/2010
2010047809;1;2;2;1;6;920;25/08/2010
2010047810;1;2;1;1;6;920;31/08/2010
2010047811;1;2;4;1;2;920;01/09/2010
2010047812;1;2;3;1;3;920;04/09/2010
2010047813;1;2;3;2;3;920;08/09/2010
2010047814;1;2;2;1;3;920;09/09/2010
2010047815;1;2;1;1;3;920;15/09/2010
2010047816;5;2;1;1;2;920;14/09/2010
2010047817;1;2;1;1;2;920;18/09/2010
2010047818;1;2;1;1;3;920;20/09/2010
2010047819;1;2;3;1;1;920;24/09/2010
2010047820;2;2;2;2;3;920;26/09/2010
2010047821;1;2;2;1;6;920;26/09/2010
2010047822;1;2;3;1;6;920;28/09/2010
2010047823;1;2;9;1;6;920;29/09/2010
2010047824;1;2;3;2;6;920;01/10/2010
2010047825;5;2;3;2;6;920;01/10/2010
2010047826;5;2;1;2;2;920;06/10/2010
2010047827;1;2;1;1;6;920;07/10/2010
2010047828;3;2;1;1;3;920;07/10/2010
2010047829;5;2;1;1;6;920;08/10/2010
2010047830;1;2;1;1;6;920;09/10/2010
2010047831;1;2;1;1;6;920;13/10/2010
2010047832;1;2;2;1;3;920;20/10/2010
2010047833;4;2;2;2;3;920;21/10/2010
2010047834;1;2;3;1;3;920;21/10/2010
2010047835;5;2;1;1;6;920;01/11/2010
2010047836;1;2;3;2;2;920;08/11/2010
2010047837;1;2;1;1;6;920;10/11/2010
2010047838;5;2;2;1;6;920;10/11/2010
2010047839;5;2;2;1;2;920;13/11/2010
2010047840;1;2;3;1;6;920;15/11/2010
2010047841;5;2;2;1;3;920;18/11/2010
2010047842;5;2;1;1;6;920;19/11/2010
2010047843;2;2;1;1;3;920;19/11/2010
2010047844;5;2;3;2;3;920;21/11/2010
2010047845;5;2;2;2;3;920;21/11/2010
2010047846;5;2;1;2;5;920;21/11/2010
2010047847;2;2;3;1;6;920;29/11/2010
2010047848;1;2;3;1;3;920;29/11/2010
2010047849;1;2;3;1;3;920;01/12/2010
2010047850;1;2;3;1;2;920;03/12/2010
2010047851;1;2;4;1;3;920;06/12/2010
2010047852;5;2;1;1;3;920;12/12/2010
2010047853;1;2;2;1;3;920;12/12/2010
2010047854;2;2;4;1;3;920;13/12/2010
2010047855;1;2;4;1;6;920;13/12/2010
2010047856;1;2;1;1;6;920;13/12/2010
2010047857;5;2;2;4;6;920;17/12/2010
2010047858;1;2;3;8;6;920;23/12/2010
2010047859;1;2;6;1;6;920;25/12/2010
2010047860;5;2;1;1;1;920;26/12/2010
2010047861;5;2;2;1;6;920;26/12/2010
2010047862;5;2;3;1;6;920;28/12/2010
2010047863;5;2;1;1;3;920;30/12/2010
2010047864;2;2;3;8;6;920;14/01/2010
2010047865;1;2;1;1;3;920;25/01/2010
2010047866;5;2;3;1;3;920;27/01/2010
2010047867;1;2;2;2;6;920;29/01/2010
2010047868;1;2;1;1;3;920;04/02/2010
2010047869;5;2;1;1;2;920;07/02/2010
2010047870;2;2;3;1;6;920;09/02/2010
2010047871;1;2;2;1;3;920;15/02/2010
2010047872;5;2;1;2;6;920;17/02/2010
2010047873;1;2;2;1;3;920;04/03/2010
2010047874;5;2;1;1;2;920;06/04/2010
2010047875;1;2;6;1;2;920;07/04/2010
2010047876;5;2;3;1;6;920;15/04/2010
2010047877;1;2;2;1;3;920;19/04/2010
2010047878;1;2;1;1;3;920;25/04/2010
2010047879;5;2;2;1;3;920;30/04/2010
2010047880;1;2;1;1;6;920;05/05/2010
2010047881;1;2;1;1;3;920;06/05/2010
2010047882;1;2;1;1;6;920;17/05/2010
2010047883;1;2;1;1;3;920;22/05/2010
2010047884;1;2;1;1;3;920;25/06/2010
2010047885;1;2;2;1;3;920;28/06/2010
2010047886;1;2;1;1;4;920;28/06/2010
2010047887;1;2;1;1;6;920;08/07/2010
2010047888;1;2;2;2;3;920;15/08/2010
2010047889;2;2;2;1;3;920;19/08/2010
2010047890;1;2;2;1;3;920;20/08/2010
2010047891;1;2;3;1;6;920;06/09/2010
2010047892;1;2;3;2;3;920;08/09/2010
2010047893;1;2;1;1;3;920;11/09/2010
2010047894;1;2;1;2;3;920;15/09/2010
2010047895;1;2;1;1;3;920;17/09/2010
2010047896;5;2;2;1;3;920;17/09/2010
2010047897;1;2;3;1;3;920;20/09/2010
2010047898;5;2;2;8;3;920;02/10/2010
2010047899;1;2;2;1;6;920;03/10/2010
2010047900;1;2;2;1;2;920;03/10/2010
2010047901;1;2;2;1;3;920;07/10/2010
2010047902;5;2;2;1;3;920;08/10/2010
2010047903;2;2;1;1;6;920;18/10/2010
2010047904;5;2;2;1;5;920;23/10/2010
2010047905;5;2;2;8;6;920;08/11/2010
2010047906;5;2;4;2;2;920;08/11/2010
2010047907;5;2;1;2;6;920;18/11/2010
2010047908;1;2;1;1;3;920;17/11/2010
2010047909;1;2;2;1;3;920;25/11/2010
2010047910;1;2;6;1;1;920;27/11/2010
2010047911;5;2;3;3;3;920;02/12/2010
2010047912;1;2;3;4;2;920;08/12/2010
2010047913;2;2;3;2;6;920;07/12/2010
2010047914;2;2;4;4;2;920;20/12/2010
2010047915;5;2;2;3;6;920;22/12/2010
2010047916;1;2;3;1;3;920;28/12/2010
2010047917;4;2;2;2;3;920;28/12/2010
2010047918;1;2;2;1;3;920;06/01/2010
2010047919;5;2;1;1;6;920;12/01/2010
2010047920;5;2;1;1;4;920;09/01/2010
2010047921;1;2;1;1;3;920;16/01/2010
2010047922;2;2;2;2;6;920;16/01/2010
2010047923;1;2;1;1;6;920;19/01/2010
2010047924;1;2;2;1;1;920;19/01/2010
2010047925;5;2;1;1;3;920;20/01/2010
2010047926;2;2;1;1;4;920;20/01/2010
2010047927;1;2;1;1;3;920;22/01/2010
2010047928;5;2;2;1;3;920;05/01/2010
2010047929;2;2;2;1;3;920;21/01/2010
2010047930;2;2;1;1;2;920;02/02/2010
2010047931;1;2;1;2;2;920;03/02/2010
2010047932;5;2;1;1;6;920;05/02/2010
2010047933;1;2;1;1;3;920;06/02/2010
2010047934;1;2;1;4;2;920;09/02/2010
2010047935;1;2;1;1;6;920;09/02/2010
2010047936;2;2;1;1;6;920;09/02/2010
2010047937;1;2;1;1;3;920;12/02/2010
2010047938;1;2;1;1;1;920;19/02/2010
2010047939;1;2;1;1;6;920;22/02/2010
2010047940;1;2;1;1;2;920;20/02/2010
2010047941;1;2;1;1;6;920;16/02/2010
2010047942;1;2;2;1;3;920;24/02/2010
2010047943;1;2;1;2;6;920;25/02/2010
2010047944;5;2;1;1;1;920;27/02/2010
2010047945;5;2;1;1;6;920;28/02/2010
2010047946;1;2;1;1;2;920;03/03/2010
2010047947;2;2;1;1;6;920;08/03/2010
2010047948;1;2;1;9;3;920;05/03/2010
2010047949;5;2;1;1;2;920;05/03/2010
2010047950;5;2;1;1;6;920;07/03/2010
2010047951;1;2;2;1;3;920;08/03/2010
2010047952;1;2;1;1;6;920;19/03/2010
2010047953;1;2;2;1;3;920;24/03/2010
2010047954;2;2;2;1;1;920;23/03/2010
2010047955;5;2;2;1;3;920;26/03/2010
2010047956;1;2;1;1;6;920;27/03/2010
2010047957;5;2;6;1;2;920;28/03/2010
2010047958;1;2;1;2;3;920;02/04/2010
2010047959;2;2;2;1;6;920;14/04/2010
2010047960;1;2;1;1;3;920;14/04/2010
2010047961;1;2;1;1;6;920;14/04/2010
2010047962;1;2;1;1;3;920;14/04/2010
2010047963;1;2;1;1;3;920;17/04/2010
2010047964;5;2;1;1;6;920;25/04/2010
2010047965;1;2;1;1;5;920;26/04/2010
2010047966;1;2;1;1;2;920;28/04/2010
2010047967;1;2;1;1;6;920;30/04/2010
2010047968;1;2;1;1;2;920;03/05/2010
2010047969;1;2;1;6;3;920;04/05/2010
2010047970;1;2;1;1;6;920;05/05/2010
2010047971;1;2;1;1;3;920;06/05/2010
2010047972;1;2;1;1;2;920;07/05/2010
2010047973;1;2;1;1;3;920;08/05/2010
2010047974;1;2;2;1;3;920;09/05/2010
2010047975;1;2;1;1;1;920;10/05/2010
2010047976;1;2;2;1;3;920;12/05/2010
2010047977;1;2;1;1;3;920;15/05/2010
2010047978;1;2;1;1;3;920;18/05/2010
2010047979;5;2;1;1;3;920;19/05/2010
2010047980;1;2;1;1;6;920;19/05/2010
2010047981;1;2;1;1;6;920;21/05/2010
2010047982;1;2;1;2;6;920;26/05/2010
2010047983;1;2;1;1;1;920;26/05/2010
2010047984;2;2;1;1;2;920;27/05/2010
2010047985;2;2;2;3;3;920;29/05/2010
2010047986;5;2;5;1;3;920;31/05/2010
2010047987;5;2;2;2;3;920;01/06/2010
2010047988;1;2;1;1;6;920;03/06/2010
2010047989;1;2;1;1;6;920;08/06/2010
2010047990;1;2;1;1;6;920;08/06/2010
2010047991;1;2;2;1;6;920;09/06/2010
2010047992;2;2;2;1;3;920;09/06/2010
2010047993;1;2;2;2;6;920;09/06/2010
2010047994;1;2;1;1;3;920;11/06/2010
2010047995;1;2;1;1;2;920;12/06/2010
2010047996;2;2;1;1;2;920;14/06/2010
2010047997;1;2;1;1;6;920;21/06/2010
2010047998;1;2;2;1;3;920;22/06/2010
2010047999;1;2;1;1;1;920;22/06/2010
2010048000;1;2;2;1;3;920;23/06/2010
2010048001;1;2;1;1;6;920;23/06/2010
2010048002;1;2;1;1;3;920;25/06/2010
2010048003;1;2;1;1;6;920;26/06/2010
2010048004;1;2;1;1;6;920;27/06/2010
2010048005;1;2;1;1;6;920;28/06/2010
2010048006;1;2;1;1;3;920;29/06/2010
2010048007;1;2;2;1;6;920;30/06/2010
2010048008;1;2;2;8;6;920;02/07/2010
2010048009;2;2;1;8;6;920;03/07/2010
2010048010;1;2;1;1;6;920;05/07/2010
2010048011;1;2;2;1;3;920;10/07/2010
2010048012;5;2;1;1;6;920;12/07/2010
2010048013;1;2;1;1;2;920;13/07/2010
2010048014;1;2;6;1;3;920;13/07/2010
2010048015;1;2;2;1;6;920;15/07/2010
2010048016;1;2;2;1;2;920;18/07/2010
2010048017;1;2;1;1;3;920;18/07/2010
2010048018;1;2;1;1;6;920;29/07/2010
2010048019;1;2;1;1;3;920;05/08/2010
2010048020;1;2;2;1;3;920;26/07/2010
2010048021;1;2;1;1;6;920;04/08/2010