num_acc;lum;agg;inter;atm;col;dep;date
2010048022;1;2;1;1;2;920;05/08/2010
2010048023;1;2;1;1;6;920;05/08/2010
2010048024;1;2;2;1;1;920;09/08/2010
2010048025;1;2;2;1;3;920;12/08/2010
2010048026;1;2;1;2;2;920;15/08/2010
2010048027;1;2;2;1;6;920;16/08/2010
2010048028;1;2;2;1;6;920;26/08/2010
2010048029;1;2;1;1;2;920;26/08/2010
2010048030;1;2;2;1;3;920;26/08/2010
2010048031;1;2;2;1;3;920;27/08/2010
2010048032;1;2;3;2;5;920;27/08/2010
2010048033;1;2;1;1;4;920;30/08/2010
2010048034;1;2;1;1;6;920;31/08/2010
2010048035;1;2;1;1;4;920;10/09/2010
2010048036;1;2;2;1;3;920;07/09/2010
2010048037;2;2;1;2;6;920;08/09/2010
2010048038;5;2;1;1;6;920;18/09/2010
2010048039;2;2;1;1;6;920;22/09/2010
2010048040;1;2;1;3;6;920;29/09/2010
2010048041;1;2;6;1;3;920;26/09/2010
2010048042;1;2;1;1;6;920;26/09/2010
2010048043;5;2;1;1;3;920;26/09/2010
2010048044;1;2;1;1;6;920;03/09/2010
2010048045;1;2;1;1;6;920;04/09/2010
2010048046;1;2;2;1;6;920;28/09/2010
2010048047;1;2;2;1;1;920;29/09/2010
2010048048;1;2;1;2;6;920;05/10/2010
2010048049;1;2;2;1;3;920;08/10/2010
2010048050;1;2;1;1;6;920;14/10/2010
2010048051;1;2;2;1;6;920;15/10/2010
2010048052;5;2;3;1;3;920;15/10/2010
2010048053;1;2;1;1;6;920;20/10/2010
2010048054;1;2;1;1;3;920;21/10/2010
2010048055;5;2;2;2;6;920;23/10/2010
2010048056;1;2;1;1;3;920;25/10/2010
2010048057;1;2;1;1;6;920;25/10/2010
2010048058;1;2;3;1;2;920;25/10/2010
2010048059;1;2;1;1;6;920;26/10/2010
2010048060;1;2;2;1;2;920;26/10/2010
2010048061;1;2;1;1;6;920;28/10/2010
2010048062;1;2;2;1;3;920;31/10/2010
2010048063;5;2;2;1;3;920;26/10/2010
2010048064;1;2;1;1;6;920;02/11/2010
2010048065;1;2;6;1;6;920;03/11/2010
2010048066;1;2;1;6;3;920;04/11/2010
2010048067;5;2;1;1;6;920;08/11/2010
2010048068;5;2;1;2;3;920;08/11/2010
2010048069;1;2;1;3;6;920;07/11/2010
2010048070;2;2;3;2;6;920;09/11/2010
2010048071;1;2;1;1;3;920;10/11/2010
2010048072;5;2;1;2;2;920;10/11/2010
2010048073;1;2;2;1;6;920;10/11/2010
2010048074;4;2;9;1;5;920;12/11/2010
2010048075;1;2;1;1;6;920;12/11/2010
2010048076;2;2;4;2;3;920;13/11/2010
2010048077;5;2;1;3;6;920;15/11/2010
2010048078;1;2;1;1;6;920;16/11/2010
2010048079;1;2;1;1;6;920;18/11/2010
2010048080;1;2;1;1;3;920;23/11/2010
2010048081;5;2;9;8;6;920;25/11/2010
2010048082;1;2;1;1;2;920;30/11/2010
2010048083;1;2;3;1;6;920;30/11/2010
2010048084;1;2;2;1;6;920;30/11/2010
2010048085;1;2;1;1;6;920;01/12/2010
2010048086;5;2;2;1;1;920;03/12/2010
2010048087;5;2;2;9;3;920;05/12/2010
2010048088;5;2;2;1;3;920;05/12/2010
2010048089;1;2;1;1;6;920;10/12/2010
2010048090;5;2;1;1;6;920;12/12/2010
2010048091;1;2;1;1;6;920;13/12/2010
2010048092;1;2;1;1;3;920;14/12/2010
2010048093;5;2;2;3;2;920;16/12/2010
2010048094;1;2;1;1;3;920;17/12/2010
2010048095;1;2;1;1;6;920;22/12/2010
2010048096;5;2;1;2;6;920;22/12/2010
2010048097;1;2;3;1;3;920;12/01/2010
2010048098;1;2;1;1;6;920;18/01/2010
2010048099;2;2;1;1;6;920;18/01/2010
2010048100;5;2;1;1;6;920;18/01/2010
2010048101;1;2;1;1;6;920;25/01/2010
2010048102;1;2;1;1;7;920;28/01/2010
2010048103;5;2;1;2;6;920;29/01/2010
2010048104;1;2;1;1;3;920;05/02/2010
2010048105;1;2;1;1;6;920;14/02/2010
2010048106;5;2;1;1;6;920;15/02/2010
2010048107;1;2;1;1;2;920;16/02/2010
2010048108;2;2;9;1;6;920;20/02/2010
2010048109;1;2;2;1;3;920;03/03/2010
2010048110;5;2;6;1;6;920;09/03/2010
2010048111;1;2;3;1;3;920;15/03/2010
2010048112;5;2;2;1;6;920;18/03/2010
2010048113;1;2;2;1;6;920;08/04/2010
2010048114;1;2;1;1;6;920;14/04/2010
2010048115;2;2;1;1;3;920;18/04/2010
2010048116;1;2;3;1;2;920;23/04/2010
2010048117;1;2;1;1;2;920;05/05/2010
2010048118;1;2;1;1;7;920;06/05/2010
2010048119;1;2;2;1;3;920;20/05/2010
2010048120;1;2;1;1;6;920;22/05/2010
2010048121;1;2;2;2;3;920;26/05/2010
2010048122;1;2;1;1;6;920;30/05/2010
2010048123;1;2;6;1;3;920;03/06/2010
2010048124;1;2;6;1;3;920;05/06/2010
2010048125;1;2;1;1;6;920;05/06/2010
2010048126;1;2;1;1;4;920;11/06/2010
2010048127;1;2;1;1;1;920;12/06/2010
2010048128;1;2;2;1;2;920;05/07/2010
2010048129;1;2;4;1;3;920;12/07/2010
2010048130;1;2;1;1;6;920;19/07/2010
2010048131;1;2;6;1;3;920;30/07/2010
2010048132;1;2;1;1;6;920;03/08/2010
2010048133;1;2;4;2;6;920;15/08/2010
2010048134;1;1;5;1;6;920;26/08/2010
2010048135;1;1;1;7;6;920;02/09/2010
2010048136;1;2;2;1;3;920;16/09/2010
2010048137;1;2;1;1;6;920;17/09/2010
2010048138;1;2;1;1;6;920;20/09/2010
2010048139;5;2;2;1;3;920;23/09/2010
2010048140;1;2;9;1;7;920;24/09/2010
2010048141;5;2;1;1;3;920;02/10/2010
2010048142;2;2;3;1;5;920;12/10/2010
2010048143;5;2;1;2;7;920;15/10/2010
2010048144;1;2;1;1;3;920;20/10/2010
2010048145;1;2;1;1;1;920;21/10/2010
2010048146;1;2;2;1;6;920;23/10/2010
2010048147;1;2;1;1;3;920;23/10/2010
2010048148;5;2;1;1;7;920;29/10/2010
2010048149;1;1;1;2;7;920;09/11/2010
2010048150;5;2;1;2;6;920;09/11/2010
2010048151;5;2;1;1;2;920;15/11/2010
2010048152;5;2;1;1;6;920;23/11/2010
2010048153;1;2;6;1;2;920;24/11/2010
2010048154;1;2;2;1;3;920;25/11/2010
2010048155;5;2;1;8;3;920;26/11/2010
2010048156;5;2;3;2;6;920;07/12/2010
2010048157;1;2;3;1;6;920;14/12/2010
2010048158;5;2;6;4;6;920;22/12/2010
2010048159;5;2;1;1;6;920;05/01/2010
2010048160;1;2;6;7;6;920;07/01/2010
2010048161;5;2;1;1;6;920;16/01/2010
2010048162;1;2;1;3;6;920;20/01/2010
2010048163;1;1;1;1;6;920;19/01/2010
2010048164;5;2;3;1;5;920;22/01/2010
2010048165;2;2;2;2;3;920;16/12/2010
2010048166;1;2;3;1;7;920;17/12/2010
2010048167;1;2;1;2;2;920;06/02/2010
2010048168;1;2;1;1;2;920;05/02/2010
2010048169;5;2;3;2;6;920;11/02/2010
2010048170;5;2;1;1;3;920;13/02/2010
2010048171;1;2;1;1;6;920;12/02/2010
2010048172;2;2;1;2;6;920;17/02/2010
2010048173;2;2;3;1;2;920;19/02/2010
2010048174;2;2;2;2;3;920;26/02/2010
2010048175;1;2;1;1;6;920;11/03/2010
2010048176;1;2;1;1;6;920;14/03/2010
2010048177;5;2;1;1;2;920;02/04/2010
2010048178;1;2;7;1;6;920;23/03/2010
2010048179;5;2;1;1;6;920;22/03/2010
2010048180;1;2;2;2;6;920;30/03/2010
2010048181;1;2;1;1;3;920;31/03/2010
2010048182;1;2;1;1;3;920;27/03/2010
2010048183;1;2;2;2;3;920;25/03/2010
2010048184;1;2;1;1;6;920;09/04/2010
2010048185;1;2;4;1;2;920;15/04/2010
2010048186;1;2;1;3;3;920;11/05/2010
2010048187;1;2;4;1;2;920;14/05/2010
2010048188;1;2;3;1;1;920;20/05/2010
2010048189;1;2;3;1;3;920;22/05/2010
2010048190;1;2;2;1;2;920;24/05/2010
2010048191;1;2;1;1;6;920;27/05/2010
2010048192;1;2;1;1;6;920;01/05/2010
2010048193;1;2;2;1;4;920;07/05/2010
2010048194;1;2;2;1;5;920;31/05/2010
2010048195;2;2;1;2;3;920;10/06/2010
2010048196;1;2;1;1;6;920;11/06/2010
2010048197;1;2;1;1;2;920;17/06/2010
2010048198;1;2;3;1;6;920;21/06/2010
2010048199;1;2;2;1;3;920;22/06/2010
2010048200;1;2;2;1;6;920;25/06/2010
2010048201;1;2;2;1;3;920;28/06/2010
2010048202;1;2;1;7;3;920;28/06/2010
2010048203;1;2;2;7;1;920;01/07/2010
2010048204;1;2;1;1;3;920;01/07/2010
2010048205;2;2;2;1;3;920;03/07/2010
2010048206;2;2;2;1;7;920;30/06/2010
2010048207;1;2;2;1;6;920;20/07/2010
2010048208;1;2;3;1;3;920;24/07/2010
2010048209;1;2;1;1;2;920;23/07/2010
2010048210;1;2;2;1;3;920;28/07/2010
2010048211;1;2;3;1;3;920;29/07/2010
2010048212;1;2;1;1;6;920;02/08/2010
2010048213;1;2;4;7;2;920;07/08/2010
2010048214;1;2;1;1;1;920;09/08/2010
2010048215;1;2;1;1;3;920;12/08/2010
2010048216;1;2;1;1;6;920;13/08/2010
2010048217;1;2;1;1;3;920;21/08/2010
2010048218;1;2;2;2;3;920;26/08/2010
2010048219;1;2;1;1;2;920;25/08/2010
2010048220;3;2;1;1;7;920;12/09/2010
2010048221;1;2;1;1;6;920;13/09/2010
2010048222;1;2;1;2;2;920;09/09/2010
2010048223;1;2;1;1;3;920;02/09/2010
2010048224;1;2;2;2;6;920;08/09/2010
2010048225;1;2;1;3;4;920;09/09/2010
2010048226;2;2;6;1;6;920;16/09/2010
2010048227;2;2;3;2;1;920;15/09/2010
2010048228;1;2;3;1;3;920;20/09/2010
2010048229;1;2;1;1;3;920;17/09/2010
2010048230;1;2;6;1;3;920;19/09/2010
2010048231;1;2;4;1;3;920;19/09/2010
2010048232;2;2;1;1;2;920;20/09/2010
2010048233;1;2;4;1;3;920;29/09/2010
2010048234;1;2;1;1;6;920;29/09/2010
2010048235;5;2;2;1;2;920;17/10/2010
2010048236;1;2;1;1;6;920;08/10/2010
2010048237;5;2;2;1;3;920;12/10/2010
2010048238;2;2;3;1;6;920;14/10/2010
2010048239;5;2;2;1;2;920;26/10/2010
2010048240;1;2;1;1;2;920;26/10/2010
2010048241;5;2;1;1;4;920;26/10/2010
2010048242;1;2;2;1;6;920;29/10/2010
2010048243;1;2;2;8;3;920;03/11/2010
2010048244;1;2;1;2;6;920;10/11/2010
2010048245;5;2;3;1;2;920;19/11/2010
2010048246;5;2;2;1;3;920;20/11/2010
2010048247;5;2;2;1;6;920;03/12/2010
2010048248;1;2;1;4;6;920;04/12/2010
2010048249;5;2;1;1;2;920;12/12/2010
2010048250;4;2;1;1;3;920;14/12/2010
2010048251;5;2;3;1;3;920;31/12/2010
2010048252;1;2;1;1;2;920;30/12/2010
2010048253;5;2;1;1;6;920;02/01/2010
2010048254;1;2;1;1;6;920;07/01/2010
2010048255;1;2;3;1;6;920;08/01/2010
2010048256;2;2;4;4;6;920;13/01/2010
2010048257;1;2;1;1;6;920;21/01/2010
2010048258;1;2;2;1;6;920;22/01/2010
2010048259;5;2;2;1;3;920;22/01/2010
2010048260;1;2;6;2;4;920;29/01/2010
2010048261;1;2;1;2;3;920;02/02/2010
2010048262;1;2;1;2;3;920;06/02/2010
2010048263;1;2;1;1;6;920;10/02/2010
2010048264;1;2;1;2;3;920;10/02/2010
2010048265;1;2;2;1;6;920;18/02/2010
2010048266;1;2;2;1;3;920;20/02/2010
2010048267;1;2;1;1;6;920;23/02/2010
2010048268;1;2;1;2;6;920;25/02/2010
2010048269;1;2;2;1;7;920;01/03/2010
2010048270;1;2;2;1;3;920;09/03/2010
2010048271;1;2;1;1;6;920;10/03/2010
2010048272;5;2;2;1;6;920;12/03/2010
2010048273;1;2;1;1;6;920;22/03/2010
2010048274;5;2;1;1;6;920;23/03/2010
2010048275;1;2;1;2;2;920;25/03/2010
2010048276;5;2;1;1;6;920;30/03/2010
2010048277;1;2;1;1;2;920;30/03/2010
2010048278;1;2;1;1;6;920;30/03/2010
2010048279;5;2;3;1;3;920;04/04/2010
2010048280;5;2;1;1;1;920;04/04/2010
2010048281;1;2;1;1;5;920;12/04/2010
2010048282;1;2;1;1;3;920;12/04/2010
2010048283;1;2;1;1;5;920;12/04/2010
2010048284;1;2;1;1;5;920;14/04/2010
2010048285;1;2;1;1;3;920;15/04/2010
2010048286;1;2;1;2;2;920;02/05/2010
2010048287;1;2;3;1;3;920;02/05/2010
2010048288;5;2;2;2;3;920;08/05/2010
2010048289;1;2;2;2;3;920;11/05/2010
2010048290;1;2;2;1;3;920;15/05/2010
2010048291;1;2;2;1;5;920;16/05/2010
2010048292;1;2;1;1;6;920;17/05/2010
2010048293;1;2;1;1;2;920;20/05/2010
2010048294;1;2;5;1;3;920;20/05/2010
2010048295;1;2;6;1;3;920;24/05/2010
2010048296;1;2;2;1;3;920;26/05/2010
2010048297;1;2;2;1;3;920;26/05/2010
2010048298;1;2;1;1;3;920;28/05/2010
2010048299;1;2;1;1;6;920;28/05/2010
2010048300;1;2;3;1;3;920;31/05/2010
2010048301;1;2;1;1;3;920;02/06/2010
2010048302;1;2;1;1;6;920;02/06/2010
2010048303;1;2;1;1;2;920;05/06/2010
2010048304;1;2;1;1;5;920;08/06/2010
2010048305;1;2;1;1;2;920;11/06/2010
2010048306;1;2;1;1;2;920;14/06/2010
2010048307;1;2;3;1;3;920;15/06/2010
2010048308;1;2;1;1;3;920;17/06/2010
2010048309;5;1;1;1;3;920;18/06/2010
2010048310;1;2;2;1;6;920;23/06/2010
2010048311;5;2;2;1;6;920;24/06/2010
2010048312;1;2;1;1;6;920;26/03/2010
2010048313;1;2;3;1;6;920;29/06/2010
2010048314;1;2;1;1;6;920;26/06/2010
2010048315;1;2;1;1;6;920;01/07/2010
2010048316;1;2;1;1;2;920;03/07/2010
2010048317;1;2;2;1;6;920;08/07/2010
2010048318;1;2;1;1;3;920;15/07/2010
2010048319;1;2;1;1;6;920;07/07/2010
2010048320;1;2;1;1;6;920;01/07/2010
2010048321;5;2;1;1;3;920;03/07/2010
2010048322;1;2;1;1;6;920;20/07/2010
2010048323;1;2;4;1;3;920;24/07/2010
2010048324;1;2;3;1;3;920;10/08/2010
2010048325;1;2;1;1;6;920;10/08/2010
2010048326;2;2;1;3;6;920;10/08/2010
2010048327;1;2;1;1;2;920;20/08/2010
2010048328;1;2;1;1;2;920;21/08/2010
2010048329;1;2;6;1;3;920;25/08/2010
2010048330;2;2;1;1;6;920;31/08/2010
2010048331;1;2;3;1;6;920;03/09/2010
2010048332;1;2;5;1;3;920;07/09/2010
2010048333;1;2;1;1;6;920;11/09/2010
2010048334;5;2;2;1;3;920;18/09/2010
2010048335;1;2;1;1;3;920;19/09/2010
2010048336;1;2;1;1;2;920;19/09/2010
2010048337;5;1;1;1;3;920;21/09/2010
2010048338;1;2;1;1;6;920;22/09/2010
2010048339;2;2;1;1;6;920;22/09/2010
2010048340;1;2;1;2;6;920;26/09/2010
2010048341;1;2;3;1;6;920;27/09/2010
2010048342;1;2;2;1;3;920;30/09/2010
2010048343;1;2;1;1;6;920;03/10/2010
2010048344;5;2;6;2;3;920;05/10/2010
2010048345;1;2;1;1;6;920;06/10/2010
2010048346;5;2;3;2;3;920;06/10/2010
2010048347;1;2;2;1;6;920;07/10/2010
2010048348;1;2;1;1;3;920;10/10/2010
2010048349;5;2;2;1;3;920;13/10/2010
2010048350;1;2;2;1;3;920;16/10/2010
2010048351;2;2;2;1;6;920;16/10/2010
2010048352;1;2;1;1;6;920;18/10/2010
2010048353;5;2;2;1;3;920;18/10/2010
2010048354;5;2;1;1;2;920;20/10/2010
2010048355;1;2;1;1;6;920;22/10/2010
2010048356;2;2;1;1;6;920;02/11/2010
2010048357;5;2;2;1;3;920;01/11/2010
2010048358;1;2;4;1;3;920;03/11/2010
2010048359;5;2;1;2;6;920;08/11/2010
2010048360;1;2;1;2;2;920;09/11/2010
2010048361;1;2;2;1;3;920;12/11/2010
2010048362;2;2;1;1;3;920;16/11/2010
2010048363;2;2;1;1;6;920;16/11/2010
2010048364;2;2;1;1;3;920;17/11/2010
2010048365;5;2;1;2;2;920;19/11/2010
2010048366;5;2;1;1;2;920;22/11/2010
2010048367;5;2;1;4;6;920;01/12/2010
2010048368;5;2;1;1;6;920;12/12/2010
2010048369;2;2;4;1;1;920;16/12/2010
2010048370;1;2;1;1;6;920;15/12/2010
2010048371;5;2;1;2;2;920;22/12/2010
2010048372;5;2;3;1;6;920;26/12/2010
2010048373;1;2;2;1;6;920;01/01/2010
2010048374;5;2;1;2;6;920;20/01/2010
2010048375;1;2;1;2;3;920;23/01/2010
2010048376;1;2;3;1;3;920;25/01/2010
2010048377;5;2;3;1;6;920;01/02/2010
2010048378;5;2;1;2;6;920;02/02/2010
2010048379;1;2;2;1;6;920;03/02/2010
2010048380;1;2;1;1;6;920;03/02/2010
2010048381;1;2;2;1;3;920;15/02/2010
2010048382;1;2;1;1;6;920;16/02/2010
2010048383;1;2;1;2;3;920;17/02/2010
2010048384;1;2;1;1;4;920;26/02/2010
2010048385;5;2;1;1;3;920;11/03/2010
2010048386;1;2;3;1;2;920;24/03/2010
2010048387;2;2;2;2;3;920;27/03/2010
2010048388;1;2;3;1;3;920;27/03/2010
2010048389;1;2;2;1;3;920;28/03/2010
2010048390;2;2;1;2;2;920;30/03/2010
2010048391;1;2;4;1;3;920;09/04/2010
2010048392;5;2;3;1;3;920;14/04/2010
2010048393;1;2;3;1;3;920;21/04/2010
2010048394;1;2;2;1;3;920;23/04/2010
2010048395;1;2;1;1;2;920;28/04/2010
2010048396;1;2;1;1;6;920;02/05/2010
2010048397;1;2;3;1;3;920;14/05/2010
2010048398;1;2;1;1;5;920;16/05/2010
2010048399;1;2;2;1;3;920;30/05/2010
2010048400;1;2;1;1;3;920;02/06/2010
2010048401;1;2;2;1;3;920;15/06/2010
2010048402;1;2;3;2;3;920;02/07/2010
2010048403;1;2;1;1;3;920;07/07/2010
2010048404;1;2;3;1;3;920;08/07/2010
2010048405;1;2;1;2;2;920;12/07/2010
2010048406;5;2;2;1;3;920;28/07/2010
2010048407;5;2;2;1;3;920;04/08/2010
2010048408;1;2;1;1;2;920;20/08/2010
2010048409;5;2;1;1;1;920;01/09/2010
2010048410;1;2;1;1;2;920;05/09/2010
2010048411;1;2;1;1;1;920;06/09/2010
2010048412;1;2;1;1;1;920;13/09/2010
2010048413;1;2;1;1;3;920;14/09/2010
2010048414;1;2;1;1;6;920;14/09/2010
2010048415;1;2;1;1;6;920;14/09/2010
2010048416;1;2;1;1;3;920;14/09/2010
2010048417;1;2;2;1;3;920;16/09/2010
2010048418;1;2;1;1;2;920;17/09/2010
2010048419;1;2;1;1;7;920;17/09/2010
2010048420;1;2;1;1;3;920;18/09/2010
2010048421;1;2;1;1;2;920;19/09/2010
2010048422;1;2;2;1;6;920;21/09/2010
2010048423;1;2;3;1;3;920;21/09/2010
2010048424;5;2;2;1;3;920;27/09/2010
2010048425;1;2;1;1;7;920;28/09/2010
2010048426;4;2;2;2;1;920;30/09/2010
2010048427;1;2;2;2;3;920;06/10/2010
2010048428;5;2;1;1;3;920;10/10/2010
2010048429;1;2;1;1;6;920;18/10/2010
2010048430;5;2;2;1;3;920;21/10/2010
2010048431;1;2;3;1;3;920;22/10/2010
2010048432;1;2;1;1;3;920;24/10/2010
2010048433;1;2;3;1;2;920;03/11/2010
2010048434;1;2;1;1;7;920;05/11/2010
2010048435;1;2;1;1;1;920;12/11/2010
2010048436;1;2;1;1;3;920;16/11/2010
2010048437;1;2;2;1;3;920;16/11/2010
2010048438;1;2;1;1;2;920;19/11/2010
2010048439;5;2;1;2;3;920;21/11/2010
2010048440;5;2;4;1;2;920;28/11/2010
2010048441;1;2;3;1;7;920;23/11/2010
2010048442;5;2;1;1;3;920;30/11/2010
2010048443;5;2;2;3;6;920;06/12/2010
2010048444;2;2;2;4;7;920;23/12/2010
2010048445;1;2;1;1;3;920;28/06/2010
2010048446;1;2;2;4;7;920;09/12/2010
2010048447;1;2;1;3;7;920;15/08/2010
2010048448;1;2;3;1;6;920;30/12/2010
2010048449;2;2;2;9;6;920;04/01/2010
2010048450;1;2;2;4;6;920;24/12/2010
2010048451;1;2;2;9;6;920;05/01/2010
2010048452;1;2;3;1;6;920;06/01/2010
2010048453;5;2;1;8;3;920;11/01/2010
2010048454;5;2;3;1;2;920;27/12/2010
2010048455;1;2;3;8;4;920;14/01/2010
2010048456;1;2;1;1;6;920;21/01/2010
2010048457;5;2;2;2;6;920;24/01/2010
2010048458;1;2;1;1;6;920;25/01/2010
2010048459;5;2;3;1;6;920;28/01/2010
2010048460;1;2;1;2;6;920;29/01/2010
2010048461;5;2;1;9;6;920;30/01/2010
2010048462;1;2;2;2;6;920;03/02/2010
2010048463;1;2;2;1;6;920;04/02/2010
2010048464;1;2;3;1;6;920;08/02/2010
2010048465;1;2;5;1;3;920;05/02/2010
2010048466;1;2;6;1;3;920;09/02/2010
2010048467;1;2;6;1;3;920;09/02/2010
2010048468;1;2;2;1;6;920;14/02/2010
2010048469;1;2;1;1;2;920;22/02/2010
2010048470;1;2;1;1;3;920;22/02/2010
2010048471;5;1;3;1;3;920;23/02/2010
2010048472;2;2;1;2;3;920;27/02/2010
2010048473;5;2;1;2;7;920;27/02/2010
2010048474;1;2;1;9;7;920;24/02/2010
2010048475;5;2;1;1;6;920;25/02/2010
2010048476;1;2;1;1;7;920;03/03/2010
2010048477;1;2;2;1;6;920;08/03/2010
2010048478;1;1;3;1;6;920;10/03/2010
2010048479;1;2;1;1;6;920;10/03/2010
2010048480;1;2;1;1;3;920;11/03/2010
2010048481;5;2;2;1;3;920;12/03/2010
2010048482;1;2;5;1;3;920;23/03/2010
2010048483;1;2;1;1;3;920;24/03/2010
2010048484;1;2;1;1;2;920;25/03/2010
2010048485;5;2;3;2;3;920;25/03/2010
2010048486;1;2;3;9;3;920;04/04/2010
2010048487;1;2;1;2;2;920;08/04/2010
2010048488;5;2;1;1;7;920;11/04/2010
2010048489;1;2;3;1;3;920;14/04/2010
2010048490;1;2;1;1;6;920;15/04/2010
2010048491;1;2;3;1;2;920;20/04/2010
2010048492;1;2;1;1;6;920;23/04/2010
2010048493;1;2;1;1;2;920;23/04/2010
2010048494;1;2;3;1;3;920;23/04/2010
2010048495;1;2;3;1;4;920;28/04/2010
2010048496;1;2;2;1;3;920;01/05/2010
2010048497;1;2;1;1;6;920;08/05/2010
2010048498;1;2;2;2;3;920;08/05/2010
2010048499;1;2;1;1;3;920;10/05/2010
2010048500;1;2;1;2;7;920;11/05/2010
2010048501;1;2;1;2;7;920;11/05/2010
2010048502;1;2;3;1;2;920;21/05/2010
2010048503;1;2;3;1;5;920;30/05/2010
2010048504;1;2;1;1;2;920;28/05/2010
2010048505;1;2;3;1;6;920;03/06/2010
2010048506;1;2;3;1;3;920;03/06/2010
2010048507;1;2;1;1;6;920;03/06/2010
2010048508;1;2;1;2;7;920;09/06/2010
2010048509;1;2;2;1;6;920;08/06/2010
2010048510;1;2;1;1;7;920;10/06/2010
2010048511;5;2;2;1;3;920;13/06/2010
2010048512;1;2;2;1;6;920;19/06/2010
2010048513;1;2;6;1;6;920;13/06/2010
2010048514;1;2;3;1;6;920;23/06/2010
2010048515;1;2;3;1;3;920;24/06/2010
2010048516;1;2;2;1;3;920;26/06/2010
2010048517;1;2;1;1;4;920;25/06/2010
2010048518;1;2;1;1;6;920;26/06/2010
2010048519;1;2;3;1;5;920;29/06/2010
2010048520;1;2;3;1;3;920;30/06/2010
2010048521;1;2;2;1;3;920;02/07/2010
2010048522;1;2;2;1;7;920;01/07/2010
2010048523;1;2;1;1;3;920;01/07/2010
2010048524;1;2;2;2;6;920;03/07/2010
2010048525;1;2;3;1;3;920;02/07/2010
2010048526;5;2;3;1;1;920;09/07/2010
2010048527;1;2;2;1;2;920;09/07/2010
2010048528;1;2;2;1;6;920;10/07/2010
2010048529;1;2;3;1;3;920;20/07/2010
2010048530;1;2;3;1;6;920;21/07/2010
2010048531;1;2;2;1;6;920;23/07/2010
2010048532;5;2;2;1;7;920;25/07/2010
2010048533;1;2;3;1;2;920;26/07/2010
2010048534;1;2;3;1;7;920;05/08/2010
2010048535;1;2;2;1;6;920;15/07/2010
2010048536;1;2;1;1;2;920;13/08/2010
2010048537;1;2;2;1;7;920;26/08/2010
2010048538;1;2;2;1;3;920;03/09/2010
2010048539;1;2;2;1;6;920;07/09/2010
2010048540;1;2;3;1;6;920;09/09/2010
2010048541;1;2;2;1;3;920;10/09/2010
2010048542;4;2;2;1;6;920;11/09/2010
2010048543;1;2;2;1;3;920;22/09/2010
2010048544;2;2;2;1;3;920;22/09/2010
2010048545;1;1;1;1;3;920;24/09/2010
2010048546;1;2;1;1;2;920;24/09/2010
2010048547;1;2;1;8;7;920;24/09/2010
2010048548;1;2;2;1;3;920;28/09/2010
2010048549;5;2;1;3;2;920;01/10/2010
2010048550;1;2;1;8;4;920;04/10/2010
2010048551;5;2;3;8;6;920;06/10/2010
2010048552;5;2;3;1;3;920;11/10/2010
2010048553;1;2;1;1;5;920;12/10/2010
2010048554;4;2;3;1;3;920;12/10/2010
2010048555;1;2;3;1;6;920;28/10/2010
2010048556;5;2;2;8;3;920;07/11/2010
2010048557;1;2;2;2;3;920;09/11/2010
2010048558;5;2;3;2;7;920;11/11/2010
2010048559;1;2;1;2;7;920;12/11/2010
2010048560;1;2;1;1;6;920;17/11/2010
2010048561;5;2;1;1;6;920;17/11/2010
2010048562;5;2;1;1;3;920;18/11/2010
2010048563;1;2;1;1;6;920;23/11/2010
2010048564;5;2;3;9;6;920;25/11/2010
2010048565;2;2;3;1;1;920;27/11/2010
2010048566;5;2;1;4;2;920;02/12/2010
2010048567;1;2;1;4;6;920;07/12/2010
2010048568;5;2;6;1;6;920;27/11/2010
2010048569;2;2;1;1;5;920;11/12/2010
2010048570;5;2;1;1;1;920;11/12/2010
2010048571;1;2;2;2;3;920;16/12/2010
2010048572;1;2;2;1;6;920;16/12/2010
2010048573;1;2;1;1;2;920;17/12/2010
2010048574;1;2;9;8;3;920;22/12/2010
2010048575;1;2;2;1;4;920;28/12/2010
2010048576;5;2;2;1;6;920;17/02/2010
2010048577;1;2;3;1;6;920;04/01/2010
2010048578;1;2;1;2;6;920;20/01/2010
2010048579;1;2;5;1;3;920;19/02/2010
2010048580;2;2;1;1;6;920;22/02/2010
2010048581;1;2;2;8;6;920;25/02/2010
2010048582;1;2;5;1;3;920;03/03/2010
2010048583;1;2;6;1;2;920;10/03/2010
2010048584;1;2;3;2;2;920;25/03/2010
2010048585;1;2;1;1;5;920;27/03/2010
2010048586;5;2;2;1;3;920;07/04/2010
2010048587;5;2;3;2;3;920;13/04/2010
2010048588;1;2;4;1;3;920;20/04/2010
2010048589;1;2;3;1;6;920;21/04/2010
2010048590;1;2;5;1;3;920;18/05/2010
2010048591;1;2;4;1;3;920;07/06/2010
2010048592;1;2;2;1;6;920;09/05/2010
2010048593;1;2;5;1;6;920;10/05/2010
2010048594;5;2;5;2;3;920;10/05/2010
2010048595;1;2;1;1;3;920;12/05/2010
2010048596;1;2;5;1;3;920;12/05/2010
2010048597;1;2;6;1;3;920;05/06/2010
2010048598;1;2;3;1;6;920;08/06/2010