num_acc;lum;agg;inter;atm;col;dep;date
2010050331;3;2;1;3;6;930;09/11/2010
2010050332;5;2;1;1;3;930;19/11/2010
2010050333;5;2;3;1;3;930;20/11/2010
2010050334;2;2;1;1;3;930;27/11/2010
2010050335;5;2;1;4;7;930;29/11/2010
2010050336;1;2;1;1;6;930;03/12/2010
2010050337;1;2;1;4;2;930;07/12/2010
2010050338;1;2;1;4;6;930;08/12/2010
2010050339;5;2;1;1;6;930;14/12/2010
2010050340;5;2;3;2;6;930;21/12/2010
2010050341;1;2;7;1;3;930;17/07/2010
2010050342;1;2;2;4;6;930;06/01/2010
2010050343;1;2;1;1;6;930;07/01/2010
2010050344;5;2;1;4;3;930;09/01/2010
2010050345;5;2;2;1;6;930;14/01/2010
2010050346;3;2;3;3;6;930;16/01/2010
2010050347;2;2;1;1;3;930;19/01/2010
2010050348;1;2;1;8;2;930;21/01/2010
2010050349;5;2;2;1;3;930;23/01/2010
2010050350;5;2;1;1;3;930;25/01/2010
2010050351;1;2;1;2;7;930;29/01/2010
2010050352;1;2;4;2;3;930;06/02/2010
2010050353;1;2;1;4;6;930;10/02/2010
2010050354;5;2;1;1;6;930;12/02/2010
2010050355;1;2;2;1;3;930;14/02/2010
2010050356;1;2;1;1;6;930;16/02/2010
2010050357;5;2;1;8;5;930;18/02/2010
2010050358;1;2;1;1;6;930;18/02/2010
2010050359;1;2;1;1;3;930;21/02/2010
2010050360;1;2;3;1;3;930;21/02/2010
2010050361;1;2;1;2;6;930;23/02/2010
2010050362;2;2;2;1;6;930;12/03/2010
2010050363;5;2;3;1;3;930;17/03/2010
2010050364;3;2;1;2;6;930;19/03/2010
2010050365;1;2;1;1;2;930;22/03/2010
2010050366;5;2;1;1;6;930;23/03/2010
2010050367;1;2;3;1;2;930;24/03/2010
2010050368;1;2;3;1;3;930;25/03/2010
2010050369;1;2;2;2;6;930;25/03/2010
2010050370;1;2;3;1;3;930;27/03/2010
2010050371;1;2;1;1;3;930;06/04/2010
2010050372;5;2;1;1;1;930;12/04/2010
2010050373;1;2;2;1;2;930;13/04/2010
2010050374;1;2;1;1;6;930;16/04/2010
2010050375;1;2;3;1;6;930;19/04/2010
2010050376;1;2;1;1;6;930;18/04/2010
2010050377;1;2;1;1;6;930;20/04/2010
2010050378;1;2;5;1;2;930;21/04/2010
2010050379;1;2;3;1;3;930;25/04/2010
2010050380;1;2;2;1;7;930;26/04/2010
2010050381;1;2;1;1;2;930;28/04/2010
2010050382;1;2;1;1;6;930;30/04/2010
2010050383;3;2;2;3;4;930;02/05/2010
2010050384;1;2;1;1;7;930;04/05/2010
2010050385;1;2;1;1;2;930;10/05/2010
2010050386;2;2;1;1;2;930;11/05/2010
2010050387;1;2;2;1;3;930;15/05/2010
2010050388;1;2;3;1;6;930;16/05/2010
2010050389;1;2;1;1;6;930;18/05/2010
2010050390;1;2;1;1;2;930;25/05/2010
2010050391;2;2;1;1;6;930;26/05/2010
2010050392;1;2;6;1;3;930;28/05/2010
2010050393;1;2;1;1;6;930;28/05/2010
2010050394;3;2;1;1;3;930;29/05/2010
2010050395;1;2;1;1;6;930;30/05/2010
2010050396;1;2;1;2;2;930;02/06/2010
2010050397;1;2;1;1;4;930;02/06/2010
2010050398;1;2;1;1;6;930;02/06/2010
2010050399;1;2;5;1;6;930;02/06/2010
2010050400;5;2;1;1;3;930;04/06/2010
2010050401;1;2;1;1;7;930;05/06/2010
2010050402;1;2;5;1;3;930;08/06/2010
2010050403;1;2;1;1;6;930;03/06/2010
2010050404;1;2;2;2;6;930;09/06/2010
2010050405;2;2;2;2;1;930;09/06/2010
2010050406;1;2;1;1;6;930;12/06/2010
2010050407;1;2;3;1;3;930;14/06/2010
2010050408;1;2;1;1;3;930;18/06/2010
2010050409;1;2;3;1;2;930;21/06/2010
2010050410;1;2;2;1;7;930;20/06/2010
2010050411;1;2;3;1;3;930;22/06/2010
2010050412;1;2;1;1;2;930;23/06/2010
2010050413;1;2;2;1;2;930;29/06/2010
2010050414;1;2;1;1;3;930;07/07/2010
2010050415;1;2;1;1;6;930;10/07/2010
2010050416;1;2;3;1;3;930;19/07/2010
2010050417;5;2;1;1;5;930;28/07/2010
2010050418;1;2;2;1;3;930;28/07/2010
2010050419;1;2;3;1;3;930;28/07/2010
2010050420;5;2;1;1;6;930;31/07/2010
2010050421;1;2;1;1;2;930;01/08/2010
2010050422;1;2;1;1;2;930;02/08/2010
2010050423;5;2;2;1;6;930;03/08/2010
2010050424;1;2;1;1;4;930;17/08/2010
2010050425;1;2;3;1;3;930;19/08/2010
2010050426;1;2;1;2;6;930;23/08/2010
2010050427;1;2;1;1;2;930;25/08/2010
2010050428;1;2;1;8;3;930;26/08/2010
2010050429;1;2;1;1;3;930;31/08/2010
2010050430;1;2;2;1;6;930;03/09/2010
2010050431;1;2;3;1;3;930;04/09/2010
2010050432;1;2;1;1;6;930;09/09/2010
2010050433;5;2;3;2;3;930;09/09/2010
2010050434;1;2;1;1;2;930;17/09/2010
2010050435;1;2;1;1;3;930;16/09/2010
2010050436;1;2;1;1;6;930;20/09/2010
2010050437;1;2;1;1;6;930;23/09/2010
2010050438;5;2;1;1;2;930;26/09/2010
2010050439;1;2;1;1;6;930;30/09/2010
2010050440;5;2;2;1;1;930;04/10/2010
2010050441;1;2;3;2;3;930;05/10/2010
2010050442;1;2;3;2;3;930;06/10/2010
2010050443;1;2;1;1;3;930;08/10/2010
2010050444;1;2;1;1;6;930;07/10/2010
2010050445;1;2;2;1;3;930;11/10/2010
2010050446;1;2;1;1;3;930;16/10/2010
2010050447;2;2;1;1;6;930;18/10/2010
2010050448;1;2;3;1;3;930;21/10/2010
2010050449;1;2;1;1;3;930;22/10/2010
2010050450;1;2;1;1;3;930;25/10/2010
2010050451;1;2;3;1;1;930;26/10/2010
2010050452;5;2;1;1;3;930;26/10/2010
2010050453;1;2;1;1;2;930;29/10/2010
2010050454;1;2;3;2;2;930;30/10/2010
2010050455;1;2;1;1;6;930;05/11/2010
2010050456;5;2;2;2;6;930;08/11/2010
2010050457;1;2;1;1;6;930;15/11/2010
2010050458;5;2;1;1;5;930;15/11/2010
2010050459;1;2;1;1;6;930;16/11/2010
2010050460;1;2;1;1;6;930;18/11/2010
2010050461;1;2;1;1;2;930;18/11/2010
2010050462;5;2;4;1;1;930;19/11/2010
2010050463;1;2;1;1;3;930;20/11/2010
2010050464;5;2;1;1;6;930;27/11/2010
2010050465;5;2;1;2;6;930;04/12/2010
2010050466;1;2;3;4;3;930;08/12/2010
2010050467;5;2;1;4;2;930;20/12/2010
2010050468;1;2;1;4;6;930;24/12/2010
2010050469;1;2;1;1;2;930;07/09/2010
2010050470;1;2;1;1;3;930;12/03/2010
2010050471;5;2;1;1;2;930;08/06/2010
2010050472;1;2;1;1;6;930;12/03/2010
2010050473;1;2;1;7;3;930;15/03/2010
2010050474;1;2;1;1;6;930;19/03/2010
2010050475;1;2;1;1;3;930;26/07/2010
2010050476;1;2;3;1;6;930;12/07/2010
2010050477;1;2;6;1;6;930;24/07/2010
2010050478;1;2;1;1;6;930;24/07/2010
2010050479;5;2;3;1;3;930;24/10/2010
2010050480;1;2;1;1;6;930;09/04/2010
2010050481;1;2;2;1;1;930;31/05/2010
2010050482;1;2;1;1;2;930;18/06/2010
2010050483;5;2;3;1;3;930;28/06/2010
2010050484;1;2;1;1;6;930;10/07/2010
2010050485;1;2;3;8;3;930;24/12/2010
2010050486;1;2;1;2;6;930;18/02/2010
2010050487;1;2;1;1;3;930;25/02/2010
2010050488;1;2;1;1;2;930;22/01/2010
2010050489;1;2;2;9;3;930;02/03/2010
2010050490;1;2;3;1;2;930;05/01/2010
2010050491;1;2;2;1;3;930;17/01/2010
2010050492;5;2;3;4;7;930;12/02/2010
2010050493;1;2;1;1;7;930;16/03/2010
2010050494;2;2;1;2;2;930;29/03/2010
2010050495;5;2;1;2;6;930;02/02/2010
2010050496;1;2;1;2;6;930;02/04/2010
2010050497;5;2;1;1;6;930;08/04/2010
2010050498;1;2;1;1;2;930;20/04/2010
2010050499;2;2;2;1;3;930;22/04/2010
2010050500;1;2;1;1;2;930;06/05/2010
2010050501;1;2;1;1;3;930;20/03/2010
2010050502;5;2;1;1;6;930;26/03/2010
2010050503;1;2;6;8;3;930;10/05/2010
2010050504;1;2;1;1;6;930;05/04/2010
2010050505;1;2;1;1;6;930;18/05/2010
2010050506;1;2;7;1;1;930;20/06/2010
2010050507;2;2;7;1;3;930;23/06/2010
2010050508;1;2;3;1;3;930;31/05/2010
2010050509;1;2;1;1;3;930;28/06/2010
2010050510;2;2;2;1;3;930;07/07/2010
2010050511;1;2;1;1;6;930;08/07/2010
2010050512;1;2;1;1;2;930;30/07/2010
2010050513;1;2;1;1;6;930;25/07/2010
2010050514;1;2;1;1;6;930;30/07/2010
2010050515;1;2;2;7;3;930;04/06/2010
2010050516;1;2;8;1;6;930;06/08/2010
2010050517;1;2;3;1;6;930;11/06/2010
2010050518;1;2;1;1;5;930;06/08/2010
2010050519;1;2;2;1;3;930;23/06/2010
2010050520;1;2;2;1;5;930;09/08/2010
2010050521;1;2;1;1;2;930;24/04/2010
2010050522;5;2;1;3;2;930;16/08/2010
2010050523;1;2;3;1;7;930;24/04/2010
2010050524;1;2;3;1;3;930;27/07/2010
2010050525;1;2;1;1;6;930;25/08/2010
2010050526;1;2;1;1;5;930;31/08/2010
2010050527;1;2;2;1;3;930;28/08/2010
2010050528;1;2;1;1;3;930;28/08/2010
2010050529;1;2;2;1;6;930;04/09/2010
2010050530;1;2;1;1;2;930;04/09/2010
2010050531;1;2;2;1;2;930;13/09/2010
2010050532;2;2;2;1;3;930;20/09/2010
2010050533;1;2;1;1;6;930;21/09/2010
2010050534;5;2;1;1;6;930;14/09/2010
2010050535;1;2;1;1;6;930;22/09/2010
2010050536;1;2;1;1;3;930;20/09/2010
2010050537;1;2;1;1;6;930;27/09/2010
2010050538;1;2;1;1;3;930;28/09/2010
2010050539;2;2;1;1;1;930;27/04/2010
2010050540;1;2;1;2;3;930;01/10/2010
2010050541;1;2;1;1;2;930;27/04/2010
2010050542;5;2;1;2;3;930;01/10/2010
2010050543;1;2;2;1;2;930;04/05/2010
2010050544;5;2;4;1;6;930;02/10/2010
2010050545;5;2;1;1;5;930;07/10/2010
2010050546;5;2;1;1;6;930;07/10/2010
2010050547;1;2;1;1;3;930;18/10/2010
2010050548;5;2;6;1;6;930;19/10/2010
2010050549;1;2;1;1;3;930;22/10/2010
2010050550;1;2;1;1;6;930;22/10/2010
2010050551;1;2;3;2;3;930;23/10/2010
2010050552;5;2;1;1;6;930;28/10/2010
2010050553;5;2;2;1;3;930;01/11/2010
2010050554;5;2;2;1;3;930;05/11/2010
2010050555;1;2;1;2;6;930;10/11/2010
2010050556;2;2;1;1;6;930;19/11/2010
2010050557;5;2;1;1;3;930;25/11/2010
2010050558;2;2;6;8;6;930;29/11/2010
2010050559;1;2;2;8;3;930;12/12/2010
2010050560;2;2;1;8;2;930;22/12/2010
2010050561;2;2;3;1;6;930;13/12/2010
2010050562;2;2;2;1;6;930;15/12/2010
2010050563;5;2;9;1;3;930;11/07/2010
2010050564;1;2;1;2;1;930;14/11/2010
2010050565;1;2;8;4;6;930;02/12/2010
2010050566;1;2;1;1;6;930;03/12/2010
2010050567;5;2;1;1;6;930;31/10/2010
2010050568;5;2;6;1;6;930;07/12/2010
2010050569;1;2;1;1;3;930;02/11/2010
2010050570;1;2;1;2;3;930;10/11/2010
2010050571;1;2;1;1;6;930;15/11/2010
2010050572;5;2;3;4;6;930;18/12/2010
2010050573;1;2;1;4;2;930;24/12/2010
2010050574;1;2;2;4;6;930;13/01/2010
2010050575;1;2;1;1;3;930;08/05/2010
2010050576;1;2;1;1;3;930;10/05/2010
2010050577;1;2;1;1;5;930;10/05/2010
2010050578;1;2;2;1;3;930;14/06/2010
2010050579;1;2;1;8;2;930;12/11/2010
2010050580;2;2;3;1;6;930;16/11/2010
2010050581;1;2;2;1;3;930;14/02/2010
2010050582;5;2;1;9;4;930;07/01/2010
2010050583;1;2;1;1;2;930;19/01/2010
2010050584;1;2;1;8;6;930;22/01/2010
2010050585;5;2;3;1;3;930;27/01/2010
2010050586;1;2;1;8;6;930;28/01/2010
2010050587;1;2;3;8;6;930;02/02/2010
2010050588;5;2;1;1;4;930;05/02/2010
2010050589;1;2;2;2;3;930;06/02/2010
2010050590;1;2;1;1;6;930;11/02/2010
2010050591;5;2;2;1;3;930;17/02/2010
2010050592;5;2;2;2;3;930;18/02/2010
2010050593;1;2;1;1;6;930;22/02/2010
2010050594;1;2;1;1;3;930;02/03/2010
2010050595;1;2;3;1;2;930;02/03/2010
2010050596;5;2;1;1;6;930;02/03/2010
2010050597;1;2;1;1;6;930;17/03/2010
2010050598;1;2;1;1;6;930;21/03/2010
2010050599;1;2;1;1;6;930;22/03/2010
2010050600;1;2;1;1;6;930;26/03/2010
2010050601;1;2;1;1;3;930;29/03/2010
2010050602;1;2;1;1;3;930;03/04/2010
2010050603;1;2;1;2;6;930;03/04/2010
2010050604;1;2;3;1;3;930;06/04/2010
2010050605;1;2;6;1;3;930;13/04/2010
2010050606;1;2;1;1;2;930;13/04/2010
2010050607;1;2;1;2;2;930;14/04/2010
2010050608;1;2;1;1;2;930;23/04/2010
2010050609;1;2;2;1;3;930;24/04/2010
2010050610;5;2;3;1;3;930;27/04/2010
2010050611;1;2;1;1;6;930;28/04/2010
2010050612;1;2;1;2;6;930;03/05/2010
2010050613;1;2;1;1;2;930;07/05/2010
2010050614;1;2;1;2;3;930;10/05/2010
2010050615;1;2;1;1;6;930;16/05/2010
2010050616;1;2;2;1;3;930;23/05/2010
2010050617;5;2;1;1;3;930;27/05/2010
2010050618;1;2;1;1;3;930;06/06/2010
2010050619;1;2;6;1;3;930;08/06/2010
2010050620;2;2;1;3;1;930;09/06/2010
2010050621;5;2;1;1;7;930;10/06/2010
2010050622;1;2;2;1;3;930;17/06/2010
2010050623;1;2;3;1;2;930;20/06/2010
2010050624;1;2;1;8;3;930;20/06/2010
2010050625;1;2;3;1;3;930;30/06/2010
2010050626;1;2;2;1;3;930;11/07/2010
2010050627;1;2;1;1;3;930;12/07/2010
2010050628;1;2;1;1;3;930;24/07/2010
2010050629;1;2;1;1;6;930;01/08/2010
2010050630;1;2;1;1;6;930;02/08/2010
2010050631;1;2;1;1;3;930;03/08/2010
2010050632;1;2;2;1;3;930;09/08/2010
2010050633;1;2;1;1;3;930;13/08/2010
2010050634;2;2;3;1;3;930;13/08/2010
2010050635;1;2;1;2;3;930;17/08/2010
2010050636;1;2;1;1;6;930;19/08/2010
2010050637;2;2;9;1;6;930;30/08/2010
2010050638;1;2;3;2;1;930;06/09/2010
2010050639;1;2;3;2;3;930;08/09/2010
2010050640;1;2;2;1;3;930;09/09/2010
2010050641;1;2;1;1;6;930;11/09/2010
2010050642;1;2;1;1;6;930;12/09/2010
2010050643;1;2;1;1;2;930;12/09/2010
2010050644;1;2;1;1;6;930;15/09/2010
2010050645;1;2;1;1;6;930;17/09/2010
2010050646;5;2;6;1;6;930;19/09/2010
2010050647;1;2;3;1;3;930;20/09/2010
2010050648;2;2;1;1;6;930;20/09/2010
2010050649;1;2;1;1;1;930;22/09/2010
2010050650;2;2;1;1;3;930;27/09/2010
2010050651;1;2;9;1;6;930;28/09/2010
2010050652;1;2;1;1;2;930;01/10/2010
2010050653;5;2;1;2;7;930;06/10/2010
2010050654;1;2;2;1;6;930;08/10/2010
2010050655;1;2;1;1;6;930;08/10/2010
2010050656;1;2;1;1;6;930;11/10/2010
2010050657;3;2;3;2;3;930;23/10/2010
2010050658;1;2;1;1;6;930;27/10/2010
2010050659;5;2;2;1;3;930;31/10/2010
2010050660;1;2;2;1;3;930;01/11/2010
2010050661;1;2;3;1;6;930;01/11/2010
2010050662;1;2;1;1;6;930;05/11/2010
2010050663;5;2;3;3;6;930;09/11/2010
2010050664;1;2;1;3;7;930;13/11/2010
2010050665;5;2;2;2;6;930;22/11/2010
2010050666;5;2;3;4;3;930;02/12/2010
2010050667;1;2;1;1;6;930;03/12/2010
2010050668;5;2;1;2;2;930;11/12/2010
2010050669;5;2;1;1;6;930;12/12/2010
2010050670;5;2;1;4;6;930;18/12/2010
2010050671;1;2;1;8;6;930;31/12/2010
2010050672;5;2;9;1;6;930;31/12/2010
2010050673;5;2;1;1;6;930;29/08/2010
2010050674;5;2;1;1;2;930;01/01/2010
2010050675;5;2;2;1;3;930;08/01/2010
2010050676;5;2;1;1;2;930;08/01/2010
2010050677;2;2;1;2;6;930;16/01/2010
2010050678;2;2;1;1;5;930;21/01/2010
2010050679;1;2;1;1;3;930;22/01/2010
2010050680;1;2;1;1;6;930;26/01/2010
2010050681;1;2;1;9;4;930;30/01/2010
2010050682;5;2;2;1;1;930;30/01/2010
2010050683;1;2;3;2;6;930;02/02/2010
2010050684;5;2;1;2;2;930;06/02/2010
2010050685;5;2;1;1;6;930;07/02/2010
2010050686;5;2;1;2;6;930;10/02/2010
2010050687;1;2;1;1;6;930;18/02/2010
2010050688;5;2;1;6;2;930;07/03/2010
2010050689;1;2;1;1;6;930;09/03/2010
2010050690;1;2;1;1;4;930;11/03/2010
2010050691;1;2;1;1;3;930;27/03/2010
2010050692;1;2;1;8;6;930;27/03/2010
2010050693;1;2;1;1;6;930;29/03/2010
2010050694;1;2;1;1;6;930;01/04/2010
2010050695;1;2;1;1;6;930;07/04/2010
2010050696;1;2;2;1;1;930;10/04/2010
2010050697;1;2;1;1;2;930;10/04/2010
2010050698;1;2;3;1;3;930;19/04/2010
2010050699;1;2;4;1;3;930;23/04/2010
2010050700;1;2;1;1;6;930;23/04/2010
2010050701;1;2;1;1;6;930;24/04/2010
2010050702;1;2;1;1;6;930;27/04/2010
2010050703;5;2;1;1;6;930;28/04/2010
2010050704;2;2;1;1;2;930;04/05/2010
2010050705;1;2;1;2;6;930;10/05/2010
2010050706;1;2;1;1;1;930;12/05/2010
2010050707;1;2;1;1;3;930;14/05/2010
2010050708;1;2;1;2;2;930;14/05/2010
2010050709;5;2;6;1;3;930;14/05/2010
2010050710;1;2;2;1;6;930;19/05/2010
2010050711;1;2;1;1;3;930;22/05/2010
2010050712;1;2;1;1;6;930;27/05/2010
2010050713;1;2;4;2;3;930;27/05/2010
2010050714;1;2;3;2;6;930;29/05/2010
2010050715;1;2;1;1;6;930;04/06/2010
2010050716;1;2;1;1;2;930;05/06/2010
2010050717;1;2;1;1;6;930;07/06/2010
2010050718;1;2;1;2;3;930;09/06/2010
2010050719;1;2;1;2;7;930;10/06/2010
2010050720;3;2;6;1;7;930;11/06/2010
2010050721;1;2;1;1;3;930;17/06/2010
2010050722;1;2;9;1;6;930;21/06/2010
2010050723;1;2;1;1;6;930;26/06/2010
2010050724;1;2;1;1;3;930;02/07/2010
2010050725;1;2;9;1;6;930;04/07/2010
2010050726;1;2;3;7;1;930;04/07/2010
2010050727;1;2;1;1;2;930;18/07/2010
2010050728;1;2;1;1;3;930;05/08/2010
2010050729;1;2;1;1;3;930;19/07/2010
2010050730;1;2;1;8;2;930;07/08/2010
2010050731;5;2;2;1;1;930;16/08/2010
2010050732;1;2;1;1;6;930;19/08/2010
2010050733;1;2;2;1;2;930;20/08/2010
2010050734;1;2;1;1;6;930;25/08/2010
2010050735;1;2;1;8;6;930;28/08/2010
2010050736;1;2;1;1;4;930;01/09/2010
2010050737;1;2;1;1;6;930;01/09/2010
2010050738;1;2;1;8;6;930;08/09/2010
2010050739;1;2;1;1;6;930;10/09/2010
2010050740;1;2;9;1;3;930;10/09/2010
2010050741;1;2;1;1;2;930;14/09/2010
2010050742;1;2;1;1;6;930;18/09/2010
2010050743;1;2;1;1;2;930;19/09/2010
2010050744;1;2;1;1;6;930;21/09/2010
2010050745;1;2;1;1;6;930;21/09/2010
2010050746;1;2;3;2;7;930;26/09/2010
2010050747;1;2;1;2;6;930;01/10/2010
2010050748;5;2;3;1;3;930;02/10/2010
2010050749;1;2;1;2;6;930;05/10/2010
2010050750;1;2;2;2;6;930;06/10/2010
2010050751;5;2;1;1;6;930;07/10/2010
2010050752;1;2;1;1;7;930;08/10/2010
2010050753;1;2;1;1;4;930;10/10/2010
2010050754;1;2;3;1;1;930;13/10/2010
2010050755;1;2;3;1;2;930;18/10/2010
2010050756;1;2;1;2;4;930;19/10/2010
2010050757;1;2;1;1;6;930;20/10/2010
2010050758;5;2;1;1;6;930;20/10/2010
2010050759;5;2;1;1;6;930;22/10/2010
2010050760;1;2;1;1;6;930;25/10/2010
2010050761;2;2;1;1;3;930;29/10/2010
2010050762;5;2;6;2;6;930;07/11/2010
2010050763;1;2;1;2;6;930;09/11/2010
2010050764;5;2;1;1;6;930;15/11/2010
2010050765;1;2;1;1;6;930;16/11/2010
2010050766;5;2;1;1;6;930;19/11/2010
2010050767;1;2;2;1;3;930;30/11/2010
2010050768;5;2;1;1;3;930;14/12/2010
2010050769;2;2;2;4;3;930;24/12/2010
2010050770;5;2;3;2;6;930;28/12/2010
2010050771;1;2;1;1;6;930;11/01/2010
2010050772;1;2;2;8;3;930;24/01/2010
2010050773;1;2;1;1;6;930;25/01/2010
2010050774;5;2;1;1;6;930;26/01/2010
2010050775;5;2;2;1;3;930;30/01/2010
2010050776;5;2;1;1;6;930;04/02/2010
2010050777;1;2;3;2;3;930;07/02/2010
2010050778;1;2;1;1;6;930;12/02/2010
2010050779;1;2;2;1;2;930;15/02/2010
2010050780;1;2;2;8;3;930;26/02/2010
2010050781;5;2;3;1;3;930;05/03/2010
2010050782;1;2;5;1;6;930;08/03/2010
2010050783;1;2;3;1;7;930;13/03/2010
2010050784;2;2;1;1;1;930;14/03/2010
2010050785;1;2;1;1;3;930;19/03/2010
2010050786;1;2;1;1;6;930;28/03/2010
2010050787;1;2;1;1;6;930;05/04/2010
2010050788;1;2;1;1;2;930;09/04/2010
2010050789;1;2;3;1;6;930;11/04/2010
2010050790;1;2;5;1;3;930;12/04/2010
2010050791;1;2;1;1;3;930;14/04/2010
2010050792;1;2;1;1;6;930;15/04/2010
2010050793;1;2;3;1;2;930;20/04/2010
2010050794;5;2;1;1;2;930;22/04/2010
2010050795;1;2;3;1;3;930;26/04/2010
2010050796;1;2;2;1;3;930;28/04/2010
2010050797;2;2;2;2;3;930;02/05/2010
2010050798;5;2;1;1;6;930;05/05/2010
2010050799;1;2;1;1;7;930;06/05/2010
2010050800;1;2;1;2;6;930;11/05/2010
2010050801;1;2;1;1;2;930;20/05/2010
2010050802;1;2;9;1;1;930;25/05/2010
2010050803;1;2;1;1;6;930;31/05/2010
2010050804;1;2;1;2;3;930;01/06/2010
2010050805;1;2;2;1;3;930;02/06/2010
2010050806;1;2;1;1;3;930;06/06/2010
2010050807;1;2;1;1;6;930;12/06/2010
2010050808;1;2;1;1;6;930;13/06/2010
2010050809;1;2;2;8;3;930;14/06/2010
2010050810;1;2;2;1;3;930;15/06/2010
2010050811;5;2;1;1;3;930;15/06/2010
2010050812;1;2;3;8;2;930;17/06/2010
2010050813;1;2;2;1;3;930;26/06/2010
2010050814;1;2;3;1;3;930;26/06/2010
2010050815;1;2;1;1;6;930;05/07/2010
2010050816;1;2;1;1;6;930;05/07/2010
2010050817;1;2;3;1;6;930;06/07/2010
2010050818;1;2;1;1;6;930;10/07/2010
2010050819;1;1;3;1;6;930;12/07/2010
2010050820;1;2;2;2;3;930;14/07/2010
2010050821;1;2;2;1;3;930;16/07/2010
2010050822;1;2;1;1;2;930;26/07/2010
2010050823;1;2;1;1;1;930;31/07/2010
2010050824;1;2;1;1;2;930;10/08/2010
2010050825;1;2;1;2;6;930;18/08/2010
2010050826;1;2;1;1;3;930;26/08/2010
2010050827;1;2;4;1;6;930;03/09/2010
2010050828;1;2;1;1;6;930;05/09/2010
2010050829;1;2;3;1;2;930;06/09/2010
2010050830;1;2;1;8;3;930;07/09/2010
2010050831;1;2;2;1;3;930;10/09/2010
2010050832;1;2;1;1;2;930;13/09/2010
2010050833;5;2;2;1;3;930;19/09/2010
2010050834;1;2;3;1;6;930;24/09/2010
2010050835;5;2;3;1;3;930;08/10/2010
2010050836;1;2;1;1;6;930;12/10/2010
2010050837;1;2;1;2;7;930;23/11/2010
2010050838;5;2;3;2;6;930;24/11/2010
2010050839;1;2;1;4;2;930;01/12/2010
2010050840;2;2;1;2;6;930;06/12/2010
2010050841;1;2;1;8;6;930;29/12/2010
2010050842;5;2;3;1;3;930;10/11/2010
2010050843;5;2;1;1;2;930;02/01/2010
2010050844;1;2;1;1;6;930;04/01/2010
2010050845;1;2;1;1;6;930;11/01/2010
2010050846;2;2;1;3;6;930;29/01/2010
2010050847;1;2;1;2;6;930;09/02/2010
2010050848;1;2;1;1;6;930;19/02/2010
2010050849;1;2;1;1;3;930;06/03/2010
2010050850;1;2;1;1;6;930;15/03/2010
2010050851;1;2;3;1;3;930;14/03/2010
2010050852;5;2;1;1;6;930;12/03/2010
2010050853;1;2;1;1;6;930;22/03/2010
2010050854;5;2;1;1;7;930;23/03/2010
2010050855;1;2;1;1;7;930;24/03/2010
2010050856;1;2;1;1;6;930;15/04/2010
2010050857;1;2;1;1;3;930;16/04/2010
2010050858;1;2;1;1;6;930;27/04/2010
2010050859;1;2;1;1;6;930;22/05/2010
2010050860;1;2;2;1;3;930;22/05/2010
2010050861;1;2;1;2;6;930;10/06/2010
2010050862;1;2;3;2;6;930;14/06/2010
2010050863;1;2;1;1;6;930;25/06/2010
2010050864;1;2;1;1;6;930;01/07/2010
2010050865;1;2;4;1;7;930;05/07/2010
2010050866;1;2;1;1;1;930;15/07/2010
2010050867;1;2;1;1;6;930;16/09/2010
2010050868;2;2;1;1;3;930;20/09/2010
2010050869;1;2;1;1;3;930;22/09/2010
2010050870;5;2;1;1;1;930;25/09/2010
2010050871;5;2;3;1;3;930;27/09/2010
2010050872;1;2;1;1;6;930;07/10/2010
2010050873;1;2;1;1;3;930;12/10/2010
2010050874;1;2;1;1;6;930;15/10/2010
2010050875;1;2;2;1;3;930;20/10/2010
2010050876;1;2;1;1;6;930;22/10/2010
2010050877;1;2;3;1;3;930;23/10/2010
2010050878;1;2;2;2;6;930;29/10/2010
2010050879;1;2;3;1;3;930;29/11/2010
2010050880;1;2;1;2;1;930;12/11/2010
2010050881;5;2;1;1;6;930;17/11/2010
2010050882;1;2;1;1;7;930;14/12/2010
2010050883;1;2;1;1;3;930;22/06/2010
2010050884;5;2;1;2;7;930;14/11/2010
2010050885;1;2;2;2;3;930;21/11/2010
2010050886;1;2;1;4;6;930;24/12/2010
2010050887;1;2;1;1;3;930;17/11/2010
2010050888;5;2;6;1;2;930;15/05/2010
2010050889;3;2;1;1;6;930;04/12/2010
2010050890;1;2;3;1;6;930;23/01/2010
2010050891;1;2;1;1;2;930;09/05/2010
2010050892;1;2;4;1;6;930;04/01/2010
2010050893;1;2;3;8;3;930;08/01/2010
2010050894;5;2;1;2;1;930;14/01/2010
2010050895;5;2;1;4;4;930;10/02/2010
2010050896;1;2;1;1;6;930;14/02/2010
2010050897;5;2;1;8;1;930;11/02/2010
2010050898;5;2;1;2;7;930;24/02/2010
2010050899;1;2;1;1;6;930;06/04/2010
2010050900;1;2;3;1;3;930;18/04/2010
2010050901;5;2;2;1;3;930;07/03/2010
2010050902;1;2;3;1;7;930;26/04/2010
2010050903;1;2;1;1;2;930;05/05/2010
2010050904;1;2;1;1;6;930;16/05/2010
2010050905;1;2;9;1;6;930;05/04/2010
2010050906;1;2;1;1;6;930;07/04/2010
2010050907;1;2;1;1;6;930;23/04/2010