num_acc;lum;agg;inter;atm;col;dep;date
2010051485;5;2;1;5;2;930;21/12/2010
2010051486;5;2;1;1;6;930;31/12/2010
2010051487;1;2;3;1;3;930;12/10/2010
2010051488;1;2;7;1;6;930;04/01/2010
2010051489;1;2;1;1;2;930;15/11/2010
2010051490;1;2;1;2;3;930;16/01/2010
2010051491;1;2;6;2;6;930;19/01/2010
2010051492;5;2;1;1;1;930;19/01/2010
2010051493;1;2;3;1;6;930;30/01/2010
2010051494;1;2;1;9;3;930;03/02/2010
2010051495;1;2;6;1;6;930;12/02/2010
2010051496;1;2;1;1;6;930;12/02/2010
2010051497;1;2;1;4;6;930;13/02/2010
2010051498;1;2;1;2;6;930;23/02/2010
2010051499;1;2;1;1;2;930;10/03/2010
2010051500;5;2;1;1;6;930;11/03/2010
2010051501;1;2;2;1;3;930;15/03/2010
2010051502;1;2;1;1;6;930;24/03/2010
2010051503;1;2;1;1;6;930;01/04/2010
2010051504;1;2;1;1;6;930;02/04/2010
2010051505;1;2;2;2;3;930;02/04/2010
2010051506;1;2;1;1;6;930;07/04/2010
2010051507;2;2;1;1;6;930;16/04/2010
2010051508;1;2;1;1;6;930;27/04/2010
2010051509;1;2;1;1;3;930;01/05/2010
2010051510;1;2;1;1;6;930;04/05/2010
2010051511;1;2;1;1;7;930;05/05/2010
2010051512;1;2;1;1;2;930;09/05/2010
2010051513;1;2;1;1;6;930;09/05/2010
2010051514;1;2;3;1;3;930;14/05/2010
2010051515;1;2;2;1;6;930;14/05/2010
2010051516;1;2;3;1;1;930;20/05/2010
2010051517;1;2;2;1;6;930;21/05/2010
2010051518;1;2;3;1;3;930;22/05/2010
2010051519;1;2;1;1;6;930;24/05/2010
2010051520;1;2;6;2;7;930;01/06/2010
2010051521;1;2;6;1;6;930;03/06/2010
2010051522;1;2;1;3;7;930;09/06/2010
2010051523;5;2;2;1;3;930;18/06/2010
2010051524;1;2;1;1;3;930;22/06/2010
2010051525;2;2;1;1;6;930;24/06/2010
2010051526;1;2;1;1;6;930;30/06/2010
2010051527;1;2;1;2;6;930;03/07/2010
2010051528;1;2;1;1;6;930;03/07/2010
2010051529;1;2;1;1;1;930;06/07/2010
2010051530;1;1;6;1;6;930;07/07/2010
2010051531;1;2;2;1;6;930;25/07/2010
2010051532;1;2;3;1;3;930;03/08/2010
2010051533;5;2;1;1;7;930;08/08/2010
2010051534;1;2;1;1;3;930;14/08/2010
2010051535;1;2;1;1;7;930;20/08/2010
2010051536;1;2;3;1;3;930;03/09/2010
2010051537;5;2;2;2;4;930;08/09/2010
2010051538;1;2;3;1;3;930;13/09/2010
2010051539;1;2;3;1;6;930;17/09/2010
2010051540;1;2;3;1;6;930;22/09/2010
2010051541;1;2;1;8;1;930;06/10/2010
2010051542;1;2;2;1;1;930;10/10/2010
2010051543;1;2;1;1;6;930;11/10/2010
2010051544;1;2;1;1;5;930;11/10/2010
2010051545;1;2;5;1;6;930;14/10/2010
2010051546;1;2;3;1;3;930;09/10/2010
2010051547;1;2;3;8;5;930;23/10/2010
2010051548;1;2;3;8;6;930;15/10/2010
2010051549;5;2;2;1;3;930;25/10/2010
2010051550;1;2;3;1;3;930;18/10/2010
2010051551;1;2;3;1;3;930;29/10/2010
2010051552;1;2;1;2;6;930;19/10/2010
2010051553;5;2;9;1;1;930;30/10/2010
2010051554;1;2;2;1;6;930;22/10/2010
2010051555;1;2;3;2;3;930;23/10/2010
2010051556;1;2;5;1;3;930;26/10/2010
2010051557;1;2;2;1;3;930;02/11/2010
2010051558;5;2;2;1;3;930;27/10/2010
2010051559;1;2;3;1;3;930;05/11/2010
2010051560;1;2;2;3;3;930;07/11/2010
2010051561;5;2;3;2;3;930;02/11/2010
2010051562;5;2;2;6;6;930;13/11/2010
2010051563;1;2;1;2;6;930;13/11/2010
2010051564;1;2;3;1;3;930;05/11/2010
2010051565;5;2;2;8;1;930;19/11/2010
2010051566;1;2;1;1;7;930;05/11/2010
2010051567;1;2;6;2;6;930;08/11/2010
2010051568;1;2;1;1;6;930;15/11/2010
2010051569;1;2;1;8;5;930;03/12/2010
2010051570;5;2;1;1;2;930;16/11/2010
2010051571;5;2;1;4;6;930;09/12/2010
2010051572;5;2;1;2;5;930;18/11/2010
2010051573;1;2;1;7;6;930;13/12/2010
2010051574;1;2;5;1;6;930;23/11/2010
2010051575;5;2;1;4;6;930;26/12/2010
2010051576;2;2;1;1;7;930;24/11/2010
2010051577;5;2;1;4;2;930;01/12/2010
2010051578;1;2;1;4;6;930;02/12/2010
2010051579;1;2;1;4;5;930;17/12/2010
2010051580;1;2;1;1;7;930;17/12/2010
2010051581;1;2;1;1;1;930;08/01/2010
2010051582;1;2;2;1;6;930;03/01/2010
2010051583;1;2;3;1;4;930;18/01/2010
2010051584;1;2;1;1;3;930;20/01/2010
2010051585;1;2;2;1;3;930;21/01/2010
2010051586;2;2;1;1;6;930;31/01/2010
2010051587;5;2;1;1;4;930;31/01/2010
2010051588;1;2;3;1;3;930;13/02/2010
2010051589;5;2;3;1;3;930;22/02/2010
2010051590;1;2;2;1;3;930;28/02/2010
2010051591;1;2;1;1;6;930;15/03/2010
2010051592;5;2;1;1;2;930;05/03/2010
2010051593;1;2;2;1;3;930;02/03/2010
2010051594;5;2;2;1;3;930;19/03/2010
2010051595;1;2;1;1;6;930;19/03/2010
2010051596;1;2;1;1;6;930;31/03/2010
2010051597;1;2;1;1;7;930;13/04/2010
2010051598;1;2;3;1;6;930;02/04/2010
2010051599;1;2;3;1;6;930;09/04/2010
2010051600;1;2;2;1;2;930;09/04/2010
2010051601;1;2;2;1;3;930;12/04/2010
2010051602;5;2;1;1;6;930;16/04/2010
2010051603;1;2;2;1;6;930;01/04/2010
2010051604;1;2;1;1;6;930;20/04/2010
2010051605;1;2;5;1;6;930;20/04/2010
2010051606;5;2;1;1;3;930;21/04/2010
2010051607;1;2;2;1;6;930;23/04/2010
2010051608;1;2;1;1;6;930;30/04/2010
2010051609;5;2;3;1;3;930;14/05/2010
2010051610;1;2;1;1;6;930;14/05/2010
2010051611;1;2;1;1;3;930;15/05/2010
2010051612;1;2;1;1;1;930;19/05/2010
2010051613;5;2;1;1;7;930;22/05/2010
2010051614;1;2;2;1;1;930;24/05/2010
2010051615;1;2;1;1;3;930;27/05/2010
2010051616;1;2;1;1;1;930;03/06/2010
2010051617;1;2;1;1;3;930;06/06/2010
2010051618;1;2;3;1;3;930;09/06/2010
2010051619;2;2;1;1;6;930;13/06/2010
2010051620;5;2;3;1;1;930;16/06/2010
2010051621;1;2;2;1;6;930;05/07/2010
2010051622;1;2;1;1;2;930;09/07/2010
2010051623;1;2;1;1;7;930;11/06/2010
2010051624;5;2;2;1;6;930;14/07/2010
2010051625;3;2;1;1;6;930;13/07/2010
2010051626;1;2;2;1;6;930;25/07/2010
2010051627;1;2;1;1;6;930;28/07/2010
2010051628;1;1;1;1;2;930;29/07/2010
2010051629;5;2;1;1;6;930;01/08/2010
2010051630;1;2;1;1;6;930;01/08/2010
2010051631;5;2;3;1;6;930;02/08/2010
2010051632;1;2;3;1;3;930;06/08/2010
2010051633;1;2;1;1;2;930;06/08/2010
2010051634;1;2;2;1;3;930;07/08/2010
2010051635;2;2;2;1;6;930;26/08/2010
2010051636;1;2;2;1;6;930;30/08/2010
2010051637;1;2;1;1;6;930;31/08/2010
2010051638;1;2;1;1;6;930;31/08/2010
2010051639;1;2;2;1;6;930;03/09/2010
2010051640;1;2;1;1;6;930;01/09/2010
2010051641;2;2;2;1;6;930;12/09/2010
2010051642;1;2;2;1;6;930;14/09/2010
2010051643;2;2;1;1;3;930;17/09/2010
2010051644;1;2;1;1;6;930;18/09/2010
2010051645;5;2;1;1;6;930;18/09/2010
2010051646;1;1;1;1;6;930;19/09/2010
2010051647;1;2;2;1;6;930;21/09/2010
2010051648;1;2;1;1;6;930;24/09/2010
2010051649;2;2;2;1;6;930;24/09/2010
2010051650;5;1;1;1;6;930;26/09/2010
2010051651;1;1;1;1;6;930;11/10/2010
2010051652;1;2;1;1;6;930;14/11/2010
2010051653;2;2;1;1;6;930;27/11/2010
2010051654;1;2;2;1;6;930;28/11/2010
2010051655;1;1;1;1;5;930;29/11/2010
2010051656;1;2;1;4;6;930;10/12/2010
2010051657;1;2;1;1;6;930;16/12/2010
2010051658;1;2;2;8;3;930;03/01/2010
2010051659;1;2;1;1;6;930;03/01/2010
2010051660;1;2;5;1;2;930;04/01/2010
2010051661;2;2;4;1;2;930;04/01/2010
2010051662;5;2;1;8;6;930;13/01/2010
2010051663;1;2;1;1;6;930;14/01/2010
2010051664;5;1;1;1;1;930;14/01/2010
2010051665;5;2;1;1;7;930;16/01/2010
2010051666;1;2;2;1;6;930;17/01/2010
2010051667;5;2;1;1;6;930;19/01/2010
2010051668;1;2;1;2;2;930;20/01/2010
2010051669;5;2;1;2;6;930;23/01/2010
2010051670;2;2;3;2;3;930;23/01/2010
2010051671;1;2;1;1;6;930;25/01/2010
2010051672;1;2;1;1;7;930;25/01/2010
2010051673;1;2;1;2;1;930;29/01/2010
2010051674;5;2;3;1;3;930;30/01/2010
2010051675;5;2;1;1;6;930;31/01/2010
2010051676;1;2;1;1;6;930;01/02/2010
2010051677;1;2;2;1;1;930;04/02/2010
2010051678;1;2;2;1;6;930;04/02/2010
2010051679;1;2;1;2;1;930;09/02/2010
2010051680;1;2;3;1;3;930;09/02/2010
2010051681;5;2;1;1;3;930;10/02/2010
2010051682;1;2;4;4;5;930;10/02/2010
2010051683;1;2;1;1;2;930;12/02/2010
2010051684;1;2;5;1;3;930;12/02/2010
2010051685;1;2;1;1;2;930;16/02/2010
2010051686;1;2;3;1;3;930;16/02/2010
2010051687;1;2;1;1;3;930;19/02/2010
2010051688;1;2;1;1;6;930;20/02/2010
2010051689;1;2;1;1;6;930;20/02/2010
2010051690;5;2;2;1;6;930;22/02/2010
2010051691;1;2;1;1;7;930;23/02/2010
2010051692;5;2;3;2;7;930;26/02/2010
2010051693;1;2;2;1;6;930;01/03/2010
2010051694;1;2;1;1;2;930;02/03/2010
2010051695;5;2;1;1;7;930;04/03/2010
2010051696;1;2;5;1;1;930;04/03/2010
2010051697;1;2;1;1;4;930;06/03/2010
2010051698;1;2;1;1;3;930;10/03/2010
2010051699;1;2;2;1;3;930;10/03/2010
2010051700;5;2;1;1;3;930;10/03/2010
2010051701;1;2;1;1;6;930;11/03/2010
2010051702;1;2;1;1;3;930;10/03/2010
2010051703;1;2;2;1;7;930;16/03/2010
2010051704;1;2;1;1;2;930;17/03/2010
2010051705;1;2;1;1;3;930;17/03/2010
2010051706;1;2;1;1;3;930;18/03/2010
2010051707;5;2;1;2;3;930;19/03/2010
2010051708;5;2;1;2;7;930;19/03/2010
2010051709;1;2;6;1;6;930;20/03/2010
2010051710;5;2;1;3;2;930;20/03/2010
2010051711;1;2;3;1;3;930;22/03/2010
2010051712;1;2;1;1;3;930;24/03/2010
2010051713;5;2;1;1;6;930;25/03/2010
2010051714;1;2;1;1;4;930;26/03/2010
2010051715;2;2;1;2;7;930;27/03/2010
2010051716;1;2;1;1;3;930;28/03/2010
2010051717;1;2;4;1;3;930;01/04/2010
2010051718;5;2;1;1;3;930;01/04/2010
2010051719;3;2;1;2;2;930;04/04/2010
2010051720;1;2;6;1;2;930;05/04/2010
2010051721;1;2;1;1;3;930;06/04/2010
2010051722;5;2;1;1;3;930;07/04/2010
2010051723;1;2;1;1;6;930;09/04/2010
2010051724;1;2;2;1;3;930;09/04/2010
2010051725;1;2;3;1;2;930;10/04/2010
2010051726;1;2;2;1;7;930;11/04/2010
2010051727;1;2;1;1;6;930;11/04/2010
2010051728;2;2;3;1;1;930;11/04/2010
2010051729;1;2;1;1;3;930;13/04/2010
2010051730;1;2;2;8;3;930;13/04/2010
2010051731;1;2;1;1;6;930;14/04/2010
2010051732;1;2;2;1;3;930;15/04/2010
2010051733;1;2;1;1;2;930;16/04/2010
2010051734;4;2;1;1;3;930;18/04/2010
2010051735;1;2;1;1;6;930;18/04/2010
2010051736;1;2;2;1;3;930;21/04/2010
2010051737;1;2;1;1;3;930;22/04/2010
2010051738;1;2;1;1;2;930;25/04/2010
2010051739;1;2;1;1;6;930;27/04/2010
2010051740;1;2;2;1;3;930;27/04/2010
2010051741;1;2;1;1;6;930;28/04/2010
2010051742;1;2;2;1;5;930;29/04/2010
2010051743;2;2;2;1;3;930;30/04/2010
2010051744;1;2;1;1;7;930;04/05/2010
2010051745;1;2;1;1;3;930;04/05/2010
2010051746;1;2;1;1;1;930;05/05/2010
2010051747;1;2;3;1;6;930;07/05/2010
2010051748;1;2;1;1;3;930;07/05/2010
2010051749;1;2;1;1;6;930;07/05/2010
2010051750;1;2;1;8;2;930;08/05/2010
2010051751;1;2;1;2;7;930;08/05/2010
2010051752;1;2;4;1;6;930;12/05/2010
2010051753;1;2;1;2;7;930;14/05/2010
2010051754;1;2;1;1;7;930;15/05/2010
2010051755;1;2;1;1;6;930;16/05/2010
2010051756;5;2;1;1;1;930;16/05/2010
2010051757;1;2;2;8;3;930;17/05/2010
2010051758;1;2;1;1;6;930;18/05/2010
2010051759;1;2;4;1;1;930;22/05/2010
2010051760;1;2;1;1;3;930;22/05/2010
2010051761;1;2;1;1;3;930;22/05/2010
2010051762;5;2;2;1;3;930;24/05/2010
2010051763;1;2;1;1;6;930;24/05/2010
2010051764;1;2;1;1;2;930;26/05/2010
2010051765;1;2;1;1;3;930;26/05/2010
2010051766;1;2;1;2;6;930;27/05/2010
2010051767;1;2;1;3;4;930;27/05/2010
2010051768;1;2;1;1;6;930;28/05/2010
2010051769;5;2;3;2;5;930;30/05/2010
2010051770;1;2;6;1;6;930;31/05/2010
2010051771;1;2;1;1;3;930;31/05/2010
2010051772;1;2;2;1;3;930;02/06/2010
2010051773;1;2;1;1;4;930;02/06/2010
2010051774;5;2;2;1;3;930;03/06/2010
2010051775;5;2;2;1;6;930;07/06/2010
2010051776;1;2;1;1;3;930;09/06/2010
2010051777;1;2;1;2;3;930;09/06/2010
2010051778;1;2;2;1;3;930;11/06/2010
2010051779;1;2;1;1;3;930;11/06/2010
2010051780;1;2;1;1;5;930;12/06/2010
2010051781;1;2;5;1;6;930;12/06/2010
2010051782;5;2;1;1;7;930;13/06/2010
2010051783;1;2;1;1;4;930;14/06/2010
2010051784;1;2;7;1;6;930;14/06/2010
2010051785;1;2;1;1;7;930;15/06/2010
2010051786;1;2;6;1;7;930;15/06/2010
2010051787;1;2;1;1;6;930;16/06/2010
2010051788;1;2;1;1;6;930;16/06/2010
2010051789;1;2;1;1;6;930;18/06/2010
2010051790;1;2;1;1;6;930;18/06/2010
2010051791;1;2;1;1;7;930;20/06/2010
2010051792;1;2;1;1;4;930;21/06/2010
2010051793;1;2;1;1;2;930;21/06/2010
2010051794;1;2;2;1;3;930;22/06/2010
2010051795;5;2;1;1;3;930;25/06/2010
2010051796;1;2;1;1;7;930;25/06/2010
2010051797;5;2;2;1;3;930;25/06/2010
2010051798;1;2;1;1;5;930;27/06/2010
2010051799;1;2;1;1;3;930;28/06/2010
2010051800;1;2;1;1;7;930;28/06/2010
2010051801;1;2;1;1;6;930;28/06/2010
2010051802;1;2;7;1;3;930;29/06/2010
2010051803;1;2;1;1;1;930;29/06/2010
2010051804;1;2;2;1;5;930;02/07/2010
2010051805;1;2;2;1;3;930;04/07/2010
2010051806;1;2;3;1;3;930;05/07/2010
2010051807;1;2;1;1;2;930;06/07/2010
2010051808;5;2;1;1;2;930;07/07/2010
2010051809;1;2;1;1;6;930;08/07/2010
2010051810;1;2;1;1;3;930;10/07/2010
2010051811;5;2;1;1;6;930;11/07/2010
2010051812;1;2;2;1;3;930;11/07/2010
2010051813;1;2;1;1;7;930;16/07/2010
2010051814;1;2;9;1;7;930;16/07/2010
2010051815;1;1;1;1;3;930;20/07/2010
2010051816;1;2;1;1;3;930;22/07/2010
2010051817;1;2;8;1;6;930;24/07/2010
2010051818;1;2;1;1;6;930;26/07/2010
2010051819;1;2;1;1;7;930;28/07/2010
2010051820;1;2;1;1;2;930;29/07/2010
2010051821;4;2;1;1;6;930;30/07/2010
2010051822;1;2;1;1;3;930;30/07/2010
2010051823;1;2;2;1;1;930;30/07/2010
2010051824;1;2;1;1;6;930;02/08/2010
2010051825;5;2;1;3;6;930;07/08/2010
2010051826;5;2;3;1;3;930;08/08/2010
2010051827;1;2;1;1;6;930;13/08/2010
2010051828;1;2;7;1;3;930;14/08/2010
2010051829;1;2;1;1;6;930;14/08/2010
2010051830;1;2;1;1;7;930;19/08/2010
2010051831;1;2;1;1;3;930;29/08/2010
2010051832;1;2;1;1;3;930;29/08/2010
2010051833;1;2;1;1;2;930;30/08/2010
2010051834;5;2;2;1;3;930;04/09/2010
2010051835;1;2;1;1;3;930;07/09/2010
2010051836;1;2;4;1;2;930;10/09/2010
2010051837;1;2;1;1;3;930;12/09/2010
2010051838;1;2;1;1;6;930;13/09/2010
2010051839;5;2;1;1;7;930;13/09/2010
2010051840;1;2;1;1;6;930;15/09/2010
2010051841;1;2;1;1;1;930;15/09/2010
2010051842;1;2;2;1;3;930;17/09/2010
2010051843;1;2;9;1;6;930;17/09/2010
2010051844;1;2;1;1;7;930;20/09/2010
2010051845;1;2;3;1;3;930;21/09/2010
2010051846;5;2;1;1;6;930;21/09/2010
2010051847;1;2;1;2;7;930;24/09/2010
2010051848;1;2;3;1;5;930;25/09/2010
2010051849;5;2;2;1;5;930;25/09/2010
2010051850;5;2;1;1;5;930;29/09/2010
2010051851;1;2;1;8;6;930;04/10/2010
2010051852;1;2;2;1;3;930;08/10/2010
2010051853;1;2;5;1;6;930;09/10/2010
2010051854;5;2;1;8;7;930;11/10/2010
2010051855;1;2;1;1;3;930;11/10/2010
2010051856;1;2;1;1;7;930;12/10/2010
2010051857;5;2;2;1;6;930;12/10/2010
2010051858;2;2;1;1;6;930;12/10/2010
2010051859;5;2;1;1;4;930;14/10/2010
2010051860;1;2;1;1;3;930;15/10/2010
2010051861;1;2;1;8;6;930;19/10/2010
2010051862;2;2;6;1;3;930;21/10/2010
2010051863;1;2;1;1;3;930;22/10/2010
2010051864;5;2;2;2;3;930;23/10/2010
2010051865;1;2;1;1;7;930;20/10/2010
2010051866;5;2;1;1;3;930;25/10/2010
2010051867;5;2;1;1;3;930;26/10/2010
2010051868;5;2;1;1;6;930;29/10/2010
2010051869;1;2;1;8;3;930;30/10/2010
2010051870;1;2;2;1;7;930;31/10/2010
2010051871;1;2;1;1;3;930;31/10/2010
2010051872;5;2;7;1;6;930;02/11/2010
2010051873;1;2;1;1;3;930;04/11/2010
2010051874;5;2;1;3;2;930;06/11/2010
2010051875;2;2;1;2;2;930;06/11/2010
2010051876;5;2;2;3;3;930;07/11/2010
2010051877;1;2;1;3;3;930;08/11/2010
2010051878;1;2;2;3;3;930;09/11/2010
2010051879;1;2;1;2;3;930;09/11/2010
2010051880;1;2;1;8;7;930;09/11/2010
2010051881;5;2;1;8;6;930;11/11/2010
2010051882;5;2;1;1;6;930;14/11/2010
2010051883;5;2;1;8;1;930;15/11/2010
2010051884;1;2;9;1;3;930;16/11/2010
2010051885;1;2;9;1;7;930;16/11/2010
2010051886;1;2;1;1;6;930;16/11/2010
2010051887;5;2;2;1;3;930;18/11/2010
2010051888;1;2;1;8;3;930;19/11/2010
2010051889;1;2;3;1;1;930;22/11/2010
2010051890;1;2;1;1;6;930;23/11/2010
2010051891;5;2;1;2;3;930;23/11/2010
2010051892;2;2;6;2;3;930;23/11/2010
2010051893;1;2;1;8;6;930;25/11/2010
2010051894;2;2;2;4;6;930;29/11/2010
2010051895;1;2;1;4;2;930;29/11/2010
2010051896;3;2;1;8;3;930;30/11/2010
2010051897;5;2;1;2;3;930;28/12/2010
2010051898;5;1;1;1;3;930;02/12/2010
2010051899;2;2;2;8;3;930;03/12/2010
2010051900;5;2;9;1;6;930;04/12/2010
2010051901;1;2;1;2;2;930;06/12/2010
2010051902;1;2;2;8;3;930;10/12/2010
2010051903;5;2;1;1;6;930;11/12/2010
2010051904;5;2;2;1;7;930;12/12/2010
2010051905;1;2;1;1;2;930;13/12/2010
2010051906;1;2;2;1;3;930;14/12/2010
2010051907;2;2;1;1;7;930;13/12/2010
2010051908;1;2;2;1;3;930;15/12/2010
2010051909;3;2;1;8;7;930;21/12/2010
2010051910;2;2;4;1;3;930;24/12/2010
2010051911;1;2;1;8;1;930;27/12/2010
2010051912;2;2;1;1;2;930;30/12/2010
2010051913;2;2;1;1;3;930;01/12/2010
2010051914;5;2;3;1;6;930;11/01/2010
2010051915;5;2;1;2;3;930;13/01/2010
2010051916;1;2;1;1;1;930;14/01/2010
2010051917;1;2;3;8;3;930;19/01/2010
2010051918;5;2;1;1;6;930;04/02/2010
2010051919;1;2;1;1;6;930;08/02/2010
2010051920;1;2;1;1;3;930;22/02/2010
2010051921;5;2;3;1;3;930;23/02/2010
2010051922;1;2;2;1;6;930;08/03/2010
2010051923;1;2;3;1;2;930;12/03/2010
2010051924;5;2;3;1;3;930;12/03/2010
2010051925;5;2;1;1;6;930;17/03/2010
2010051926;5;2;3;8;3;930;21/03/2010
2010051927;1;2;1;2;7;930;03/04/2010
2010051928;5;2;2;2;3;930;03/04/2010
2010051929;1;2;4;1;6;930;06/04/2010
2010051930;5;2;1;1;6;930;08/04/2010
2010051931;5;2;2;1;1;930;12/04/2010
2010051932;1;2;1;1;6;930;16/04/2010
2010051933;1;2;1;1;6;930;28/04/2010
2010051934;1;2;1;1;2;930;29/04/2010
2010051935;1;2;1;1;3;930;29/04/2010
2010051936;1;2;1;1;3;930;29/04/2010
2010051937;1;2;1;7;6;930;30/04/2010
2010051938;1;2;5;8;6;930;04/05/2010
2010051939;1;2;3;1;6;930;04/05/2010
2010051940;1;2;1;1;6;930;08/05/2010
2010051941;1;2;1;1;6;930;10/05/2010
2010051942;1;2;1;1;3;930;12/05/2010
2010051943;1;2;1;1;5;930;15/05/2010
2010051944;1;2;2;1;2;930;17/05/2010
2010051945;1;2;1;1;6;930;19/05/2010
2010051946;5;2;3;1;6;930;23/05/2010
2010051947;5;2;3;2;3;930;28/05/2010
2010051948;1;2;7;1;6;930;08/06/2010
2010051949;1;2;1;1;5;930;11/06/2010
2010051950;2;2;2;1;3;930;13/06/2010
2010051951;1;2;1;1;6;930;17/06/2010
2010051952;1;2;1;1;3;930;18/06/2010
2010051953;1;2;1;1;6;930;20/06/2010
2010051954;1;2;1;1;6;930;20/06/2010
2010051955;1;2;1;1;6;930;18/06/2010
2010051956;5;2;1;1;7;930;06/01/2010
2010051957;1;2;1;1;6;930;25/06/2010
2010051958;1;2;5;1;2;930;28/06/2010
2010051959;1;2;1;1;2;930;29/06/2010
2010051960;1;2;1;1;2;930;01/07/2010
2010051961;1;2;3;1;6;930;07/07/2010
2010051962;1;2;2;1;3;930;08/07/2010
2010051963;1;2;1;1;6;930;10/07/2010
2010051964;1;2;5;1;3;930;07/07/2010
2010051965;1;2;2;1;3;930;17/07/2010
2010051966;1;2;1;1;3;930;20/07/2010
2010051967;1;2;2;1;3;930;21/07/2010
2010051968;1;2;1;1;3;930;23/07/2010
2010051969;1;2;3;1;6;930;29/07/2010
2010051970;1;2;1;1;6;930;26/07/2010
2010051971;1;2;1;1;6;930;02/08/2010
2010051972;1;2;2;1;1;930;05/08/2010
2010051973;1;2;2;1;3;930;05/08/2010
2010051974;1;2;1;1;6;930;08/08/2010
2010051975;1;2;1;1;3;930;12/08/2010
2010051976;1;2;1;1;6;930;14/08/2010
2010051977;4;2;1;3;1;930;21/08/2010
2010051978;1;2;1;1;3;930;15/09/2010
2010051979;1;2;1;1;3;930;16/09/2010
2010051980;1;2;1;1;6;930;21/09/2010
2010051981;1;2;1;1;6;930;23/09/2010
2010051982;1;2;1;2;3;930;24/09/2010
2010051983;1;2;1;2;3;930;24/09/2010
2010051984;1;2;1;8;6;930;27/09/2010
2010051985;5;2;3;1;1;930;30/09/2010
2010051986;1;2;3;1;2;930;11/10/2010
2010051987;1;2;1;2;3;930;23/10/2010
2010051988;1;2;1;1;3;930;25/10/2010
2010051989;1;2;1;1;6;930;02/11/2010
2010051990;1;2;1;2;3;930;02/11/2010
2010051991;1;2;3;1;3;930;04/11/2010
2010051992;1;2;3;1;3;930;04/11/2010
2010051993;1;2;1;1;2;930;14/11/2010
2010051994;1;2;4;1;3;930;22/11/2010
2010051995;1;2;9;4;3;930;01/12/2010
2010051996;2;1;1;4;6;930;02/12/2010
2010051997;1;2;1;2;1;930;07/12/2010
2010051998;5;2;2;1;6;930;10/12/2010
2010051999;5;2;6;8;3;930;10/12/2010
2010052000;2;2;1;1;7;930;15/12/2010
2010052001;1;2;1;1;6;930;15/12/2010
2010052002;5;2;1;2;6;930;19/12/2010
2010052003;5;2;3;2;2;930;20/12/2010
2010052004;1;2;1;1;6;930;25/12/2010
2010052005;1;2;3;1;3;930;14/01/2010
2010052006;5;2;1;1;1;930;14/01/2010
2010052007;1;2;1;1;6;930;26/01/2010
2010052008;1;2;1;1;3;930;12/02/2010
2010052009;5;2;1;2;6;930;21/02/2010
2010052010;5;2;1;1;1;930;08/03/2010
2010052011;5;2;1;1;6;930;10/03/2010
2010052012;1;2;3;1;5;930;11/03/2010
2010052013;5;2;1;1;6;930;13/03/2010
2010052014;1;2;1;1;6;930;16/03/2010
2010052015;1;2;4;1;3;930;05/05/2010
2010052016;2;2;1;2;1;930;15/04/2010
2010052017;1;2;3;8;6;930;30/05/2010
2010052018;1;2;1;1;3;930;31/05/2010
2010052019;1;2;2;1;6;930;04/06/2010
2010052020;1;2;3;1;3;930;18/06/2010
2010052021;1;2;1;1;6;930;18/06/2010
2010052022;1;2;2;1;2;930;20/06/2010
2010052023;1;2;1;1;7;930;23/06/2010
2010052024;1;2;1;1;7;930;26/06/2010
2010052025;1;2;1;2;2;930;29/06/2010
2010052026;1;2;1;1;1;930;11/07/2010
2010052027;1;2;1;1;2;930;18/07/2010
2010052028;1;2;1;1;3;930;22/07/2010
2010052029;1;2;6;2;6;930;14/08/2010
2010052030;1;2;3;1;2;930;17/08/2010
2010052031;1;2;1;1;4;930;23/08/2010
2010052032;2;2;3;1;3;930;31/08/2010
2010052033;5;2;1;1;3;930;15/09/2010
2010052034;1;2;3;1;3;930;22/09/2010
2010052035;2;2;3;1;6;930;25/09/2010
2010052036;1;2;1;1;6;930;28/09/2010
2010052037;1;2;1;1;3;930;07/09/2010
2010052038;5;2;1;2;6;930;15/10/2010
2010052039;5;2;3;2;6;930;23/10/2010
2010052040;5;2;2;1;3;930;25/10/2010
2010052041;1;2;1;2;3;930;13/11/2010
2010052042;5;2;6;1;6;930;16/11/2010
2010052043;1;2;3;2;3;930;20/10/2010
2010052044;1;2;3;1;5;930;22/10/2010
2010052045;1;2;1;1;6;930;26/05/2010
2010052046;1;2;2;2;6;930;24/11/2010
2010052047;1;2;1;1;2;930;29/11/2010
2010052048;3;2;1;6;6;930;23/12/2010
2010052049;1;2;3;1;6;930;25/08/2010
2010052050;5;2;2;1;6;930;14/12/2010
2010052051;1;2;1;1;3;930;04/02/2010
2010052052;1;2;1;1;6;930;20/02/2010
2010052053;1;2;2;8;3;930;06/02/2010
2010052054;1;2;3;1;3;930;01/03/2010
2010052055;1;2;4;2;3;930;08/02/2010
2010052056;5;2;1;1;4;930;02/03/2010
2010052057;1;2;2;1;3;930;05/03/2010
2010052058;5;2;1;1;2;930;06/03/2010
2010052059;1;2;1;1;4;930;09/03/2010
2010052060;1;2;1;1;6;930;06/03/2010
2010052061;1;2;1;1;6;930;16/03/2010
2010052062;1;2;1;1;7;930;19/03/2010