num_acc;lum;agg;inter;atm;col;dep;date
2010053217;1;2;1;1;3;940;18/02/2010
2010053218;5;2;2;1;6;940;19/02/2010
2010053219;1;2;6;3;5;940;26/02/2010
2010053220;3;2;1;2;7;940;27/02/2010
2010053221;1;2;1;6;7;940;28/02/2010
2010053222;1;2;1;1;2;940;28/02/2010
2010053223;1;2;1;1;7;940;01/03/2010
2010053224;5;2;1;1;7;940;03/03/2010
2010053225;1;2;2;1;3;940;08/03/2010
2010053226;2;2;1;1;6;940;10/03/2010
2010053227;5;2;3;1;3;940;11/03/2010
2010053228;5;2;1;1;2;940;12/03/2010
2010053229;5;2;1;9;7;940;21/03/2010
2010053230;2;2;1;1;7;940;24/03/2010
2010053231;1;2;4;1;7;940;26/03/2010
2010053232;5;2;2;2;5;940;27/03/2010
2010053233;1;2;2;1;6;940;27/03/2010
2010053234;1;2;1;2;6;940;28/03/2010
2010053235;1;2;1;8;6;940;29/03/2010
2010053236;1;2;1;1;7;940;30/03/2010
2010053237;5;2;3;1;3;940;02/04/2010
2010053238;1;2;6;2;3;940;03/04/2010
2010053239;1;2;2;1;6;940;07/04/2010
2010053240;1;2;1;1;2;940;08/04/2010
2010053241;1;2;6;1;2;940;15/04/2010
2010053242;1;2;3;9;3;940;17/04/2010
2010053243;1;2;3;1;1;940;23/04/2010
2010053244;1;2;1;7;6;940;24/04/2010
2010053245;1;1;1;1;2;940;27/04/2010
2010053246;1;2;1;1;6;940;27/04/2010
2010053247;1;2;1;1;1;940;29/04/2010
2010053248;1;2;3;2;7;940;02/05/2010
2010053249;2;2;6;1;1;940;05/05/2010
2010053250;1;2;4;1;7;940;09/05/2010
2010053251;2;2;3;1;3;940;16/05/2010
2010053252;1;2;1;1;6;940;16/05/2010
2010053253;1;2;2;1;7;940;17/05/2010
2010053254;1;2;1;1;3;940;19/05/2010
2010053255;1;2;1;1;6;940;20/05/2010
2010053256;1;2;1;1;7;940;21/05/2010
2010053257;1;2;1;7;3;940;22/05/2010
2010053258;1;2;2;1;7;940;25/05/2010
2010053259;1;2;2;1;3;940;25/05/2010
2010053260;1;2;1;1;7;940;26/05/2010
2010053261;2;2;1;1;2;940;26/05/2010
2010053262;1;2;3;1;3;940;01/06/2010
2010053263;1;2;2;2;3;940;01/06/2010
2010053264;1;2;1;1;6;940;02/06/2010
2010053265;2;2;1;1;7;940;02/06/2010
2010053266;4;2;1;1;1;940;02/06/2010
2010053267;1;2;9;1;3;940;03/06/2010
2010053268;1;2;1;1;6;940;03/06/2010
2010053269;1;2;1;1;7;940;08/06/2010
2010053270;5;2;3;1;2;940;04/06/2010
2010053271;1;2;3;1;6;940;07/06/2010
2010053272;1;2;2;1;3;940;15/06/2010
2010053273;1;2;2;1;2;940;16/06/2010
2010053274;2;2;1;7;7;940;22/06/2010
2010053275;1;2;1;1;3;940;23/06/2010
2010053276;1;2;1;1;2;940;24/06/2010
2010053277;1;2;1;1;5;940;26/06/2010
2010053278;5;2;2;1;3;940;28/06/2010
2010053279;1;2;6;1;5;940;30/06/2010
2010053280;1;2;2;1;2;940;30/06/2010
2010053281;1;2;1;1;2;940;30/06/2010
2010053282;1;2;1;1;3;940;05/07/2010
2010053283;1;2;1;1;6;940;06/07/2010
2010053284;1;2;1;1;6;940;06/07/2010
2010053285;2;2;1;1;7;940;11/07/2010
2010053286;1;2;1;1;3;940;12/07/2010
2010053287;1;2;2;1;7;940;15/07/2010
2010053288;1;2;3;1;3;940;18/07/2010
2010053289;1;2;1;1;7;940;20/07/2010
2010053290;5;2;1;1;6;940;21/07/2010
2010053291;2;2;1;1;6;940;24/07/2010
2010053292;1;2;3;1;1;940;25/07/2010
2010053293;2;2;1;1;2;940;30/07/2010
2010053294;5;2;1;1;7;940;31/07/2010
2010053295;1;2;3;1;3;940;31/07/2010
2010053296;1;2;1;1;4;940;03/08/2010
2010053297;1;1;4;1;2;940;09/08/2010
2010053298;1;2;1;1;4;940;10/08/2010
2010053299;1;2;1;2;7;940;11/08/2010
2010053300;1;2;1;2;2;940;11/08/2010
2010053301;1;2;4;1;2;940;14/08/2010
2010053302;1;1;2;1;3;940;20/08/2010
2010053303;1;2;3;1;6;940;21/08/2010
2010053304;1;2;1;1;5;940;22/08/2010
2010053305;2;1;1;1;6;940;26/08/2010
2010053306;1;2;6;1;3;940;01/09/2010
2010053307;1;2;1;1;6;940;02/09/2010
2010053308;5;2;1;1;7;940;31/08/2010
2010053309;1;2;2;1;3;940;04/09/2010
2010053310;5;2;1;1;6;940;05/09/2010
2010053311;1;2;1;1;2;940;06/09/2010
2010053312;1;2;2;2;2;940;08/09/2010
2010053313;1;2;3;2;5;940;08/09/2010
2010053314;1;2;4;1;3;940;10/09/2010
2010053315;2;2;4;1;3;940;13/09/2010
2010053316;1;2;1;1;7;940;14/09/2010
2010053317;1;2;3;7;3;940;16/09/2010
2010053318;4;2;1;8;6;940;29/09/2010
2010053319;4;2;1;1;7;940;30/09/2010
2010053320;2;2;1;2;6;940;01/10/2010
2010053321;1;2;1;8;6;940;02/10/2010
2010053322;1;2;3;1;3;940;03/10/2010
2010053323;2;2;1;2;3;940;05/10/2010
2010053324;1;2;3;1;6;940;06/10/2010
2010053325;1;2;1;1;3;940;12/10/2010
2010053326;1;2;6;1;2;940;12/10/2010
2010053327;1;2;1;1;2;940;14/10/2010
2010053328;5;2;1;1;3;940;14/10/2010
2010053329;1;2;2;1;3;940;19/10/2010
2010053330;1;2;1;1;3;940;26/10/2010
2010053331;1;2;1;1;4;940;26/10/2010
2010053332;2;2;3;1;6;940;26/10/2010
2010053333;1;2;1;1;5;940;28/10/2010
2010053334;1;2;4;8;6;940;29/10/2010
2010053335;1;2;3;1;2;940;30/10/2010
2010053336;1;2;2;3;3;940;08/11/2010
2010053337;2;2;1;2;6;940;09/11/2010
2010053338;1;2;1;1;7;940;10/11/2010
2010053339;5;2;1;2;7;940;13/11/2010
2010053340;1;2;3;8;5;940;14/11/2010
2010053341;5;2;1;1;2;940;15/11/2010
2010053342;1;2;2;1;3;940;16/11/2010
2010053343;2;2;1;8;2;940;18/11/2010
2010053344;2;2;1;1;6;940;19/11/2010
2010053345;1;2;2;2;6;940;25/11/2010
2010053346;1;1;1;2;7;940;25/11/2010
2010053347;3;2;3;2;3;940;26/11/2010
2010053348;1;2;1;1;3;940;30/11/2010
2010053349;5;2;3;2;1;940;10/11/2010
2010053350;1;1;1;8;3;940;03/12/2010
2010053351;3;1;1;1;3;940;03/12/2010
2010053352;1;1;2;1;2;940;05/12/2010
2010053353;1;2;1;2;6;940;06/12/2010
2010053354;5;2;1;1;6;940;14/12/2010
2010053355;1;2;6;8;3;940;15/12/2010
2010053356;5;2;2;2;3;940;16/12/2010
2010053357;1;2;1;2;3;940;16/12/2010
2010053358;1;2;1;9;7;940;18/12/2010
2010053359;5;2;4;4;7;940;22/12/2010
2010053360;1;2;1;4;6;940;24/12/2010
2010053361;1;2;3;4;2;940;24/12/2010
2010053362;5;1;1;9;5;940;28/12/2010
2010053363;1;2;3;1;3;940;30/12/2010
2010053364;1;2;3;4;6;940;06/01/2010
2010053365;1;2;1;2;7;940;02/02/2010
2010053366;1;2;1;2;2;940;02/02/2010
2010053367;1;2;1;2;7;940;19/02/2010
2010053368;5;2;1;2;6;940;22/02/2010
2010053369;1;2;1;2;3;940;26/02/2010
2010053370;1;2;1;2;7;940;28/02/2010
2010053371;2;2;1;1;7;940;09/03/2010
2010053372;2;2;1;1;1;940;09/03/2010
2010053373;5;2;1;1;6;940;16/03/2010
2010053374;1;2;1;1;3;940;17/03/2010
2010053375;1;2;2;1;6;940;21/03/2010
2010053376;1;2;1;2;6;940;25/03/2010
2010053377;1;2;2;2;3;940;25/03/2010
2010053378;1;2;1;2;5;940;26/03/2010
2010053379;1;2;6;2;6;940;26/03/2010
2010053380;2;2;1;1;6;940;01/04/2010
2010053381;1;2;1;1;7;940;05/04/2010
2010053382;1;2;1;1;6;940;02/04/2010
2010053383;1;2;1;1;6;940;07/04/2010
2010053384;1;2;1;1;6;940;08/04/2010
2010053385;1;2;3;1;6;940;10/04/2010
2010053386;1;2;3;1;3;940;14/04/2010
2010053387;1;2;1;1;6;940;16/04/2010
2010053388;1;2;1;1;2;940;16/04/2010
2010053389;1;2;1;1;6;940;17/04/2010
2010053390;1;2;1;1;3;940;19/04/2010
2010053391;1;2;1;1;6;940;20/04/2010
2010053392;1;2;3;1;6;940;20/04/2010
2010053393;1;2;1;1;6;940;23/04/2010
2010053394;2;2;1;1;3;940;28/04/2010
2010053395;1;2;1;1;2;940;30/04/2010
2010053396;1;2;1;2;3;940;02/05/2010
2010053397;1;2;2;1;3;940;03/05/2010
2010053398;1;2;1;1;6;940;04/05/2010
2010053399;1;2;2;1;6;940;05/05/2010
2010053400;1;2;1;2;3;940;11/05/2010
2010053401;2;2;1;2;2;940;28/05/2010
2010053402;1;2;1;2;7;940;28/05/2010
2010053403;1;2;1;1;2;940;29/05/2010
2010053404;1;2;1;1;2;940;31/05/2010
2010053405;1;2;5;1;2;940;03/06/2010
2010053406;2;2;2;1;6;940;05/06/2010
2010053407;1;2;1;1;6;940;11/06/2010
2010053408;1;2;1;1;1;940;14/06/2010
2010053409;1;2;1;1;6;940;18/06/2010
2010053410;1;2;1;1;2;940;18/06/2010
2010053411;1;2;1;1;6;940;20/06/2010
2010053412;1;2;1;1;3;940;24/06/2010
2010053413;1;2;1;1;1;940;24/06/2010
2010053414;5;2;1;1;3;940;30/06/2010
2010053415;1;2;1;1;6;940;02/07/2010
2010053416;1;2;1;1;4;940;09/07/2010
2010053417;1;2;1;1;1;940;09/07/2010
2010053418;2;2;1;1;6;940;10/07/2010
2010053419;2;2;2;1;6;940;10/07/2010
2010053420;1;2;1;1;2;940;20/07/2010
2010053421;1;2;1;1;3;940;20/07/2010
2010053422;1;2;1;1;6;940;03/08/2010
2010053423;2;2;2;1;3;940;09/08/2010
2010053424;1;2;1;1;2;940;24/08/2010
2010053425;1;2;3;1;2;940;28/08/2010
2010053426;1;2;1;1;6;940;31/08/2010
2010053427;1;2;1;1;6;940;01/09/2010
2010053428;1;2;2;1;6;940;01/09/2010
2010053429;1;2;2;1;2;940;03/09/2010
2010053430;1;2;2;1;2;940;14/09/2010
2010053431;1;2;1;1;6;940;16/09/2010
2010053432;1;2;1;1;1;940;18/09/2010
2010053433;1;2;1;1;6;940;20/09/2010
2010053434;1;2;1;1;6;940;22/09/2010
2010053435;1;2;1;1;4;940;27/09/2010
2010053436;1;2;1;8;3;940;29/09/2010
2010053437;5;2;1;1;7;940;03/10/2010
2010053438;1;2;3;1;6;940;07/10/2010
2010053439;1;2;1;1;2;940;08/10/2010
2010053440;1;2;1;1;6;940;11/10/2010
2010053441;1;2;2;1;7;940;14/10/2010
2010053442;5;2;1;1;7;940;16/10/2010
2010053443;1;2;1;1;2;940;16/10/2010
2010053444;1;2;1;1;2;940;18/10/2010
2010053445;5;2;3;1;3;940;27/10/2010
2010053446;1;2;3;1;3;940;02/11/2010
2010053447;1;2;1;1;2;940;03/11/2010
2010053448;1;2;2;2;6;940;04/11/2010
2010053449;2;2;2;1;6;940;05/11/2010
2010053450;5;2;1;2;6;940;06/11/2010
2010053451;2;2;3;8;6;940;07/11/2010
2010053452;1;2;3;2;7;940;09/11/2010
2010053453;2;2;2;2;6;940;09/11/2010
2010053454;5;2;1;2;2;940;12/11/2010
2010053455;1;2;2;2;7;940;14/11/2010
2010053456;5;2;1;1;3;940;19/11/2010
2010053457;2;2;1;1;7;940;23/11/2010
2010053458;1;2;3;8;6;940;23/11/2010
2010053459;2;2;1;9;7;940;30/11/2010
2010053460;5;2;1;8;6;940;30/11/2010
2010053461;5;2;2;4;2;940;01/12/2010
2010053462;1;2;1;1;7;940;02/12/2010
2010053463;5;2;1;1;7;940;03/12/2010
2010053464;5;2;3;9;3;940;10/12/2010
2010053465;1;2;2;1;6;940;13/12/2010
2010053466;5;2;1;9;6;940;11/12/2010
2010053467;1;2;1;1;3;940;15/12/2010
2010053468;5;2;1;4;6;940;17/12/2010
2010053469;2;2;1;4;7;940;18/12/2010
2010053470;5;2;1;2;6;940;22/12/2010
2010053471;5;2;1;1;3;940;25/01/2010
2010053472;5;2;2;1;2;940;10/02/2010
2010053473;1;2;1;2;3;940;17/02/2010
2010053474;1;2;1;1;6;940;18/02/2010
2010053475;1;2;3;2;3;940;23/02/2010
2010053476;2;2;3;1;3;940;02/03/2010
2010053477;1;2;3;1;2;940;06/04/2010
2010053478;5;2;2;1;3;940;02/05/2010
2010053479;1;2;2;1;6;940;19/05/2010
2010053480;1;2;1;1;7;940;02/06/2010
2010053481;5;2;1;1;2;940;13/06/2010
2010053482;5;2;1;9;7;940;14/07/2010
2010053483;5;2;1;1;4;940;31/07/2010
2010053484;5;2;4;1;7;940;05/08/2010
2010053485;1;2;1;1;3;940;19/08/2010
2010053486;5;2;3;1;7;940;26/08/2010
2010053487;1;2;1;1;6;940;26/08/2010
2010053488;1;2;1;1;2;940;17/09/2010
2010053489;5;2;3;1;7;940;19/09/2010
2010053490;1;2;1;1;2;940;29/09/2010
2010053491;5;2;1;2;7;940;04/12/2010
2010053492;1;2;1;1;4;940;14/12/2010
2010053493;1;2;3;1;3;940;02/08/2010
2010053494;5;2;2;1;1;940;12/01/2010
2010053495;5;2;4;1;7;940;18/01/2010
2010053496;5;2;2;2;6;940;29/01/2010
2010053497;1;2;1;1;3;940;01/02/2010
2010053498;1;2;2;8;6;940;18/02/2010
2010053499;5;2;1;8;2;940;18/02/2010
2010053500;1;2;2;8;3;940;20/02/2010
2010053501;1;2;2;1;3;940;21/02/2010
2010053502;5;2;1;2;6;940;22/02/2010
2010053503;1;2;3;1;2;940;05/03/2010
2010053504;1;2;1;1;4;940;06/03/2010
2010053505;1;2;2;1;3;940;13/03/2010
2010053506;1;2;1;1;3;940;17/03/2010
2010053507;5;2;1;1;3;940;24/03/2010
2010053508;5;2;2;2;2;940;15/04/2010
2010053509;5;2;3;1;3;940;21/04/2010
2010053510;1;2;1;1;3;940;29/04/2010
2010053511;1;2;3;1;3;940;05/05/2010
2010053512;1;2;3;1;6;940;06/05/2010
2010053513;1;2;2;1;2;940;07/05/2010
2010053514;5;2;1;2;3;940;10/05/2010
2010053515;1;2;2;2;3;940;11/05/2010
2010053516;1;2;2;1;3;940;17/05/2010
2010053517;5;2;5;1;3;940;23/05/2010
2010053518;1;2;4;1;2;940;25/05/2010
2010053519;1;2;2;2;3;940;26/05/2010
2010053520;1;2;1;1;6;940;02/06/2010
2010053521;1;2;2;1;3;940;05/06/2010
2010053522;1;2;1;1;3;940;07/06/2010
2010053523;1;2;1;1;2;940;07/06/2010
2010053524;1;2;1;1;3;940;09/06/2010
2010053525;1;2;2;8;3;940;12/06/2010
2010053526;1;2;2;1;6;940;12/06/2010
2010053527;1;2;5;8;3;940;12/06/2010
2010053528;1;2;2;1;3;940;16/06/2010
2010053529;1;2;1;1;3;940;18/06/2010
2010053530;1;2;2;1;3;940;25/06/2010
2010053531;1;2;2;3;3;940;28/06/2010
2010053532;1;2;1;1;6;940;29/06/2010
2010053533;1;2;1;1;6;940;29/06/2010
2010053534;5;2;2;1;1;940;03/07/2010
2010053535;1;2;1;1;6;940;08/07/2010
2010053536;1;2;1;1;2;940;09/07/2010
2010053537;1;2;2;1;6;940;20/07/2010
2010053538;1;2;2;1;5;940;30/07/2010
2010053539;1;2;2;1;3;940;17/08/2010
2010053540;5;2;3;1;3;940;30/08/2010
2010053541;1;2;1;1;6;940;06/09/2010
2010053542;1;2;3;1;3;940;11/09/2010
2010053543;1;2;2;1;6;940;13/09/2010
2010053544;5;2;1;1;2;940;15/09/2010
2010053545;1;2;2;1;2;940;29/09/2010
2010053546;1;2;1;1;2;940;29/09/2010
2010053547;1;2;3;1;3;940;03/10/2010
2010053548;1;2;3;1;2;940;08/10/2010
2010053549;1;2;4;1;3;940;13/10/2010
2010053550;1;2;1;1;5;940;14/10/2010
2010053551;5;2;1;8;2;940;15/10/2010
2010053552;1;2;1;1;6;940;19/10/2010
2010053553;1;2;2;1;6;940;20/10/2010
2010053554;3;2;4;6;3;940;23/10/2010
2010053555;1;2;2;1;3;940;25/10/2010
2010053556;1;2;3;1;2;940;25/10/2010
2010053557;1;2;2;8;4;940;08/11/2010
2010053558;1;2;2;2;2;940;11/11/2010
2010053559;1;2;1;2;2;940;13/11/2010
2010053560;5;2;2;1;5;940;16/11/2010
2010053561;1;2;1;1;6;940;26/11/2010
2010053562;1;2;2;8;6;940;29/11/2010
2010053563;5;2;1;8;6;940;10/12/2010
2010053564;1;2;1;1;2;940;20/12/2010
2010053565;5;2;6;1;2;940;01/01/2010
2010053566;5;2;1;1;6;940;06/01/2010
2010053567;1;2;1;4;6;940;09/01/2010
2010053568;5;2;3;1;1;940;15/01/2010
2010053569;1;2;5;1;1;940;17/01/2010
2010053570;1;2;3;2;3;940;21/01/2010
2010053571;2;2;1;1;6;940;27/01/2010
2010053572;1;2;3;1;3;940;05/02/2010
2010053573;1;2;4;1;6;940;07/02/2010
2010053574;5;2;3;8;3;940;10/02/2010
2010053575;5;2;1;1;3;940;18/02/2010
2010053576;1;2;1;1;6;940;20/02/2010
2010053577;1;2;1;2;2;940;24/02/2010
2010053578;5;2;2;2;6;940;24/02/2010
2010053579;1;2;2;2;6;940;25/02/2010
2010053580;1;2;1;1;6;940;08/03/2010
2010053581;1;2;1;1;2;940;15/03/2010
2010053582;1;2;3;1;3;940;23/03/2010
2010053583;1;2;2;1;6;940;23/03/2010
2010053584;1;2;5;1;3;940;25/03/2010
2010053585;1;2;1;1;3;940;26/03/2010
2010053586;1;2;5;1;3;940;30/03/2010
2010053587;1;2;2;1;2;940;02/04/2010
2010053588;5;2;1;1;3;940;05/04/2010
2010053589;1;2;7;1;1;940;06/04/2010
2010053590;1;2;6;1;2;940;09/04/2010
2010053591;1;2;3;1;2;940;09/04/2010
2010053592;1;2;1;1;2;940;13/04/2010
2010053593;1;2;3;1;3;940;14/04/2010
2010053594;1;2;5;1;3;940;19/04/2010
2010053595;1;2;1;1;6;940;22/04/2010
2010053596;1;2;1;1;3;940;30/04/2010
2010053597;1;2;2;1;2;940;01/05/2010
2010053598;1;2;2;1;3;940;04/05/2010
2010053599;1;2;2;1;3;940;06/05/2010
2010053600;1;2;1;1;3;940;07/05/2010
2010053601;1;2;1;1;6;940;12/05/2010
2010053602;1;2;2;8;3;940;12/05/2010
2010053603;1;2;1;1;6;940;13/05/2010
2010053604;1;2;6;1;5;940;22/05/2010
2010053605;1;2;3;7;6;940;23/05/2010
2010053606;1;2;2;1;3;940;26/05/2010
2010053607;1;2;1;1;6;940;30/05/2010
2010053608;2;2;1;1;6;940;30/05/2010
2010053609;1;2;1;1;6;940;02/06/2010
2010053610;1;2;1;1;6;940;04/06/2010
2010053611;1;2;1;1;3;940;04/06/2010
2010053612;1;2;2;1;6;940;07/06/2010
2010053613;1;2;1;2;6;940;09/06/2010
2010053614;5;2;5;1;1;940;22/06/2010
2010053615;1;2;2;1;1;940;22/06/2010
2010053616;1;2;6;1;6;940;25/06/2010
2010053617;1;2;5;1;3;940;27/06/2010
2010053618;1;2;2;1;3;940;30/06/2010
2010053619;1;2;2;1;3;940;09/07/2010
2010053620;1;2;3;1;3;940;09/07/2010
2010053621;1;2;3;8;3;940;13/07/2010
2010053622;1;2;1;1;3;940;16/07/2010
2010053623;1;2;2;1;3;940;17/07/2010
2010053624;1;2;3;1;3;940;20/07/2010
2010053625;1;2;1;8;2;940;21/07/2010
2010053626;1;2;3;1;3;940;23/07/2010
2010053627;1;2;1;1;2;940;25/07/2010
2010053628;1;2;2;8;3;940;02/08/2010
2010053629;1;2;2;1;6;940;09/08/2010
2010053630;1;2;5;1;6;940;18/08/2010
2010053631;1;2;1;1;3;940;20/08/2010
2010053632;1;2;2;1;6;940;21/08/2010
2010053633;2;2;3;1;3;940;04/09/2010
2010053634;1;2;2;1;3;940;04/09/2010
2010053635;1;2;2;1;6;940;04/09/2010
2010053636;1;2;2;8;3;940;06/09/2010
2010053637;5;2;2;1;3;940;04/09/2010
2010053638;1;2;3;1;3;940;07/09/2010
2010053639;1;2;1;1;6;940;10/09/2010
2010053640;1;2;1;1;6;940;10/09/2010
2010053641;1;2;1;2;2;940;12/09/2010
2010053642;1;2;1;1;3;940;15/09/2010
2010053643;1;2;2;1;3;940;16/09/2010
2010053644;1;2;2;8;3;940;24/09/2010
2010053645;1;2;2;1;3;940;25/09/2010
2010053646;1;2;3;1;3;940;02/10/2010
2010053647;5;2;1;1;6;940;04/10/2010
2010053648;5;2;6;9;3;940;05/10/2010
2010053649;1;2;5;8;3;940;06/10/2010
2010053650;1;2;4;2;3;940;06/10/2010
2010053651;1;2;1;1;2;940;15/10/2010
2010053652;5;2;4;2;3;940;15/10/2010
2010053653;1;2;1;1;3;940;20/10/2010
2010053654;1;2;2;1;3;940;21/10/2010
2010053655;1;2;1;1;3;940;22/10/2010
2010053656;1;2;2;1;6;940;22/10/2010
2010053657;1;2;1;2;3;940;23/10/2010
2010053658;5;2;5;2;6;940;23/10/2010
2010053659;5;2;3;1;3;940;26/10/2010
2010053660;1;2;2;1;3;940;02/11/2010
2010053661;1;2;4;1;3;940;04/11/2010
2010053662;5;2;2;8;3;940;08/11/2010
2010053663;5;2;1;1;7;940;11/11/2010
2010053664;1;2;2;2;6;940;12/11/2010
2010053665;5;2;1;2;6;940;18/11/2010
2010053666;2;2;1;1;6;940;26/11/2010
2010053667;1;2;3;1;1;940;26/11/2010
2010053668;1;2;2;1;2;940;30/11/2010
2010053669;1;2;1;4;3;940;04/12/2010
2010053670;5;2;3;2;6;940;06/12/2010
2010053671;5;2;1;1;2;940;27/12/2010
2010053672;5;2;2;1;1;940;01/01/2010
2010053673;1;2;3;1;6;940;04/01/2010
2010053674;1;2;2;1;3;940;14/01/2010
2010053675;1;2;2;1;3;940;19/01/2010
2010053676;2;2;1;2;2;940;20/01/2010
2010053677;1;2;1;1;6;940;27/01/2010
2010053678;1;2;1;1;6;940;27/01/2010
2010053679;4;2;1;8;3;940;28/01/2010
2010053680;1;2;2;8;3;940;30/01/2010
2010053681;5;2;3;1;2;940;30/01/2010
2010053682;5;2;2;1;6;940;02/02/2010
2010053683;1;2;1;1;4;940;04/02/2010
2010053684;1;2;1;1;3;940;08/02/2010
2010053685;1;2;2;4;3;940;09/02/2010
2010053686;5;2;3;1;3;940;15/02/2010
2010053687;1;2;3;1;3;940;18/02/2010
2010053688;1;2;1;1;3;940;19/02/2010
2010053689;1;2;2;1;3;940;23/02/2010
2010053690;1;2;3;1;3;940;24/02/2010
2010053691;1;2;2;8;3;940;25/02/2010
2010053692;1;2;1;1;7;940;01/03/2010
2010053693;1;2;1;1;6;940;07/03/2010
2010053694;1;2;2;1;3;940;08/03/2010
2010053695;5;2;1;1;1;940;24/03/2010
2010053696;1;2;2;1;3;940;17/01/2010
2010053697;1;2;2;1;3;940;27/03/2010
2010053698;1;2;2;2;6;940;28/03/2010
2010053699;1;2;5;8;2;940;01/04/2010
2010053700;2;2;2;1;6;940;01/04/2010
2010053701;1;2;2;1;3;940;02/04/2010
2010053702;1;2;2;2;6;940;03/04/2010
2010053703;1;2;5;1;3;940;06/04/2010
2010053704;1;2;1;1;6;940;06/04/2010
2010053705;1;2;1;1;6;940;08/04/2010
2010053706;1;2;2;1;2;940;08/04/2010
2010053707;1;2;2;1;3;940;09/04/2010
2010053708;1;2;2;1;6;940;12/04/2010
2010053709;1;2;2;1;3;940;14/04/2010
2010053710;1;2;1;1;3;940;13/04/2010
2010053711;1;2;2;1;6;940;18/04/2010
2010053712;1;2;1;1;6;940;22/04/2010
2010053713;1;2;1;1;6;940;23/04/2010
2010053714;1;2;2;1;3;940;23/04/2010
2010053715;1;2;2;1;3;940;26/04/2010
2010053716;1;2;3;1;6;940;28/04/2010
2010053717;1;2;1;1;2;940;04/05/2010
2010053718;1;2;2;1;3;940;08/05/2010
2010053719;1;2;3;1;2;940;14/05/2010
2010053720;1;2;1;1;2;940;21/05/2010
2010053721;1;2;5;1;3;940;25/05/2010
2010053722;1;2;1;1;2;940;25/05/2010
2010053723;1;2;2;2;3;940;08/06/2010
2010053724;1;2;2;1;3;940;11/06/2010
2010053725;1;2;2;1;3;940;17/06/2010
2010053726;1;2;1;1;4;940;17/06/2010
2010053727;5;2;2;8;3;940;19/06/2010
2010053728;5;2;3;1;1;940;22/06/2010
2010053729;1;2;2;1;6;940;24/06/2010
2010053730;5;2;1;1;2;940;24/06/2010
2010053731;5;2;3;1;3;940;24/06/2010
2010053732;1;2;1;1;3;940;29/06/2010
2010053733;1;2;1;1;3;940;29/06/2010
2010053734;1;2;1;1;3;940;02/07/2010
2010053735;1;2;2;1;3;940;03/07/2010
2010053736;1;2;2;1;3;940;08/07/2010
2010053737;1;2;1;1;2;940;09/07/2010
2010053738;1;2;2;1;3;940;20/07/2010
2010053739;1;2;1;1;2;940;24/07/2010
2010053740;1;2;2;1;6;940;27/07/2010
2010053741;5;2;2;1;3;940;19/08/2010
2010053742;1;2;3;1;6;940;24/08/2010
2010053743;1;2;1;1;6;940;25/08/2010
2010053744;1;2;6;1;3;940;30/08/2010
2010053745;1;2;2;1;2;940;01/09/2010
2010053746;1;2;2;1;3;940;01/09/2010
2010053747;1;2;2;1;2;940;02/09/2010
2010053748;1;2;3;1;3;940;02/09/2010
2010053749;1;2;3;1;3;940;07/09/2010
2010053750;1;2;4;1;3;940;09/09/2010
2010053751;1;2;2;2;2;940;15/09/2010
2010053752;1;2;1;1;4;940;22/09/2010
2010053753;1;2;1;1;3;940;23/09/2010
2010053754;1;2;2;1;3;940;28/09/2010
2010053755;1;2;3;1;3;940;02/10/2010
2010053756;1;2;4;1;2;940;02/10/2010
2010053757;5;2;1;1;3;940;03/10/2010
2010053758;1;2;2;1;3;940;06/10/2010
2010053759;1;2;4;1;2;940;08/10/2010
2010053760;1;2;1;1;3;940;09/10/2010
2010053761;1;2;2;1;3;940;12/10/2010
2010053762;5;2;2;2;2;940;15/10/2010
2010053763;1;2;4;1;2;940;18/10/2010
2010053764;1;2;3;1;2;940;25/10/2010
2010053765;1;2;2;1;3;940;27/10/2010
2010053766;5;2;7;1;7;940;29/10/2010
2010053767;1;2;2;1;3;940;29/10/2010
2010053768;1;2;1;1;2;940;05/11/2010
2010053769;1;2;1;8;3;940;09/11/2010
2010053770;4;2;3;2;7;940;09/11/2010
2010053771;5;2;6;2;6;940;13/11/2010
2010053772;5;2;1;2;7;940;13/11/2010
2010053773;2;2;3;4;6;940;26/11/2010
2010053774;1;2;2;2;3;940;03/12/2010
2010053775;1;2;1;8;3;940;01/12/2010
2010053776;5;2;3;4;2;940;01/12/2010
2010053777;1;2;2;2;3;940;03/12/2010
2010053778;5;2;4;1;6;940;03/12/2010
2010053779;5;2;7;4;3;940;14/12/2010
2010053780;1;2;2;8;3;940;17/12/2010
2010053781;1;2;6;4;3;940;24/12/2010
2010053782;1;2;5;1;3;940;11/07/2010
2010053783;5;2;2;1;3;940;12/07/2010
2010053784;5;2;2;1;3;940;16/07/2010
2010053785;5;2;6;2;7;940;21/11/2010
2010053786;1;2;1;4;7;940;07/01/2010
2010053787;1;2;1;1;7;940;12/01/2010
2010053788;5;2;1;1;6;940;12/01/2010
2010053789;1;2;1;5;2;940;18/01/2010
2010053790;5;2;1;2;4;940;24/01/2010
2010053791;1;2;1;2;6;940;23/01/2010
2010053792;5;2;2;8;3;940;25/01/2010
2010053793;4;2;1;1;7;940;26/01/2010