num_acc;lum;agg;inter;atm;col;dep;date
2010053794;1;2;1;1;6;940;21/01/2010
2010053795;5;2;1;1;6;940;03/02/2010
2010053796;1;2;1;1;7;940;04/02/2010
2010053797;1;2;2;1;3;940;07/02/2010
2010053798;5;2;1;1;2;940;09/02/2010
2010053799;1;2;1;1;2;940;13/02/2010
2010053800;1;2;1;2;6;940;18/02/2010
2010053801;1;2;1;2;4;940;25/02/2010
2010053802;2;2;1;1;6;940;02/03/2010
2010053803;1;2;1;1;7;940;05/03/2010
2010053804;1;2;1;1;7;940;08/03/2010
2010053805;1;2;1;1;2;940;10/03/2010
2010053806;2;2;3;1;3;940;13/03/2010
2010053807;1;2;1;1;3;940;12/03/2010
2010053808;1;2;1;1;6;940;10/03/2010
2010053809;1;2;1;1;1;940;23/03/2010
2010053810;1;2;1;1;3;940;24/03/2010
2010053811;1;2;6;1;3;940;27/03/2010
2010053812;5;2;1;1;6;940;31/03/2010
2010053813;5;2;1;1;6;940;05/04/2010
2010053814;1;2;1;1;2;940;05/04/2010
2010053815;1;2;1;1;2;940;10/04/2010
2010053816;1;2;2;1;3;940;10/04/2010
2010053817;1;2;1;1;6;940;09/04/2010
2010053818;1;2;1;1;3;940;15/04/2010
2010053819;1;2;1;1;3;940;18/04/2010
2010053820;1;2;1;1;1;940;13/04/2010
2010053821;1;2;1;1;4;940;30/04/2010
2010053822;1;2;1;1;3;940;03/05/2010
2010053823;1;2;1;1;1;940;06/05/2010
2010053824;5;2;1;2;2;940;08/05/2010
2010053825;1;2;1;1;3;940;07/05/2010
2010053826;5;2;3;1;7;940;15/05/2010
2010053827;3;2;2;1;3;940;15/05/2010
2010053828;1;2;1;1;3;940;14/05/2010
2010053829;1;2;1;1;6;940;20/05/2010
2010053830;5;2;1;1;3;940;22/05/2010
2010053831;1;2;1;1;1;940;15/05/2010
2010053832;1;2;1;7;7;940;22/05/2010
2010053833;1;2;3;1;6;940;22/05/2010
2010053834;1;2;1;2;6;940;27/05/2010
2010053835;1;2;2;1;3;940;29/05/2010
2010053836;1;2;3;1;2;940;03/06/2010
2010053837;1;2;1;1;5;940;07/06/2010
2010053838;1;2;2;1;3;940;05/06/2010
2010053839;1;2;1;2;5;940;09/06/2010
2010053840;1;2;1;1;3;940;11/06/2010
2010053841;1;2;1;2;6;940;10/06/2010
2010053842;1;2;1;1;2;940;15/06/2010
2010053843;1;2;1;1;3;940;01/07/2010
2010053844;1;2;1;1;3;940;04/07/2010
2010053845;5;2;3;1;3;940;09/07/2010
2010053846;1;2;1;1;7;940;09/07/2010
2010053847;1;2;1;1;6;940;13/07/2010
2010053848;1;2;2;1;3;940;13/07/2010
2010053849;1;2;4;1;3;940;13/07/2010
2010053850;1;2;1;1;6;940;09/07/2010
2010053851;1;2;1;1;4;940;15/07/2010
2010053852;1;2;1;1;5;940;20/07/2010
2010053853;1;2;1;1;3;940;25/07/2010
2010053854;1;2;3;1;7;940;29/07/2010
2010053855;1;2;1;2;7;940;31/07/2010
2010053856;1;2;1;1;6;940;02/08/2010
2010053857;1;2;6;1;7;940;03/08/2010
2010053858;1;2;1;1;6;940;08/08/2010
2010053859;2;2;1;3;5;940;11/08/2010
2010053860;1;2;4;3;2;940;11/08/2010
2010053861;1;2;1;1;5;940;15/08/2010
2010053862;1;2;1;1;3;940;14/08/2010
2010053863;1;2;1;2;3;940;15/08/2010
2010053864;1;2;1;1;2;940;20/08/2010
2010053865;1;2;1;1;7;940;21/08/2010
2010053866;1;2;1;1;2;940;24/08/2010
2010053867;1;2;3;1;3;940;24/08/2010
2010053868;2;2;1;1;3;940;24/08/2010
2010053869;2;2;3;1;3;940;26/08/2010
2010053870;1;2;1;1;2;940;31/08/2010
2010053871;5;2;1;1;2;940;02/09/2010
2010053872;2;2;1;1;7;940;05/09/2010
2010053873;1;2;1;2;6;940;09/09/2010
2010053874;2;2;1;1;4;940;11/09/2010
2010053875;1;2;1;1;2;940;17/09/2010
2010053876;1;2;1;2;3;940;24/09/2010
2010053877;2;2;3;1;3;940;28/09/2010
2010053878;1;2;3;2;3;940;04/10/2010
2010053879;1;2;1;1;3;940;22/09/2010
2010053880;2;2;1;1;4;940;14/09/2010
2010053881;1;2;2;1;3;940;26/09/2010
2010053882;2;2;1;1;2;940;18/09/2010
2010053883;5;2;1;1;5;940;08/10/2010
2010053884;1;2;1;1;3;940;10/10/2010
2010053885;1;1;1;1;2;940;12/10/2010
2010053886;1;2;1;1;6;940;08/10/2010
2010053887;1;2;3;1;3;940;11/10/2010
2010053888;1;2;2;1;3;940;12/10/2010
2010053889;1;2;3;1;5;940;09/10/2010
2010053890;2;2;1;1;2;940;23/10/2010
2010053891;5;2;1;1;3;940;25/10/2010
2010053892;3;2;3;1;7;940;24/10/2010
2010053893;5;2;2;1;3;940;01/11/2010
2010053894;5;2;1;1;1;940;28/10/2010
2010053895;1;2;1;1;6;940;14/09/2010
2010053896;1;2;1;1;2;940;27/09/2010
2010053897;1;2;2;1;3;940;30/09/2010
2010053898;1;2;1;1;7;940;12/10/2010
2010053899;1;2;1;2;6;940;09/11/2010
2010053900;5;2;3;2;2;940;07/11/2010
2010053901;5;2;3;2;2;940;02/11/2010
2010053902;1;2;2;1;3;940;30/10/2010
2010053903;5;2;1;2;7;940;14/11/2010
2010053904;5;2;1;2;4;940;13/11/2010
2010053905;5;2;1;1;3;940;13/11/2010
2010053906;5;2;2;1;3;940;10/11/2010
2010053907;1;2;2;1;3;940;19/11/2010
2010053908;5;2;1;1;2;940;22/11/2010
2010053909;1;2;3;1;2;940;17/11/2010
2010053910;5;2;2;1;6;940;23/11/2010
2010053911;1;2;1;3;7;940;07/11/2010
2010053912;1;2;1;4;2;940;29/11/2010
2010053913;5;2;3;8;3;940;26/11/2010
2010053914;5;2;2;2;3;940;08/11/2010
2010053915;1;2;2;1;2;940;02/12/2010
2010053916;2;2;1;1;6;940;13/10/2010
2010053917;1;2;1;1;4;940;05/11/2010
2010053918;5;2;1;1;4;940;12/12/2010
2010053919;5;2;1;1;6;940;12/12/2010
2010053920;3;2;4;1;3;940;14/12/2010
2010053921;5;2;1;2;7;940;12/11/2010
2010053922;1;2;6;4;7;940;19/12/2010
2010053923;2;2;1;4;6;940;30/11/2010
2010053924;1;2;3;1;7;940;23/11/2010
2010053925;3;2;3;1;3;940;04/01/2010
2010053926;5;2;1;9;6;940;04/01/2010
2010053927;5;2;1;1;6;940;11/01/2010
2010053928;1;2;2;9;7;940;14/01/2010
2010053929;5;2;2;7;3;940;14/01/2010
2010053930;5;2;2;1;3;940;14/01/2010
2010053931;2;2;3;1;6;940;20/01/2010
2010053932;1;2;1;2;3;940;29/01/2010
2010053933;2;2;2;2;6;940;03/02/2010
2010053934;1;2;5;8;3;940;09/02/2010
2010053935;5;2;5;2;2;940;10/02/2010
2010053936;5;2;1;9;3;940;15/02/2010
2010053937;1;2;2;9;3;940;18/02/2010
2010053938;5;2;2;2;3;940;18/02/2010
2010053939;1;2;1;2;3;940;24/02/2010
2010053940;1;2;1;1;5;940;26/02/2010
2010053941;1;2;3;7;6;940;10/03/2010
2010053942;1;2;3;1;1;940;12/03/2010
2010053943;1;2;1;1;6;940;14/03/2010
2010053944;1;2;2;1;3;940;14/03/2010
2010053945;1;2;1;1;7;940;18/03/2010
2010053946;1;2;3;1;3;940;23/03/2010
2010053947;5;2;3;1;1;940;23/03/2010
2010053948;1;2;2;1;1;940;28/03/2010
2010053949;1;2;2;1;3;940;12/04/2010
2010053950;5;2;2;1;3;940;16/04/2010
2010053951;1;2;1;7;6;940;19/04/2010
2010053952;1;2;1;1;3;940;24/04/2010
2010053953;1;2;2;1;3;940;07/05/2010
2010053954;1;2;2;2;5;940;11/05/2010
2010053955;1;2;1;2;3;940;17/05/2010
2010053956;1;2;2;1;3;940;18/05/2010
2010053957;1;2;2;1;1;940;18/05/2010
2010053958;1;2;3;2;6;940;27/05/2010
2010053959;1;2;2;1;6;940;27/05/2010
2010053960;1;2;2;2;7;940;01/06/2010
2010053961;2;2;2;7;1;940;02/06/2010
2010053962;1;2;1;1;6;940;05/06/2010
2010053963;1;2;2;1;6;940;07/06/2010
2010053964;1;2;2;1;2;940;08/06/2010
2010053965;1;2;2;8;3;940;08/06/2010
2010053966;1;2;1;1;6;940;11/06/2010
2010053967;5;2;1;2;2;940;12/06/2010
2010053968;1;2;2;1;3;940;12/06/2010
2010053969;1;2;2;1;2;940;13/06/2010
2010053970;1;2;1;1;7;940;15/06/2010
2010053971;1;2;2;1;6;940;16/06/2010
2010053972;1;2;2;1;3;940;23/06/2010
2010053973;1;2;2;1;7;940;24/06/2010
2010053974;1;2;2;1;6;940;24/06/2010
2010053975;1;2;3;1;6;940;26/06/2010
2010053976;1;2;3;1;2;940;28/06/2010
2010053977;5;2;3;1;1;940;10/07/2010
2010053978;1;2;4;1;2;940;10/07/2010
2010053979;5;2;3;1;2;940;13/07/2010
2010053980;5;2;2;1;7;940;13/07/2010
2010053981;1;2;1;1;6;940;23/07/2010
2010053982;1;2;1;1;7;940;06/08/2010
2010053983;1;2;1;1;7;940;09/08/2010
2010053984;1;2;6;1;3;940;17/08/2010
2010053985;5;2;3;2;7;940;26/08/2010
2010053986;1;2;3;1;6;940;28/08/2010
2010053987;5;2;2;1;3;940;29/08/2010
2010053988;1;2;2;1;2;940;31/08/2010
2010053989;1;2;2;1;6;940;03/09/2010
2010053990;1;2;2;1;6;940;03/09/2010
2010053991;1;2;7;1;3;940;04/09/2010
2010053992;1;2;3;1;6;940;05/09/2010
2010053993;1;2;2;2;2;940;08/09/2010
2010053994;1;2;3;2;3;940;09/09/2010
2010053995;5;2;3;2;6;940;09/09/2010
2010053996;4;2;2;1;2;940;11/09/2010
2010053997;5;2;3;1;3;940;13/09/2010
2010053998;1;2;2;1;6;940;17/09/2010
2010053999;1;2;4;1;3;940;17/09/2010
2010054000;1;2;2;1;3;940;18/09/2010
2010054001;1;2;5;1;7;940;20/09/2010
2010054002;1;2;3;1;6;940;22/09/2010
2010054003;1;2;2;1;6;940;23/09/2010
2010054004;1;2;1;1;4;940;29/09/2010
2010054005;5;2;3;1;3;940;08/10/2010
2010054006;1;2;3;1;6;940;11/10/2010
2010054007;1;2;3;1;5;940;11/10/2010
2010054008;1;2;3;1;7;940;11/10/2010
2010054009;1;2;2;1;2;940;13/10/2010
2010054010;1;2;1;1;3;940;13/10/2010
2010054011;5;2;2;1;3;940;13/10/2010
2010054012;1;2;4;1;2;940;15/10/2010
2010054013;1;2;3;1;6;940;15/10/2010
2010054014;1;2;2;1;6;940;21/10/2010
2010054015;1;2;2;1;6;940;21/10/2010
2010054016;5;2;2;1;2;940;22/10/2010
2010054017;1;2;2;1;6;940;27/10/2010
2010054018;5;2;2;2;6;940;08/11/2010
2010054019;5;2;4;2;7;940;10/11/2010
2010054020;1;2;3;1;6;940;11/11/2010
2010054021;1;2;2;1;6;940;17/11/2010
2010054022;5;2;3;1;6;940;20/11/2010
2010054023;5;2;4;4;6;940;01/12/2010
2010054024;5;2;2;1;6;940;13/12/2010
2010054025;1;2;5;1;3;940;14/12/2010
2010054026;5;2;2;2;2;940;17/12/2010
2010054027;1;2;5;8;6;940;21/12/2010
2010054028;5;2;2;9;7;940;26/12/2010
2010054029;5;2;6;1;6;940;01/01/2010
2010054030;5;2;2;1;6;940;05/01/2010
2010054031;5;2;3;1;7;940;06/01/2010
2010054032;5;2;3;1;6;940;13/01/2010
2010054033;1;2;3;1;3;940;17/01/2010
2010054034;5;2;1;8;6;940;15/01/2010
2010054035;2;2;1;2;6;940;20/01/2010
2010054036;1;2;2;1;3;940;22/01/2010
2010054037;1;1;3;1;1;940;24/01/2010
2010054038;1;2;3;2;6;940;02/02/2010
2010054039;1;2;1;2;6;940;09/02/2010
2010054040;1;2;1;1;6;940;19/02/2010
2010054041;5;2;1;1;6;940;20/02/2010
2010054042;1;2;1;1;6;940;20/02/2010
2010054043;1;2;1;8;6;940;23/02/2010
2010054044;1;2;2;1;6;940;02/03/2010
2010054045;1;2;1;1;2;940;04/03/2010
2010054046;5;2;2;1;3;940;05/03/2010
2010054047;1;2;1;1;6;940;15/03/2010
2010054048;1;2;3;1;3;940;17/03/2010
2010054049;1;2;1;1;6;940;23/03/2010
2010054050;1;2;1;1;6;940;24/03/2010
2010054051;1;2;3;1;6;940;24/03/2010
2010054052;1;2;1;2;6;940;25/03/2010
2010054053;1;2;1;1;6;940;01/04/2010
2010054054;1;2;1;2;6;940;03/04/2010
2010054055;5;2;3;2;3;940;04/04/2010
2010054056;1;2;1;1;6;940;07/04/2010
2010054057;1;2;2;1;3;940;09/04/2010
2010054058;2;2;1;1;6;940;14/04/2010
2010054059;1;2;2;1;3;940;18/04/2010
2010054060;1;2;3;1;3;940;18/04/2010
2010054061;1;2;3;1;3;940;22/04/2010
2010054062;2;2;2;1;3;940;23/04/2010
2010054063;1;2;2;1;6;940;24/04/2010
2010054064;1;2;1;1;2;940;30/04/2010
2010054065;1;2;1;2;7;940;03/05/2010
2010054066;1;2;2;1;3;940;08/05/2010
2010054067;5;2;1;1;2;940;08/05/2010
2010054068;1;2;1;1;6;940;15/05/2010
2010054069;1;2;1;1;6;940;15/05/2010
2010054070;5;2;2;1;6;940;22/05/2010
2010054071;1;2;1;1;1;940;28/05/2010
2010054072;1;2;1;1;6;940;01/06/2010
2010054073;1;2;1;1;6;940;03/06/2010
2010054074;1;2;2;1;3;940;04/06/2010
2010054075;1;2;2;1;6;940;06/06/2010
2010054076;1;2;3;2;4;940;08/06/2010
2010054077;1;2;3;1;6;940;09/06/2010
2010054078;1;2;1;2;4;940;10/06/2010
2010054079;1;1;1;1;4;940;13/06/2010
2010054080;1;2;2;1;3;940;16/06/2010
2010054081;1;2;3;1;1;940;18/06/2010
2010054082;1;2;3;1;7;940;22/06/2010
2010054083;1;2;1;1;2;940;22/06/2010
2010054084;1;2;1;1;6;940;29/06/2010
2010054085;1;2;3;1;2;940;29/06/2010
2010054086;1;2;2;1;2;940;29/06/2010
2010054087;1;2;3;1;1;940;01/07/2010
2010054088;2;2;2;1;6;940;03/07/2010
2010054089;5;2;3;1;3;940;03/07/2010
2010054090;1;2;3;1;3;940;05/07/2010
2010054091;1;2;2;1;3;940;09/07/2010
2010054092;1;2;1;1;6;940;12/07/2010
2010054093;1;2;2;1;3;940;15/07/2010
2010054094;2;2;1;1;2;940;15/07/2010
2010054095;1;2;1;1;2;940;18/07/2010
2010054096;1;2;1;1;6;940;24/07/2010
2010054097;1;2;1;1;2;940;30/07/2010
2010054098;1;2;1;1;3;940;03/08/2010
2010054099;2;2;1;3;7;940;26/08/2010
2010054100;1;2;6;2;3;940;12/08/2010
2010054101;1;2;3;1;3;940;31/08/2010
2010054102;1;2;1;1;2;940;03/09/2010
2010054103;1;2;2;1;3;940;04/09/2010
2010054104;3;2;2;1;5;940;03/09/2010
2010054105;1;2;1;1;6;940;09/09/2010
2010054106;5;2;1;2;5;940;20/09/2010
2010054107;1;2;3;2;3;940;09/09/2010
2010054108;1;2;2;1;3;940;25/09/2010
2010054109;5;2;3;1;7;940;25/09/2010
2010054110;1;2;1;1;6;940;28/09/2010
2010054111;1;2;1;1;6;940;22/09/2010
2010054112;1;2;1;2;2;940;04/10/2010
2010054113;1;2;1;1;6;940;15/10/2010
2010054114;5;2;2;1;3;940;09/10/2010
2010054115;1;2;2;1;3;940;10/10/2010
2010054116;1;2;1;1;6;940;16/10/2010
2010054117;1;2;2;1;3;940;20/10/2010
2010054118;1;2;2;1;6;940;21/10/2010
2010054119;5;2;2;1;3;940;08/10/2010
2010054120;5;2;3;2;3;940;23/10/2010
2010054121;5;2;3;1;3;940;25/10/2010
2010054122;4;2;3;1;3;940;29/10/2010
2010054123;5;2;1;1;6;940;04/11/2010
2010054124;5;2;2;2;6;940;06/11/2010
2010054125;2;2;3;2;6;940;09/11/2010
2010054126;5;2;3;2;6;940;09/11/2010
2010054127;5;2;1;2;6;940;10/11/2010
2010054128;5;2;2;1;6;940;02/11/2010
2010054129;5;2;3;8;6;940;14/11/2010
2010054130;1;2;1;1;6;940;16/11/2010
2010054131;5;2;1;1;3;940;23/11/2010
2010054132;2;2;1;2;6;940;25/11/2010
2010054133;5;2;2;2;6;940;06/12/2010
2010054134;1;2;1;1;6;940;14/12/2010
2010054135;5;2;6;1;6;940;15/12/2010
2010054136;1;2;1;1;6;940;27/12/2010
2010054137;1;2;1;1;6;940;30/12/2010
2010054138;1;2;2;1;6;940;24/06/2010
2010054139;1;2;1;1;5;950;04/01/2010
2010054140;1;2;2;1;3;950;05/01/2010
2010054141;2;2;3;8;6;950;04/01/2010
2010054142;1;2;1;1;6;950;08/01/2010
2010054143;1;2;1;8;3;950;12/01/2010
2010054144;5;2;1;1;2;950;18/01/2010
2010054145;1;2;2;2;6;950;18/01/2010
2010054146;1;2;2;2;3;950;18/01/2010
2010054147;1;2;3;2;7;950;20/01/2010
2010054148;1;2;2;2;3;950;21/01/2010
2010054149;5;2;1;1;6;950;21/01/2010
2010054150;1;2;1;8;7;950;22/01/2010
2010054151;5;2;2;1;3;950;22/01/2010
2010054152;1;2;1;1;7;950;28/01/2010
2010054153;1;2;1;4;7;950;30/01/2010
2010054154;1;2;3;1;2;950;31/01/2010
2010054155;2;2;1;2;7;950;01/02/2010
2010054156;5;2;3;8;5;950;30/01/2010
2010054157;1;2;1;2;2;950;03/02/2010
2010054158;1;2;3;1;7;950;07/02/2010
2010054159;5;2;1;2;6;950;08/02/2010
2010054160;1;2;3;4;2;950;09/02/2010
2010054161;2;2;1;4;6;950;11/02/2010
2010054162;1;2;2;8;3;950;11/02/2010
2010054163;1;2;1;1;3;950;18/02/2010
2010054164;3;2;1;2;7;950;20/02/2010
2010054165;5;2;3;1;3;950;20/02/2010
2010054166;5;2;3;8;6;950;22/02/2010
2010054167;5;2;2;1;3;950;03/03/2010
2010054168;1;2;3;1;4;950;04/03/2010
2010054169;1;2;1;1;6;950;06/03/2010
2010054170;5;2;1;1;6;950;08/03/2010
2010054171;1;2;1;1;7;950;09/03/2010
2010054172;2;2;1;1;6;950;11/03/2010
2010054173;1;2;2;1;3;950;12/03/2010
2010054174;1;2;5;1;3;950;12/03/2010
2010054175;1;2;1;1;6;950;15/03/2010
2010054176;1;2;3;1;6;950;16/03/2010
2010054177;1;2;1;1;3;950;18/03/2010
2010054178;5;2;5;2;6;950;20/03/2010
2010054179;2;2;3;1;6;950;18/03/2010
2010054180;1;2;3;1;6;950;22/03/2010
2010054181;1;2;1;1;3;950;24/03/2010
2010054182;1;2;3;1;3;950;25/03/2010
2010054183;1;2;5;1;6;950;23/03/2010
2010054184;1;2;2;1;6;950;27/03/2010
2010054185;1;2;3;2;4;950;29/03/2010
2010054186;2;2;2;2;2;950;30/03/2010
2010054187;1;2;1;1;6;950;30/03/2010
2010054188;1;2;3;1;7;950;31/03/2010
2010054189;2;2;1;2;6;950;04/04/2010
2010054190;1;2;1;1;7;950;05/04/2010
2010054191;1;2;1;1;6;950;08/04/2010
2010054192;1;2;1;1;6;950;11/04/2010
2010054193;1;2;2;1;6;950;13/04/2010
2010054194;1;1;1;1;6;950;15/04/2010
2010054195;1;2;1;1;6;950;16/04/2010
2010054196;5;2;2;1;3;950;18/04/2010
2010054197;1;2;3;1;5;950;16/04/2010
2010054198;1;2;1;1;6;950;19/04/2010
2010054199;1;2;5;1;3;950;19/04/2010
2010054200;2;2;1;1;6;950;20/04/2010
2010054201;1;2;2;7;3;950;19/04/2010
2010054202;1;2;1;1;7;950;24/04/2010
2010054203;1;2;1;1;6;950;23/04/2010
2010054204;5;2;1;1;6;950;28/04/2010
2010054205;2;2;2;1;3;950;28/04/2010
2010054206;1;2;3;1;3;950;29/04/2010
2010054207;1;2;1;1;3;950;30/04/2010
2010054208;1;2;1;1;1;950;30/04/2010
2010054209;1;2;2;1;3;950;30/04/2010
2010054210;1;2;1;1;6;950;30/04/2010
2010054211;2;2;1;2;7;950;02/05/2010
2010054212;1;2;3;1;6;950;30/04/2010
2010054213;2;1;1;1;7;950;02/05/2010
2010054214;1;2;2;1;6;950;03/05/2010
2010054215;1;2;1;2;6;950;03/05/2010
2010054216;1;2;3;1;3;950;03/05/2010
2010054217;1;2;3;1;6;950;06/05/2010
2010054218;1;2;2;1;5;950;08/05/2010
2010054219;1;2;3;1;3;950;10/05/2010
2010054220;1;2;1;1;6;950;10/05/2010
2010054221;1;2;1;2;3;950;11/05/2010
2010054222;1;2;1;1;6;950;14/05/2010
2010054223;1;2;2;1;2;950;15/05/2010
2010054224;1;2;1;1;4;950;17/05/2010
2010054225;1;2;1;7;3;950;17/05/2010
2010054226;1;2;2;1;3;950;22/05/2010
2010054227;2;2;1;1;6;950;23/05/2010
2010054228;1;2;1;8;2;950;26/05/2010
2010054229;1;2;2;1;3;950;27/05/2010
2010054230;1;2;1;1;6;950;29/05/2010
2010054231;1;2;1;1;2;950;28/05/2010
2010054232;1;2;2;1;3;950;02/06/2010
2010054233;1;2;2;1;7;950;06/06/2010
2010054234;4;2;6;1;2;950;05/06/2010
2010054235;1;2;2;1;6;950;06/06/2010
2010054236;1;2;1;1;6;950;07/06/2010
2010054237;1;2;1;1;6;950;07/06/2010
2010054238;1;2;2;1;3;950;05/06/2010
2010054239;5;2;3;1;2;950;11/06/2010
2010054240;1;2;1;1;3;950;12/06/2010
2010054241;1;1;1;1;5;950;14/06/2010
2010054242;1;2;2;1;3;950;15/06/2010
2010054243;1;2;1;1;5;950;15/06/2010
2010054244;1;2;1;1;3;950;15/06/2010
2010054245;4;2;1;1;6;950;18/06/2010
2010054246;1;2;1;1;6;950;20/06/2010
2010054247;1;2;1;1;2;950;20/06/2010
2010054248;1;2;2;1;6;950;21/06/2010
2010054249;1;2;2;1;4;950;20/06/2010
2010054250;1;2;1;1;6;950;19/06/2010
2010054251;1;2;2;1;1;950;23/06/2010
2010054252;1;2;2;1;3;950;23/06/2010
2010054253;1;2;1;1;6;950;23/06/2010
2010054254;1;2;1;1;6;950;24/06/2010
2010054255;1;2;3;7;6;950;25/06/2010
2010054256;1;2;3;1;6;950;27/06/2010
2010054257;1;2;2;1;3;950;28/06/2010
2010054258;1;2;2;1;3;950;30/06/2010
2010054259;1;2;1;1;2;950;07/07/2010
2010054260;1;2;1;1;6;950;08/07/2010
2010054261;1;2;2;1;3;950;08/07/2010
2010054262;1;2;2;1;3;950;11/07/2010
2010054263;1;2;2;1;3;950;11/07/2010
2010054264;1;2;1;1;3;950;12/07/2010
2010054265;1;2;1;2;7;950;12/07/2010
2010054266;1;1;3;1;2;950;13/07/2010
2010054267;1;2;2;1;2;950;14/07/2010
2010054268;5;2;3;1;7;950;15/07/2010
2010054269;1;2;5;1;3;950;15/07/2010
2010054270;1;2;3;1;6;950;15/07/2010
2010054271;1;2;3;1;6;950;13/07/2010
2010054272;1;2;1;1;6;950;19/07/2010
2010054273;1;2;1;1;6;950;20/07/2010
2010054274;1;2;5;1;3;950;19/07/2010
2010054275;1;2;1;1;6;950;22/07/2010
2010054276;1;2;1;1;1;950;26/07/2010
2010054277;1;2;3;1;6;950;28/07/2010
2010054278;5;2;3;1;6;950;28/07/2010
2010054279;1;2;2;1;2;950;30/07/2010
2010054280;1;2;3;1;6;950;29/07/2010
2010054281;1;2;3;1;3;950;30/07/2010
2010054282;1;2;2;1;6;950;02/08/2010
2010054283;5;2;4;2;6;950;04/08/2010
2010054284;1;2;2;1;3;950;08/08/2010
2010054285;1;2;2;1;4;950;12/08/2010
2010054286;5;2;6;2;6;950;15/08/2010
2010054287;1;2;2;1;3;950;17/08/2010
2010054288;1;2;2;1;3;950;21/08/2010
2010054289;1;1;1;1;6;950;24/08/2010
2010054290;1;2;2;1;4;950;23/08/2010
2010054291;1;2;3;1;6;950;25/08/2010
2010054292;1;2;7;1;6;950;29/08/2010
2010054293;1;2;2;1;6;950;28/08/2010
2010054294;1;2;2;1;3;950;03/09/2010
2010054295;1;2;1;1;3;950;03/09/2010
2010054296;1;2;2;1;3;950;03/09/2010
2010054297;2;2;2;1;3;950;05/09/2010
2010054298;1;2;1;2;2;950;08/09/2010
2010054299;1;2;3;2;3;950;08/09/2010
2010054300;1;2;3;1;6;950;10/09/2010
2010054301;1;2;2;1;6;950;11/09/2010
2010054302;1;2;1;1;3;950;13/09/2010
2010054303;1;2;1;1;6;950;15/09/2010
2010054304;1;2;1;1;2;950;15/09/2010
2010054305;1;2;2;2;2;950;15/09/2010
2010054306;1;2;2;1;3;950;16/09/2010
2010054307;5;2;2;1;3;950;15/09/2010
2010054308;1;2;5;1;6;950;17/09/2010
2010054309;1;2;1;1;6;950;18/09/2010
2010054310;1;2;3;1;3;950;19/09/2010
2010054311;1;2;2;1;3;950;22/09/2010
2010054312;1;2;2;1;3;950;23/09/2010
2010054313;5;2;1;1;6;950;23/09/2010
2010054314;2;1;1;2;2;950;24/09/2010
2010054315;1;2;1;1;6;950;24/09/2010
2010054316;5;2;3;1;3;950;25/09/2010
2010054317;1;2;2;2;3;950;28/09/2010
2010054318;1;2;1;2;6;950;30/09/2010
2010054319;1;2;6;2;6;950;05/10/2010
2010054320;1;2;2;2;3;950;06/10/2010
2010054321;1;2;2;1;6;950;07/10/2010
2010054322;5;2;2;1;2;950;06/10/2010
2010054323;5;2;2;1;3;950;08/10/2010
2010054324;1;2;3;1;2;950;09/10/2010
2010054325;1;2;6;1;3;950;09/10/2010
2010054326;1;2;1;1;6;950;10/10/2010
2010054327;5;2;2;1;3;950;09/10/2010
2010054328;1;1;1;1;6;950;12/10/2010
2010054329;2;2;1;1;6;950;14/10/2010
2010054330;5;2;2;1;6;950;13/10/2010
2010054331;1;2;2;1;3;950;16/10/2010
2010054332;1;2;2;1;3;950;14/10/2010
2010054333;1;2;2;1;3;950;22/10/2010
2010054334;1;2;1;1;6;950;21/10/2010
2010054335;1;2;1;1;6;950;22/10/2010
2010054336;1;2;2;1;6;950;22/10/2010
2010054337;2;2;1;1;6;950;24/10/2010
2010054338;2;2;3;1;7;950;26/10/2010
2010054339;1;2;2;8;3;950;27/10/2010
2010054340;1;2;1;1;6;950;03/11/2010
2010054341;1;2;1;1;6;950;02/11/2010
2010054342;1;2;3;1;6;950;05/11/2010
2010054343;2;1;1;8;4;950;05/11/2010
2010054344;1;2;2;2;4;950;06/11/2010
2010054345;1;2;1;2;6;950;09/11/2010
2010054346;2;2;3;2;2;950;09/11/2010
2010054347;2;2;6;2;2;950;10/11/2010
2010054348;1;2;1;1;3;950;11/11/2010
2010054349;1;2;1;1;1;950;10/11/2010
2010054350;1;2;1;8;3;950;12/11/2010
2010054351;5;2;2;8;5;950;14/11/2010
2010054352;4;2;2;2;3;950;17/11/2010
2010054353;2;2;2;1;3;950;18/11/2010
2010054354;5;2;2;1;3;950;17/11/2010
2010054355;5;2;1;1;6;950;20/11/2010
2010054356;4;1;1;1;2;950;22/11/2010
2010054357;3;2;1;1;6;950;23/11/2010
2010054358;1;2;2;8;6;950;25/11/2010
2010054359;4;2;3;1;3;950;26/11/2010
2010054360;1;2;4;1;6;950;28/11/2010
2010054361;2;2;4;4;3;950;29/11/2010
2010054362;1;2;1;8;6;950;26/11/2010
2010054363;5;2;1;2;6;950;26/11/2010
2010054364;1;2;1;1;6;950;27/11/2010
2010054365;4;2;2;1;6;950;25/11/2010
2010054366;1;2;3;1;6;950;30/11/2010
2010054367;2;2;3;1;7;950;03/12/2010
2010054368;2;2;1;8;3;950;06/12/2010
2010054369;5;2;1;1;1;950;11/12/2010
2010054370;1;2;2;8;6;950;17/12/2010
2010054371;5;2;5;1;6;950;15/12/2010