num_acc;lum;agg;inter;atm;col;dep;date
2010054372;5;2;1;4;6;950;18/12/2010
2010054373;1;2;2;2;6;950;21/12/2010
2010054374;5;2;1;8;6;950;21/12/2010
2010054375;1;2;3;1;6;950;22/12/2010
2010054376;1;2;3;8;6;950;24/12/2010
2010054377;5;2;3;8;3;950;25/12/2010
2010054378;1;2;1;1;6;950;24/11/2010
2010054379;1;2;1;1;3;950;06/12/2010
2010054380;3;2;1;1;6;950;03/03/2010
2010054381;5;2;1;1;3;950;15/03/2010
2010054382;2;2;3;1;3;950;31/03/2010
2010054383;1;2;1;2;3;950;02/04/2010
2010054384;1;2;1;1;1;950;19/05/2010
2010054385;5;2;2;1;5;950;21/07/2010
2010054386;5;2;3;2;3;950;23/10/2010
2010054387;1;2;1;1;3;950;02/11/2010
2010054388;1;2;1;2;6;950;09/11/2010
2010054389;5;2;1;1;6;950;16/11/2010
2010054390;1;2;1;1;6;950;05/01/2010
2010054391;1;2;1;1;6;950;18/01/2010
2010054392;2;2;1;3;6;950;20/01/2010
2010054393;1;2;1;1;6;950;05/02/2010
2010054394;1;2;1;8;3;950;11/02/2010
2010054395;1;2;1;1;6;950;19/02/2010
2010054396;1;1;2;8;3;950;24/02/2010
2010054397;1;2;1;1;6;950;04/03/2010
2010054398;5;2;1;1;6;950;11/03/2010
2010054399;1;2;1;1;3;950;10/03/2010
2010054400;1;2;3;1;6;950;11/03/2010
2010054401;1;2;1;1;3;950;15/03/2010
2010054402;1;2;6;1;6;950;14/03/2010
2010054403;3;1;3;1;1;950;23/03/2010
2010054404;5;2;2;1;3;950;23/03/2010
2010054405;5;2;1;2;2;950;25/03/2010
2010054406;5;2;1;2;6;950;30/03/2010
2010054407;1;2;2;1;6;950;01/04/2010
2010054408;1;2;1;1;6;950;01/04/2010
2010054409;5;2;1;1;2;950;07/04/2010
2010054410;1;2;1;1;6;950;11/04/2010
2010054411;2;1;1;1;6;950;14/04/2010
2010054412;1;1;1;1;3;950;15/04/2010
2010054413;5;2;1;1;2;950;22/04/2010
2010054414;1;2;1;1;6;950;05/05/2010
2010054415;1;1;1;1;2;950;07/05/2010
2010054416;5;2;6;1;6;950;08/05/2010
2010054417;1;2;6;1;3;950;10/05/2010
2010054418;1;2;7;1;3;950;16/05/2010
2010054419;1;2;1;1;1;950;18/05/2010
2010054420;1;1;1;1;4;950;16/05/2010
2010054421;1;1;1;1;6;950;19/05/2010
2010054422;1;2;1;1;1;950;25/05/2010
2010054423;1;2;6;1;3;950;02/06/2010
2010054424;5;1;1;2;2;950;30/05/2010
2010054425;1;2;2;1;6;950;13/06/2010
2010054426;1;2;1;8;2;950;21/06/2010
2010054427;1;2;1;1;3;950;26/06/2010
2010054428;1;1;1;1;3;950;16/07/2010
2010054429;1;2;2;1;3;950;29/07/2010
2010054430;1;2;1;1;6;950;25/08/2010
2010054431;1;2;4;1;3;950;21/08/2010
2010054432;1;2;3;1;3;950;28/08/2010
2010054433;5;2;3;1;3;950;07/09/2010
2010054434;1;2;2;8;3;950;08/09/2010
2010054435;1;2;1;1;6;950;19/09/2010
2010054436;1;2;1;1;4;950;21/09/2010
2010054437;1;2;2;1;6;950;21/09/2010
2010054438;5;2;2;1;6;950;27/09/2010
2010054439;1;2;1;1;4;950;13/10/2010
2010054440;1;2;6;1;3;950;21/10/2010
2010054441;1;2;1;1;3;950;25/10/2010
2010054442;1;2;1;1;6;950;26/10/2010
2010054443;1;2;1;3;6;950;07/11/2010
2010054444;5;2;1;1;6;950;07/11/2010
2010054445;5;2;2;8;3;950;19/11/2010
2010054446;1;2;3;8;1;950;15/11/2010
2010054447;5;2;1;2;6;950;16/11/2010
2010054448;1;2;7;1;6;950;11/12/2010
2010054449;2;2;1;1;6;950;10/04/2010
2010054450;1;2;1;1;3;950;09/04/2010
2010054451;1;2;1;1;2;950;12/08/2010
2010054452;1;2;1;1;3;950;20/05/2010
2010054453;1;2;1;1;3;950;12/08/2010
2010054454;1;2;3;1;3;950;20/10/2010
2010054455;4;1;1;3;5;950;30/10/2010
2010054456;1;2;1;4;6;950;04/01/2010
2010054457;1;2;1;1;2;950;04/03/2010
2010054458;1;2;1;1;3;950;09/03/2010
2010054459;5;2;3;2;3;950;19/03/2010
2010054460;1;2;3;1;3;950;23/03/2010
2010054461;1;2;1;1;6;950;02/04/2010
2010054462;1;2;2;1;1;950;13/04/2010
2010054463;1;2;1;1;6;950;17/04/2010
2010054464;1;2;1;1;2;950;22/04/2010
2010054465;1;2;1;1;6;950;29/04/2010
2010054466;2;2;1;1;6;950;24/02/2010
2010054467;1;2;3;1;4;950;19/05/2010
2010054468;1;2;2;1;6;950;01/06/2010
2010054469;1;2;3;1;6;950;08/06/2010
2010054470;1;2;3;1;3;950;24/06/2010
2010054471;1;2;2;1;3;950;23/06/2010
2010054472;2;2;1;1;6;950;09/07/2010
2010054473;1;2;2;1;3;950;19/07/2010
2010054474;1;2;1;1;3;950;03/08/2010
2010054475;1;2;1;1;6;950;30/08/2010
2010054476;1;2;3;1;3;950;11/09/2010
2010054477;1;2;1;1;3;950;06/09/2010
2010054478;1;2;1;1;3;950;07/08/2010
2010054479;4;2;2;1;1;950;16/09/2010
2010054480;1;2;1;1;6;950;16/10/2010
2010054481;2;2;1;1;6;950;22/10/2010
2010054482;2;2;3;1;3;950;27/10/2010
2010054483;1;2;1;1;6;950;29/10/2010
2010054484;5;2;1;4;6;950;23/12/2010
2010054485;5;2;1;2;1;950;17/01/2010
2010054486;5;2;1;1;6;950;18/03/2010
2010054487;1;2;2;1;3;950;30/04/2010
2010054488;1;2;1;1;3;950;25/05/2010
2010054489;1;2;1;1;6;950;29/08/2010
2010054490;3;2;1;1;6;950;09/10/2010
2010054491;1;2;1;1;3;950;20/07/2010
2010054492;5;2;1;2;6;950;17/11/2010
2010054493;5;2;1;1;2;950;11/12/2010
2010054494;1;2;1;1;1;950;26/03/2010
2010054495;1;2;1;1;6;950;08/06/2010
2010054496;1;2;3;2;1;950;12/11/2010
2010054497;1;2;2;1;3;950;30/04/2010
2010054498;1;2;6;1;2;950;05/06/2010
2010054499;1;2;3;2;6;950;06/02/2010
2010054500;5;2;1;1;3;950;03/01/2010
2010054501;1;2;2;9;6;950;04/01/2010
2010054502;5;2;1;4;6;950;09/01/2010
2010054503;5;2;1;1;3;950;11/01/2010
2010054504;1;2;1;1;6;950;12/01/2010
2010054505;5;2;1;5;6;950;15/01/2010
2010054506;1;2;3;1;3;950;26/01/2010
2010054507;1;2;1;1;2;950;29/01/2010
2010054508;5;2;6;1;3;950;30/01/2010
2010054509;5;2;1;1;6;950;02/02/2010
2010054510;1;2;1;1;6;950;16/02/2010
2010054511;1;2;1;2;6;950;24/02/2010
2010054512;1;2;6;1;1;950;02/03/2010
2010054513;5;2;4;1;2;950;03/03/2010
2010054514;1;2;6;1;2;950;15/03/2010
2010054515;1;2;6;1;2;950;17/03/2010
2010054516;1;2;3;1;3;950;17/03/2010
2010054517;1;2;1;1;6;950;20/03/2010
2010054518;2;2;2;1;4;950;20/03/2010
2010054519;1;2;1;1;3;950;22/03/2010
2010054520;1;2;2;1;3;950;23/03/2010
2010054521;1;2;1;1;2;950;24/03/2010
2010054522;1;2;1;1;6;950;25/03/2010
2010054523;1;2;1;1;7;950;29/03/2010
2010054524;1;2;2;1;6;950;29/03/2010
2010054525;1;2;2;1;3;950;31/03/2010
2010054526;2;2;3;2;3;950;02/04/2010
2010054527;2;2;1;1;1;950;09/04/2010
2010054528;1;2;1;1;3;950;12/04/2010
2010054529;1;2;1;1;3;950;18/04/2010
2010054530;1;2;1;1;3;950;19/04/2010
2010054531;1;2;1;1;2;950;20/04/2010
2010054532;1;2;3;1;2;950;24/04/2010
2010054533;1;2;3;1;6;950;04/05/2010
2010054534;1;2;6;1;3;950;12/05/2010
2010054535;1;2;3;1;1;950;26/05/2010
2010054536;1;2;1;1;6;950;27/05/2010
2010054537;1;2;3;1;3;950;01/06/2010
2010054538;1;2;1;1;1;950;01/06/2010
2010054539;1;2;1;1;2;950;02/06/2010
2010054540;1;2;1;1;6;950;04/06/2010
2010054541;1;2;1;1;1;950;09/06/2010
2010054542;1;2;1;1;2;950;18/06/2010
2010054543;1;2;1;1;3;950;21/06/2010
2010054544;1;2;1;1;2;950;21/06/2010
2010054545;1;2;1;1;2;950;22/06/2010
2010054546;1;2;1;1;3;950;26/06/2010
2010054547;1;2;3;1;3;950;11/07/2010
2010054548;1;2;2;1;1;950;17/07/2010
2010054549;1;2;6;1;3;950;18/07/2010
2010054550;1;2;1;1;1;950;29/07/2010
2010054551;5;2;1;1;6;950;05/08/2010
2010054552;1;2;2;1;1;950;06/08/2010
2010054553;1;2;2;1;3;950;09/08/2010
2010054554;1;2;6;1;6;950;10/08/2010
2010054555;1;2;6;1;3;950;16/08/2010
2010054556;1;2;1;1;6;950;21/08/2010
2010054557;1;2;3;1;6;950;23/08/2010
2010054558;1;2;1;1;3;950;29/08/2010
2010054559;1;2;3;1;3;950;06/09/2010
2010054560;2;2;1;1;6;950;08/09/2010
2010054561;2;2;1;1;6;950;08/09/2010
2010054562;1;2;1;1;6;950;20/09/2010
2010054563;5;2;1;1;3;950;21/09/2010
2010054564;1;2;1;1;6;950;30/09/2010
2010054565;1;2;3;1;3;950;30/09/2010
2010054566;1;2;1;1;3;950;01/10/2010
2010054567;1;2;1;1;6;950;04/10/2010
2010054568;1;2;1;1;1;950;12/10/2010
2010054569;1;2;6;1;3;950;14/10/2010
2010054570;1;2;1;1;6;950;16/10/2010
2010054571;1;2;1;1;3;950;19/10/2010
2010054572;1;2;1;1;6;950;26/10/2010
2010054573;1;2;1;1;6;950;28/10/2010
2010054574;1;2;1;1;6;950;04/11/2010
2010054575;5;2;1;1;6;950;08/11/2010
2010054576;5;2;1;3;6;950;13/11/2010
2010054577;1;2;3;1;2;950;17/11/2010
2010054578;5;2;1;1;6;950;19/11/2010
2010054579;4;2;1;1;6;950;26/11/2010
2010054580;1;2;6;1;3;950;29/11/2010
2010054581;1;2;1;1;6;950;03/12/2010
2010054582;1;2;3;1;6;950;03/12/2010
2010054583;2;2;1;4;7;950;04/12/2010
2010054584;1;2;2;1;6;950;21/12/2010
2010054585;1;2;6;1;6;950;15/04/2010
2010054586;1;2;1;1;7;950;29/03/2010
2010054587;1;2;1;1;6;950;07/06/2010
2010054588;1;2;1;1;3;950;09/06/2010
2010054589;1;2;1;1;1;950;02/08/2010
2010054590;1;2;3;1;6;950;11/06/2010
2010054591;1;2;1;1;2;950;28/10/2010
2010054592;1;2;1;1;3;950;09/11/2010
2010054593;5;2;6;3;1;950;13/11/2010
2010054594;1;2;1;1;3;950;23/10/2010
2010054595;1;2;1;1;6;950;25/10/2010
2010054596;1;2;1;4;6;950;17/12/2010
2010054597;1;2;3;1;3;950;16/03/2010
2010054598;2;2;6;1;7;950;28/06/2010
2010054599;1;2;2;1;3;950;29/08/2010
2010054600;1;2;1;1;6;950;21/07/2010
2010054601;5;2;3;1;3;950;18/04/2010
2010054602;1;2;1;1;6;950;07/07/2010
2010054603;1;2;1;1;6;950;16/07/2010
2010054604;5;2;1;1;3;950;02/10/2010
2010054605;5;2;2;1;3;950;26/10/2010
2010054606;1;2;3;8;3;950;26/10/2010
2010054607;5;2;1;3;6;950;10/08/2010
2010054608;1;2;1;1;6;950;10/09/2010
2010054609;1;2;1;8;6;950;15/11/2010
2010054610;1;2;6;9;3;950;13/01/2010
2010054611;1;2;1;8;1;950;05/01/2010
2010054612;1;2;1;1;2;950;08/02/2010
2010054613;1;2;1;1;2;950;03/03/2010
2010054614;1;2;1;1;6;950;28/05/2010
2010054615;1;2;1;1;6;950;28/05/2010
2010054616;1;2;1;1;5;950;07/06/2010
2010054617;1;2;1;1;6;950;18/06/2010
2010054618;3;2;1;1;6;950;18/06/2010
2010054619;2;2;1;1;4;950;01/07/2010
2010054620;1;2;1;1;2;950;30/08/2010
2010054621;1;2;6;1;6;950;03/10/2010
2010054622;5;2;1;1;3;950;03/02/2010
2010054623;1;2;2;1;2;950;18/09/2010
2010054624;5;2;3;9;3;950;28/02/2010
2010054625;1;2;2;1;6;950;20/04/2010
2010054626;2;2;1;1;6;950;20/04/2010
2010054627;1;2;1;9;6;950;18/04/2010
2010054628;1;2;1;9;2;950;03/05/2010
2010054629;2;2;3;1;6;950;08/05/2010
2010054630;2;2;2;1;6;950;24/04/2010
2010054631;5;2;1;1;6;950;11/04/2010
2010054632;1;2;1;1;6;950;14/05/2010
2010054633;1;2;1;1;5;950;13/06/2010
2010054634;1;2;3;1;3;950;15/05/2010
2010054635;1;2;1;1;2;950;08/07/2010
2010054636;1;2;2;1;6;950;24/05/2010
2010054637;1;2;3;1;3;950;09/08/2010
2010054638;5;2;3;2;3;950;15/08/2010
2010054639;5;2;1;1;3;950;12/09/2010
2010054640;1;2;2;1;3;950;10/10/2010
2010054641;1;2;1;1;6;950;17/09/2010
2010054642;5;2;1;3;6;950;06/11/2010
2010054643;1;2;3;1;3;950;07/10/2010
2010054644;1;2;1;1;6;950;03/11/2010
2010054645;1;2;1;1;6;950;15/01/2010
2010054646;1;2;3;1;3;950;19/01/2010
2010054647;1;2;1;1;1;950;23/01/2010
2010054648;1;2;1;1;3;950;05/02/2010
2010054649;2;1;1;2;3;950;23/02/2010
2010054650;1;2;1;1;3;950;04/03/2010
2010054651;5;1;1;1;3;950;09/03/2010
2010054652;1;2;1;1;2;950;12/03/2010
2010054653;1;2;1;1;3;950;12/03/2010
2010054654;1;2;1;1;6;950;13/03/2010
2010054655;1;2;2;1;6;950;18/03/2010
2010054656;1;2;1;1;6;950;22/03/2010
2010054657;1;2;2;1;3;950;27/03/2010
2010054658;1;2;2;1;3;950;01/04/2010
2010054659;5;2;1;2;6;950;04/04/2010
2010054660;1;2;1;1;3;950;05/04/2010
2010054661;1;2;2;1;3;950;05/04/2010
2010054662;1;2;1;1;5;950;16/04/2010
2010054663;1;2;1;1;3;950;24/04/2010
2010054664;1;2;1;1;3;950;24/04/2010
2010054665;1;2;1;1;1;950;02/05/2010
2010054666;1;2;1;1;2;950;11/05/2010
2010054667;1;2;1;1;2;950;14/05/2010
2010054668;5;2;1;1;6;950;16/05/2010
2010054669;1;2;1;1;6;950;14/05/2010
2010054670;1;2;1;1;2;950;18/05/2010
2010054671;1;2;1;1;3;950;21/05/2010
2010054672;1;2;3;1;3;950;05/06/2010
2010054673;1;2;1;1;6;950;14/06/2010
2010054674;1;2;1;1;6;950;28/06/2010
2010054675;5;2;1;1;6;950;04/07/2010
2010054676;1;2;1;1;2;950;28/07/2010
2010054677;1;2;3;1;6;950;26/08/2010
2010054678;5;2;1;1;6;950;28/08/2010
2010054679;1;1;1;1;3;950;05/09/2010
2010054680;1;2;1;1;1;950;05/09/2010
2010054681;1;2;1;1;6;950;05/09/2010
2010054682;1;2;3;1;3;950;06/09/2010
2010054683;1;2;1;1;2;950;08/09/2010
2010054684;1;2;1;1;4;950;10/09/2010
2010054685;1;2;2;1;1;950;18/09/2010
2010054686;1;2;1;1;6;950;23/09/2010
2010054687;1;2;1;1;6;950;29/09/2010
2010054688;1;2;3;1;5;950;03/10/2010
2010054689;1;2;1;1;6;950;16/10/2010
2010054690;1;2;1;7;6;950;18/10/2010
2010054691;1;2;2;1;3;950;22/10/2010
2010054692;1;2;1;1;3;950;30/10/2010
2010054693;2;2;1;1;2;950;09/11/2010
2010054694;5;2;1;4;6;950;29/11/2010
2010054695;1;2;1;4;4;950;13/12/2010
2010054696;1;2;4;4;6;950;13/01/2010
2010054697;2;2;3;1;2;950;15/01/2010
2010054698;1;2;2;2;6;950;29/01/2010
2010054699;1;2;1;1;6;950;12/02/2010
2010054700;1;2;3;1;6;950;04/03/2010
2010054701;1;2;1;1;6;950;09/03/2010
2010054702;1;1;1;1;6;950;08/05/2010
2010054703;1;2;1;1;6;950;13/05/2010
2010054704;1;2;4;1;6;950;29/05/2010
2010054705;1;1;2;1;2;950;10/06/2010
2010054706;1;1;6;1;3;950;30/06/2010
2010054707;1;2;3;1;6;950;21/07/2010
2010054708;1;1;2;1;3;950;04/09/2010
2010054709;1;2;1;1;2;950;04/09/2010
2010054710;1;1;6;1;3;950;10/09/2010
2010054711;1;1;2;2;3;950;30/09/2010
2010054712;1;2;4;1;6;950;13/10/2010
2010054713;2;2;1;2;6;950;03/11/2010
2010054714;2;2;3;1;3;950;20/10/2010
2010054715;5;2;1;2;7;950;06/11/2010
2010054716;5;2;1;1;6;950;27/11/2010
2010054717;5;2;4;1;1;950;11/12/2010
2010054718;3;1;4;1;3;950;09/09/2010
2010054719;5;1;1;1;4;950;03/04/2010
2010054720;1;1;1;1;6;950;26/07/2010
2010054721;5;1;1;1;4;950;10/01/2010
2010054722;3;1;1;1;1;770;04/03/2010
2010054723;1;1;1;1;6;770;10/03/2010
2010054724;1;1;1;1;4;930;28/05/2010
2010054725;1;1;1;1;2;950;12/07/2010
2010054726;1;1;1;1;6;950;30/08/2010
2010054727;5;1;1;3;2;950;01/10/2010
2010054728;5;1;1;1;2;950;21/01/2010
2010054729;5;2;1;1;2;950;15/02/2010
2010054730;1;2;1;3;2;950;02/02/2010
2010054731;1;2;1;1;3;950;02/03/2010
2010054732;1;2;1;1;6;950;03/02/2010
2010054733;1;2;3;1;6;950;02/02/2010
2010054734;5;2;3;1;3;950;25/01/2010
2010054735;1;2;3;2;6;950;11/11/2010
2010054736;4;1;1;1;2;950;11/12/2010
2010054737;5;2;1;4;7;950;01/12/2010
2010054738;5;2;1;8;5;950;03/12/2010
2010054739;5;2;1;1;6;950;30/11/2010
2010054740;1;2;1;1;5;950;05/03/2010
2010054741;1;2;1;1;6;950;01/02/2010
2010054742;1;2;1;1;6;950;04/04/2010
2010054743;1;2;1;1;6;950;04/04/2010
2010054744;5;2;1;8;2;950;16/04/2010
2010054745;1;2;1;1;7;950;23/04/2010
2010054746;5;2;2;1;3;950;17/01/2010
2010054747;1;2;3;2;3;950;02/04/2010
2010054748;1;2;1;1;6;950;09/03/2010
2010054749;1;2;1;1;5;950;04/06/2010
2010054750;1;2;3;1;3;950;20/05/2010
2010054751;1;2;3;1;6;950;31/05/2010
2010054752;5;2;1;1;6;950;18/03/2010
2010054753;1;2;1;1;6;950;27/05/2010
2010054754;1;2;1;1;6;950;05/07/2010
2010054755;1;2;1;1;3;950;23/06/2010
2010054756;1;2;1;1;6;950;17/05/2010
2010054757;5;1;5;1;3;950;14/05/2010
2010054758;1;2;1;2;3;950;10/08/2010
2010054759;1;2;1;1;6;950;20/08/2010
2010054760;1;2;3;1;3;950;23/07/2010
2010054761;1;2;1;1;2;950;02/08/2010
2010054762;1;2;1;1;3;950;28/08/2010
2010054763;5;2;1;1;6;950;10/09/2010
2010054764;5;2;3;1;1;950;14/09/2010
2010054765;2;1;1;2;1;950;16/10/2010
2010054766;5;2;1;1;6;950;21/09/2010
2010054767;3;1;1;1;2;950;23/09/2010
2010054768;1;2;1;1;6;950;18/11/2010
2010054769;1;2;3;1;6;950;29/06/2010
2010054770;1;1;1;1;4;950;15/10/2010
2010054771;1;2;2;7;3;950;11/10/2010
2010054772;3;2;1;1;6;950;13/12/2010
2010054773;2;2;1;1;6;950;03/11/2010
2010054774;1;2;9;8;3;950;08/01/2010
2010054775;1;2;1;8;2;950;25/01/2010
2010054776;1;2;6;1;3;950;08/02/2010
2010054777;1;2;1;4;1;950;10/02/2010
2010054778;1;2;1;4;2;950;12/02/2010
2010054779;1;2;1;2;6;950;25/02/2010
2010054780;5;2;1;1;6;950;06/03/2010
2010054781;5;2;1;1;2;950;08/03/2010
2010054782;1;2;1;2;6;950;27/03/2010
2010054783;1;2;1;1;6;950;24/03/2010
2010054784;1;2;1;1;6;950;29/03/2010
2010054785;1;2;1;1;1;950;09/04/2010
2010054786;1;2;1;1;2;950;23/04/2010
2010054787;1;2;1;3;4;950;11/05/2010
2010054788;1;2;1;1;6;950;17/05/2010
2010054789;1;2;1;1;6;950;23/05/2010
2010054790;1;2;1;1;6;950;25/05/2010
2010054791;1;2;1;1;2;950;08/06/2010
2010054792;5;2;1;1;4;950;10/06/2010
2010054793;1;2;3;1;6;950;15/06/2010
2010054794;1;2;3;1;3;950;23/06/2010
2010054795;1;2;9;1;6;950;28/06/2010
2010054796;1;2;1;1;6;950;28/06/2010
2010054797;1;2;1;1;4;950;29/06/2010
2010054798;1;2;1;1;3;950;18/07/2010
2010054799;1;2;1;1;2;950;21/07/2010
2010054800;1;2;3;1;1;950;24/07/2010
2010054801;1;2;2;1;3;950;09/08/2010
2010054802;5;2;2;1;3;950;10/08/2010
2010054803;1;2;1;2;6;950;14/08/2010
2010054804;2;2;3;1;3;950;18/08/2010
2010054805;1;2;1;2;6;950;27/08/2010
2010054806;1;2;1;1;3;950;05/09/2010
2010054807;1;2;1;1;6;950;14/09/2010
2010054808;1;2;1;1;3;950;20/09/2010
2010054809;1;2;1;1;6;950;28/09/2010
2010054810;1;2;2;1;3;950;30/09/2010
2010054811;1;2;1;1;2;950;06/10/2010
2010054812;1;2;1;1;1;950;14/10/2010
2010054813;1;2;1;1;6;950;14/10/2010
2010054814;1;2;1;1;6;950;18/10/2010
2010054815;5;2;1;2;3;950;07/11/2010
2010054816;1;2;1;1;6;950;27/10/2010
2010054817;1;2;1;1;5;950;12/11/2010
2010054818;5;2;2;1;1;950;05/12/2010
2010054819;5;2;1;2;6;950;03/12/2010
2010054820;1;2;3;5;3;950;21/12/2010
2010054821;1;2;1;9;2;201;14/01/2010
2010054822;1;2;3;1;3;201;25/01/2010
2010054823;1;2;3;1;3;201;28/01/2010
2010054824;5;2;1;2;3;201;10/02/2010
2010054825;2;2;1;1;6;201;16/02/2010
2010054826;5;2;1;6;6;201;20/02/2010
2010054827;1;2;1;1;3;201;20/02/2010
2010054828;1;2;1;1;6;201;06/03/2010
2010054829;1;2;1;1;6;201;07/03/2010
2010054830;1;2;1;1;6;201;12/03/2010
2010054831;1;2;1;1;2;201;16/03/2010
2010054832;1;2;1;1;6;201;16/03/2010
2010054833;1;2;1;1;6;201;17/03/2010
2010054834;5;2;1;2;2;201;21/03/2010
2010054835;3;1;1;1;2;201;23/03/2010
2010054836;1;2;1;1;2;201;27/03/2010
2010054837;1;2;4;1;3;201;01/04/2010
2010054838;5;1;6;1;3;201;02/04/2010
2010054839;1;2;1;1;3;201;06/04/2010
2010054840;4;2;1;1;3;201;04/04/2010
2010054841;1;2;1;9;6;201;09/04/2010
2010054842;1;2;3;1;6;201;13/04/2010
2010054843;1;2;1;1;6;201;13/04/2010
2010054844;1;2;6;1;3;201;14/04/2010
2010054845;1;2;3;1;3;201;16/04/2010
2010054846;1;2;1;1;2;201;20/04/2010
2010054847;1;1;1;1;2;201;24/04/2010
2010054848;1;2;3;1;3;201;25/04/2010
2010054849;1;2;1;1;3;201;02/05/2010
2010054850;1;2;1;2;2;201;05/05/2010
2010054851;4;2;1;2;6;201;06/05/2010
2010054852;1;1;1;1;3;201;05/05/2010
2010054853;2;2;3;1;3;201;08/05/2010
2010054854;1;2;1;1;3;201;12/05/2010
2010054855;1;2;1;1;3;201;13/05/2010
2010054856;1;2;1;1;3;201;13/05/2010
2010054857;1;2;1;1;6;201;14/05/2010
2010054858;1;2;1;1;6;201;21/05/2010
2010054859;1;2;1;1;2;201;20/05/2010
2010054860;1;2;9;1;3;201;23/05/2010
2010054861;1;2;1;1;3;201;24/05/2010
2010054862;1;2;1;1;6;201;25/05/2010
2010054863;1;1;1;1;1;201;26/05/2010
2010054864;1;2;1;1;3;201;27/05/2010
2010054865;1;2;3;1;3;201;29/05/2010
2010054866;1;2;1;1;6;201;01/06/2010
2010054867;1;2;1;1;6;201;02/06/2010
2010054868;1;2;1;1;6;201;12/06/2010
2010054869;1;2;1;1;6;201;14/06/2010
2010054870;1;2;1;1;5;201;14/06/2010
2010054871;1;2;1;1;3;201;16/06/2010
2010054872;1;1;1;1;3;201;20/06/2010
2010054873;1;2;1;1;6;201;24/06/2010
2010054874;1;2;1;1;6;201;23/06/2010
2010054875;5;2;1;1;6;201;27/06/2010
2010054876;1;2;3;1;3;201;06/07/2010
2010054877;1;2;1;1;6;201;08/07/2010
2010054878;1;2;1;1;6;201;08/07/2010
2010054879;5;2;1;1;6;201;10/07/2010
2010054880;1;2;1;1;2;201;12/07/2010
2010054881;1;2;1;1;4;201;13/07/2010
2010054882;1;2;3;1;3;201;14/07/2010
2010054883;1;2;1;1;2;201;17/07/2010
2010054884;1;2;2;1;3;201;18/07/2010
2010054885;1;2;1;1;6;201;15/07/2010
2010054886;1;1;1;1;2;201;23/07/2010
2010054887;1;2;3;1;3;201;23/07/2010
2010054888;1;2;1;1;2;201;27/07/2010
2010054889;1;1;1;1;3;201;28/07/2010
2010054890;5;2;2;1;3;201;30/07/2010
2010054891;2;1;1;1;3;201;05/08/2010
2010054892;2;2;1;1;5;201;04/08/2010
2010054893;1;2;3;1;1;201;05/08/2010
2010054894;5;2;1;1;6;201;05/08/2010
2010054895;1;2;1;1;3;201;13/08/2010
2010054896;5;2;1;8;7;201;14/08/2010
2010054897;1;2;3;1;3;201;14/08/2010
2010054898;1;2;1;1;3;201;16/08/2010
2010054899;1;2;3;1;6;201;19/08/2010
2010054900;1;1;1;1;6;201;22/08/2010
2010054901;1;2;1;1;2;201;26/08/2010
2010054902;5;2;1;1;2;201;29/08/2010
2010054903;5;2;1;1;2;201;30/08/2010
2010054904;1;2;3;1;3;201;02/09/2010
2010054905;1;2;1;1;4;201;02/09/2010
2010054906;1;2;3;1;3;201;02/09/2010
2010054907;1;2;1;1;3;201;09/09/2010
2010054908;5;2;1;1;1;201;11/09/2010
2010054909;5;2;1;1;6;201;15/09/2010
2010054910;1;2;6;1;4;201;16/09/2010
2010054911;1;2;1;1;3;201;17/09/2010
2010054912;1;2;1;1;2;201;25/09/2010
2010054913;5;2;1;1;1;201;25/09/2010
2010054914;5;2;3;1;3;201;25/09/2010
2010054915;5;2;1;1;7;201;27/09/2010
2010054916;5;1;1;1;3;201;27/09/2010
2010054917;2;2;1;1;6;201;28/09/2010
2010054918;1;2;1;1;2;201;28/09/2010
2010054919;1;2;1;1;3;201;28/09/2010
2010054920;1;2;1;1;2;201;30/09/2010
2010054921;1;2;1;1;3;201;04/10/2010
2010054922;1;2;1;1;2;201;05/10/2010
2010054923;1;2;2;1;6;201;06/10/2010
2010054924;2;2;1;1;6;201;08/10/2010
2010054925;5;2;1;2;6;201;12/10/2010
2010054926;1;2;1;1;2;201;15/10/2010
2010054927;5;2;1;1;6;201;15/10/2010
2010054928;5;2;1;1;2;201;18/10/2010
2010054929;1;2;1;1;6;201;19/10/2010
2010054930;1;2;1;1;3;201;23/10/2010
2010054931;1;2;3;1;6;201;24/10/2010
2010054932;2;2;1;9;2;201;28/10/2010
2010054933;5;2;2;1;3;201;30/10/2010
2010054934;1;2;1;1;6;201;05/11/2010
2010054935;5;2;1;1;6;201;07/11/2010
2010054936;1;1;1;1;6;201;06/11/2010
2010054937;4;2;1;1;3;201;06/11/2010
2010054938;1;1;3;1;6;201;04/11/2010
2010054939;1;2;1;2;2;201;07/11/2010
2010054940;1;1;1;1;3;201;09/11/2010
2010054941;1;2;1;1;6;201;12/11/2010
2010054942;5;2;1;3;2;201;15/11/2010
2010054943;2;1;3;2;3;201;19/11/2010
2010054944;5;2;1;1;3;201;19/11/2010
2010054945;1;2;1;2;3;201;22/11/2010
2010054946;1;2;1;1;6;201;24/11/2010
2010054947;5;2;1;1;6;201;27/11/2010
2010054948;1;2;1;8;5;201;29/11/2010