num_acc;lum;agg;inter;atm;col;dep;date
2010055526;1;1;1;1;7;950;09/06/2010
2010055527;1;1;1;1;2;950;18/06/2010
2010055528;1;1;1;1;6;950;07/01/2010
2010055529;3;1;1;4;7;950;08/01/2010
2010055530;1;1;1;9;3;950;08/01/2010
2010055531;1;1;1;1;2;930;08/01/2010
2010055532;1;1;1;1;3;930;08/01/2010
2010055533;2;1;1;4;7;930;09/01/2010
2010055534;1;1;1;4;6;950;09/01/2010
2010055535;1;1;1;7;2;930;03/04/2010
2010055536;1;1;1;4;6;950;09/01/2010
2010055537;1;1;1;2;4;930;03/04/2010
2010055538;1;1;1;1;7;930;09/01/2010
2010055539;3;1;1;1;3;930;09/01/2010
2010055540;4;1;1;2;7;930;04/04/2010
2010055541;3;1;1;9;5;950;10/01/2010
2010055542;1;1;1;2;7;950;04/04/2010
2010055543;1;1;1;1;2;930;04/04/2010
2010055544;2;1;1;4;6;950;10/01/2010
2010055545;2;1;1;4;6;950;10/01/2010
2010055546;3;1;1;1;2;950;10/01/2010
2010055547;2;1;1;1;3;930;11/01/2010
2010055548;1;1;1;7;2;950;05/04/2010
2010055549;1;1;1;1;3;930;11/01/2010
2010055550;1;1;1;8;2;950;12/01/2010
2010055551;1;1;1;8;3;600;12/01/2010
2010055552;1;1;1;1;7;950;12/01/2010
2010055553;1;1;1;9;3;930;13/01/2010
2010055554;1;1;1;2;2;930;13/01/2010
2010055555;3;1;1;1;7;930;13/01/2010
2010055556;1;1;1;1;4;930;06/04/2010
2010055557;1;1;1;1;6;930;06/04/2010
2010055558;2;1;1;2;2;950;15/01/2010
2010055559;1;1;1;1;2;950;15/01/2010
2010055560;3;1;1;1;6;930;06/04/2010
2010055561;1;1;1;9;7;930;15/01/2010
2010055562;4;1;1;1;3;950;15/01/2010
2010055563;3;1;1;1;2;920;15/01/2010
2010055564;3;1;1;9;3;920;16/01/2010
2010055565;1;1;1;1;6;930;16/01/2010
2010055566;1;1;1;2;6;950;16/01/2010
2010055567;1;1;1;1;3;930;08/04/2010
2010055568;3;1;1;2;7;920;17/01/2010
2010055569;1;1;1;1;3;950;09/04/2010
2010055570;1;1;1;1;2;930;17/01/2010
2010055571;5;1;1;2;2;930;17/01/2010
2010055572;4;1;1;2;5;950;17/01/2010
2010055573;4;1;1;2;1;950;18/01/2010
2010055574;1;1;1;5;6;950;19/01/2010
2010055575;3;1;1;8;2;950;19/01/2010
2010055576;1;1;1;1;7;930;10/04/2010
2010055577;5;1;1;9;6;930;19/01/2010
2010055578;3;1;1;1;5;950;19/01/2010
2010055579;3;1;1;1;2;950;20/01/2010
2010055580;3;1;1;1;6;920;11/04/2010
2010055581;1;1;1;2;7;950;20/01/2010
2010055582;1;1;1;8;6;950;20/01/2010
2010055583;3;1;1;2;3;950;21/01/2010
2010055584;3;1;1;1;7;930;21/01/2010
2010055585;3;1;1;1;6;930;22/01/2010
2010055586;5;1;1;1;2;930;22/01/2010
2010055587;5;1;1;1;6;930;22/01/2010
2010055588;3;1;1;1;3;930;22/01/2010
2010055589;3;1;1;1;2;930;22/01/2010
2010055590;1;1;1;2;6;950;23/01/2010
2010055591;1;1;1;2;3;950;23/01/2010
2010055592;1;1;1;1;6;930;23/01/2010
2010055593;1;1;1;2;3;920;23/01/2010
2010055594;1;1;1;1;6;930;17/04/2010
2010055595;1;1;1;2;7;930;24/01/2010
2010055596;3;1;1;2;6;950;24/01/2010
2010055597;1;1;1;1;3;930;26/01/2010
2010055598;1;1;1;1;2;950;27/01/2010
2010055599;5;1;1;1;3;930;27/01/2010
2010055600;1;1;1;2;7;920;28/01/2010
2010055601;2;1;1;2;3;950;29/01/2010
2010055602;1;1;1;2;3;920;29/01/2010
2010055603;1;1;1;2;3;950;29/01/2010
2010055604;1;1;1;2;3;920;29/01/2010
2010055605;1;1;1;2;5;950;29/01/2010
2010055606;1;1;1;2;5;950;29/01/2010
2010055607;1;1;1;3;4;930;31/01/2010
2010055608;1;1;1;1;7;920;29/01/2010
2010055609;1;1;1;2;7;950;29/01/2010
2010055610;3;1;1;1;7;930;29/01/2010
2010055611;2;1;1;2;2;950;29/01/2010
2010055612;1;1;1;1;6;930;17/04/2010
2010055613;3;1;1;1;2;950;30/01/2010
2010055614;3;1;1;1;2;950;31/01/2010
2010055615;3;1;1;1;6;950;31/01/2010
2010055616;1;1;1;1;2;930;18/04/2010
2010055617;1;1;1;1;7;920;19/04/2010
2010055618;1;1;1;1;7;950;19/04/2010
2010055619;1;1;1;1;7;950;21/04/2010
2010055620;1;1;1;1;2;930;21/04/2010
2010055621;1;1;1;1;7;950;23/04/2010
2010055622;5;1;1;1;6;930;24/04/2010
2010055623;2;1;1;1;6;930;24/04/2010
2010055624;5;1;1;1;7;950;24/04/2010
2010055625;1;1;1;1;2;950;24/04/2010
2010055626;1;1;1;1;5;930;28/04/2010
2010055627;5;1;1;1;3;930;28/04/2010
2010055628;3;1;1;9;6;950;24/01/2010
2010055629;1;1;1;1;2;930;29/04/2010
2010055630;1;1;1;1;7;930;30/04/2010
2010055631;1;1;1;1;6;930;01/05/2010
2010055632;2;1;1;1;6;950;01/05/2010
2010055633;1;1;1;1;2;930;04/05/2010
2010055634;1;1;1;1;6;950;04/05/2010
2010055635;1;1;1;1;1;930;11/02/2010
2010055636;1;1;1;1;5;930;05/05/2010
2010055637;1;1;1;1;2;950;05/05/2010
2010055638;1;1;1;2;2;930;11/05/2010
2010055639;1;1;1;2;6;930;11/05/2010
2010055640;1;1;1;2;2;950;11/05/2010
2010055641;1;1;1;2;6;950;11/05/2010
2010055642;5;1;1;8;4;930;12/05/2010
2010055643;1;1;1;1;6;950;16/05/2010
2010055644;1;1;1;1;4;930;17/05/2010
2010055645;1;1;1;1;6;950;17/05/2010
2010055646;1;1;1;1;5;930;19/05/2010
2010055647;1;1;1;1;4;930;19/05/2010
2010055648;1;1;1;1;3;920;19/05/2010
2010055649;1;1;1;1;6;950;20/05/2010
2010055650;4;1;1;1;3;950;20/05/2010
2010055651;1;1;1;1;4;930;21/05/2010
2010055652;1;1;1;1;3;930;22/05/2010
2010055653;1;1;1;1;4;950;24/05/2010
2010055654;1;1;1;1;3;950;25/05/2010
2010055655;1;1;1;1;2;950;25/05/2010
2010055656;1;1;1;7;3;930;25/05/2010
2010055657;1;1;1;1;5;950;27/05/2010
2010055658;1;1;1;2;5;930;27/05/2010
2010055659;4;1;1;8;7;930;28/05/2010
2010055660;1;1;1;1;2;930;28/05/2010
2010055661;3;1;1;8;3;930;29/05/2010
2010055662;3;1;1;1;5;950;30/05/2010
2010055663;1;1;1;1;5;930;02/06/2010
2010055664;1;1;1;1;6;930;03/06/2010
2010055665;1;1;1;1;7;930;03/06/2010
2010055666;1;1;1;1;2;930;03/06/2010
2010055667;1;1;1;1;2;950;03/06/2010
2010055668;1;1;1;1;3;930;04/06/2010
2010055669;1;1;1;1;2;930;04/06/2010
2010055670;3;1;1;1;7;930;05/06/2010
2010055671;1;1;1;3;3;930;09/06/2010
2010055672;1;1;1;1;6;950;09/06/2010
2010055673;1;1;1;2;3;950;10/06/2010
2010055674;1;1;1;1;2;930;10/06/2010
2010055675;1;1;1;8;5;930;01/02/2010
2010055676;4;1;1;2;6;950;02/02/2010
2010055677;1;1;1;2;3;950;02/02/2010
2010055678;1;1;1;2;7;930;02/02/2010
2010055679;1;1;1;2;3;920;02/02/2010
2010055680;1;1;1;1;5;930;11/06/2010
2010055681;1;1;1;2;2;930;13/06/2010
2010055682;3;1;1;1;7;930;05/02/2010
2010055683;1;1;1;1;6;930;12/06/2010
2010055684;5;1;1;1;7;930;06/02/2010
2010055685;4;1;1;2;7;950;06/02/2010
2010055686;1;1;1;1;7;950;06/02/2010
2010055687;1;1;1;1;6;950;08/02/2010
2010055688;5;1;1;1;2;950;08/02/2010
2010055689;5;1;1;1;6;950;08/02/2010
2010055690;4;1;1;1;7;930;09/02/2010
2010055691;3;1;1;4;7;950;09/02/2010
2010055692;4;1;1;1;7;950;09/02/2010
2010055693;1;1;1;1;4;930;14/06/2010
2010055694;3;1;1;1;5;930;10/02/2010
2010055695;3;1;1;4;7;950;11/02/2010
2010055696;1;1;1;1;7;950;12/02/2010
2010055697;3;1;1;1;4;950;11/02/2010
2010055698;1;1;1;1;3;930;16/06/2010
2010055699;1;1;1;1;2;950;17/06/2010
2010055700;1;1;1;1;2;950;17/06/2010
2010055701;1;1;1;1;3;920;14/02/2010
2010055702;1;1;1;1;2;930;15/02/2010
2010055703;2;1;1;1;4;930;16/02/2010
2010055704;1;1;1;1;3;920;16/02/2010
2010055705;1;1;1;1;7;950;20/06/2010
2010055706;1;1;1;1;3;930;16/02/2010
2010055707;1;1;1;2;7;950;17/02/2010
2010055708;5;1;1;1;3;920;18/02/2010
2010055709;3;1;1;2;3;930;18/02/2010
2010055710;1;1;1;1;7;930;22/06/2010
2010055711;1;1;1;1;3;920;22/06/2010
2010055712;4;1;1;2;6;950;21/02/2010
2010055713;1;1;1;8;6;950;21/02/2010
2010055714;1;1;1;1;7;950;21/02/2010
2010055715;1;1;1;1;3;930;24/06/2010
2010055716;4;1;1;2;7;950;21/02/2010
2010055717;5;1;1;2;7;930;21/02/2010
2010055718;1;1;1;1;3;930;25/06/2010
2010055719;1;1;1;2;1;950;23/02/2010
2010055720;1;1;1;2;7;950;23/02/2010
2010055721;1;1;1;1;3;930;24/02/2010
2010055722;1;1;1;1;7;950;24/02/2010
2010055723;3;1;1;1;2;950;26/06/2010
2010055724;1;1;1;8;2;950;24/02/2010
2010055725;1;1;1;1;2;930;26/06/2010
2010055726;4;1;1;2;7;950;26/02/2010
2010055727;1;1;1;1;3;950;27/06/2010
2010055728;1;1;1;1;3;950;27/06/2010
2010055729;5;1;1;2;7;930;27/02/2010
2010055730;2;1;1;1;7;930;27/02/2010
2010055731;3;1;1;1;3;950;28/06/2010
2010055732;3;1;1;2;7;930;28/02/2010
2010055733;3;1;1;2;7;930;28/02/2010
2010055734;1;1;1;1;7;930;24/06/2010
2010055735;2;1;9;1;6;920;01/07/2010
2010055736;1;1;1;1;2;920;01/07/2010
2010055737;1;1;1;1;3;930;01/07/2010
2010055738;1;1;1;1;3;930;02/07/2010
2010055739;1;1;1;1;4;930;02/07/2010
2010055740;1;1;1;1;6;600;02/07/2010
2010055741;1;1;1;2;2;950;02/07/2010
2010055742;1;1;1;1;7;950;02/07/2010
2010055743;1;1;1;3;6;930;03/07/2010
2010055744;1;1;1;2;7;930;03/07/2010
2010055745;1;1;1;1;3;930;04/07/2010
2010055746;1;1;1;1;4;920;04/07/2010
2010055747;1;1;1;1;4;930;06/07/2010
2010055748;1;1;1;1;2;920;05/07/2010
2010055749;1;1;1;1;2;930;05/07/2010
2010055750;1;1;1;1;2;950;06/07/2010
2010055751;1;1;1;1;3;950;06/07/2010
2010055752;1;1;1;1;3;950;08/07/2010
2010055753;1;1;1;1;7;930;08/07/2010
2010055754;1;1;1;1;2;950;08/07/2010
2010055755;1;1;1;1;3;950;09/07/2010
2010055756;1;1;1;1;3;930;09/07/2010
2010055757;1;1;1;1;7;600;09/07/2010
2010055758;1;1;1;2;3;930;10/07/2010
2010055759;1;1;1;1;4;920;10/07/2010
2010055760;1;1;1;1;2;950;11/07/2010
2010055761;1;1;1;1;7;930;12/07/2010
2010055762;1;1;1;1;6;930;12/07/2010
2010055763;1;1;1;1;2;920;13/07/2010
2010055764;1;1;1;3;6;950;14/07/2010
2010055765;1;1;1;1;2;920;14/07/2010
2010055766;1;1;1;3;6;950;14/07/2010
2010055767;1;1;1;7;6;950;14/07/2010
2010055768;1;1;1;1;2;930;16/07/2010
2010055769;1;1;1;1;7;930;16/07/2010
2010055770;1;1;1;1;3;930;16/07/2010
2010055771;3;1;1;1;6;920;07/02/2010
2010055772;5;1;1;1;7;600;21/07/2010
2010055773;1;1;1;3;5;950;23/07/2010
2010055774;1;1;1;3;6;950;23/07/2010
2010055775;1;1;1;2;4;920;23/07/2010
2010055776;4;1;1;1;2;950;25/07/2010
2010055777;1;1;1;1;7;930;26/07/2010
2010055778;1;1;1;1;3;950;26/07/2010
2010055779;2;1;1;2;6;950;27/07/2010
2010055780;3;1;1;1;6;930;29/07/2010
2010055781;1;1;1;2;2;930;29/07/2010
2010055782;1;1;1;1;2;930;30/07/2010
2010055783;1;1;1;1;7;950;26/06/2010
2010055784;3;1;1;2;4;950;27/02/2010
2010055785;2;1;1;1;2;950;13/08/2010
2010055786;1;1;1;1;6;950;13/08/2010
2010055787;1;1;1;1;5;930;13/08/2010
2010055788;3;1;1;1;6;930;14/08/2010
2010055789;1;1;1;2;6;930;15/08/2010
2010055790;1;1;1;2;6;930;15/08/2010
2010055791;1;1;1;2;6;930;15/08/2010
2010055792;1;1;1;3;7;950;15/08/2010
2010055793;1;1;1;3;6;950;15/08/2010
2010055794;1;1;1;2;6;930;15/08/2010
2010055795;2;1;1;1;6;930;15/08/2010
2010055796;3;1;1;2;6;930;15/08/2010
2010055797;1;1;1;3;6;950;16/08/2010
2010055798;1;1;1;3;7;950;16/08/2010
2010055799;1;1;1;1;6;930;16/08/2010
2010055800;1;1;1;2;6;930;16/08/2010
2010055801;1;1;1;2;5;930;16/08/2010
2010055802;1;1;1;2;5;930;16/08/2010
2010055803;1;1;1;8;6;930;16/08/2010
2010055804;1;1;1;3;6;930;16/08/2010
2010055805;1;1;1;2;3;930;17/08/2010
2010055806;1;1;1;3;3;950;16/08/2010
2010055807;1;1;1;3;6;930;16/08/2010
2010055808;1;1;1;1;6;950;17/08/2010
2010055809;1;1;1;1;6;930;16/08/2010
2010055810;1;1;1;1;6;930;17/08/2010
2010055811;1;1;1;1;3;930;17/08/2010
2010055812;1;1;1;1;6;950;18/08/2010
2010055813;1;1;1;1;4;930;18/08/2010
2010055814;1;1;1;1;3;930;18/08/2010
2010055815;1;1;1;1;6;950;20/08/2010
2010055816;1;1;1;1;2;930;20/08/2010
2010055817;1;1;1;1;6;920;24/08/2010
2010055818;1;1;1;1;4;950;23/08/2010
2010055819;1;1;1;2;6;930;23/08/2010
2010055820;1;1;1;2;4;950;26/08/2010
2010055821;1;1;1;1;5;930;28/08/2010
2010055822;1;1;1;1;2;930;01/09/2010
2010055823;4;1;1;1;6;930;01/09/2010
2010055824;3;1;1;1;6;950;01/03/2010
2010055825;1;1;1;1;6;930;03/09/2010
2010055826;1;1;1;1;6;930;03/09/2010
2010055827;1;1;1;1;3;930;03/09/2010
2010055828;5;1;1;1;2;950;02/03/2010
2010055829;1;1;1;1;6;950;03/09/2010
2010055830;5;1;1;1;7;930;03/03/2010
2010055831;1;1;1;1;6;930;04/03/2010
2010055832;3;1;1;1;4;950;05/03/2010
2010055833;1;1;1;1;6;930;05/03/2010
2010055834;1;1;1;1;6;950;05/03/2010
2010055835;3;1;1;1;3;950;06/03/2010
2010055836;2;1;1;1;3;930;06/03/2010
2010055837;1;1;1;1;2;930;05/09/2010
2010055838;5;1;1;1;6;930;10/03/2010
2010055839;1;1;1;1;3;930;09/03/2010
2010055840;1;1;1;1;6;930;08/03/2010
2010055841;3;1;1;1;4;920;14/03/2010
2010055842;1;1;1;1;2;930;09/03/2010
2010055843;1;1;1;1;2;950;09/03/2010
2010055844;1;1;1;1;5;950;09/03/2010
2010055845;5;1;1;1;1;950;09/03/2010
2010055846;3;1;1;1;7;930;10/03/2010
2010055847;1;1;1;1;3;930;10/03/2010
2010055848;1;1;1;1;4;950;11/03/2010
2010055849;3;1;1;1;6;950;11/03/2010
2010055850;4;1;1;1;6;950;13/03/2010
2010055851;4;1;1;1;6;950;13/03/2010
2010055852;1;1;1;2;6;950;08/09/2010
2010055853;3;1;1;1;2;930;13/03/2010
2010055854;1;1;1;2;4;950;08/09/2010
2010055855;1;1;1;1;3;950;14/03/2010
2010055856;1;1;1;2;2;930;08/09/2010
2010055857;1;1;1;1;7;930;14/03/2010
2010055858;3;1;1;1;7;950;15/03/2010
2010055859;1;1;1;1;6;930;09/09/2010
2010055860;4;1;1;1;2;930;15/03/2010
2010055861;1;1;1;1;4;950;15/03/2010
2010055862;1;1;1;2;6;950;08/09/2010
2010055863;1;1;1;1;2;950;16/03/2010
2010055864;1;1;1;2;6;950;08/09/2010
2010055865;1;1;1;1;7;950;08/09/2010
2010055866;1;1;1;1;2;930;17/03/2010
2010055867;3;1;1;2;4;930;08/09/2010
2010055868;1;1;1;1;6;930;09/09/2010
2010055869;1;1;1;1;4;930;09/09/2010
2010055870;5;1;1;1;6;930;18/03/2010
2010055871;5;1;1;2;7;930;19/03/2010
2010055872;2;1;1;1;7;930;10/09/2010
2010055873;1;1;1;1;2;920;10/09/2010
2010055874;1;1;1;1;3;930;21/03/2010
2010055875;1;1;1;1;3;930;22/03/2010
2010055876;1;1;1;1;6;930;22/03/2010
2010055877;5;1;1;1;2;930;23/03/2010
2010055878;1;1;1;1;4;930;24/03/2010
2010055879;1;1;1;2;4;950;25/03/2010
2010055880;1;1;1;1;5;930;29/03/2010
2010055881;1;1;1;2;2;950;29/03/2010
2010055882;1;1;1;3;6;950;29/03/2010
2010055883;5;1;1;1;4;950;30/03/2010
2010055884;1;1;1;2;6;930;15/09/2010
2010055885;1;1;1;1;6;950;15/09/2010
2010055886;3;1;1;1;7;930;20/09/2010
2010055887;1;1;1;1;7;930;20/09/2010
2010055888;1;1;1;1;5;930;20/09/2010
2010055889;1;1;1;1;7;930;27/09/2010
2010055890;1;1;1;1;6;950;22/09/2010
2010055891;1;1;1;1;6;950;22/09/2010
2010055892;1;1;1;1;6;930;22/09/2010
2010055893;1;1;1;2;6;950;30/09/2010
2010055894;1;1;1;1;3;930;24/09/2010
2010055895;1;1;1;1;7;930;24/09/2010
2010055896;1;1;1;1;6;920;24/09/2010
2010055897;3;1;1;2;6;950;24/09/2010
2010055898;5;1;1;1;6;930;24/09/2010
2010055899;1;1;1;2;5;930;25/09/2010
2010055900;3;1;1;3;2;930;26/09/2010
2010055901;4;1;1;2;6;920;27/09/2010
2010055902;1;1;1;1;3;920;27/09/2010
2010055903;1;1;1;1;5;930;28/09/2010
2010055904;5;1;1;1;5;930;30/09/2010
2010055905;1;1;1;2;7;930;01/10/2010
2010055906;3;1;1;2;2;930;02/10/2010
2010055907;3;1;1;2;3;930;02/10/2010
2010055908;1;1;1;2;5;950;02/10/2010
2010055909;1;1;1;8;7;930;02/10/2010
2010055910;1;1;1;1;5;930;03/10/2010
2010055911;1;1;1;1;2;930;03/10/2010
2010055912;1;1;1;1;3;930;03/10/2010
2010055913;3;1;1;2;3;950;03/10/2010
2010055914;3;1;1;1;4;930;03/10/2010
2010055915;2;1;1;2;3;930;04/10/2010
2010055916;2;1;1;8;3;930;04/10/2010
2010055917;1;1;1;2;7;950;04/10/2010
2010055918;1;1;1;1;2;950;04/10/2010
2010055919;1;1;1;2;7;950;04/10/2010
2010055920;2;1;1;8;6;930;05/10/2010
2010055921;3;1;1;2;7;930;05/10/2010
2010055922;1;1;1;2;7;950;05/10/2010
2010055923;1;1;1;2;3;950;05/10/2010
2010055924;3;1;1;2;6;950;06/10/2010
2010055925;1;1;1;1;7;950;08/10/2010
2010055926;1;1;1;1;4;950;08/10/2010
2010055927;1;1;1;1;6;950;09/10/2010
2010055928;1;1;1;1;7;930;11/10/2010
2010055929;1;1;1;1;2;950;12/10/2010
2010055930;1;1;1;1;6;930;13/10/2010
2010055931;1;1;1;1;6;930;14/10/2010
2010055932;1;1;1;1;6;930;14/10/2010
2010055933;1;1;1;1;2;950;15/10/2010
2010055934;1;1;1;1;6;950;15/10/2010
2010055935;1;1;1;1;2;930;15/10/2010
2010055936;1;1;1;1;6;930;15/10/2010
2010055937;2;1;1;2;6;950;17/10/2010
2010055938;1;1;1;1;6;930;16/10/2010
2010055939;1;1;1;1;6;930;16/10/2010
2010055940;1;1;1;1;7;930;17/10/2010
2010055941;1;1;1;1;6;950;17/10/2010
2010055942;1;1;1;1;2;930;18/10/2010
2010055943;1;1;1;1;3;930;18/10/2010
2010055944;1;1;1;9;3;950;20/10/2010
2010055945;1;1;1;1;7;950;21/10/2010
2010055946;4;1;1;1;2;930;23/10/2010
2010055947;3;1;1;2;7;950;23/10/2010
2010055948;5;1;1;1;7;950;24/10/2010
2010055949;1;1;1;1;5;920;27/10/2010
2010055950;3;1;1;1;2;950;25/10/2010
2010055951;1;1;1;1;4;930;26/10/2010
2010055952;1;1;1;1;6;930;27/10/2010
2010055953;1;1;1;1;7;930;28/10/2010
2010055954;3;1;1;2;7;930;30/10/2010
2010055955;1;1;1;2;7;950;30/10/2010
2010055956;1;1;1;1;6;930;04/03/2010
2010055957;5;1;1;1;2;950;31/10/2010
2010055958;2;1;1;1;2;950;02/11/2010
2010055959;1;1;1;3;3;950;03/11/2010
2010055960;1;1;1;1;6;930;03/11/2010
2010055961;1;1;1;1;6;930;04/11/2010
2010055962;1;1;1;1;2;930;04/11/2010
2010055963;3;1;1;1;2;950;04/11/2010
2010055964;2;1;1;1;3;930;05/11/2010
2010055965;3;1;1;1;3;930;05/11/2010
2010055966;2;1;1;2;6;950;07/11/2010
2010055967;2;1;1;2;6;930;07/11/2010
2010055968;1;1;1;2;3;930;07/11/2010
2010055969;1;1;1;2;7;920;07/11/2010
2010055970;1;1;1;2;6;930;07/11/2010
2010055971;1;1;1;2;6;930;07/11/2010
2010055972;1;1;1;2;5;950;07/11/2010
2010055973;1;1;1;1;6;600;07/11/2010
2010055974;2;1;1;1;6;950;07/11/2010
2010055975;5;1;1;2;6;950;07/11/2010
2010055976;1;1;1;2;6;950;07/11/2010
2010055977;1;1;1;1;7;950;08/11/2010
2010055978;1;1;1;2;3;950;08/11/2010
2010055979;5;1;1;2;5;950;08/11/2010
2010055980;4;1;1;2;3;950;08/11/2010
2010055981;2;1;1;2;2;950;09/11/2010
2010055982;1;1;1;2;7;950;09/11/2010
2010055983;1;1;1;2;2;930;09/11/2010
2010055984;1;1;1;2;7;950;09/11/2010
2010055985;1;1;1;2;6;930;09/11/2010
2010055986;1;1;1;2;7;950;09/11/2010
2010055987;3;1;1;2;7;930;10/11/2010
2010055988;1;1;1;1;7;950;10/11/2010
2010055989;1;1;1;2;7;950;10/11/2010
2010055990;3;1;1;2;7;930;11/11/2010
2010055991;3;1;1;6;3;920;11/11/2010
2010055992;3;1;1;6;6;950;11/11/2010
2010055993;1;1;1;2;7;950;12/11/2010
2010055994;3;1;1;2;7;950;13/11/2010
2010055995;1;1;1;2;7;930;13/11/2010
2010055996;1;1;1;2;5;930;13/11/2010
2010055997;1;1;1;3;3;950;13/11/2010
2010055998;1;1;1;2;7;930;13/11/2010
2010055999;1;1;1;3;6;930;13/11/2010
2010056000;1;1;1;1;6;930;13/11/2010
2010056001;1;1;1;2;6;930;13/11/2010
2010056002;3;1;1;1;6;950;01/04/2010
2010056003;5;1;1;1;7;930;02/04/2010
2010056004;1;1;1;1;2;930;02/04/2010
2010056005;5;1;1;1;2;930;02/04/2010
2010056006;1;1;1;2;7;950;03/04/2010
2010056007;1;1;1;2;6;930;14/11/2010
2010056008;1;1;1;2;7;600;14/11/2010
2010056009;1;1;1;1;3;920;14/11/2010
2010056010;1;1;1;2;6;950;14/11/2010
2010056011;1;1;1;2;6;950;14/11/2010
2010056012;1;1;1;2;2;930;04/04/2010
2010056013;1;1;1;2;7;930;04/04/2010
2010056014;1;1;1;2;6;930;04/04/2010
2010056015;1;1;1;1;7;930;04/04/2010
2010056016;1;1;1;2;7;950;14/11/2010
2010056017;1;1;1;2;7;950;14/11/2010
2010056018;1;1;1;1;6;930;05/04/2010
2010056019;1;1;1;1;7;930;05/04/2010
2010056020;1;1;1;1;2;950;15/11/2010
2010056021;1;1;1;1;4;950;16/11/2010
2010056022;1;1;1;1;2;920;07/04/2010
2010056023;1;1;1;1;3;930;09/04/2010
2010056024;1;1;1;1;6;930;18/11/2010
2010056025;3;1;1;2;4;950;18/11/2010
2010056026;1;1;1;1;6;950;11/04/2010
2010056027;1;1;1;1;6;930;12/04/2010
2010056028;3;1;1;1;2;930;19/11/2010
2010056029;2;1;1;1;6;950;19/11/2010
2010056030;1;1;1;1;2;930;19/11/2010
2010056031;1;1;1;1;2;950;19/11/2010
2010056032;1;1;1;1;2;950;19/11/2010
2010056033;1;1;1;1;3;930;14/04/2010
2010056034;1;1;1;1;2;950;14/04/2010
2010056035;1;1;1;1;2;950;14/04/2010
2010056036;1;1;1;1;3;930;15/04/2010
2010056037;2;1;1;1;6;920;19/11/2010
2010056038;1;1;1;1;7;920;20/11/2010
2010056039;1;1;1;2;6;930;21/11/2010
2010056040;1;1;1;1;6;930;17/04/2010
2010056041;3;1;1;1;6;930;17/04/2010
2010056042;1;1;9;1;2;950;20/04/2010
2010056043;1;1;1;1;7;930;21/04/2010
2010056044;1;1;1;1;7;920;21/04/2010
2010056045;2;1;1;1;2;930;22/04/2010
2010056046;3;1;1;1;6;950;23/04/2010
2010056047;1;1;1;1;7;950;25/04/2010
2010056048;1;1;1;1;5;930;25/04/2010
2010056049;5;1;1;2;2;920;24/11/2010
2010056050;1;1;1;1;2;950;26/04/2010
2010056051;3;1;1;1;7;950;25/11/2010
2010056052;3;1;1;2;7;930;25/11/2010
2010056053;1;1;1;1;7;950;28/04/2010
2010056054;1;1;1;1;3;930;26/11/2010
2010056055;3;1;1;1;3;930;26/11/2010
2010056056;3;1;1;1;7;930;29/11/2010
2010056057;3;1;1;2;5;950;29/11/2010
2010056058;3;1;1;1;7;950;01/12/2010
2010056059;3;1;1;4;6;950;02/12/2010
2010056060;1;1;1;1;7;930;02/12/2010
2010056061;3;1;1;1;7;950;02/12/2010
2010056062;3;1;1;1;7;950;02/12/2010
2010056063;3;1;1;1;7;950;02/12/2010
2010056064;3;1;1;9;6;950;03/12/2010
2010056065;1;1;1;1;6;950;03/12/2010
2010056066;5;1;1;1;6;930;04/12/2010
2010056067;1;1;1;1;3;930;04/12/2010
2010056068;1;1;1;1;2;930;06/12/2010
2010056069;1;1;1;1;2;930;06/12/2010
2010056070;3;1;1;1;2;950;06/12/2010
2010056071;1;1;1;4;2;930;07/12/2010
2010056072;1;1;1;4;6;950;09/12/2010
2010056073;1;1;1;1;6;950;11/12/2010
2010056074;5;1;1;1;3;930;11/12/2010
2010056075;5;1;1;1;4;930;11/12/2010
2010056076;2;1;1;1;3;930;14/12/2010
2010056077;3;1;1;1;3;950;15/12/2010
2010056078;1;1;1;1;3;930;15/12/2010
2010056079;1;1;1;1;7;950;16/12/2010
2010056080;5;1;1;2;4;950;17/12/2010
2010056081;3;1;1;4;2;950;18/12/2010
2010056082;3;1;1;4;7;950;19/12/2010
2010056083;5;1;1;4;4;930;19/12/2010
2010056084;3;1;1;2;6;930;19/12/2010
2010056085;1;1;1;1;2;930;21/12/2010
2010056086;1;1;1;1;5;600;25/12/2010
2010056087;2;1;1;1;7;920;28/12/2010
2010056088;1;1;1;1;2;930;16/05/2010
2010056089;1;1;1;1;5;930;01/05/2010
2010056090;1;1;1;1;7;930;02/05/2010
2010056091;1;1;1;1;2;920;03/05/2010
2010056092;3;1;1;1;5;930;05/05/2010
2010056093;1;1;1;1;2;930;06/05/2010
2010056094;1;1;1;1;5;950;06/05/2010
2010056095;1;1;1;1;3;930;07/05/2010
2010056096;1;1;1;1;6;930;07/05/2010
2010056097;2;1;1;2;7;930;09/05/2010
2010056098;1;1;1;1;3;950;10/05/2010
2010056099;1;1;1;1;6;950;15/05/2010
2010056100;1;1;1;1;6;930;16/05/2010
2010056101;1;1;1;1;2;920;16/05/2010
2010056102;1;1;1;1;3;930;17/05/2010