num_acc;lum;agg;inter;atm;col;dep;date
2010056680;1;1;1;1;2;920;01/06/2010
2010056681;1;1;1;2;2;920;01/06/2010
2010056682;1;1;1;1;2;920;02/06/2010
2010056683;1;1;1;1;2;920;02/06/2010
2010056684;1;1;1;1;3;920;02/06/2010
2010056685;1;1;1;1;2;920;03/06/2010
2010056686;1;1;1;1;2;920;04/06/2010
2010056687;1;1;1;1;6;920;04/06/2010
2010056688;1;1;1;1;4;920;05/06/2010
2010056689;3;1;1;1;1;920;06/06/2010
2010056690;2;1;1;1;2;780;06/06/2010
2010056691;1;1;1;1;4;920;06/06/2010
2010056692;1;1;1;2;7;920;09/06/2010
2010056693;1;1;1;2;7;780;09/06/2010
2010056694;1;1;1;1;6;780;09/06/2010
2010056695;3;1;1;2;2;780;09/06/2010
2010056696;1;1;9;2;6;780;10/06/2010
2010056697;1;1;1;1;6;920;10/06/2010
2010056698;1;1;1;1;4;780;11/06/2010
2010056699;5;1;1;2;4;780;12/06/2010
2010056700;4;1;1;1;6;920;13/06/2010
2010056701;1;1;1;1;3;920;13/06/2010
2010056702;1;1;1;1;6;780;14/06/2010
2010056703;1;1;1;1;3;920;15/06/2010
2010056704;1;1;1;7;4;780;16/06/2010
2010056705;1;1;1;1;3;780;16/06/2010
2010056706;1;1;1;1;3;920;16/06/2010
2010056707;1;1;1;1;4;780;16/06/2010
2010056708;1;1;1;1;4;780;16/06/2010
2010056709;1;1;1;1;3;780;18/06/2010
2010056710;1;1;1;1;3;920;18/06/2010
2010056711;5;1;1;1;2;780;19/06/2010
2010056712;3;1;1;1;3;780;19/06/2010
2010056713;1;1;1;1;3;920;19/06/2010
2010056714;1;1;1;1;3;920;20/06/2010
2010056715;1;1;1;1;3;780;21/06/2010
2010056716;2;1;1;1;2;780;21/06/2010
2010056717;1;1;1;1;6;920;23/06/2010
2010056718;1;1;1;1;5;920;24/06/2010
2010056719;5;1;1;1;6;780;25/06/2010
2010056720;1;1;1;1;6;780;25/06/2010
2010056721;1;1;1;1;3;920;25/06/2010
2010056722;1;1;1;1;4;920;25/06/2010
2010056723;1;1;1;1;7;780;26/06/2010
2010056724;3;1;1;1;2;780;27/06/2010
2010056725;3;1;1;1;6;780;27/06/2010
2010056726;1;1;1;1;2;780;27/06/2010
2010056727;1;1;1;1;2;780;26/06/2010
2010056728;1;1;1;1;7;780;27/06/2010
2010056729;1;1;1;1;2;920;27/06/2010
2010056730;1;1;1;1;5;920;28/06/2010
2010056731;1;1;1;1;7;920;28/06/2010
2010056732;1;1;9;1;7;780;29/06/2010
2010056733;1;1;1;1;6;780;29/06/2010
2010056734;1;1;1;1;5;920;29/06/2010
2010056735;1;1;1;1;4;920;30/06/2010
2010056736;1;1;1;1;6;920;30/06/2010
2010056737;1;1;1;1;2;780;30/06/2010
2010056738;1;1;1;1;7;920;29/06/2010
2010056739;1;1;1;1;6;920;27/06/2010
2010056740;1;1;1;1;3;780;01/07/2010
2010056741;1;1;1;1;7;780;01/07/2010
2010056742;1;1;1;1;3;780;01/07/2010
2010056743;1;1;1;1;6;780;02/07/2010
2010056744;1;1;1;3;6;920;03/07/2010
2010056745;1;1;1;2;2;920;03/07/2010
2010056746;1;1;1;1;5;920;05/07/2010
2010056747;1;1;1;1;3;920;05/07/2010
2010056748;1;1;1;1;2;920;06/07/2010
2010056749;1;1;1;1;4;920;06/07/2010
2010056750;1;1;1;1;2;920;06/07/2010
2010056751;1;1;1;1;2;780;10/07/2010
2010056752;1;1;1;1;2;780;07/07/2010
2010056753;1;1;1;1;1;780;07/07/2010
2010056754;1;1;1;1;3;920;07/07/2010
2010056755;1;1;1;1;3;780;07/07/2010
2010056756;1;1;9;1;4;780;08/07/2010
2010056757;1;1;1;1;5;780;08/07/2010
2010056758;1;1;1;1;4;780;08/07/2010
2010056759;1;1;1;1;5;780;09/07/2010
2010056760;5;1;1;1;7;920;09/07/2010
2010056761;1;1;1;1;3;780;11/07/2010
2010056762;5;1;1;1;6;780;12/07/2010
2010056763;1;1;1;2;2;780;12/07/2010
2010056764;1;1;1;8;5;780;12/07/2010
2010056765;2;1;1;1;3;780;12/07/2010
2010056766;1;1;1;1;6;920;13/07/2010
2010056767;5;1;1;1;7;920;13/07/2010
2010056768;1;1;1;3;7;780;14/07/2010
2010056769;1;1;1;1;2;920;16/07/2010
2010056770;1;1;1;1;6;780;18/07/2010
2010056771;1;1;1;1;2;780;20/07/2010
2010056772;1;1;1;1;3;920;20/07/2010
2010056773;1;1;1;2;6;780;20/07/2010
2010056774;1;1;1;1;2;920;21/07/2010
2010056775;1;1;1;1;2;780;22/07/2010
2010056776;1;1;1;1;7;780;22/07/2010
2010056777;5;1;9;1;6;920;24/07/2010
2010056778;1;1;1;1;5;780;24/07/2010
2010056779;1;1;1;1;6;780;25/07/2010
2010056780;1;1;1;1;6;780;25/07/2010
2010056781;5;1;1;1;7;920;26/07/2010
2010056782;1;1;1;1;3;920;27/07/2010
2010056783;1;1;1;1;2;780;28/07/2010
2010056784;1;1;1;1;6;780;29/07/2010
2010056785;1;1;1;1;3;780;01/08/2010
2010056786;4;1;1;1;2;780;01/08/2010
2010056787;1;1;1;1;7;780;02/08/2010
2010056788;1;1;1;1;2;780;04/08/2010
2010056789;1;1;1;1;2;920;05/08/2010
2010056790;1;1;1;1;3;780;05/08/2010
2010056791;1;1;1;1;6;780;06/08/2010
2010056792;1;1;1;1;7;780;09/08/2010
2010056793;3;1;1;2;6;780;09/08/2010
2010056794;1;1;1;1;7;920;09/08/2010
2010056795;1;1;1;1;7;920;10/08/2010
2010056796;5;1;1;3;6;780;10/08/2010
2010056797;3;1;1;1;2;780;12/08/2010
2010056798;1;1;1;3;3;780;15/08/2010
2010056799;1;1;1;3;3;780;15/08/2010
2010056800;1;1;1;2;3;750;16/08/2010
2010056801;1;1;1;2;6;920;16/08/2010
2010056802;1;1;1;2;6;920;16/08/2010
2010056803;1;1;1;1;3;920;18/08/2010
2010056804;1;1;1;1;3;780;19/08/2010
2010056805;1;1;1;1;6;780;19/08/2010
2010056806;1;1;1;1;3;780;22/08/2010
2010056807;1;1;1;1;2;920;24/08/2010
2010056808;1;1;1;1;4;920;24/08/2010
2010056809;5;1;1;1;4;920;25/08/2010
2010056810;1;1;1;1;2;750;25/08/2010
2010056811;1;1;1;1;6;780;25/08/2010
2010056812;1;1;1;1;5;780;27/08/2010
2010056813;1;1;1;1;2;920;27/08/2010
2010056814;1;1;1;1;1;920;28/08/2010
2010056815;1;1;1;1;6;920;28/08/2010
2010056816;4;1;1;1;6;920;30/08/2010
2010056817;1;1;1;1;6;780;31/08/2010
2010056818;2;1;1;1;2;780;31/08/2010
2010056819;1;1;1;1;5;780;01/09/2010
2010056820;1;1;1;1;6;780;01/09/2010
2010056821;4;1;1;1;5;920;01/09/2010
2010056822;5;1;1;1;3;780;02/09/2010
2010056823;1;1;1;1;5;920;02/09/2010
2010056824;1;1;1;1;5;780;02/09/2010
2010056825;1;1;1;1;2;780;03/09/2010
2010056826;1;1;1;1;6;920;06/09/2010
2010056827;1;1;1;1;2;920;03/09/2010
2010056828;1;1;1;1;3;920;03/09/2010
2010056829;4;1;1;1;6;920;05/09/2010
2010056830;4;1;1;1;1;920;06/09/2010
2010056831;3;1;1;2;6;920;07/09/2010
2010056832;1;1;1;1;6;780;07/09/2010
2010056833;1;1;1;1;1;920;08/09/2010
2010056834;5;1;1;2;6;920;08/09/2010
2010056835;1;1;1;1;3;780;09/09/2010
2010056836;1;1;1;8;6;780;09/09/2010
2010056837;1;1;1;1;3;780;10/09/2010
2010056838;1;1;1;1;2;780;09/09/2010
2010056839;1;1;1;1;2;920;09/09/2010
2010056840;2;1;1;8;3;920;09/09/2010
2010056841;3;1;1;1;2;780;12/09/2010
2010056842;1;1;1;1;2;920;13/09/2010
2010056843;1;1;1;1;2;920;14/09/2010
2010056844;1;1;1;1;7;780;14/09/2010
2010056845;1;1;1;1;2;920;14/09/2010
2010056846;1;1;1;1;5;780;14/09/2010
2010056847;1;1;1;1;5;920;15/09/2010
2010056848;4;1;1;1;2;780;16/09/2010
2010056849;3;1;1;1;2;780;16/09/2010
2010056850;1;1;1;1;5;780;16/09/2010
2010056851;1;1;1;1;2;920;16/09/2010
2010056852;1;1;1;1;3;780;16/09/2010
2010056853;1;1;1;1;2;920;17/09/2010
2010056854;3;1;1;1;6;780;18/09/2010
2010056855;1;1;1;1;3;780;19/09/2010
2010056856;3;1;1;1;3;780;19/09/2010
2010056857;1;1;1;1;2;920;20/09/2010
2010056858;1;1;1;1;7;920;23/09/2010
2010056859;1;1;1;1;2;780;21/09/2010
2010056860;3;1;1;8;3;780;23/09/2010
2010056861;1;1;1;1;4;920;24/09/2010
2010056862;5;1;1;8;6;920;25/09/2010
2010056863;2;1;1;1;7;780;27/09/2010
2010056864;2;1;1;2;7;920;27/09/2010
2010056865;1;1;1;8;4;780;27/09/2010
2010056866;1;1;1;2;6;780;28/09/2010
2010056867;3;1;1;1;3;920;28/09/2010
2010056868;1;1;1;1;2;780;29/09/2010
2010056869;1;1;1;1;2;780;29/09/2010
2010056870;2;1;1;2;7;920;30/09/2010
2010056871;2;1;1;2;3;920;30/09/2010
2010056872;5;1;1;1;2;920;01/10/2010
2010056873;1;1;1;1;6;920;01/10/2010
2010056874;4;1;1;2;6;920;02/10/2010
2010056875;5;1;1;2;7;920;02/10/2010
2010056876;1;1;1;2;7;780;02/10/2010
2010056877;1;1;1;1;2;780;02/10/2010
2010056878;5;1;1;1;7;920;03/10/2010
2010056879;5;1;1;9;6;920;04/10/2010
2010056880;1;1;1;2;7;780;05/10/2010
2010056881;1;1;1;2;7;780;06/10/2010
2010056882;5;1;1;2;5;920;06/10/2010
2010056883;1;1;1;1;7;920;07/10/2010
2010056884;1;1;1;1;4;920;07/10/2010
2010056885;1;1;1;1;4;780;08/10/2010
2010056886;2;1;1;1;7;780;08/10/2010
2010056887;4;1;1;1;6;920;10/10/2010
2010056888;1;1;1;1;4;920;11/10/2010
2010056889;1;1;1;1;6;780;11/10/2010
2010056890;1;1;1;1;6;780;12/10/2010
2010056891;2;1;1;1;2;920;13/10/2010
2010056892;2;1;1;1;5;780;13/10/2010
2010056893;3;1;1;1;6;780;15/10/2010
2010056894;1;1;1;8;2;920;15/10/2010
2010056895;3;1;1;2;4;780;15/10/2010
2010056896;1;1;1;1;2;780;16/10/2010
2010056897;1;1;1;1;5;920;16/10/2010
2010056898;1;1;1;1;6;780;17/10/2010
2010056899;1;1;1;1;6;920;18/10/2010
2010056900;1;1;1;1;5;920;18/10/2010
2010056901;4;1;1;1;4;920;18/10/2010
2010056902;2;1;1;1;7;920;19/10/2010
2010056903;1;1;1;1;2;780;20/10/2010
2010056904;1;1;1;1;3;780;20/10/2010
2010056905;1;1;1;1;4;780;20/10/2010
2010056906;1;1;1;1;3;920;21/10/2010
2010056907;1;1;1;1;2;920;21/10/2010
2010056908;1;1;1;1;4;920;21/10/2010
2010056909;3;1;1;1;2;780;22/10/2010
2010056910;1;1;1;1;3;920;22/10/2010
2010056911;1;1;1;1;2;920;22/10/2010
2010056912;1;1;1;1;2;920;22/10/2010
2010056913;5;1;1;1;6;920;23/10/2010
2010056914;4;1;1;1;7;780;25/10/2010
2010056915;1;1;1;1;6;780;25/10/2010
2010056916;4;1;1;1;5;920;26/10/2010
2010056917;1;1;1;1;2;920;26/10/2010
2010056918;1;1;1;1;3;920;27/10/2010
2010056919;3;1;1;2;6;780;28/10/2010
2010056920;3;1;1;2;6;920;29/10/2010
2010056921;2;1;1;1;2;780;29/10/2010
2010056922;3;1;1;1;6;780;31/10/2010
2010056923;3;1;1;2;6;780;31/10/2010
2010056924;1;1;1;1;6;780;02/11/2010
2010056925;3;1;1;2;2;780;02/11/2010
2010056926;5;1;1;1;4;920;02/11/2010
2010056927;5;1;1;1;6;780;04/11/2010
2010056928;3;1;1;1;6;780;04/11/2010
2010056929;1;1;1;3;2;750;11/11/2010
2010056930;1;1;1;3;6;920;07/11/2010
2010056931;1;1;1;2;6;780;08/11/2010
2010056932;3;1;1;1;5;920;08/11/2010
2010056933;3;1;1;2;6;920;08/11/2010
2010056934;3;1;1;8;6;780;08/11/2010
2010056935;3;1;1;2;2;780;09/11/2010
2010056936;1;1;1;2;2;920;09/11/2010
2010056937;1;1;1;2;2;920;09/11/2010
2010056938;1;1;1;2;3;920;09/11/2010
2010056939;1;1;1;2;4;920;09/11/2010
2010056940;5;1;1;2;4;920;09/11/2010
2010056941;2;1;1;8;7;920;10/11/2010
2010056942;5;1;1;1;2;920;10/11/2010
2010056943;2;1;1;8;6;920;01/11/2010
2010056944;3;1;1;8;4;780;10/11/2010
2010056945;1;1;1;2;6;920;11/11/2010
2010056946;3;1;1;2;6;780;11/11/2010
2010056947;5;1;1;2;7;780;12/11/2010
2010056948;5;1;1;1;7;920;12/11/2010
2010056949;1;1;1;2;6;780;13/11/2010
2010056950;2;1;1;2;6;920;13/11/2010
2010056951;2;1;1;8;2;780;14/11/2010
2010056952;1;1;1;1;7;780;15/11/2010
2010056953;2;1;1;8;3;920;15/11/2010
2010056954;1;1;1;1;3;780;15/11/2010
2010056955;1;1;1;1;3;780;16/11/2010
2010056956;1;1;1;1;2;780;16/11/2010
2010056957;1;1;1;2;7;920;17/11/2010
2010056958;2;1;1;1;4;920;18/11/2010
2010056959;2;1;1;1;2;920;18/11/2010
2010056960;1;1;1;1;6;780;18/11/2010
2010056961;1;1;1;2;7;780;19/11/2010
2010056962;5;1;1;2;7;920;19/11/2010
2010056963;4;1;1;1;2;780;20/11/2010
2010056964;3;1;1;1;6;780;20/11/2010
2010056965;5;1;1;1;2;920;20/11/2010
2010056966;2;1;1;2;2;780;21/11/2010
2010056967;1;1;1;2;3;780;21/11/2010
2010056968;1;1;1;1;3;920;23/11/2010
2010056969;1;1;1;1;2;920;23/11/2010
2010056970;1;1;1;1;7;920;24/11/2010
2010056971;4;1;1;2;6;780;24/11/2010
2010056972;1;1;1;1;3;920;24/11/2010
2010056973;1;1;1;1;4;780;24/11/2010
2010056974;1;1;1;1;4;780;24/11/2010
2010056975;1;1;1;1;4;780;24/11/2010
2010056976;1;1;1;1;4;920;25/11/2010
2010056977;1;1;1;1;6;920;26/11/2010
2010056978;5;1;1;1;7;920;27/11/2010
2010056979;5;1;1;1;2;780;28/11/2010
2010056980;5;1;1;1;6;920;28/11/2010
2010056981;2;1;1;1;3;780;28/11/2010
2010056982;4;1;1;8;6;780;28/11/2010
2010056983;3;1;1;1;7;780;02/12/2010
2010056984;2;1;1;4;4;780;06/12/2010
2010056985;2;1;1;8;3;780;06/12/2010
2010056986;4;1;1;1;2;780;07/12/2010
2010056987;1;1;1;2;7;920;08/12/2010
2010056988;3;1;1;8;6;780;09/12/2010
2010056989;5;1;1;1;6;780;09/12/2010
2010056990;3;1;1;1;2;780;11/12/2010
2010056991;1;1;1;1;7;780;11/12/2010
2010056992;2;1;1;1;4;920;13/12/2010
2010056993;2;1;1;2;2;780;14/12/2010
2010056994;1;1;1;1;3;780;14/12/2010
2010056995;1;1;1;1;2;920;14/12/2010
2010056996;1;1;1;1;6;780;14/12/2010
2010056997;5;1;1;4;6;920;17/12/2010
2010056998;4;1;1;5;2;920;17/12/2010
2010056999;1;1;1;1;2;780;17/12/2010
2010057000;1;1;1;1;6;780;17/12/2010
2010057001;1;1;1;8;6;920;18/12/2010
2010057002;1;1;1;1;3;920;21/12/2010
2010057003;1;1;1;1;3;780;22/12/2010
2010057004;1;1;1;1;6;780;22/12/2010
2010057005;3;1;1;4;5;780;23/12/2010
2010057006;1;1;1;4;6;780;24/12/2010
2010057007;5;1;1;1;2;920;26/12/2010
2010057008;5;1;1;2;3;780;27/12/2010
2010057009;3;1;1;2;6;780;28/12/2010
2010057010;1;1;1;1;6;780;28/12/2010
2010057011;3;1;1;5;6;780;30/12/2010
2010057012;1;1;1;8;3;780;30/12/2010
2010057013;3;1;1;1;2;780;31/12/2010
2010057014;2;1;1;8;7;770;01/01/2010
2010057015;3;1;1;1;6;770;01/01/2010
2010057016;5;1;1;1;7;910;02/01/2010
2010057017;3;1;1;1;4;910;02/01/2010
2010057018;1;1;1;1;3;920;04/01/2010
2010057019;1;1;1;1;3;910;06/01/2010
2010057020;1;1;1;4;2;910;12/01/2010
2010057021;1;1;1;4;3;910;07/01/2010
2010057022;5;1;1;4;7;910;07/01/2010
2010057023;3;1;1;4;7;910;08/01/2010
2010057024;3;1;1;9;7;910;08/01/2010
2010057025;5;1;1;9;7;940;10/01/2010
2010057026;3;1;1;2;5;910;10/01/2010
2010057027;5;1;1;2;2;940;10/01/2010
2010057028;3;1;1;9;5;910;10/01/2010
2010057029;2;1;1;4;7;910;10/01/2010
2010057030;3;1;1;2;2;910;10/01/2010
2010057031;2;1;1;4;3;940;10/01/2010
2010057032;1;1;1;2;6;910;10/01/2010
2010057033;1;1;1;1;3;910;12/01/2010
2010057034;1;1;1;1;5;910;12/01/2010
2010057035;1;1;1;1;7;770;12/01/2010
2010057036;3;1;1;4;6;910;12/01/2010
2010057037;5;1;1;8;2;940;13/01/2010
2010057038;5;1;1;2;2;910;13/01/2010
2010057039;3;1;1;1;7;910;14/01/2010
2010057040;1;1;1;1;7;910;14/01/2010
2010057041;1;1;1;1;2;910;14/01/2010
2010057042;1;1;1;1;7;910;14/01/2010
2010057043;1;1;1;1;6;940;15/01/2010
2010057044;1;1;1;1;3;910;15/01/2010
2010057045;3;1;1;1;6;910;16/01/2010
2010057046;3;1;1;3;7;920;17/01/2010
2010057047;3;1;1;2;3;920;17/01/2010
2010057048;1;1;1;1;7;910;17/01/2010
2010057049;3;1;1;1;3;910;17/01/2010
2010057050;3;1;1;5;2;910;18/01/2010
2010057051;5;1;1;5;4;910;18/01/2010
2010057052;1;1;1;8;6;910;18/01/2010
2010057053;3;1;1;1;7;940;18/01/2010
2010057054;1;1;9;5;2;910;19/01/2010
2010057055;5;1;1;2;6;910;19/01/2010
2010057056;3;1;1;1;3;770;19/01/2010
2010057057;3;1;1;1;2;910;20/01/2010
2010057058;1;1;1;1;3;910;21/01/2010
2010057059;1;1;1;8;3;910;21/01/2010
2010057060;1;1;1;1;7;940;21/01/2010
2010057061;1;1;9;8;7;770;21/01/2010
2010057062;1;1;1;1;3;910;21/01/2010
2010057063;3;1;1;1;7;910;21/01/2010
2010057064;3;1;1;1;3;940;22/01/2010
2010057065;5;1;1;1;2;910;23/01/2010
2010057066;5;1;1;2;3;920;23/01/2010
2010057067;5;1;1;1;2;940;23/01/2010
2010057068;5;1;1;1;6;910;24/01/2010
2010057069;3;1;1;8;1;910;24/01/2010
2010057070;5;1;1;1;2;940;25/01/2010
2010057071;1;1;1;8;6;910;23/01/2010
2010057072;1;1;1;1;2;910;22/01/2010
2010057073;1;1;1;8;3;910;28/01/2010
2010057074;5;1;1;1;7;940;28/01/2010
2010057075;5;1;1;2;7;940;29/01/2010
2010057076;1;1;1;1;2;910;31/01/2010
2010057077;2;1;1;8;2;910;02/02/2010
2010057078;1;1;1;2;3;750;02/02/2010
2010057079;3;1;1;1;6;910;04/02/2010
2010057080;1;1;9;1;7;910;04/02/2010
2010057081;1;1;1;1;2;910;04/02/2010
2010057082;2;1;1;1;5;910;04/02/2010
2010057083;3;1;1;1;7;910;05/02/2010
2010057084;3;1;1;2;1;910;06/02/2010
2010057085;1;1;1;2;6;910;06/02/2010
2010057086;1;1;1;1;7;910;06/02/2010
2010057087;5;1;1;1;7;910;08/02/2010
2010057088;3;1;1;1;2;910;08/02/2010
2010057089;2;1;1;2;6;910;08/02/2010
2010057090;3;1;1;2;2;910;08/02/2010
2010057091;1;1;1;4;7;940;11/02/2010
2010057092;1;1;1;4;5;940;11/02/2010
2010057093;1;1;1;1;2;910;14/02/2010
2010057094;1;1;1;1;7;910;15/02/2010
2010057095;1;1;1;1;6;910;16/02/2010
2010057096;1;1;1;1;2;910;16/02/2010
2010057097;1;1;1;1;4;910;16/02/2010
2010057098;3;1;1;1;2;940;17/02/2010
2010057099;1;1;1;1;7;910;19/02/2010
2010057100;1;1;1;4;6;910;20/02/2010
2010057101;1;1;1;1;2;910;22/02/2010
2010057102;1;1;1;2;7;910;23/02/2010
2010057103;1;1;1;2;3;910;24/02/2010
2010057104;2;1;1;8;7;750;25/02/2010
2010057105;5;1;1;1;2;940;12/02/2010
2010057106;1;1;1;8;5;910;26/02/2010
2010057107;1;1;1;1;3;920;26/02/2010
2010057108;1;1;1;1;2;910;26/02/2010
2010057109;1;1;1;1;7;910;26/02/2010
2010057110;3;1;1;1;4;910;26/02/2010
2010057111;3;1;1;1;2;910;26/02/2010
2010057112;3;1;1;1;5;910;26/02/2010
2010057113;3;1;1;1;7;910;27/02/2010
2010057114;3;1;1;1;3;910;01/03/2010
2010057115;1;1;1;1;4;910;01/03/2010
2010057116;1;1;1;1;2;910;01/03/2010
2010057117;1;1;1;1;4;910;01/03/2010
2010057118;1;1;1;1;3;940;02/03/2010
2010057119;1;1;1;1;7;910;02/03/2010
2010057120;5;1;1;1;7;910;02/03/2010
2010057121;1;1;1;1;2;940;03/03/2010
2010057122;1;1;1;1;7;910;03/03/2010
2010057123;1;1;1;1;4;910;03/03/2010
2010057124;1;1;1;1;3;910;05/03/2010
2010057125;4;1;1;1;7;940;06/03/2010
2010057126;5;1;1;1;7;940;07/03/2010
2010057127;1;1;1;2;3;940;08/03/2010
2010057128;1;1;1;1;2;910;08/03/2010
2010057129;1;1;1;1;7;940;08/03/2010
2010057130;1;1;1;1;6;910;09/03/2010
2010057131;1;1;1;1;4;940;09/03/2010
2010057132;1;1;1;1;5;910;09/03/2010
2010057133;1;1;9;1;1;910;10/03/2010
2010057134;1;1;1;1;2;910;11/03/2010
2010057135;5;1;1;9;7;920;12/03/2010
2010057136;1;1;1;1;3;770;14/03/2010
2010057137;1;1;1;1;3;910;16/03/2010
2010057138;1;1;1;1;3;910;18/03/2010
2010057139;1;1;1;1;3;910;18/03/2010
2010057140;1;1;1;1;3;910;18/03/2010
2010057141;1;1;1;1;3;910;18/03/2010
2010057142;1;1;1;1;5;910;18/03/2010
2010057143;1;1;1;1;2;910;19/03/2010
2010057144;5;1;1;2;6;910;20/03/2010
2010057145;2;1;1;2;6;940;20/03/2010
2010057146;1;1;1;2;3;940;20/03/2010
2010057147;1;1;1;1;7;940;20/03/2010
2010057148;1;1;1;1;4;910;20/03/2010
2010057149;1;1;1;1;2;910;21/03/2010
2010057150;1;1;1;1;3;940;22/03/2010
2010057151;1;1;1;1;3;910;22/03/2010
2010057152;5;1;1;1;2;910;22/03/2010
2010057153;1;1;1;1;3;910;23/03/2010
2010057154;4;1;1;1;7;910;23/03/2010
2010057155;5;1;1;1;6;910;23/03/2010
2010057156;1;1;1;1;2;910;25/03/2010
2010057157;4;1;1;1;2;910;24/03/2010
2010057158;1;1;1;2;2;910;25/03/2010
2010057159;3;1;1;1;6;910;25/03/2010
2010057160;3;1;1;1;5;910;27/03/2010
2010057161;1;1;1;2;4;910;29/03/2010
2010057162;1;1;1;1;2;910;31/03/2010
2010057163;1;1;1;1;1;910;01/04/2010
2010057164;1;1;1;1;3;910;01/04/2010
2010057165;1;1;1;1;7;910;01/04/2010
2010057166;3;1;1;2;7;910;02/04/2010
2010057167;1;1;1;3;6;770;02/04/2010
2010057168;1;1;1;8;5;910;02/04/2010
2010057169;1;1;1;8;5;920;02/04/2010
2010057170;4;1;1;1;2;940;03/04/2010
2010057171;1;1;1;2;3;910;03/04/2010
2010057172;1;1;1;2;2;910;03/04/2010
2010057173;1;1;1;1;5;940;06/04/2010
2010057174;1;1;1;1;2;910;06/04/2010
2010057175;1;1;1;1;2;910;07/04/2010
2010057176;1;1;1;2;7;910;08/04/2010
2010057177;1;1;1;1;3;910;09/04/2010
2010057178;3;1;1;1;7;910;10/04/2010
2010057179;1;1;1;1;4;910;10/04/2010
2010057180;1;1;1;1;2;940;12/04/2010
2010057181;3;1;1;1;6;910;13/04/2010
2010057182;1;1;1;1;5;910;13/04/2010
2010057183;1;1;1;1;3;940;13/04/2010
2010057184;5;1;1;1;7;910;14/04/2010
2010057185;5;1;1;1;7;940;15/04/2010
2010057186;3;1;1;1;6;910;16/04/2010
2010057187;1;1;1;1;2;940;16/04/2010
2010057188;1;1;1;1;2;910;17/04/2010
2010057189;1;1;1;1;3;910;16/04/2010
2010057190;1;1;1;1;4;910;16/04/2010
2010057191;1;1;1;1;2;910;17/04/2010
2010057192;2;1;1;1;6;770;18/04/2010
2010057193;1;1;1;1;3;910;21/04/2010
2010057194;1;1;1;1;3;910;23/04/2010
2010057195;1;1;1;1;3;940;23/04/2010
2010057196;3;1;1;1;6;910;23/04/2010
2010057197;1;1;1;7;2;910;24/04/2010
2010057198;1;1;1;1;6;910;24/04/2010
2010057199;1;1;1;1;7;910;24/04/2010
2010057200;1;1;1;1;7;910;24/04/2010
2010057201;1;1;1;1;2;910;27/04/2010
2010057202;1;1;1;1;2;910;27/04/2010
2010057203;1;1;1;1;7;910;27/04/2010
2010057204;1;1;1;1;6;910;28/04/2010
2010057205;1;1;1;1;3;940;28/04/2010
2010057206;1;1;1;1;2;910;28/04/2010
2010057207;1;1;1;1;4;910;29/04/2010
2010057208;1;1;1;1;2;910;30/04/2010
2010057209;3;1;1;1;7;940;01/05/2010
2010057210;4;1;1;1;7;940;02/05/2010
2010057211;5;1;1;1;7;910;03/05/2010
2010057212;1;1;1;1;5;910;03/05/2010
2010057213;1;1;1;1;2;910;03/05/2010
2010057214;5;1;1;1;3;940;05/05/2010
2010057215;1;1;1;1;7;940;05/05/2010
2010057216;1;1;1;1;3;910;07/05/2010
2010057217;1;1;1;1;3;940;08/05/2010
2010057218;4;1;1;1;7;940;08/05/2010
2010057219;1;1;1;1;7;910;08/05/2010
2010057220;3;1;1;2;2;910;08/05/2010
2010057221;3;1;1;1;7;910;09/05/2010
2010057222;3;1;1;1;3;910;10/05/2010
2010057223;3;1;1;2;7;910;10/05/2010
2010057224;5;1;1;2;7;940;11/05/2010
2010057225;3;1;1;1;7;910;11/05/2010
2010057226;1;1;1;2;3;910;11/05/2010
2010057227;1;1;1;1;6;910;12/05/2010
2010057228;2;1;1;1;2;920;13/05/2010
2010057229;1;1;1;8;7;910;13/05/2010
2010057230;1;1;1;8;6;910;14/05/2010
2010057231;1;1;1;1;2;940;14/05/2010
2010057232;1;1;1;1;3;910;15/05/2010
2010057233;1;1;1;1;6;910;15/05/2010
2010057234;1;1;1;1;3;940;15/05/2010
2010057235;1;1;1;1;3;940;15/05/2010
2010057236;1;1;1;1;2;910;16/05/2010
2010057237;1;1;1;1;3;910;17/05/2010
2010057238;1;1;1;1;3;910;18/05/2010
2010057239;1;1;1;1;3;910;18/05/2010
2010057240;1;1;1;1;3;940;19/05/2010
2010057241;1;1;1;1;7;940;19/05/2010
2010057242;1;1;1;1;2;940;19/05/2010
2010057243;1;1;1;1;3;910;19/05/2010
2010057244;1;1;1;1;7;770;20/05/2010
2010057245;1;1;1;1;3;910;20/05/2010
2010057246;1;1;1;1;1;910;21/05/2010
2010057247;2;1;1;1;5;910;21/05/2010
2010057248;3;1;1;1;7;910;22/05/2010
2010057249;1;1;1;1;4;910;22/05/2010
2010057250;1;1;1;1;4;910;22/05/2010
2010057251;1;1;1;1;2;940;22/05/2010
2010057252;1;1;1;1;3;910;23/05/2010
2010057253;1;1;1;7;2;910;23/05/2010
2010057254;1;1;1;1;2;910;22/05/2010
2010057255;1;1;1;1;7;940;24/05/2010
2010057256;1;1;1;7;4;910;25/05/2010
2010057257;1;1;1;1;2;940;26/05/2010