num_acc;lum;agg;inter;atm;col;dep;date
2010057258;1;1;1;1;2;940;26/05/2010
2010057259;1;1;1;2;7;910;26/05/2010
2010057260;3;1;1;8;7;910;28/05/2010
2010057261;5;1;1;1;7;940;29/05/2010
2010057262;1;1;1;1;2;910;29/05/2010
2010057263;1;1;1;2;2;910;29/05/2010
2010057264;3;1;1;2;6;910;30/05/2010
2010057265;1;1;1;1;7;910;01/06/2010
2010057266;1;1;1;1;7;910;01/06/2010
2010057267;1;1;1;8;4;770;01/06/2010
2010057268;1;1;1;1;2;910;03/06/2010
2010057269;3;1;1;1;1;910;03/06/2010
2010057270;1;1;1;1;4;910;04/06/2010
2010057271;1;1;1;1;7;910;04/06/2010
2010057272;1;1;1;1;5;910;04/06/2010
2010057273;1;1;1;1;3;910;07/06/2010
2010057274;1;1;1;1;3;910;07/06/2010
2010057275;1;1;1;2;6;910;09/06/2010
2010057276;1;1;1;2;3;910;09/06/2010
2010057277;1;1;1;2;7;910;09/06/2010
2010057278;3;1;1;9;2;910;09/06/2010
2010057279;2;1;1;2;6;910;10/06/2010
2010057280;1;1;1;3;4;910;10/06/2010
2010057281;1;1;1;2;2;910;10/06/2010
2010057282;1;1;1;3;4;910;10/06/2010
2010057283;1;1;1;2;7;770;10/06/2010
2010057284;1;1;1;1;3;910;11/06/2010
2010057285;1;1;1;1;5;940;11/06/2010
2010057286;1;1;1;1;2;910;11/06/2010
2010057287;1;1;1;1;4;910;11/06/2010
2010057288;3;1;1;3;3;910;12/06/2010
2010057289;1;1;1;1;7;910;12/06/2010
2010057290;1;1;1;1;2;910;12/06/2010
2010057291;3;1;1;1;2;910;13/06/2010
2010057292;1;1;1;1;4;940;13/06/2010
2010057293;1;1;1;8;7;910;15/06/2010
2010057294;1;1;1;1;2;910;17/06/2010
2010057295;1;1;1;1;2;910;18/06/2010
2010057296;1;1;1;1;7;910;19/06/2010
2010057297;1;1;1;1;3;910;19/06/2010
2010057298;1;1;1;1;6;770;21/06/2010
2010057299;1;1;1;1;2;910;22/06/2010
2010057300;4;1;1;1;7;910;23/06/2010
2010057301;1;1;1;1;7;940;24/06/2010
2010057302;1;1;1;1;3;940;24/06/2010
2010057303;1;1;1;1;3;910;25/06/2010
2010057304;1;1;1;1;4;940;25/06/2010
2010057305;3;1;1;1;7;910;26/06/2010
2010057306;3;1;1;1;7;910;26/06/2010
2010057307;3;1;1;1;7;910;27/06/2010
2010057308;1;1;1;1;3;940;29/06/2010
2010057309;1;1;1;1;5;910;29/06/2010
2010057310;1;1;1;1;2;910;30/06/2010
2010057311;1;1;1;1;7;910;30/06/2010
2010057312;1;1;1;1;7;940;30/06/2010
2010057313;1;1;1;1;6;910;30/06/2010
2010057314;1;1;1;1;7;940;01/07/2010
2010057315;1;1;1;7;7;910;01/07/2010
2010057316;1;1;1;1;6;910;01/07/2010
2010057317;1;1;1;1;2;910;01/07/2010
2010057318;1;1;1;1;2;910;02/07/2010
2010057319;1;1;1;3;5;920;02/07/2010
2010057320;1;1;1;1;7;940;03/07/2010
2010057321;1;1;1;1;2;910;05/07/2010
2010057322;1;1;1;1;2;940;06/07/2010
2010057323;1;1;1;1;5;940;06/07/2010
2010057324;1;1;1;1;4;910;06/07/2010
2010057325;3;1;1;1;2;910;06/07/2010
2010057326;1;1;1;7;2;910;07/07/2010
2010057327;1;1;1;7;2;910;07/07/2010
2010057328;1;1;1;1;3;910;07/07/2010
2010057329;1;1;1;1;3;910;07/07/2010
2010057330;1;1;1;1;7;910;07/07/2010
2010057331;1;1;1;1;7;910;07/07/2010
2010057332;1;1;1;1;6;910;07/07/2010
2010057333;1;1;1;1;5;910;09/07/2010
2010057334;1;1;1;1;5;910;09/07/2010
2010057335;1;1;1;1;3;940;09/07/2010
2010057336;1;1;1;1;5;910;09/07/2010
2010057337;5;1;1;1;3;920;10/07/2010
2010057338;1;1;1;1;7;910;10/07/2010
2010057339;1;1;1;1;7;910;11/07/2010
2010057340;1;1;1;3;6;910;12/07/2010
2010057341;1;1;1;2;2;770;12/07/2010
2010057342;1;1;1;3;3;940;12/07/2010
2010057343;3;1;1;1;7;910;12/07/2010
2010057344;5;1;1;1;2;910;14/07/2010
2010057345;1;1;1;1;3;910;15/07/2010
2010057346;1;1;1;1;7;940;17/07/2010
2010057347;1;1;1;1;7;910;17/07/2010
2010057348;1;1;1;1;4;910;19/07/2010
2010057349;1;1;1;1;7;910;20/07/2010
2010057350;1;1;1;1;7;940;21/07/2010
2010057351;1;1;1;1;3;940;22/07/2010
2010057352;1;1;1;1;6;910;22/07/2010
2010057353;1;1;1;1;7;940;22/07/2010
2010057354;1;1;1;1;3;910;23/07/2010
2010057355;1;1;1;8;2;910;23/07/2010
2010057356;1;1;1;1;3;920;23/07/2010
2010057357;1;1;1;1;7;910;24/07/2010
2010057358;1;1;1;1;7;910;25/07/2010
2010057359;1;1;1;1;6;910;26/07/2010
2010057360;1;1;1;8;7;910;26/07/2010
2010057361;3;1;1;1;2;910;28/07/2010
2010057362;1;1;1;1;2;940;28/07/2010
2010057363;1;1;1;1;7;910;29/07/2010
2010057364;1;1;1;1;3;910;29/07/2010
2010057365;1;1;1;7;7;910;30/07/2010
2010057366;1;1;1;1;7;910;31/07/2010
2010057367;2;1;1;1;7;910;01/08/2010
2010057368;1;1;1;1;4;910;02/08/2010
2010057369;1;1;1;1;2;910;03/08/2010
2010057370;3;1;1;1;3;910;05/08/2010
2010057371;1;1;1;1;6;910;06/08/2010
2010057372;1;1;1;1;7;910;07/08/2010
2010057373;1;1;1;1;7;940;08/08/2010
2010057374;1;1;1;1;6;940;08/08/2010
2010057375;1;1;1;1;3;910;09/08/2010
2010057376;1;1;1;1;3;920;09/08/2010
2010057377;1;1;1;1;7;910;09/08/2010
2010057378;1;1;1;1;2;910;10/08/2010
2010057379;1;1;1;1;3;940;10/08/2010
2010057380;1;1;1;2;2;910;11/08/2010
2010057381;1;1;1;1;6;910;12/08/2010
2010057382;3;1;1;8;6;910;13/08/2010
2010057383;1;1;1;3;6;910;15/08/2010
2010057384;1;1;1;3;7;910;15/08/2010
2010057385;1;1;1;2;3;940;15/08/2010
2010057386;1;1;1;3;3;910;15/08/2010
2010057387;1;1;1;2;6;910;16/08/2010
2010057388;1;1;1;1;2;910;16/08/2010
2010057389;1;1;1;3;2;910;16/08/2010
2010057390;1;1;1;3;7;940;16/08/2010
2010057391;1;1;1;1;2;910;19/08/2010
2010057392;1;1;1;2;6;910;20/08/2010
2010057393;2;1;1;1;6;910;20/08/2010
2010057394;1;1;1;1;7;910;22/08/2010
2010057395;1;1;1;2;7;910;23/08/2010
2010057396;1;1;1;1;7;910;23/08/2010
2010057397;1;1;1;1;2;910;24/08/2010
2010057398;1;1;1;1;2;940;25/08/2010
2010057399;3;1;1;2;6;910;27/08/2010
2010057400;3;1;1;1;6;910;27/08/2010
2010057401;1;1;1;1;7;910;27/08/2010
2010057402;1;1;1;1;5;910;27/08/2010
2010057403;1;1;1;1;3;770;28/08/2010
2010057404;1;1;1;1;4;910;28/08/2010
2010057405;1;1;1;1;4;910;28/08/2010
2010057406;1;1;1;1;6;910;29/08/2010
2010057407;2;1;9;1;3;910;30/08/2010
2010057408;1;1;1;1;4;910;30/08/2010
2010057409;1;1;1;1;2;910;30/08/2010
2010057410;5;1;1;1;2;940;30/08/2010
2010057411;1;1;1;1;3;910;31/08/2010
2010057412;1;1;1;1;6;910;31/08/2010
2010057413;1;1;1;1;3;910;30/08/2010
2010057414;1;1;1;1;4;910;01/09/2010
2010057415;3;1;1;1;7;940;01/09/2010
2010057416;1;1;1;1;2;910;02/09/2010
2010057417;1;1;1;1;4;910;02/09/2010
2010057418;1;1;1;1;5;910;02/09/2010
2010057419;3;1;1;1;7;940;03/09/2010
2010057420;1;1;1;7;4;910;03/09/2010
2010057421;3;1;1;1;6;910;03/09/2010
2010057422;1;1;1;1;5;910;04/09/2010
2010057423;1;1;1;8;2;910;06/09/2010
2010057424;1;1;1;1;2;910;04/09/2010
2010057425;1;1;1;1;2;910;05/09/2010
2010057426;1;1;1;1;7;910;06/09/2010
2010057427;1;1;1;1;2;910;07/09/2010
2010057428;1;1;1;2;3;910;08/09/2010
2010057429;1;1;1;2;7;910;08/09/2010
2010057430;1;1;1;2;7;910;08/09/2010
2010057431;1;1;1;2;2;940;08/09/2010
2010057432;2;1;1;1;6;910;08/09/2010
2010057433;3;1;1;1;2;910;08/09/2010
2010057434;3;1;1;1;2;910;08/09/2010
2010057435;1;1;1;1;2;910;09/09/2010
2010057436;1;1;1;2;5;910;09/09/2010
2010057437;1;1;1;1;4;910;11/09/2010
2010057438;5;1;1;1;2;910;12/09/2010
2010057439;1;1;1;1;2;910;14/09/2010
2010057440;1;1;1;1;4;910;14/09/2010
2010057441;1;1;1;1;2;910;14/09/2010
2010057442;1;1;1;1;2;910;14/09/2010
2010057443;1;1;1;1;5;940;15/09/2010
2010057444;1;1;1;1;7;910;14/09/2010
2010057445;1;1;1;2;7;940;15/09/2010
2010057446;1;1;1;8;7;910;15/09/2010
2010057447;1;1;1;8;5;910;15/09/2010
2010057448;1;1;1;1;3;910;16/09/2010
2010057449;3;1;1;1;2;910;17/09/2010
2010057450;1;1;1;1;3;940;17/09/2010
2010057451;1;1;1;1;4;910;17/09/2010
2010057452;1;1;1;1;2;910;18/09/2010
2010057453;1;1;1;1;1;910;18/09/2010
2010057454;5;1;1;1;2;940;19/09/2010
2010057455;1;1;1;1;5;910;21/09/2010
2010057456;1;1;1;1;2;910;21/09/2010
2010057457;1;1;1;1;6;770;21/09/2010
2010057458;1;1;1;1;3;910;21/09/2010
2010057459;1;1;1;1;4;770;21/09/2010
2010057460;5;1;1;1;3;940;21/09/2010
2010057461;1;1;1;1;2;910;22/09/2010
2010057462;1;1;1;1;3;940;22/09/2010
2010057463;1;1;1;1;7;940;23/09/2010
2010057464;1;1;1;2;7;910;24/09/2010
2010057465;1;1;1;8;2;910;24/09/2010
2010057466;1;1;1;1;7;910;24/09/2010
2010057467;1;1;1;1;3;940;25/09/2010
2010057468;1;1;1;1;3;940;25/09/2010
2010057469;3;1;1;1;1;910;26/09/2010
2010057470;5;1;1;3;2;940;26/09/2010
2010057471;5;1;1;3;7;940;27/09/2010
2010057472;2;1;1;1;6;910;27/09/2010
2010057473;2;1;1;1;2;940;27/09/2010
2010057474;1;1;1;1;6;910;27/09/2010
2010057475;1;1;1;1;6;910;29/09/2010
2010057476;1;1;1;1;2;940;29/09/2010
2010057477;2;1;1;2;3;910;30/09/2010
2010057478;1;1;1;2;4;910;30/09/2010
2010057479;3;1;1;1;6;910;01/10/2010
2010057480;1;1;1;1;7;910;01/10/2010
2010057481;3;1;1;1;6;910;01/10/2010
2010057482;3;1;1;1;6;910;02/10/2010
2010057483;1;1;1;2;3;920;02/10/2010
2010057484;1;1;1;8;7;910;02/10/2010
2010057485;3;1;1;1;2;910;02/10/2010
2010057486;1;1;1;1;3;910;03/10/2010
2010057487;1;1;1;2;4;910;04/10/2010
2010057488;1;1;1;2;3;910;05/10/2010
2010057489;1;1;1;1;2;920;08/10/2010
2010057490;3;1;1;2;5;910;05/10/2010
2010057491;1;1;1;1;5;910;06/10/2010
2010057492;1;1;1;8;3;910;06/10/2010
2010057493;1;1;1;1;5;910;07/10/2010
2010057494;1;1;1;1;3;910;08/10/2010
2010057495;1;1;1;1;4;910;08/10/2010
2010057496;3;1;1;1;2;910;08/10/2010
2010057497;1;1;1;1;2;910;09/10/2010
2010057498;3;1;1;1;6;910;09/10/2010
2010057499;1;1;1;1;4;910;10/10/2010
2010057500;1;1;1;1;6;910;11/10/2010
2010057501;1;1;1;1;1;910;11/10/2010
2010057502;1;1;1;1;3;910;11/10/2010
2010057503;1;1;1;1;7;910;13/10/2010
2010057504;1;1;1;1;7;910;13/10/2010
2010057505;1;1;1;1;6;910;13/10/2010
2010057506;1;1;1;1;6;910;13/10/2010
2010057507;3;1;1;1;4;940;13/10/2010
2010057508;3;1;1;1;7;940;13/10/2010
2010057509;2;1;1;1;3;940;14/10/2010
2010057510;1;1;1;1;2;910;14/10/2010
2010057511;1;1;1;1;6;910;14/10/2010
2010057512;4;1;1;1;2;940;14/10/2010
2010057513;1;1;1;1;3;910;15/10/2010
2010057514;3;1;1;1;2;910;18/10/2010
2010057515;1;1;1;1;6;910;18/10/2010
2010057516;1;1;1;8;7;910;19/10/2010
2010057517;1;1;1;8;7;940;19/10/2010
2010057518;1;1;1;1;7;940;20/10/2010
2010057519;3;1;1;1;2;910;21/10/2010
2010057520;1;1;1;1;6;910;22/10/2010
2010057521;1;1;1;1;4;910;22/10/2010
2010057522;3;1;1;1;2;910;23/10/2010
2010057523;3;1;1;7;3;910;23/10/2010
2010057524;4;1;1;2;7;940;23/10/2010
2010057525;3;1;1;1;6;910;24/10/2010
2010057526;3;1;9;8;7;770;24/10/2010
2010057527;5;1;1;1;3;940;25/10/2010
2010057528;1;1;1;8;7;910;25/10/2010
2010057529;1;1;1;1;7;910;25/10/2010
2010057530;2;1;1;1;6;910;26/10/2010
2010057531;2;1;1;1;3;940;27/10/2010
2010057532;1;1;1;1;3;910;28/10/2010
2010057533;3;1;1;1;2;910;28/10/2010
2010057534;3;1;1;1;6;910;29/10/2010
2010057535;3;1;1;1;2;910;29/10/2010
2010057536;2;1;1;2;6;910;30/10/2010
2010057537;3;1;1;1;6;910;31/10/2010
2010057538;5;1;1;2;6;910;31/10/2010
2010057539;1;1;1;1;7;910;31/10/2010
2010057540;2;1;1;1;7;910;02/11/2010
2010057541;1;1;1;1;7;940;02/11/2010
2010057542;1;1;1;1;4;910;02/11/2010
2010057543;5;1;1;8;2;910;02/11/2010
2010057544;1;1;1;1;6;910;03/11/2010
2010057545;3;1;1;1;2;910;03/11/2010
2010057546;3;1;1;1;2;910;03/11/2010
2010057547;3;1;1;1;6;910;03/11/2010
2010057548;1;1;1;1;6;770;05/11/2010
2010057549;3;1;1;1;5;910;05/11/2010
2010057550;1;1;1;2;4;910;06/11/2010
2010057551;3;1;1;3;2;940;06/11/2010
2010057552;3;1;1;3;2;910;07/11/2010
2010057553;1;1;1;2;6;910;08/11/2010
2010057554;1;1;1;2;7;910;07/11/2010
2010057555;2;1;1;2;7;910;07/11/2010
2010057556;2;1;1;2;7;910;07/11/2010
2010057557;1;1;1;2;2;910;08/11/2010
2010057558;1;1;1;2;7;910;08/11/2010
2010057559;3;1;1;1;7;920;08/11/2010
2010057560;4;1;1;8;2;910;08/11/2010
2010057561;3;1;1;8;6;910;09/11/2010
2010057562;2;1;1;2;7;940;09/11/2010
2010057563;1;1;1;2;6;940;09/11/2010
2010057564;1;1;1;8;6;910;10/11/2010
2010057565;1;1;1;8;2;910;09/11/2010
2010057566;5;1;1;2;4;910;09/11/2010
2010057567;5;1;1;2;3;940;09/11/2010
2010057568;1;1;1;1;3;910;09/11/2010
2010057569;3;1;1;2;3;910;09/11/2010
2010057570;1;1;1;2;3;940;10/11/2010
2010057571;2;1;1;2;6;770;10/11/2010
2010057572;3;1;1;1;6;910;11/11/2010
2010057573;3;1;1;2;7;910;11/11/2010
2010057574;1;1;1;1;7;910;12/11/2010
2010057575;1;1;1;1;3;920;15/11/2010
2010057576;3;1;1;2;6;910;13/11/2010
2010057577;3;1;1;1;6;910;13/11/2010
2010057578;3;1;1;2;7;940;13/11/2010
2010057579;3;1;1;1;7;940;13/11/2010
2010057580;1;1;1;2;7;910;14/11/2010
2010057581;1;1;1;2;7;940;14/11/2010
2010057582;1;1;1;2;7;910;14/11/2010
2010057583;5;1;1;8;6;910;14/11/2010
2010057584;3;1;1;1;3;910;15/11/2010
2010057585;1;1;1;1;2;910;16/11/2010
2010057586;1;1;1;1;3;920;17/11/2010
2010057587;3;1;1;1;3;910;17/11/2010
2010057588;3;1;1;1;3;910;18/11/2010
2010057589;1;1;1;1;2;910;18/11/2010
2010057590;3;1;1;1;3;910;18/11/2010
2010057591;1;1;1;1;2;910;19/11/2010
2010057592;3;1;1;1;3;910;19/11/2010
2010057593;1;1;1;2;6;910;21/11/2010
2010057594;1;1;1;8;7;940;21/11/2010
2010057595;1;1;1;1;7;910;21/11/2010
2010057596;1;1;1;2;7;910;21/11/2010
2010057597;3;1;1;2;6;910;21/11/2010
2010057598;2;1;1;2;6;910;22/11/2010
2010057599;1;1;1;8;1;910;22/11/2010
2010057600;5;1;1;1;3;910;22/11/2010
2010057601;5;1;1;1;2;910;22/11/2010
2010057602;5;1;1;1;5;940;23/11/2010
2010057603;3;1;1;3;6;910;25/11/2010
2010057604;1;1;1;2;7;940;25/11/2010
2010057605;2;1;1;4;3;910;25/11/2010
2010057606;3;1;1;2;4;910;25/11/2010
2010057607;3;1;1;9;7;910;26/11/2010
2010057608;2;1;1;1;2;910;26/11/2010
2010057609;1;1;1;1;7;910;26/11/2010
2010057610;5;1;1;4;2;910;26/11/2010
2010057611;3;1;1;4;3;940;26/11/2010
2010057612;5;1;1;9;6;940;28/11/2010
2010057613;3;1;1;1;6;910;30/11/2010
2010057614;1;1;1;8;6;910;28/11/2010
2010057615;3;1;1;4;3;910;01/12/2010
2010057616;1;1;1;1;2;940;03/12/2010
2010057617;3;1;1;1;7;940;04/12/2010
2010057618;1;1;1;4;4;910;04/12/2010
2010057619;3;1;1;2;3;910;06/12/2010
2010057620;1;1;1;4;2;910;06/12/2010
2010057621;1;1;1;4;3;940;06/12/2010
2010057622;3;1;1;2;3;910;06/12/2010
2010057623;1;1;1;2;3;910;07/12/2010
2010057624;3;1;1;2;7;910;07/12/2010
2010057625;3;1;1;2;3;910;08/12/2010
2010057626;1;1;1;1;6;910;09/12/2010
2010057627;3;1;1;9;5;910;11/12/2010
2010057628;5;1;9;1;6;910;12/12/2010
2010057629;1;1;1;1;3;910;13/12/2010
2010057630;1;1;1;1;2;940;14/12/2010
2010057631;1;1;1;1;7;940;14/12/2010
2010057632;1;1;1;1;3;940;15/12/2010
2010057633;1;1;1;2;3;940;16/12/2010
2010057634;5;1;1;3;7;940;17/12/2010
2010057635;1;1;1;1;2;910;18/12/2010
2010057636;3;1;1;4;1;910;20/12/2010
2010057637;2;1;1;1;2;910;21/12/2010
2010057638;1;1;1;1;2;910;21/12/2010
2010057639;1;1;1;1;4;910;22/12/2010
2010057640;5;1;1;2;3;940;22/12/2010
2010057641;3;1;1;3;7;910;23/12/2010
2010057642;5;1;1;4;6;910;23/12/2010
2010057643;3;1;1;8;7;910;26/12/2010
2010057644;3;1;1;2;7;910;28/12/2010
2010057645;5;1;1;1;5;910;30/12/2010
2010057646;3;1;1;2;7;910;31/12/2010
2010057647;1;1;1;1;2;940;31/12/2010
2010057648;1;1;1;1;2;910;31/12/2010
2010057649;3;1;1;2;6;202;06/01/2010
2010057650;5;1;1;1;6;202;06/01/2010
2010057651;5;2;1;1;1;202;10/01/2010
2010057652;1;2;1;1;2;202;12/01/2010
2010057653;1;1;1;2;2;202;13/01/2010
2010057654;1;2;1;1;6;202;14/01/2010
2010057655;2;2;1;1;6;202;19/01/2010
2010057656;5;2;1;1;3;202;19/01/2010
2010057657;5;2;1;1;5;202;24/01/2010
2010057658;1;1;1;2;2;202;25/01/2010
2010057659;1;2;1;1;6;202;26/01/2010
2010057660;1;2;1;1;6;202;27/01/2010
2010057661;1;2;1;1;6;202;29/01/2010
2010057662;5;2;3;1;3;202;29/01/2010
2010057663;5;1;1;1;6;202;31/01/2010
2010057664;1;2;1;1;6;202;31/01/2010
2010057665;2;1;1;1;4;202;01/02/2010
2010057666;1;2;1;1;6;202;01/02/2010
2010057667;5;2;1;2;4;202;09/02/2010
2010057668;1;1;1;1;3;202;11/02/2010
2010057669;5;2;1;1;6;202;13/02/2010
2010057670;1;1;1;1;5;202;15/02/2010
2010057671;3;1;1;2;6;202;16/02/2010
2010057672;5;1;1;1;6;202;17/02/2010
2010057673;1;1;1;1;2;202;18/02/2010
2010057674;1;2;1;1;6;202;19/02/2010
2010057675;1;2;1;1;3;202;19/02/2010
2010057676;5;2;1;1;6;202;19/02/2010
2010057677;1;2;1;1;2;202;23/02/2010
2010057678;5;2;1;1;4;202;23/02/2010
2010057679;5;2;1;1;3;202;03/03/2010
2010057680;1;2;6;1;2;202;06/03/2010
2010057681;1;2;1;1;6;202;07/03/2010
2010057682;1;2;1;1;6;202;08/03/2010
2010057683;1;2;1;2;2;202;09/03/2010
2010057684;1;2;6;3;3;202;09/03/2010
2010057685;1;2;1;1;6;202;14/03/2010
2010057686;1;2;1;1;4;202;12/03/2010
2010057687;1;2;1;1;3;202;15/03/2010
2010057688;1;2;1;1;6;202;17/03/2010
2010057689;1;2;1;1;6;202;17/03/2010
2010057690;5;2;1;1;4;202;18/03/2010
2010057691;1;2;1;1;3;202;19/03/2010
2010057692;1;2;1;1;6;202;20/03/2010
2010057693;5;2;1;1;6;202;22/03/2010
2010057694;5;2;1;1;4;202;22/03/2010
2010057695;1;2;6;1;3;202;27/03/2010
2010057696;1;2;1;1;4;202;26/03/2010
2010057697;5;2;1;1;5;202;30/03/2010
2010057698;1;2;1;1;3;202;02/04/2010
2010057699;2;2;1;1;6;202;03/04/2010
2010057700;5;2;1;1;6;202;03/04/2010
2010057701;1;1;2;1;3;202;06/04/2010
2010057702;1;2;3;1;3;202;06/04/2010
2010057703;5;2;1;1;6;202;02/04/2010
2010057704;1;2;1;1;6;202;07/04/2010
2010057705;5;2;1;2;3;202;09/04/2010
2010057706;1;2;1;1;2;202;14/04/2010
2010057707;5;2;1;1;2;202;14/04/2010
2010057708;1;2;1;1;2;202;19/04/2010
2010057709;1;2;1;1;6;202;21/04/2010
2010057710;1;2;1;3;6;202;23/04/2010
2010057711;5;2;1;1;2;202;24/04/2010
2010057712;1;2;1;2;2;202;04/05/2010
2010057713;1;2;1;1;2;202;06/05/2010
2010057714;1;1;1;1;6;202;07/05/2010
2010057715;1;2;1;1;6;202;07/05/2010
2010057716;5;1;1;1;3;202;07/05/2010
2010057717;1;2;1;1;2;202;08/05/2010
2010057718;1;2;1;1;6;202;09/05/2010
2010057719;1;1;1;3;3;202;12/05/2010
2010057720;1;1;1;1;6;202;14/05/2010
2010057721;1;1;1;2;1;202;15/05/2010
2010057722;1;2;1;1;6;202;21/05/2010
2010057723;5;1;1;1;7;202;24/05/2010
2010057724;1;2;1;1;6;202;25/05/2010
2010057725;1;2;1;1;6;202;27/05/2010
2010057726;5;2;1;2;4;202;28/05/2010
2010057727;1;2;1;1;6;202;28/05/2010
2010057728;1;2;1;1;3;202;29/05/2010
2010057729;1;1;1;1;2;202;30/05/2010
2010057730;1;1;1;1;6;202;31/05/2010
2010057731;1;2;1;1;4;202;02/06/2010
2010057732;1;2;1;1;6;202;05/06/2010
2010057733;1;1;1;1;4;202;06/06/2010
2010057734;1;1;1;1;7;202;06/06/2010
2010057735;1;2;1;1;6;202;12/06/2010
2010057736;1;2;1;1;2;202;12/06/2010
2010057737;1;2;1;1;6;202;13/06/2010
2010057738;5;2;1;3;1;202;14/06/2010
2010057739;1;2;1;1;5;202;15/06/2010
2010057740;1;2;2;1;3;202;15/06/2010
2010057741;3;1;1;1;7;202;16/06/2010
2010057742;1;1;1;1;2;202;18/06/2010
2010057743;5;2;2;1;3;202;20/06/2010
2010057744;1;1;1;1;1;202;21/06/2010
2010057745;1;1;1;1;3;202;25/06/2010
2010057746;1;2;1;1;2;202;28/06/2010
2010057747;1;2;1;1;3;202;28/06/2010
2010057748;1;2;1;1;6;202;29/06/2010
2010057749;4;2;1;1;2;202;03/07/2010
2010057750;1;1;1;1;2;202;03/07/2010
2010057751;5;2;1;1;1;202;05/07/2010
2010057752;1;2;1;1;3;202;08/07/2010
2010057753;1;2;1;1;6;202;08/07/2010
2010057754;1;1;1;1;6;202;09/07/2010
2010057755;1;2;1;1;3;202;09/07/2010
2010057756;1;2;1;1;2;202;12/07/2010
2010057757;1;2;1;1;3;202;12/07/2010
2010057758;1;2;1;1;3;202;13/07/2010
2010057759;1;1;1;1;4;202;14/07/2010
2010057760;5;2;1;1;6;202;19/07/2010
2010057761;1;1;1;1;6;202;20/07/2010
2010057762;1;2;1;1;2;202;21/07/2010
2010057763;5;2;1;1;7;202;23/07/2010
2010057764;1;2;1;1;6;202;24/07/2010
2010057765;1;1;1;1;6;202;24/07/2010
2010057766;1;2;1;1;3;202;29/07/2010
2010057767;1;2;1;2;6;202;31/07/2010
2010057768;1;2;1;1;3;202;02/08/2010
2010057769;1;2;1;1;2;202;03/08/2010
2010057770;1;2;1;1;6;202;04/08/2010
2010057771;1;2;1;1;2;202;04/08/2010
2010057772;5;2;1;1;5;202;05/08/2010
2010057773;5;2;1;1;6;202;06/08/2010
2010057774;5;2;2;1;3;202;07/08/2010
2010057775;5;2;1;1;6;202;07/08/2010
2010057776;1;2;1;1;6;202;09/08/2010
2010057777;1;1;1;1;4;202;14/08/2010
2010057778;1;2;1;1;2;202;15/08/2010
2010057779;1;1;1;1;4;202;15/08/2010
2010057780;1;2;1;1;6;202;16/08/2010
2010057781;1;2;1;1;2;202;17/08/2010
2010057782;1;2;1;1;2;202;18/08/2010
2010057783;1;2;1;1;3;202;20/08/2010
2010057784;1;2;1;1;2;202;20/08/2010
2010057785;1;2;1;1;5;202;20/08/2010
2010057786;3;1;1;1;6;202;22/08/2010
2010057787;5;2;1;1;6;202;23/08/2010
2010057788;1;2;1;1;3;202;26/08/2010
2010057789;1;2;1;1;3;202;28/08/2010
2010057790;5;2;1;1;3;202;29/08/2010
2010057791;1;2;1;1;2;202;01/09/2010
2010057792;1;1;1;1;6;202;02/09/2010
2010057793;5;2;1;1;7;202;03/09/2010
2010057794;1;1;1;1;6;202;04/09/2010
2010057795;1;1;1;1;6;202;04/09/2010
2010057796;1;2;1;3;4;202;08/09/2010
2010057797;1;2;1;3;6;202;08/09/2010
2010057798;1;2;1;1;1;202;09/09/2010
2010057799;1;2;1;1;3;202;10/09/2010
2010057800;1;1;1;1;5;202;10/09/2010
2010057801;1;2;1;1;2;202;16/09/2010
2010057802;1;2;1;1;2;202;17/09/2010
2010057803;1;1;1;1;3;202;18/09/2010
2010057804;1;2;1;1;6;202;21/09/2010
2010057805;1;1;1;1;6;202;24/09/2010
2010057806;5;2;1;1;6;202;25/09/2010
2010057807;1;2;1;1;5;202;28/09/2010
2010057808;1;2;1;1;3;202;28/09/2010
2010057809;1;2;1;1;4;202;01/10/2010
2010057810;1;2;1;3;6;202;04/10/2010
2010057811;1;2;1;1;2;202;09/10/2010
2010057812;1;1;1;2;6;202;11/10/2010
2010057813;1;2;1;1;2;202;11/10/2010
2010057814;1;2;1;2;4;202;11/10/2010
2010057815;1;2;1;2;1;202;11/10/2010
2010057816;1;2;1;2;1;202;11/10/2010
2010057817;1;1;1;1;6;202;12/10/2010
2010057818;1;2;1;1;3;202;13/10/2010
2010057819;1;2;1;1;6;202;14/10/2010
2010057820;5;2;1;1;6;202;15/10/2010
2010057821;2;2;1;1;4;202;15/10/2010
2010057822;1;1;1;1;6;202;16/10/2010
2010057823;5;2;1;1;6;202;17/10/2010
2010057824;1;2;1;1;6;202;18/10/2010
2010057825;1;2;1;1;6;202;19/10/2010
2010057826;1;1;1;1;4;202;19/10/2010
2010057827;1;2;1;1;6;202;23/10/2010
2010057828;1;2;1;1;6;202;24/10/2010
2010057829;1;2;1;1;3;202;05/11/2010
2010057830;1;1;1;1;2;202;06/11/2010
2010057831;5;2;1;1;2;202;06/11/2010
2010057832;1;1;1;3;1;202;07/11/2010
2010057833;5;2;1;1;1;202;08/11/2010
2010057834;1;1;1;1;2;202;12/11/2010