num_acc;lum;agg;inter;atm;col;dep;date
2010057835;5;2;2;1;3;202;13/11/2010
2010057836;1;1;1;2;6;202;18/11/2010
2010057837;1;2;3;2;1;202;18/11/2010
2010057838;3;2;1;1;4;202;23/11/2010
2010057839;1;2;1;1;2;202;25/11/2010
2010057840;1;2;1;1;3;202;29/11/2010
2010057841;1;2;1;1;6;202;30/11/2010
2010057842;5;2;1;1;3;202;15/11/2010
2010057843;1;2;1;1;6;202;19/11/2010
2010057844;1;2;1;1;2;202;01/12/2010
2010057845;1;2;1;1;6;202;01/12/2010
2010057846;1;2;1;1;7;202;02/12/2010
2010057847;5;2;1;1;2;202;03/12/2010
2010057848;5;2;1;1;6;202;04/12/2010
2010057849;1;2;1;1;4;202;08/12/2010
2010057850;1;2;1;1;6;202;11/12/2010
2010057851;1;2;1;1;6;202;11/12/2010
2010057852;1;2;1;2;6;202;15/12/2010
2010057853;1;1;1;1;3;202;17/12/2010
2010057854;1;2;3;1;3;202;20/12/2010
2010057855;5;2;1;1;4;202;21/12/2010
2010057856;5;2;1;2;6;202;22/12/2010
2010057857;5;2;1;3;6;202;23/12/2010
2010057858;1;2;1;1;6;202;24/12/2010
2010057859;5;2;1;1;6;202;24/12/2010
2010057860;2;2;1;2;6;202;26/12/2010
2010057861;1;2;1;1;6;202;30/12/2010
2010057862;3;2;1;1;2;690;30/01/2010
2010057863;5;2;1;1;6;690;07/02/2010
2010057864;1;2;1;2;6;690;20/01/2010
2010057865;5;2;3;1;6;690;04/02/2010
2010057866;1;2;1;1;7;690;12/02/2010
2010057867;1;2;3;1;3;690;15/02/2010
2010057868;2;2;5;1;3;690;20/02/2010
2010057869;1;2;3;1;2;690;25/02/2010
2010057870;1;1;9;9;6;690;27/01/2010
2010057871;5;2;2;1;3;690;13/03/2010
2010057872;1;2;1;1;3;690;12/03/2010
2010057873;1;2;2;2;6;690;27/03/2010
2010057874;1;2;1;1;3;690;27/03/2010
2010057875;1;2;1;4;6;690;01/02/2010
2010057876;1;2;1;1;6;690;03/04/2010
2010057877;5;2;3;1;3;690;11/04/2010
2010057878;5;2;1;2;6;690;07/04/2010
2010057879;1;2;1;1;6;690;05/04/2010
2010057880;5;2;1;1;2;690;29/04/2010
2010057881;1;2;1;1;6;690;03/04/2010
2010057882;1;2;1;1;6;690;02/05/2010
2010057883;1;2;2;2;2;690;04/05/2010
2010057884;5;2;1;1;6;690;08/05/2010
2010057885;5;2;1;1;6;690;28/03/2010
2010057886;1;2;3;1;7;690;10/05/2010
2010057887;2;2;3;1;2;690;12/05/2010
2010057888;1;2;3;2;3;690;05/05/2010
2010057889;1;2;1;1;7;690;25/05/2010
2010057890;5;2;1;1;2;690;12/05/2010
2010057891;5;2;1;1;6;690;15/05/2010
2010057892;5;2;3;1;3;690;28/05/2010
2010057893;1;2;4;1;6;690;01/06/2010
2010057894;1;2;1;1;3;690;08/06/2010
2010057895;5;2;3;1;6;690;29/05/2010
2010057896;1;2;1;1;3;690;28/05/2010
2010057897;5;2;1;1;2;690;16/05/2010
2010057898;5;2;4;1;6;690;26/06/2010
2010057899;1;2;1;8;6;690;16/06/2010
2010057900;1;2;2;1;3;690;03/07/2010
2010057901;4;2;3;1;7;690;03/07/2010
2010057902;1;2;1;1;3;690;26/07/2010
2010057903;1;2;1;1;6;690;29/06/2010
2010057904;1;2;5;1;3;690;06/07/2010
2010057905;1;2;1;1;4;690;27/07/2010
2010057906;1;2;2;1;3;690;15/07/2010
2010057907;1;2;1;1;2;690;07/07/2010
2010057908;1;2;1;1;3;690;25/06/2010
2010057909;1;2;1;1;2;690;09/08/2010
2010057910;1;2;2;1;3;690;16/08/2010
2010057911;1;2;1;1;4;690;04/08/2010
2010057912;1;2;1;1;3;690;13/08/2010
2010057913;1;2;3;1;6;690;17/08/2010
2010057914;1;2;2;1;2;690;19/08/2010
2010057915;1;2;2;1;3;690;16/07/2010
2010057916;1;2;1;1;2;690;03/09/2010
2010057917;1;2;3;1;1;690;04/09/2010
2010057918;1;2;1;1;6;690;31/08/2010
2010057919;3;2;1;1;6;690;11/09/2010
2010057920;1;2;1;1;6;690;08/09/2010
2010057921;1;2;1;1;3;690;31/08/2010
2010057922;1;2;1;1;2;690;06/10/2010
2010057923;1;2;1;1;3;690;02/10/2010
2010057924;1;2;1;1;6;690;02/09/2010
2010057925;1;2;2;1;3;690;07/10/2010
2010057926;5;2;4;3;5;690;24/10/2010
2010057927;4;2;1;1;2;690;21/10/2010
2010057928;1;2;3;1;6;690;08/10/2010
2010057929;1;2;1;1;6;690;22/09/2010
2010057930;1;2;1;3;6;690;31/10/2010
2010057931;1;2;3;1;6;690;22/11/2010
2010057932;5;2;3;1;3;690;19/11/2010
2010057933;5;2;1;1;6;690;18/11/2010
2010057934;5;2;1;1;6;690;16/11/2010
2010057935;1;2;2;8;3;690;23/11/2010
2010057936;5;2;2;1;3;690;11/11/2010
2010057937;1;2;1;1;2;690;12/10/2010
2010057938;5;2;2;1;3;690;05/12/2010
2010057939;5;2;1;1;6;690;29/11/2010
2010057940;1;2;3;1;6;690;30/11/2010
2010057941;1;2;1;2;3;690;06/12/2010
2010057942;1;2;1;1;6;690;05/12/2010
2010057943;5;2;1;2;6;690;17/12/2010
2010057944;1;2;2;1;3;690;09/12/2010
2010057945;5;2;1;1;4;690;10/12/2010
2010057946;1;2;2;8;3;690;21/12/2010
2010057947;5;2;3;1;3;690;29/12/2010
2010057948;5;2;1;2;4;690;21/12/2010
2010057949;1;2;1;1;2;690;30/12/2010
2010057950;5;1;1;4;2;690;24/12/2010
2010057951;1;1;1;1;6;590;04/01/2010
2010057952;1;1;1;1;2;590;04/01/2010
2010057953;5;1;1;4;7;590;07/01/2010
2010057954;3;1;1;1;7;590;10/01/2010
2010057955;3;1;1;2;7;620;17/01/2010
2010057956;1;1;1;1;2;590;19/01/2010
2010057957;1;1;1;1;3;590;22/01/2010
2010057958;1;1;1;3;2;590;23/01/2010
2010057959;1;1;1;3;2;590;23/01/2010
2010057960;1;1;4;5;6;590;24/01/2010
2010057961;1;1;1;2;7;590;24/01/2010
2010057962;1;1;1;2;5;590;24/01/2010
2010057963;1;1;1;1;2;590;26/01/2010
2010057964;3;1;1;2;7;620;31/01/2010
2010057965;2;1;1;3;6;590;02/02/2010
2010057966;3;1;1;1;2;590;19/02/2010
2010057967;1;1;1;1;4;590;04/03/2010
2010057968;3;1;1;1;6;620;04/03/2010
2010057969;1;1;1;1;7;590;06/03/2010
2010057970;1;1;1;1;2;620;09/03/2010
2010057971;1;1;1;1;4;620;16/03/2010
2010057972;1;1;1;1;6;590;22/03/2010
2010057973;1;1;1;1;7;590;23/03/2010
2010057974;5;1;1;1;7;590;26/03/2010
2010057975;1;1;1;1;2;590;27/03/2010
2010057976;1;1;1;1;7;620;27/03/2010
2010057977;5;1;1;2;7;590;28/03/2010
2010057978;1;1;1;3;6;590;31/03/2010
2010057979;1;1;1;2;6;590;31/03/2010
2010057980;1;1;1;2;7;620;04/04/2010
2010057981;1;1;1;1;6;620;12/04/2010
2010057982;1;1;1;1;6;590;14/04/2010
2010057983;1;1;1;1;6;590;16/04/2010
2010057984;2;1;1;1;6;620;18/04/2010
2010057985;1;1;1;1;5;590;21/04/2010
2010057986;1;1;1;1;7;590;23/04/2010
2010057987;3;1;1;1;7;590;25/04/2010
2010057988;3;1;1;1;6;590;29/04/2010
2010057989;1;1;1;1;7;590;29/04/2010
2010057990;1;1;1;1;5;590;02/05/2010
2010057991;4;1;1;1;2;590;08/05/2010
2010057992;3;1;1;1;6;620;14/05/2010
2010057993;1;1;1;1;2;590;14/05/2010
2010057994;3;1;1;1;6;620;20/05/2010
2010057995;1;1;1;1;6;590;20/05/2010
2010057996;1;1;1;1;5;590;21/05/2010
2010057997;1;1;1;1;7;590;21/05/2010
2010057998;1;1;1;1;2;590;22/05/2010
2010057999;1;1;1;1;2;590;23/05/2010
2010058000;1;1;1;1;4;590;25/05/2010
2010058001;5;1;1;1;7;590;29/05/2010
2010058002;1;1;1;1;2;590;02/06/2010
2010058003;3;1;1;1;3;590;03/06/2010
2010058004;3;1;1;1;5;590;04/06/2010
2010058005;3;1;1;1;3;590;06/06/2010
2010058006;5;1;1;2;3;620;09/06/2010
2010058007;1;1;1;1;2;620;13/06/2010
2010058008;3;1;1;2;6;590;20/06/2010
2010058009;1;1;1;1;6;590;25/06/2010
2010058010;1;1;1;1;3;590;25/06/2010
2010058011;1;1;1;1;5;620;26/06/2010
2010058012;1;1;1;1;4;590;17/06/2010
2010058013;3;1;1;1;2;590;02/07/2010
2010058014;1;1;1;1;4;590;02/07/2010
2010058015;5;1;1;2;2;620;02/07/2010
2010058016;1;1;1;1;3;590;04/07/2010
2010058017;1;1;1;1;4;590;06/07/2010
2010058018;1;1;1;1;3;590;06/07/2010
2010058019;4;1;1;1;3;590;09/07/2010
2010058020;5;1;1;1;3;590;10/07/2010
2010058021;2;1;1;1;7;590;12/07/2010
2010058022;1;1;1;1;4;590;12/07/2010
2010058023;1;1;1;1;7;590;12/07/2010
2010058024;3;1;1;3;7;590;14/07/2010
2010058025;1;1;1;1;2;620;16/07/2010
2010058026;3;1;1;1;4;590;18/07/2010
2010058027;3;1;1;1;6;590;19/07/2010
2010058028;1;1;1;1;5;590;21/07/2010
2010058029;1;1;1;1;6;590;24/07/2010
2010058030;1;1;1;1;7;590;31/07/2010
2010058031;3;1;1;3;7;590;02/08/2010
2010058032;1;1;1;1;7;590;12/08/2010
2010058033;1;1;1;1;7;590;13/08/2010
2010058034;1;1;1;1;6;590;13/08/2010
2010058035;1;1;1;1;3;590;20/08/2010
2010058036;1;1;1;1;2;590;25/08/2010
2010058037;1;1;1;1;2;590;28/08/2010
2010058038;1;1;1;1;3;590;08/09/2010
2010058039;5;1;1;1;4;590;10/09/2010
2010058040;1;1;1;1;7;590;17/09/2010
2010058041;1;1;1;1;5;590;17/09/2010
2010058042;1;1;1;1;7;620;20/09/2010
2010058043;1;1;1;1;2;590;20/09/2010
2010058044;1;1;1;1;7;620;23/09/2010
2010058045;1;1;1;1;3;590;24/09/2010
2010058046;1;1;1;1;7;590;08/10/2010
2010058047;3;1;1;1;6;590;09/10/2010
2010058048;3;1;1;1;6;590;09/10/2010
2010058049;1;1;1;1;4;590;09/10/2010
2010058050;5;1;1;1;6;590;10/10/2010
2010058051;3;1;1;1;3;620;12/10/2010
2010058052;3;1;1;1;5;590;12/10/2010
2010058053;3;1;1;1;5;620;13/10/2010
2010058054;3;1;1;1;5;590;20/10/2010
2010058055;1;1;1;1;4;590;20/10/2010
2010058056;1;1;1;2;2;590;20/10/2010
2010058057;1;1;1;1;3;590;22/10/2010
2010058058;1;1;1;2;7;590;23/10/2010
2010058059;5;1;1;8;2;590;23/10/2010
2010058060;3;1;1;1;5;620;29/10/2010
2010058061;1;1;1;2;4;590;30/10/2010
2010058062;3;1;1;1;6;590;31/10/2010
2010058063;1;1;1;1;6;590;02/11/2010
2010058064;3;1;1;1;3;620;05/11/2010
2010058065;3;1;1;2;4;590;05/11/2010
2010058066;3;1;1;1;7;590;06/11/2010
2010058067;1;1;1;1;7;590;10/11/2010
2010058068;1;1;1;6;2;590;11/11/2010
2010058069;5;1;1;1;3;590;12/11/2010
2010058070;1;1;1;2;7;590;13/11/2010
2010058071;1;1;1;1;2;590;14/11/2010
2010058072;3;1;1;2;5;590;14/11/2010
2010058073;1;1;1;5;4;590;16/11/2010
2010058074;1;1;1;5;4;590;16/11/2010
2010058075;5;1;1;1;2;590;17/11/2010
2010058076;5;1;1;1;7;590;17/11/2010
2010058077;3;1;1;1;2;590;17/11/2010
2010058078;1;1;1;1;3;590;18/11/2010
2010058079;3;1;1;1;4;590;24/11/2010
2010058080;1;1;1;1;2;620;29/11/2010
2010058081;3;1;1;9;6;590;01/12/2010
2010058082;5;1;1;1;1;590;07/12/2010
2010058083;2;1;1;1;4;590;07/12/2010
2010058084;5;1;1;1;2;590;11/12/2010
2010058085;1;1;1;1;4;590;13/12/2010
2010058086;3;1;1;4;5;590;16/12/2010
2010058087;3;1;1;1;2;590;24/12/2010
2010058088;1;1;1;4;2;590;28/12/2010
2010058089;5;1;1;8;6;620;28/12/2010
2010058090;1;2;1;4;2;690;04/01/2010
2010058091;2;2;1;4;2;690;05/01/2010
2010058092;1;2;3;1;3;690;06/01/2010
2010058093;1;2;2;4;3;690;10/01/2010
2010058094;1;2;2;1;3;690;11/01/2010
2010058095;4;2;2;8;3;690;10/01/2010
2010058096;5;2;1;1;6;690;15/01/2010
2010058097;1;2;2;1;3;690;18/01/2010
2010058098;5;2;3;8;3;690;06/01/2010
2010058099;1;2;2;1;3;690;18/01/2010
2010058100;5;2;1;1;6;690;20/01/2010
2010058101;5;2;2;1;6;690;21/01/2010
2010058102;5;2;3;1;6;690;11/03/2010
2010058103;1;2;2;8;3;690;22/01/2010
2010058104;1;2;1;1;2;690;23/01/2010
2010058105;1;2;3;1;3;690;21/01/2010
2010058106;1;2;1;1;2;690;28/01/2010
2010058107;1;2;2;1;3;690;01/02/2010
2010058108;1;2;1;8;2;690;03/02/2010
2010058109;5;2;3;1;6;690;04/02/2010
2010058110;1;2;1;1;6;690;18/01/2010
2010058111;1;2;2;1;3;690;07/02/2010
2010058112;1;2;1;4;3;690;11/02/2010
2010058113;5;2;2;8;1;690;11/02/2010
2010058114;5;2;3;1;3;690;02/02/2010
2010058115;1;2;1;1;2;690;04/02/2010
2010058116;1;2;2;1;6;690;12/02/2010
2010058117;5;2;2;1;3;690;14/02/2010
2010058118;1;2;1;1;6;690;17/02/2010
2010058119;5;2;2;2;6;690;11/02/2010
2010058120;1;2;1;1;6;690;12/02/2010
2010058121;1;2;1;1;5;690;15/02/2010
2010058122;1;2;1;1;3;690;17/02/2010
2010058123;1;2;2;1;6;690;01/03/2010
2010058124;5;2;2;1;6;690;02/03/2010
2010058125;1;2;2;2;6;690;11/03/2010
2010058126;5;2;1;1;6;690;04/03/2010
2010058127;5;2;3;1;6;690;04/03/2010
2010058128;1;2;1;1;6;690;04/03/2010
2010058129;5;2;1;2;6;690;17/03/2010
2010058130;1;2;2;1;3;690;08/03/2010
2010058131;2;2;1;1;6;690;10/03/2010
2010058132;1;2;1;1;6;690;14/03/2010
2010058133;2;2;1;1;6;690;15/03/2010
2010058134;1;2;2;1;6;690;16/03/2010
2010058135;5;2;3;1;3;690;17/03/2010
2010058136;1;2;2;1;6;690;17/03/2010
2010058137;1;2;1;1;2;690;19/03/2010
2010058138;5;2;1;1;3;690;22/03/2010
2010058139;1;2;1;1;2;690;24/03/2010
2010058140;5;2;2;1;6;690;21/03/2010
2010058141;1;2;2;1;3;690;24/03/2010
2010058142;1;2;3;1;6;690;23/03/2010
2010058143;1;2;2;2;6;690;27/03/2010
2010058144;1;2;3;1;3;690;29/03/2010
2010058145;1;2;1;1;6;690;26/03/2010
2010058146;5;2;2;6;3;690;25/03/2010
2010058147;1;2;2;2;3;690;01/04/2010
2010058148;1;2;1;1;3;690;01/04/2010
2010058149;2;2;2;2;6;690;08/04/2010
2010058150;5;2;2;1;2;690;08/04/2010
2010058151;1;2;2;1;3;690;09/04/2010
2010058152;1;2;3;1;3;690;12/04/2010
2010058153;1;2;2;1;6;690;13/04/2010
2010058154;1;2;2;1;3;690;14/04/2010
2010058155;1;2;2;1;3;690;15/04/2010
2010058156;1;2;1;1;6;690;15/04/2010
2010058157;1;2;2;1;6;690;16/04/2010
2010058158;1;2;3;1;5;690;16/04/2010
2010058159;1;2;1;1;4;690;17/04/2010
2010058160;1;2;3;1;3;690;18/04/2010
2010058161;1;2;1;1;6;690;18/04/2010
2010058162;1;2;1;1;7;690;20/04/2010
2010058163;1;2;1;1;6;690;21/04/2010
2010058164;1;2;1;1;3;690;22/04/2010
2010058165;1;2;1;2;2;690;27/03/2010
2010058166;1;2;2;1;3;690;17/04/2010
2010058167;2;2;1;1;3;690;23/04/2010
2010058168;1;2;1;1;6;690;26/04/2010
2010058169;1;2;1;1;6;690;26/04/2010
2010058170;1;2;1;1;6;690;27/04/2010
2010058171;1;2;9;1;2;690;28/04/2010
2010058172;1;2;1;1;3;690;30/04/2010
2010058173;1;2;1;1;6;690;04/05/2010
2010058174;5;2;1;2;3;690;05/05/2010
2010058175;5;2;2;1;1;690;09/05/2010
2010058176;1;2;2;8;3;690;09/05/2010
2010058177;1;2;2;3;3;690;11/05/2010
2010058178;1;2;1;2;6;690;12/05/2010
2010058179;1;2;2;1;6;690;20/05/2010
2010058180;1;2;1;1;6;690;23/05/2010
2010058181;1;2;2;1;6;690;21/05/2010
2010058182;2;2;2;1;5;690;22/05/2010
2010058183;1;2;2;1;3;690;22/05/2010
2010058184;1;2;2;1;6;690;23/05/2010
2010058185;1;2;1;1;2;690;25/05/2010
2010058186;1;2;5;1;3;690;27/05/2010
2010058187;1;2;1;1;3;690;27/05/2010
2010058188;1;2;2;1;3;690;24/05/2010
2010058189;1;2;1;1;6;690;25/05/2010
2010058190;1;2;2;1;3;690;28/05/2010
2010058191;4;2;1;1;2;690;28/05/2010
2010058192;5;2;2;1;3;690;29/05/2010
2010058193;1;2;3;1;6;690;29/05/2010
2010058194;1;2;2;1;3;690;31/05/2010
2010058195;1;2;2;1;2;690;10/05/2010
2010058196;1;2;3;1;2;690;24/05/2010
2010058197;1;2;3;1;6;690;01/06/2010
2010058198;1;2;3;1;3;690;01/06/2010
2010058199;1;2;1;1;6;690;03/06/2010
2010058200;1;2;1;1;6;690;05/06/2010
2010058201;1;2;2;1;3;690;07/06/2010
2010058202;1;2;1;1;6;690;07/06/2010
2010058203;1;2;2;2;7;690;08/06/2010
2010058204;1;2;1;1;6;690;03/06/2010
2010058205;1;2;1;1;3;690;19/05/2010
2010058206;1;2;4;2;6;690;09/06/2010
2010058207;1;1;1;1;6;690;14/06/2010
2010058208;1;2;3;8;3;690;09/06/2010
2010058209;1;2;3;2;3;690;16/06/2010
2010058210;1;2;2;2;3;690;16/06/2010
2010058211;1;2;1;1;3;690;23/06/2010
2010058212;1;2;1;1;3;690;23/06/2010
2010058213;1;2;3;1;3;690;18/06/2010
2010058214;1;2;1;8;6;690;16/06/2010
2010058215;1;2;1;1;2;690;17/06/2010
2010058216;1;2;2;1;3;690;25/06/2010
2010058217;1;2;1;1;3;690;24/06/2010
2010058218;1;2;3;1;3;690;24/06/2010
2010058219;1;2;3;1;3;690;29/06/2010
2010058220;1;2;1;1;6;690;29/06/2010
2010058221;1;2;1;1;6;690;30/06/2010
2010058222;1;2;2;1;6;690;04/07/2010
2010058223;1;2;1;1;2;690;05/07/2010
2010058224;1;2;1;1;6;690;06/07/2010
2010058225;1;2;1;1;6;690;06/07/2010
2010058226;1;2;1;1;6;690;07/07/2010
2010058227;5;2;1;1;1;690;03/07/2010
2010058228;1;2;1;1;6;690;07/07/2010
2010058229;1;2;2;1;3;690;10/07/2010
2010058230;1;2;1;1;3;690;18/07/2010
2010058231;1;2;1;1;6;690;16/07/2010
2010058232;5;2;2;1;3;690;17/07/2010
2010058233;1;2;1;1;6;690;13/07/2010
2010058234;1;2;1;1;6;690;19/07/2010
2010058235;1;2;1;1;3;690;21/07/2010
2010058236;1;2;2;2;3;690;22/07/2010
2010058237;1;2;2;1;3;690;23/07/2010
2010058238;1;2;1;1;6;690;31/07/2010
2010058239;1;2;2;1;3;690;27/07/2010
2010058240;1;2;3;1;3;690;06/08/2010
2010058241;2;2;1;1;6;690;09/08/2010
2010058242;1;2;2;1;3;690;10/08/2010
2010058243;1;2;2;1;3;690;10/08/2010
2010058244;1;2;2;1;3;690;14/08/2010
2010058245;5;2;1;1;6;690;15/08/2010
2010058246;1;2;2;1;3;690;19/08/2010
2010058247;2;2;1;8;6;690;18/08/2010
2010058248;1;2;2;1;6;690;20/08/2010
2010058249;5;2;2;1;6;690;27/08/2010
2010058250;1;2;2;1;6;690;31/08/2010
2010058251;1;2;1;1;4;690;01/09/2010
2010058252;5;2;2;1;3;690;01/09/2010
2010058253;2;2;2;1;3;690;04/09/2010
2010058254;1;2;1;1;6;690;06/09/2010
2010058255;1;2;1;7;6;690;26/08/2010
2010058256;1;2;2;1;3;690;08/09/2010
2010058257;5;2;3;1;3;690;09/09/2010
2010058258;2;2;2;1;3;690;09/09/2010
2010058259;2;2;1;1;6;690;10/09/2010
2010058260;1;2;1;1;6;690;11/09/2010
2010058261;1;2;2;1;3;690;12/09/2010
2010058262;1;2;2;1;3;690;12/09/2010
2010058263;5;2;3;1;3;690;12/09/2010
2010058264;1;2;1;1;6;690;15/09/2010
2010058265;1;2;1;1;5;690;21/09/2010
2010058266;1;2;2;1;6;690;21/09/2010
2010058267;1;2;2;1;3;690;22/09/2010
2010058268;1;2;1;1;3;690;22/09/2010
2010058269;1;2;1;1;2;690;20/09/2010
2010058270;1;2;3;1;3;690;23/09/2010
2010058271;1;2;1;1;4;690;23/09/2010
2010058272;4;2;2;2;3;690;25/09/2010
2010058273;1;2;1;1;6;690;25/09/2010
2010058274;1;2;1;1;6;690;27/09/2010
2010058275;1;2;1;8;3;690;28/09/2010
2010058276;1;2;2;2;3;690;27/09/2010
2010058277;2;2;2;2;6;690;27/09/2010
2010058278;1;2;1;1;6;690;28/09/2010
2010058279;2;2;2;1;3;690;28/09/2010
2010058280;1;2;2;1;3;690;30/09/2010
2010058281;1;2;2;1;6;690;18/09/2010
2010058282;1;2;1;1;6;690;18/09/2010
2010058283;1;2;2;8;6;690;05/10/2010
2010058284;1;2;1;2;6;690;04/10/2010
2010058285;1;2;1;1;3;690;06/10/2010
2010058286;1;2;2;1;6;690;07/10/2010
2010058287;1;2;2;1;3;690;08/10/2010
2010058288;5;2;1;1;6;690;09/10/2010
2010058289;1;2;1;1;6;690;09/10/2010
2010058290;1;2;1;1;6;690;08/10/2010
2010058291;1;2;1;1;6;690;12/10/2010
2010058292;1;2;2;1;2;690;07/10/2010
2010058293;1;2;2;1;3;690;15/10/2010
2010058294;4;2;2;1;6;690;16/10/2010
2010058295;5;2;1;1;6;690;14/10/2010
2010058296;5;2;1;2;2;690;17/10/2010
2010058297;1;2;2;1;6;690;20/10/2010
2010058298;1;2;2;1;5;690;15/10/2010
2010058299;1;2;2;8;6;690;19/10/2010
2010058300;1;2;2;3;6;690;07/09/2010
2010058301;1;2;3;1;5;690;26/10/2010
2010058302;1;2;1;1;6;690;21/10/2010
2010058303;5;2;9;1;3;690;22/10/2010
2010058304;5;2;1;3;6;690;24/10/2010
2010058305;5;2;2;2;3;690;24/10/2010
2010058306;1;2;2;2;3;690;24/10/2010
2010058307;1;2;1;1;3;690;25/10/2010
2010058308;1;2;2;1;3;690;25/10/2010
2010058309;1;2;1;1;5;690;27/10/2010
2010058310;1;2;1;1;6;690;28/10/2010
2010058311;1;2;2;1;4;690;29/10/2010
2010058312;5;2;2;3;3;690;31/10/2010
2010058313;5;2;1;1;1;690;03/11/2010
2010058314;2;2;1;8;6;690;04/10/2010
2010058315;1;2;3;2;3;690;07/10/2010
2010058316;5;2;2;1;3;690;08/11/2010
2010058317;1;2;3;1;2;690;10/11/2010
2010058318;1;2;2;1;3;690;11/11/2010
2010058319;5;2;1;1;3;690;12/11/2010
2010058320;1;2;2;6;3;690;14/11/2010
2010058321;1;2;2;1;6;690;14/11/2010
2010058322;1;2;1;1;6;690;13/11/2010
2010058323;1;2;1;2;6;690;15/11/2010
2010058324;1;2;2;1;3;690;16/11/2010
2010058325;1;2;1;1;6;690;16/11/2010
2010058326;1;2;2;1;3;690;17/11/2010
2010058327;5;2;3;1;6;690;19/11/2010
2010058328;4;2;2;2;3;690;20/11/2010
2010058329;5;2;3;2;6;690;20/11/2010
2010058330;5;2;6;1;3;690;21/11/2010
2010058331;1;2;1;1;6;690;23/11/2010
2010058332;1;2;2;1;3;690;24/11/2010
2010058333;1;2;5;2;6;690;25/11/2010
2010058334;5;2;2;1;3;690;26/11/2010
2010058335;1;2;2;1;6;690;27/11/2010
2010058336;5;2;2;1;3;690;28/11/2010
2010058337;2;2;2;1;6;690;29/11/2010
2010058338;2;2;2;1;3;690;03/12/2010
2010058339;1;2;2;1;6;690;06/12/2010
2010058340;5;2;2;1;3;690;06/12/2010
2010058341;1;2;2;1;3;690;08/12/2010
2010058342;1;2;1;1;6;690;08/12/2010
2010058343;5;2;2;1;6;690;09/12/2010
2010058344;1;2;2;1;6;690;11/12/2010
2010058345;1;2;2;1;3;690;12/12/2010
2010058346;5;2;2;1;3;690;12/12/2010
2010058347;1;2;3;1;6;690;13/12/2010
2010058348;1;2;2;1;6;690;14/12/2010
2010058349;5;2;1;9;2;690;15/12/2010
2010058350;5;2;2;4;6;690;15/12/2010
2010058351;5;2;2;1;3;690;16/12/2010
2010058352;5;2;2;1;2;690;18/12/2010
2010058353;1;2;2;1;3;690;29/12/2010
2010058354;5;2;2;1;6;690;30/12/2010
2010058355;1;2;1;1;6;690;17/02/2010
2010058356;1;2;1;1;6;690;20/02/2010
2010058357;1;2;2;1;3;690;04/03/2010
2010058358;1;2;1;1;6;690;06/03/2010
2010058359;1;2;3;2;6;690;27/03/2010
2010058360;1;2;1;1;6;690;31/03/2010
2010058361;1;2;5;1;6;690;09/04/2010
2010058362;1;2;1;1;3;690;21/04/2010
2010058363;5;2;2;1;6;690;10/04/2010
2010058364;1;2;1;3;7;690;05/05/2010
2010058365;1;2;2;1;6;690;11/05/2010
2010058366;1;2;6;1;7;690;16/04/2010
2010058367;1;2;2;1;6;690;11/05/2010
2010058368;1;2;3;1;1;690;27/05/2010
2010058369;1;2;3;1;3;690;05/06/2010
2010058370;1;2;1;1;6;690;05/06/2010
2010058371;1;2;1;1;6;690;07/06/2010
2010058372;1;2;1;1;3;690;10/06/2010
2010058373;1;2;9;1;6;690;01/07/2010
2010058374;1;2;1;1;6;690;22/07/2010
2010058375;1;2;3;1;1;690;07/08/2010
2010058376;1;2;1;1;6;690;27/08/2010
2010058377;5;2;3;1;6;690;01/09/2010
2010058378;5;2;1;1;2;690;01/09/2010
2010058379;1;2;2;1;6;690;01/09/2010
2010058380;5;2;1;1;6;690;03/09/2010
2010058381;1;2;2;1;3;690;16/09/2010
2010058382;1;2;9;1;3;690;14/09/2010
2010058383;1;2;2;1;6;690;08/10/2010
2010058384;1;2;1;1;1;690;12/10/2010
2010058385;1;2;1;1;6;690;13/10/2010
2010058386;1;2;1;1;6;690;11/10/2010
2010058387;1;2;2;1;5;690;19/10/2010
2010058388;2;2;2;1;3;690;15/10/2010
2010058389;1;2;1;1;6;690;18/10/2010
2010058390;2;2;1;1;6;690;04/11/2010
2010058391;5;2;2;2;3;690;11/11/2010
2010058392;1;2;1;1;2;690;20/11/2010
2010058393;5;2;1;1;6;690;07/12/2010
2010058394;5;2;2;1;3;690;08/12/2010
2010058395;5;2;3;1;6;690;09/12/2010
2010058396;5;2;1;1;6;690;22/12/2010
2010058397;1;1;1;2;6;330;03/01/2010
2010058398;1;1;1;2;6;330;03/01/2010
2010058399;5;1;1;3;6;330;03/01/2010
2010058400;5;1;1;1;3;330;08/01/2010
2010058401;1;1;1;1;3;330;09/01/2010
2010058402;1;1;1;1;6;330;10/01/2010
2010058403;2;1;1;5;4;330;15/01/2010
2010058404;1;1;1;1;2;330;19/01/2010
2010058405;5;1;1;2;6;330;19/01/2010
2010058406;1;1;1;2;5;330;20/01/2010
2010058407;5;1;1;1;6;330;25/01/2010
2010058408;5;1;1;1;6;330;26/01/2010
2010058409;5;1;1;1;4;330;27/01/2010
2010058410;5;1;1;1;2;330;31/01/2010
2010058411;1;1;1;1;6;330;30/01/2010