num_acc;lum;agg;inter;atm;col;dep;date
2010058412;5;1;1;1;6;330;01/02/2010
2010058413;2;1;1;1;6;330;03/02/2010
2010058414;1;1;1;2;6;330;05/02/2010
2010058415;1;1;1;2;6;330;06/02/2010
2010058416;1;1;1;1;4;330;08/02/2010
2010058417;1;1;1;1;5;330;09/02/2010
2010058418;5;1;1;1;2;330;14/02/2010
2010058419;1;1;1;8;2;330;15/02/2010
2010058420;1;1;1;1;6;330;16/02/2010
2010058421;1;1;1;2;7;330;17/02/2010
2010058422;1;1;1;1;2;330;17/02/2010
2010058423;2;1;1;2;6;330;18/02/2010
2010058424;1;1;1;1;7;330;18/02/2010
2010058425;1;1;1;1;5;330;19/02/2010
2010058426;1;1;1;8;6;330;20/02/2010
2010058427;1;1;1;1;2;330;23/02/2010
2010058428;5;1;1;2;7;330;24/02/2010
2010058429;5;1;1;1;7;330;26/02/2010
2010058430;1;1;1;1;2;330;01/03/2010
2010058431;1;1;1;1;3;330;04/03/2010
2010058432;1;1;1;1;6;330;08/03/2010
2010058433;1;1;1;1;3;330;11/03/2010
2010058434;2;1;1;1;6;330;13/03/2010
2010058435;1;1;1;1;6;330;13/03/2010
2010058436;5;1;1;1;6;330;15/03/2010
2010058437;1;1;1;1;2;330;15/03/2010
2010058438;1;1;1;1;2;330;17/03/2010
2010058439;2;1;1;1;6;330;21/03/2010
2010058440;2;1;1;1;3;330;22/03/2010
2010058441;1;1;1;1;6;330;23/03/2010
2010058442;1;1;1;2;4;330;24/03/2010
2010058443;1;1;1;1;4;330;26/03/2010
2010058444;2;1;1;1;2;330;29/03/2010
2010058445;1;1;1;1;2;330;01/04/2010
2010058446;5;1;1;1;3;330;04/04/2010
2010058447;1;1;1;2;6;330;04/04/2010
2010058448;1;1;1;1;4;330;09/04/2010
2010058449;1;1;1;1;3;330;12/04/2010
2010058450;1;1;1;1;2;330;13/04/2010
2010058451;1;1;1;1;4;330;13/04/2010
2010058452;1;1;1;1;4;330;14/04/2010
2010058453;1;1;1;1;3;330;15/04/2010
2010058454;1;1;1;1;3;330;17/04/2010
2010058455;1;1;1;2;2;330;19/04/2010
2010058456;1;1;1;2;4;330;19/04/2010
2010058457;1;1;1;1;7;330;19/04/2010
2010058458;1;1;1;1;2;330;20/04/2010
2010058459;1;1;1;1;4;330;20/04/2010
2010058460;1;1;1;1;6;330;21/04/2010
2010058461;1;1;1;1;3;330;23/04/2010
2010058462;5;1;1;1;7;330;25/04/2010
2010058463;1;1;1;1;2;330;29/04/2010
2010058464;5;1;1;1;6;330;03/05/2010
2010058465;2;1;1;1;5;330;03/05/2010
2010058466;2;1;1;2;2;330;05/05/2010
2010058467;1;1;1;2;6;330;05/05/2010
2010058468;1;1;1;2;6;330;05/05/2010
2010058469;1;1;1;1;4;330;07/05/2010
2010058470;1;1;1;1;6;330;08/05/2010
2010058471;2;1;1;1;6;330;08/05/2010
2010058472;1;1;1;1;3;330;12/05/2010
2010058473;1;1;1;1;6;330;12/05/2010
2010058474;5;1;1;1;5;330;14/05/2010
2010058475;1;1;1;1;6;330;16/05/2010
2010058476;1;1;1;1;6;330;18/05/2010
2010058477;1;1;1;1;6;330;19/05/2010
2010058478;1;1;1;1;2;330;21/05/2010
2010058479;1;1;1;1;6;330;21/05/2010
2010058480;1;1;1;1;3;330;26/05/2010
2010058481;1;1;1;1;3;330;27/05/2010
2010058482;1;1;1;1;3;330;29/05/2010
2010058483;1;1;1;2;6;330;29/05/2010
2010058484;1;1;1;2;6;330;01/06/2010
2010058485;1;1;1;1;2;330;01/06/2010
2010058486;1;1;1;1;2;330;01/06/2010
2010058487;1;1;1;1;6;330;03/06/2010
2010058488;1;1;1;1;2;330;03/06/2010
2010058489;1;1;1;1;4;330;08/06/2010
2010058490;1;1;1;2;6;330;08/06/2010
2010058491;1;1;1;1;3;330;10/06/2010
2010058492;1;1;1;1;3;330;11/06/2010
2010058493;1;1;1;1;6;330;12/06/2010
2010058494;1;1;1;2;3;330;14/06/2010
2010058495;1;1;1;2;6;330;14/06/2010
2010058496;1;1;1;1;6;330;14/06/2010
2010058497;1;1;1;1;6;330;17/06/2010
2010058498;1;1;1;1;6;330;18/06/2010
2010058499;5;1;1;1;3;330;21/06/2010
2010058500;5;1;1;1;6;330;22/06/2010
2010058501;1;1;1;1;3;330;23/06/2010
2010058502;5;1;1;1;6;330;28/06/2010
2010058503;1;1;1;1;5;330;30/06/2010
2010058504;1;1;1;1;2;330;30/06/2010
2010058505;1;1;1;1;2;330;02/07/2010
2010058506;1;1;1;1;4;330;02/07/2010
2010058507;1;1;1;1;6;330;03/07/2010
2010058508;1;1;1;1;6;330;04/07/2010
2010058509;1;1;1;1;2;330;15/07/2010
2010058510;1;1;1;1;3;330;06/07/2010
2010058511;1;1;1;1;3;330;07/07/2010
2010058512;1;1;1;1;4;330;07/07/2010
2010058513;5;1;1;1;2;330;07/07/2010
2010058514;1;1;1;1;3;330;12/07/2010
2010058515;1;1;1;1;6;330;13/07/2010
2010058516;1;1;1;1;6;330;13/07/2010
2010058517;1;1;1;1;6;330;15/07/2010
2010058518;1;1;1;1;2;330;15/07/2010
2010058519;1;1;1;1;2;330;21/07/2010
2010058520;1;1;1;1;6;330;22/07/2010
2010058521;1;1;1;1;2;330;24/07/2010
2010058522;1;1;1;1;6;330;28/07/2010
2010058523;1;1;1;1;7;330;29/07/2010
2010058524;1;1;1;1;2;330;30/07/2010
2010058525;1;1;1;1;2;330;31/07/2010
2010058526;3;1;1;1;3;330;01/08/2010
2010058527;5;1;1;1;6;330;03/08/2010
2010058528;1;1;1;2;7;330;04/08/2010
2010058529;1;1;1;1;3;330;05/08/2010
2010058530;1;1;1;1;3;330;06/08/2010
2010058531;1;1;1;1;4;330;07/08/2010
2010058532;1;1;1;1;2;330;07/08/2010
2010058533;4;1;1;1;7;330;06/08/2010
2010058534;2;1;1;1;3;330;15/08/2010
2010058535;1;1;1;1;5;330;18/08/2010
2010058536;2;1;1;1;6;330;23/08/2010
2010058537;1;1;1;1;6;330;23/08/2010
2010058538;1;1;1;1;6;330;25/08/2010
2010058539;5;1;1;1;6;330;28/08/2010
2010058540;1;1;1;1;4;330;30/08/2010
2010058541;5;1;1;1;2;330;31/08/2010
2010058542;1;1;1;1;2;330;08/09/2010
2010058543;2;1;1;2;7;330;09/09/2010
2010058544;1;1;1;1;4;330;09/09/2010
2010058545;1;1;1;1;3;330;10/09/2010
2010058546;1;1;1;1;6;330;13/09/2010
2010058547;1;1;1;1;2;330;13/09/2010
2010058548;1;1;1;1;6;330;13/09/2010
2010058549;1;1;1;1;4;330;15/09/2010
2010058550;1;1;1;1;4;330;15/09/2010
2010058551;3;1;1;1;4;330;19/09/2010
2010058552;1;1;1;1;2;330;23/09/2010
2010058553;1;1;1;1;7;330;24/09/2010
2010058554;5;1;1;2;6;330;25/09/2010
2010058555;5;1;1;1;4;330;26/09/2010
2010058556;1;1;1;1;3;330;27/09/2010
2010058557;4;1;1;1;2;330;28/09/2010
2010058558;1;1;1;1;2;330;29/09/2010
2010058559;1;1;1;2;3;330;04/10/2010
2010058560;1;1;1;3;2;330;04/10/2010
2010058561;1;1;1;1;3;330;06/10/2010
2010058562;1;1;1;1;2;330;07/10/2010
2010058563;1;1;1;1;2;330;11/10/2010
2010058564;1;1;1;1;4;330;13/10/2010
2010058565;5;1;2;1;3;330;16/10/2010
2010058566;1;1;1;1;3;330;18/10/2010
2010058567;4;1;1;1;7;330;18/10/2010
2010058568;1;1;1;1;3;330;20/10/2010
2010058569;1;1;1;1;6;330;20/10/2010
2010058570;5;1;1;1;2;330;22/10/2010
2010058571;1;1;1;2;7;330;24/10/2010
2010058572;1;1;1;1;2;330;25/10/2010
2010058573;1;1;1;1;2;330;27/10/2010
2010058574;5;1;1;1;6;330;29/10/2010
2010058575;2;1;1;1;2;330;29/10/2010
2010058576;5;1;1;2;2;330;30/10/2010
2010058577;1;1;1;2;6;330;31/10/2010
2010058578;1;1;1;2;6;330;31/10/2010
2010058579;5;1;1;1;2;330;31/10/2010
2010058580;1;1;1;1;3;330;02/11/2010
2010058581;1;1;1;2;6;330;03/11/2010
2010058582;3;1;1;2;2;330;07/11/2010
2010058583;1;1;1;2;5;330;08/11/2010
2010058584;5;1;1;1;2;330;08/11/2010
2010058585;1;1;1;2;4;330;09/11/2010
2010058586;1;1;1;3;2;330;09/11/2010
2010058587;5;1;1;2;3;330;14/11/2010
2010058588;2;1;1;1;2;330;16/11/2010
2010058589;1;1;1;2;7;330;17/11/2010
2010058590;1;1;1;3;6;330;17/11/2010
2010058591;5;1;1;1;4;330;19/11/2010
2010058592;1;1;1;1;3;330;22/11/2010
2010058593;1;1;1;1;5;330;23/11/2010
2010058594;2;1;1;2;6;330;25/11/2010
2010058595;5;1;1;1;2;330;26/11/2010
2010058596;1;1;1;2;6;330;27/11/2010
2010058597;3;1;1;1;7;330;27/11/2010
2010058598;5;1;1;1;6;330;30/11/2010
2010058599;5;1;1;4;6;330;02/12/2010
2010058600;1;1;1;1;7;330;02/12/2010
2010058601;1;1;1;1;3;330;03/12/2010
2010058602;5;1;1;1;2;330;07/12/2010
2010058603;5;1;1;1;5;330;10/12/2010
2010058604;5;1;1;1;2;330;11/12/2010
2010058605;4;1;1;1;4;330;13/12/2010
2010058606;2;1;1;1;6;330;14/12/2010
2010058607;5;1;1;1;2;330;15/12/2010
2010058608;4;1;1;2;7;330;17/12/2010
2010058609;1;1;1;2;4;330;17/12/2010
2010058610;5;1;1;1;7;330;19/12/2010
2010058611;1;1;1;2;7;330;22/12/2010
2010058612;3;1;1;1;2;330;25/12/2010
2010058613;5;1;1;1;6;330;26/12/2010
2010058614;1;1;1;1;3;330;31/12/2010
2010058615;2;2;3;4;3;690;08/01/2010
2010058616;2;2;1;1;7;690;19/01/2010
2010058617;1;2;1;8;3;690;22/01/2010
2010058618;5;2;4;1;7;690;01/02/2010
2010058619;5;2;1;1;7;690;14/02/2010
2010058620;1;2;1;1;3;690;24/02/2010
2010058621;1;2;1;2;2;690;24/02/2010
2010058622;1;2;1;7;2;690;05/03/2010
2010058623;1;2;1;1;7;690;06/03/2010
2010058624;1;2;1;1;3;690;17/03/2010
2010058625;1;2;1;1;7;690;19/03/2010
2010058626;5;2;2;1;3;690;21/03/2010
2010058627;1;2;1;1;7;690;02/04/2010
2010058628;1;2;1;1;7;690;07/04/2010
2010058629;1;2;2;1;3;690;02/04/2010
2010058630;1;2;1;1;1;690;03/04/2010
2010058631;1;2;1;1;7;690;23/04/2010
2010058632;1;2;1;6;1;690;29/04/2010
2010058633;5;2;5;3;5;690;04/05/2010
2010058634;1;2;1;1;7;690;06/05/2010
2010058635;2;2;1;1;3;690;21/05/2010
2010058636;5;2;1;1;6;690;04/06/2010
2010058637;5;2;1;2;3;690;11/06/2010
2010058638;1;2;6;2;7;690;17/06/2010
2010058639;1;2;2;7;7;690;19/07/2010
2010058640;1;2;2;1;7;690;14/08/2010
2010058641;1;2;1;1;3;690;24/08/2010
2010058642;1;2;1;1;7;690;14/09/2010
2010058643;1;2;5;1;3;690;18/09/2010
2010058644;1;2;1;1;7;690;24/09/2010
2010058645;1;2;1;2;6;690;30/09/2010
2010058646;1;2;1;1;3;690;01/10/2010
2010058647;5;2;1;1;2;690;02/10/2010
2010058648;5;2;1;1;6;690;03/10/2010
2010058649;1;2;1;1;7;690;04/10/2010
2010058650;2;2;4;1;1;690;12/10/2010
2010058651;1;2;1;1;6;690;15/10/2010
2010058652;1;2;1;1;7;690;15/10/2010
2010058653;5;2;2;1;6;690;29/10/2010
2010058654;1;2;3;1;7;690;05/11/2010
2010058655;1;2;1;1;3;690;07/11/2010
2010058656;5;2;1;1;7;690;06/11/2010
2010058657;1;2;1;1;7;690;17/11/2010
2010058658;5;2;2;1;3;690;17/11/2010
2010058659;1;2;1;1;6;690;19/11/2010
2010058660;5;2;1;2;7;690;22/11/2010
2010058661;1;2;1;8;7;690;24/11/2010
2010058662;5;2;1;1;7;690;07/12/2010
2010058663;5;2;2;4;1;690;15/12/2010
2010058664;4;1;1;1;5;670;04/02/2010
2010058665;3;1;1;2;4;670;05/02/2010
2010058666;3;1;1;1;6;670;06/02/2010
2010058667;1;1;1;2;4;670;19/02/2010
2010058668;4;1;1;1;4;670;26/02/2010
2010058669;1;1;1;1;4;670;01/03/2010
2010058670;1;1;1;2;5;670;02/03/2010
2010058671;1;1;1;1;5;670;04/03/2010
2010058672;1;1;1;1;6;670;04/03/2010
2010058673;3;1;1;1;3;670;13/03/2010
2010058674;3;1;1;1;6;670;19/03/2010
2010058675;1;1;1;1;6;670;06/04/2010
2010058676;1;1;1;1;5;670;18/04/2010
2010058677;1;1;1;1;5;670;21/04/2010
2010058678;1;1;1;1;4;670;21/04/2010
2010058679;1;1;1;1;6;670;27/04/2010
2010058680;1;1;1;8;4;670;30/04/2010
2010058681;1;1;1;1;6;670;21/05/2010
2010058682;1;1;1;3;5;670;26/05/2010
2010058683;1;1;1;1;5;670;02/06/2010
2010058684;1;1;1;1;4;670;11/06/2010
2010058685;1;1;1;2;6;670;19/06/2010
2010058686;1;1;1;1;4;670;21/06/2010
2010058687;1;1;1;1;7;670;08/07/2010
2010058688;1;1;1;1;5;670;09/07/2010
2010058689;1;1;1;1;3;670;21/07/2010
2010058690;1;1;1;8;6;670;22/07/2010
2010058691;1;1;1;2;6;670;28/07/2010
2010058692;1;1;1;1;5;670;04/08/2010
2010058693;1;1;1;1;5;670;05/08/2010
2010058694;1;1;1;3;2;670;27/08/2010
2010058695;1;1;1;1;4;670;31/08/2010
2010058696;1;1;1;1;2;670;01/09/2010
2010058697;1;1;1;1;4;670;01/09/2010
2010058698;1;1;1;1;2;670;14/09/2010
2010058699;1;1;1;7;3;670;22/09/2010
2010058700;3;1;1;1;3;670;22/09/2010
2010058701;1;1;1;1;3;670;24/09/2010
2010058702;3;1;1;1;6;670;25/09/2010
2010058703;1;1;1;1;3;670;29/09/2010
2010058704;1;1;1;1;3;670;06/10/2010
2010058705;1;1;1;3;7;670;16/10/2010
2010058706;1;1;1;1;5;670;21/10/2010
2010058707;1;1;1;1;5;670;22/10/2010
2010058708;3;1;1;2;5;670;15/11/2010
2010058709;1;1;1;8;3;670;19/11/2010
2010058710;1;1;1;2;2;670;06/12/2010
2010058711;3;1;1;2;2;670;07/12/2010
2010058712;4;1;1;1;4;540;05/01/2010
2010058713;4;1;1;1;5;540;26/01/2010
2010058714;3;1;1;1;2;540;21/02/2010
2010058715;3;1;1;1;5;540;07/03/2010
2010058716;1;1;1;1;4;540;08/03/2010
2010058717;1;1;1;1;2;540;17/04/2010
2010058718;1;1;1;1;2;540;19/04/2010
2010058719;1;1;1;1;4;540;29/04/2010
2010058720;1;1;1;1;6;540;24/04/2010
2010058721;1;1;1;1;3;540;28/05/2010
2010058722;1;1;1;1;2;540;03/05/2010
2010058723;3;1;1;1;6;540;05/07/2010
2010058724;1;1;1;1;6;540;15/07/2010
2010058725;1;1;1;2;4;540;23/07/2010
2010058726;1;1;1;1;4;540;03/09/2010
2010058727;5;1;1;2;7;540;30/09/2010
2010058728;1;1;1;2;4;540;24/09/2010
2010058729;4;1;1;2;2;540;19/10/2010
2010058730;4;1;1;1;3;540;07/11/2010
2010058731;1;1;1;1;5;540;02/08/2010
2010058732;3;1;1;8;6;570;16/01/2010
2010058733;3;1;1;1;6;570;15/01/2010
2010058734;1;1;1;1;5;570;01/02/2010
2010058735;1;1;1;1;2;570;08/02/2010
2010058736;3;1;1;1;6;570;11/02/2010
2010058737;1;1;1;1;5;570;12/03/2010
2010058738;1;1;1;3;2;570;26/03/2010
2010058739;3;1;1;8;5;570;04/04/2010
2010058740;1;1;1;1;6;570;12/04/2010
2010058741;1;1;1;1;6;570;21/04/2010
2010058742;1;1;1;1;3;570;24/04/2010
2010058743;1;1;1;1;2;570;27/04/2010
2010058744;3;1;1;1;6;570;09/05/2010
2010058745;4;1;1;1;6;570;19/05/2010
2010058746;2;1;1;5;6;570;21/05/2010
2010058747;3;1;1;1;5;570;03/06/2010
2010058748;2;1;1;1;6;570;20/06/2010
2010058749;1;1;1;1;2;570;23/06/2010
2010058750;3;1;1;1;2;570;04/07/2010
2010058751;1;1;1;1;2;570;05/07/2010
2010058752;1;1;1;1;6;570;07/07/2010
2010058753;1;1;1;1;2;570;13/07/2010
2010058754;1;1;1;1;2;570;15/07/2010
2010058755;1;1;1;1;3;570;16/07/2010
2010058756;1;1;1;1;5;570;02/08/2010
2010058757;1;1;1;1;6;570;03/08/2010
2010058758;3;1;1;1;7;570;19/08/2010
2010058759;1;1;1;1;5;570;24/09/2010
2010058760;1;1;1;2;4;570;30/09/2010
2010058761;3;1;1;1;6;570;10/10/2010
2010058762;1;1;1;1;2;570;12/10/2010
2010058763;3;1;1;1;3;570;01/11/2010
2010058764;3;1;1;2;6;570;09/11/2010
2010058765;5;1;1;8;7;570;30/11/2010
2010058766;5;2;1;2;2;690;14/01/2010
2010058767;5;2;2;1;3;690;21/01/2010
2010058768;1;2;1;8;6;690;22/01/2010
2010058769;1;2;1;1;6;690;26/01/2010
2010058770;5;2;3;1;5;690;27/01/2010
2010058771;1;2;2;1;3;690;27/01/2010
2010058772;1;2;1;1;6;690;12/02/2010
2010058773;5;2;3;1;6;690;24/01/2010
2010058774;5;2;2;1;3;690;12/02/2010
2010058775;5;2;2;1;3;690;13/02/2010
2010058776;1;2;2;1;6;690;18/02/2010
2010058777;5;2;2;6;3;690;21/02/2010
2010058778;5;2;2;1;6;690;22/02/2010
2010058779;5;2;3;2;3;690;03/03/2010
2010058780;1;2;2;1;1;690;18/02/2010
2010058781;5;2;3;1;3;690;08/03/2010
2010058782;5;2;3;1;3;690;12/03/2010
2010058783;1;2;1;1;6;690;17/03/2010
2010058784;2;2;1;1;6;690;24/03/2010
2010058785;1;2;1;1;6;690;01/04/2010
2010058786;1;2;1;1;6;690;04/04/2010
2010058787;4;2;2;1;3;690;05/04/2010
2010058788;1;2;1;1;6;690;06/04/2010
2010058789;1;2;1;1;2;690;13/04/2010
2010058790;1;2;1;1;6;690;25/04/2010
2010058791;2;2;1;1;2;690;13/03/2010
2010058792;1;2;2;1;6;690;30/03/2010
2010058793;1;2;2;1;6;690;30/04/2010
2010058794;1;2;3;1;3;690;01/05/2010
2010058795;2;2;1;1;6;690;02/05/2010
2010058796;1;2;2;2;3;690;02/05/2010
2010058797;1;2;2;1;3;690;03/05/2010
2010058798;1;2;2;9;2;690;11/05/2010
2010058799;1;2;1;1;6;690;19/05/2010
2010058800;1;2;2;1;3;690;19/05/2010
2010058801;2;2;1;1;1;690;23/05/2010
2010058802;1;2;3;1;3;690;18/05/2010
2010058803;1;2;2;1;3;690;21/05/2010
2010058804;1;2;3;2;3;690;28/05/2010
2010058805;1;2;1;1;4;690;31/05/2010
2010058806;1;2;1;1;7;690;02/06/2010
2010058807;1;2;1;1;1;690;02/06/2010
2010058808;1;2;2;1;3;690;04/06/2010
2010058809;5;2;1;1;7;690;07/06/2010
2010058810;1;2;1;1;2;690;03/06/2010
2010058811;1;2;2;1;6;690;03/06/2010
2010058812;1;2;2;1;3;690;10/06/2010
2010058813;1;2;1;3;6;690;11/06/2010
2010058814;4;2;2;3;5;690;11/06/2010
2010058815;1;2;1;1;6;690;18/06/2010
2010058816;1;2;1;1;6;690;25/06/2010
2010058817;1;2;2;1;6;690;29/06/2010
2010058818;1;2;1;1;6;690;01/07/2010
2010058819;1;2;1;1;6;690;02/07/2010
2010058820;5;2;3;1;3;690;07/07/2010
2010058821;1;2;2;1;7;690;19/07/2010
2010058822;1;2;1;1;1;690;19/07/2010
2010058823;5;2;2;1;3;690;20/07/2010
2010058824;1;2;2;1;3;690;30/07/2010
2010058825;5;2;1;1;2;690;18/07/2010
2010058826;1;2;2;1;3;690;03/08/2010
2010058827;1;2;2;1;1;690;06/08/2010
2010058828;1;2;2;1;3;690;14/08/2010
2010058829;1;2;2;1;7;690;25/08/2010
2010058830;1;2;2;1;3;690;25/08/2010
2010058831;5;2;2;1;3;690;01/09/2010
2010058832;1;2;3;1;3;690;01/09/2010
2010058833;1;2;1;1;3;690;04/09/2010
2010058834;1;2;2;3;3;690;07/09/2010
2010058835;1;2;2;1;7;690;09/09/2010
2010058836;1;2;2;1;3;690;17/09/2010
2010058837;5;2;1;2;1;690;17/09/2010
2010058838;5;2;1;1;6;690;19/09/2010
2010058839;1;2;2;1;3;690;16/09/2010
2010058840;1;2;2;3;7;690;24/09/2010
2010058841;5;2;2;1;3;690;22/09/2010
2010058842;5;2;1;2;3;690;24/09/2010
2010058843;1;2;2;1;3;690;22/09/2010
2010058844;5;2;1;1;1;690;22/09/2010
2010058845;1;2;3;1;3;690;02/10/2010
2010058846;2;2;1;1;6;690;05/10/2010
2010058847;1;2;2;1;3;690;08/10/2010
2010058848;5;2;2;1;6;690;12/10/2010
2010058849;1;2;1;1;2;690;22/09/2010
2010058850;5;2;1;1;7;690;10/10/2010
2010058851;1;2;1;1;6;690;12/10/2010
2010058852;1;2;2;8;3;690;17/10/2010
2010058853;1;2;1;1;6;690;18/10/2010
2010058854;1;2;2;1;3;690;25/10/2010
2010058855;1;2;1;1;6;690;18/10/2010
2010058856;1;2;2;1;3;690;24/10/2010
2010058857;2;2;1;1;3;690;27/10/2010
2010058858;5;2;1;1;6;690;01/11/2010
2010058859;5;2;2;1;1;690;05/11/2010
2010058860;5;2;2;2;6;690;11/11/2010
2010058861;1;2;2;1;3;690;17/11/2010
2010058862;1;2;1;1;7;690;18/11/2010
2010058863;5;2;2;2;3;690;22/11/2010
2010058864;1;2;4;2;2;690;23/11/2010
2010058865;1;2;2;8;3;690;07/12/2010
2010058866;1;2;1;1;6;690;29/11/2010
2010058867;1;2;1;2;2;690;30/09/2010
2010058868;5;2;4;3;5;690;25/11/2010
2010058869;5;2;1;1;6;690;13/12/2010
2010058870;5;2;1;1;7;690;14/12/2010
2010058871;1;2;1;1;6;690;14/12/2010
2010058872;5;2;1;1;3;690;08/12/2010
2010058873;5;2;1;1;6;690;21/12/2010
2010058874;1;2;2;1;3;690;22/12/2010
2010058875;1;2;1;1;6;690;22/12/2010
2010058876;1;2;1;2;4;690;23/12/2010
2010058877;5;2;1;4;6;690;24/12/2010
2010058878;1;2;1;1;6;690;30/12/2010
2010058879;1;2;1;1;6;690;08/12/2010
2010058880;1;2;1;1;3;690;10/12/2010
2010058881;1;2;1;1;6;690;02/01/2010
2010058882;1;2;1;1;3;690;02/01/2010
2010058883;1;2;1;2;6;690;06/01/2010
2010058884;1;2;1;1;6;690;06/01/2010
2010058885;1;2;2;8;6;690;06/01/2010
2010058886;1;2;2;1;6;690;04/02/2010
2010058887;4;2;2;1;6;690;24/01/2010
2010058888;1;2;1;2;3;690;24/01/2010
2010058889;1;2;1;1;6;690;25/01/2010
2010058890;1;2;2;2;6;690;05/02/2010
2010058891;5;2;1;2;4;690;09/02/2010
2010058892;5;2;3;1;3;690;07/02/2010
2010058893;1;2;1;2;6;690;28/01/2010
2010058894;1;2;1;4;2;690;11/02/2010
2010058895;1;2;2;1;6;690;01/02/2010
2010058896;1;2;1;6;6;690;11/02/2010
2010058897;5;2;2;9;3;690;13/02/2010
2010058898;1;2;2;1;3;690;14/02/2010
2010058899;4;2;1;8;2;690;19/02/2010
2010058900;1;2;1;1;6;690;25/02/2010
2010058901;4;2;2;1;3;690;25/02/2010
2010058902;5;2;2;2;;690;03/03/2010
2010058903;1;2;2;1;6;690;17/02/2010
2010058904;1;2;1;1;6;690;07/03/2010
2010058905;1;2;2;1;6;690;04/02/2010
2010058906;1;2;3;1;3;690;02/03/2010
2010058907;2;2;1;1;6;690;08/03/2010
2010058908;1;2;2;1;3;690;10/03/2010
2010058909;1;2;1;1;6;690;12/03/2010
2010058910;2;2;1;1;6;690;16/03/2010
2010058911;5;2;2;1;3;690;16/03/2010
2010058912;1;2;2;1;3;690;18/03/2010
2010058913;5;2;3;1;3;690;23/03/2010
2010058914;4;2;1;1;6;690;25/03/2010
2010058915;1;2;1;1;2;690;15/04/2010
2010058916;1;2;1;1;6;690;25/03/2010
2010058917;1;2;1;1;6;690;26/01/2010
2010058918;1;2;1;1;4;690;26/03/2010
2010058919;5;2;1;2;2;690;26/03/2010
2010058920;1;2;2;1;3;690;29/03/2010
2010058921;1;2;1;1;7;690;12/03/2010
2010058922;1;2;1;1;6;690;01/04/2010
2010058923;1;2;1;1;6;690;03/04/2010
2010058924;1;2;3;1;3;690;16/03/2010
2010058925;1;2;1;1;6;690;15/04/2010
2010058926;5;2;2;1;3;690;15/04/2010
2010058927;1;2;1;1;6;690;17/04/2010
2010058928;1;2;5;1;3;690;16/04/2010
2010058929;1;2;2;1;3;690;21/04/2010
2010058930;2;2;4;1;6;690;28/04/2010
2010058931;5;2;1;1;6;690;25/04/2010
2010058932;1;2;7;1;6;690;27/04/2010
2010058933;1;2;1;1;6;690;06/05/2010
2010058934;1;2;2;1;2;690;18/05/2010
2010058935;1;2;1;1;6;690;19/05/2010
2010058936;5;2;1;1;6;690;20/05/2010
2010058937;1;2;1;1;5;690;22/05/2010
2010058938;1;2;2;1;6;690;21/05/2010
2010058939;5;2;3;1;6;690;25/05/2010
2010058940;1;2;2;1;6;690;28/05/2010
2010058941;1;2;1;1;6;690;31/05/2010
2010058942;1;2;2;1;3;690;26/04/2010
2010058943;1;2;1;1;3;690;02/06/2010
2010058944;5;2;1;1;6;690;12/06/2010
2010058945;1;2;2;1;3;690;13/06/2010
2010058946;1;2;1;1;3;690;04/06/2010
2010058947;1;2;1;1;6;690;16/06/2010
2010058948;1;2;1;3;6;690;16/06/2010
2010058949;1;2;1;1;6;690;06/06/2010
2010058950;1;2;1;1;6;690;05/09/2010
2010058951;1;2;2;1;6;690;19/06/2010
2010058952;1;2;2;1;6;690;24/09/2010
2010058953;1;2;2;1;3;690;22/06/2010
2010058954;1;2;1;1;7;690;29/06/2010
2010058955;1;2;1;1;6;690;07/07/2010
2010058956;1;2;1;1;6;690;03/07/2010
2010058957;1;2;3;1;6;690;07/07/2010
2010058958;1;2;1;1;6;690;07/07/2010
2010058959;1;2;1;1;2;690;08/07/2010
2010058960;1;2;2;1;2;690;01/07/2010
2010058961;1;2;2;1;6;690;28/06/2010
2010058962;1;2;9;1;3;690;28/07/2010
2010058963;1;2;2;1;6;690;19/07/2010
2010058964;1;2;1;1;6;690;19/06/2010
2010058965;1;2;1;1;3;690;20/08/2010
2010058966;1;2;1;1;2;690;19/07/2010
2010058967;1;2;1;1;4;690;24/06/2010
2010058968;1;2;1;1;6;690;25/06/2010
2010058969;1;2;2;1;3;690;07/08/2010
2010058970;5;2;2;1;3;690;21/08/2010
2010058971;5;2;2;1;6;690;24/07/2010
2010058972;1;2;1;1;6;690;24/07/2010
2010058973;1;2;1;1;6;690;25/08/2010
2010058974;1;2;2;1;6;690;16/08/2010
2010058975;1;2;1;1;3;690;26/08/2010
2010058976;2;2;1;1;6;690;16/08/2010
2010058977;5;2;3;1;3;690;31/08/2010
2010058978;1;2;2;1;3;690;13/07/2010
2010058979;1;2;1;1;6;690;13/07/2010
2010058980;1;2;1;1;3;690;15/07/2010
2010058981;1;2;3;1;3;690;02/08/2010
2010058982;1;2;2;1;3;690;01/09/2010
2010058983;4;2;1;1;6;690;30/07/2010
2010058984;5;2;2;1;3;690;07/08/2010
2010058985;1;2;2;1;3;690;15/09/2010
2010058986;1;2;1;1;3;690;28/12/2010
2010058987;1;2;1;1;6;690;09/09/2010
2010058988;5;2;2;1;3;690;24/09/2010