num_acc;lum;agg;inter;atm;col;dep;date
2010059567;1;2;1;1;6;690;26/02/2010
2010059568;5;2;1;1;6;690;14/03/2010
2010059569;5;2;1;1;2;690;09/03/2010
2010059570;4;2;1;1;6;690;30/01/2010
2010059571;1;2;1;1;7;690;06/04/2010
2010059572;1;2;2;8;3;690;08/04/2010
2010059573;1;2;1;1;6;690;08/04/2010
2010059574;1;2;1;1;6;690;10/04/2010
2010059575;1;2;1;1;6;690;29/04/2010
2010059576;1;2;1;1;5;690;29/04/2010
2010059577;1;2;1;1;6;690;28/04/2010
2010059578;1;2;1;1;6;690;14/04/2010
2010059579;1;2;1;2;3;690;04/05/2010
2010059580;1;2;2;2;1;690;05/05/2010
2010059581;1;2;1;1;2;690;08/05/2010
2010059582;5;2;1;2;6;690;09/05/2010
2010059583;5;2;1;2;6;690;09/05/2010
2010059584;5;2;1;1;6;690;15/05/2010
2010059585;1;2;1;1;3;690;09/05/2010
2010059586;1;2;1;1;6;690;23/05/2010
2010059587;1;2;1;1;1;690;25/05/2010
2010059588;1;2;1;1;3;690;31/05/2010
2010059589;1;2;3;1;7;690;08/06/2010
2010059590;1;2;1;8;6;690;09/06/2010
2010059591;5;2;1;1;3;690;03/06/2010
2010059592;1;2;1;1;6;690;03/06/2010
2010059593;1;2;1;1;3;690;17/06/2010
2010059594;1;2;1;2;3;690;14/06/2010
2010059595;5;2;2;1;3;690;23/06/2010
2010059596;1;2;2;1;3;690;23/06/2010
2010059597;1;2;2;1;3;690;02/07/2010
2010059598;1;2;1;1;6;690;01/07/2010
2010059599;1;2;1;1;6;690;06/07/2010
2010059600;1;2;1;1;6;690;07/07/2010
2010059601;1;2;1;1;6;690;08/07/2010
2010059602;1;2;1;1;6;690;10/07/2010
2010059603;1;2;1;1;7;690;16/07/2010
2010059604;5;2;1;1;6;690;11/07/2010
2010059605;5;2;1;2;6;690;29/07/2010
2010059606;1;2;1;1;6;690;30/07/2010
2010059607;1;2;1;1;2;690;03/08/2010
2010059608;1;2;1;1;2;690;08/08/2010
2010059609;1;2;1;1;3;690;31/08/2010
2010059610;1;2;1;7;6;690;31/08/2010
2010059611;5;2;1;1;6;690;07/09/2010
2010059612;1;2;3;2;6;690;09/09/2010
2010059613;1;2;1;1;7;690;09/09/2010
2010059614;2;2;1;1;6;690;13/09/2010
2010059615;1;2;1;1;6;690;14/09/2010
2010059616;1;2;1;1;6;690;17/09/2010
2010059617;2;2;1;1;2;690;28/09/2010
2010059618;1;2;9;1;1;690;28/09/2010
2010059619;1;2;1;2;6;690;30/09/2010
2010059620;1;2;1;1;6;690;04/10/2010
2010059621;1;2;1;8;6;690;08/10/2010
2010059622;5;2;1;1;6;690;09/10/2010
2010059623;1;2;3;8;3;690;12/10/2010
2010059624;2;2;1;2;3;690;19/10/2010
2010059625;2;2;1;1;6;690;20/10/2010
2010059626;1;2;2;1;3;690;18/10/2010
2010059627;1;2;1;1;3;690;23/10/2010
2010059628;5;2;1;2;6;690;30/10/2010
2010059629;1;2;1;3;6;690;31/10/2010
2010059630;4;2;3;1;7;690;01/11/2010
2010059631;1;2;1;1;6;690;04/11/2010
2010059632;1;2;1;8;2;690;05/11/2010
2010059633;5;2;3;1;3;690;08/11/2010
2010059634;5;2;3;2;3;690;11/11/2010
2010059635;1;2;2;1;6;690;16/11/2010
2010059636;5;2;1;1;6;690;20/11/2010
2010059637;1;2;3;1;2;690;23/11/2010
2010059638;5;2;9;1;6;690;27/11/2010
2010059639;1;2;4;8;3;690;30/11/2010
2010059640;1;2;1;1;7;690;06/12/2010
2010059641;1;2;1;1;1;690;08/12/2010
2010059642;4;2;1;1;6;690;10/12/2010
2010059643;5;2;9;1;2;690;11/12/2010
2010059644;1;2;2;1;2;690;16/12/2010
2010059645;1;2;1;1;6;690;21/12/2010
2010059646;1;2;1;1;6;690;29/12/2010
2010059647;3;1;1;3;4;830;07/01/2010
2010059648;2;1;1;1;4;830;21/01/2010
2010059649;1;1;1;1;5;830;14/02/2010
2010059650;5;1;1;1;2;830;02/02/2010
2010059651;3;1;1;1;7;830;10/02/2010
2010059652;1;1;1;1;4;830;12/02/2010
2010059653;1;1;1;1;4;830;17/02/2010
2010059654;3;1;1;1;2;830;14/02/2010
2010059655;3;1;1;3;6;830;22/02/2010
2010059656;5;1;1;1;2;830;28/02/2010
2010059657;1;1;1;1;2;830;15/03/2010
2010059658;5;1;1;1;6;830;18/03/2010
2010059659;1;1;1;1;6;830;19/03/2010
2010059660;3;1;1;1;2;830;20/03/2010
2010059661;1;1;1;1;7;830;24/03/2010
2010059662;1;1;1;1;6;830;24/03/2010
2010059663;5;1;1;1;6;830;29/03/2010
2010059664;1;1;1;1;6;830;01/04/2010
2010059665;3;1;1;2;3;130;07/04/2010
2010059666;3;1;1;2;7;830;08/04/2010
2010059667;1;1;1;1;2;830;10/04/2010
2010059668;2;1;1;1;2;830;02/05/2010
2010059669;1;1;1;1;2;830;25/05/2010
2010059670;1;1;1;5;2;830;31/05/2010
2010059671;3;1;1;1;7;830;11/06/2010
2010059672;1;1;1;1;4;830;18/06/2010
2010059673;5;1;1;1;6;830;23/06/2010
2010059674;3;1;1;1;2;830;24/06/2010
2010059675;1;1;1;1;2;830;02/07/2010
2010059676;1;1;1;1;5;830;04/07/2010
2010059677;1;1;1;1;7;830;07/07/2010
2010059678;1;1;1;1;7;830;08/07/2010
2010059679;1;1;1;1;2;830;10/07/2010
2010059680;1;1;1;1;2;830;16/07/2010
2010059681;3;1;1;1;4;830;17/07/2010
2010059682;1;1;1;1;1;830;21/07/2010
2010059683;3;1;1;1;6;830;22/07/2010
2010059684;1;1;1;1;4;830;24/07/2010
2010059685;1;1;1;1;7;830;25/07/2010
2010059686;1;1;1;1;3;830;27/07/2010
2010059687;1;1;1;1;2;830;07/09/2010
2010059688;5;1;1;1;2;830;27/09/2010
2010059689;1;1;1;1;4;830;29/09/2010
2010059690;1;1;1;1;4;830;01/10/2010
2010059691;3;1;1;1;6;830;03/10/2010
2010059692;5;1;1;2;7;830;04/10/2010
2010059693;1;1;1;1;2;830;06/10/2010
2010059694;1;1;1;1;3;830;08/10/2010
2010059695;5;1;1;1;6;830;09/10/2010
2010059696;1;1;1;2;2;830;11/10/2010
2010059697;1;1;1;1;4;830;13/10/2010
2010059698;1;1;1;1;7;830;19/10/2010
2010059699;1;1;1;1;4;830;28/10/2010
2010059700;1;1;1;1;2;830;29/10/2010
2010059701;1;1;1;1;7;130;12/10/2010
2010059702;1;1;1;1;2;130;26/10/2010
2010059703;3;1;1;2;2;830;01/11/2010
2010059704;1;1;1;8;3;830;10/11/2010
2010059705;5;1;1;1;3;830;11/11/2010
2010059706;1;1;1;1;3;830;15/11/2010
2010059707;1;1;1;2;3;830;15/11/2010
2010059708;3;1;1;1;4;830;03/12/2010
2010059709;1;1;1;1;2;830;10/12/2010
2010059710;1;1;1;1;4;830;11/12/2010
2010059711;5;1;1;1;2;830;11/12/2010
2010059712;1;1;1;2;5;830;23/12/2010
2010059713;1;1;1;1;4;830;28/12/2010
2010059714;3;1;9;2;6;130;01/01/2010
2010059715;1;1;1;2;6;130;01/01/2010
2010059716;1;1;1;6;2;130;02/01/2010
2010059717;1;1;1;1;7;130;03/01/2010
2010059718;3;1;1;1;7;130;03/01/2010
2010059719;1;1;1;1;4;130;05/01/2010
2010059720;1;1;1;1;3;130;06/01/2010
2010059721;1;1;1;1;4;130;24/12/2010
2010059722;3;1;1;1;2;130;06/01/2010
2010059723;1;1;1;1;4;130;06/01/2010
2010059724;3;1;1;2;2;130;07/01/2010
2010059725;3;1;1;3;7;130;08/01/2010
2010059726;3;1;1;4;2;130;09/01/2010
2010059727;1;1;1;1;6;130;04/01/2010
2010059728;3;1;1;1;2;130;09/01/2010
2010059729;3;1;1;1;7;130;10/01/2010
2010059730;1;1;1;1;6;130;12/01/2010
2010059731;1;1;1;2;6;130;13/01/2010
2010059732;3;1;1;1;2;130;13/01/2010
2010059733;1;1;1;2;6;130;14/01/2010
2010059734;5;1;1;1;7;130;14/01/2010
2010059735;1;1;1;1;7;130;15/01/2010
2010059736;1;1;1;1;6;130;15/01/2010
2010059737;3;1;1;1;2;130;15/01/2010
2010059738;5;1;1;1;2;130;15/01/2010
2010059739;3;1;1;1;6;130;16/01/2010
2010059740;3;1;1;2;7;130;17/01/2010
2010059741;1;1;1;1;4;130;18/01/2010
2010059742;1;1;1;1;3;130;18/01/2010
2010059743;1;1;1;1;6;130;19/01/2010
2010059744;1;1;1;2;7;130;20/01/2010
2010059745;1;1;1;1;7;130;21/01/2010
2010059746;3;1;1;1;4;130;19/01/2010
2010059747;1;1;1;1;5;130;23/01/2010
2010059748;3;1;1;1;6;130;24/01/2010
2010059749;1;1;1;1;7;130;24/01/2010
2010059750;1;1;1;1;4;130;26/01/2010
2010059751;3;1;1;1;4;130;26/01/2010
2010059752;1;1;1;1;2;130;29/01/2010
2010059753;1;1;1;1;6;130;31/01/2010
2010059754;2;1;1;1;4;130;29/01/2010
2010059755;1;1;1;2;6;130;04/02/2010
2010059756;3;1;1;1;4;130;05/02/2010
2010059757;3;1;1;1;6;130;05/02/2010
2010059758;3;1;1;1;6;130;05/02/2010
2010059759;1;1;1;1;6;130;07/02/2010
2010059760;5;1;1;1;6;130;08/02/2010
2010059761;5;1;1;1;7;130;06/02/2010
2010059762;1;1;1;1;2;130;13/02/2010
2010059763;3;1;1;8;7;130;14/02/2010
2010059764;1;1;1;1;2;130;15/02/2010
2010059765;1;1;1;1;5;130;15/02/2010
2010059766;1;1;1;1;2;130;10/02/2010
2010059767;5;1;1;2;6;130;16/02/2010
2010059768;3;1;1;8;6;130;17/02/2010
2010059769;3;1;1;1;2;130;18/02/2010
2010059770;1;1;1;2;2;130;19/02/2010
2010059771;1;1;1;1;2;130;20/02/2010
2010059772;1;1;1;2;4;130;22/02/2010
2010059773;2;1;1;2;6;130;25/02/2010
2010059774;1;1;1;1;4;130;23/02/2010
2010059775;1;1;1;1;6;130;25/02/2010
2010059776;1;1;1;1;7;130;26/02/2010
2010059777;1;1;1;1;2;130;02/03/2010
2010059778;1;1;1;1;2;130;02/03/2010
2010059779;2;1;1;2;7;130;04/03/2010
2010059780;1;1;1;1;2;130;04/03/2010
2010059781;3;1;1;1;6;130;07/03/2010
2010059782;2;1;1;1;5;130;09/03/2010
2010059783;1;1;1;1;7;130;06/03/2010
2010059784;1;1;1;1;6;130;11/03/2010
2010059785;1;1;1;1;4;130;12/03/2010
2010059786;2;1;1;1;7;130;14/03/2010
2010059787;1;1;1;1;4;130;16/03/2010
2010059788;1;1;1;1;6;130;16/03/2010
2010059789;1;1;1;1;4;130;17/03/2010
2010059790;1;1;1;1;4;130;17/03/2010
2010059791;1;1;1;1;2;130;18/03/2010
2010059792;1;1;1;1;6;130;18/03/2010
2010059793;4;1;1;1;3;130;17/03/2010
2010059794;1;1;1;1;4;130;21/03/2010
2010059795;1;1;1;2;2;130;21/03/2010
2010059796;1;1;1;1;6;130;23/03/2010
2010059797;1;1;1;3;6;130;29/03/2010
2010059798;1;1;1;1;3;130;31/03/2010
2010059799;1;1;1;3;7;130;22/03/2010
2010059800;1;1;1;3;7;130;22/03/2010
2010059801;3;1;1;8;6;130;01/04/2010
2010059802;1;1;1;1;6;130;02/04/2010
2010059803;1;1;1;1;7;130;06/04/2010
2010059804;1;1;1;1;6;130;06/04/2010
2010059805;1;1;1;1;4;130;06/04/2010
2010059806;2;1;1;2;6;130;08/04/2010
2010059807;2;1;1;1;4;130;11/04/2010
2010059808;1;1;1;1;6;130;12/04/2010
2010059809;1;1;1;2;6;130;12/04/2010
2010059810;1;1;1;3;7;130;12/04/2010
2010059811;5;1;1;8;7;130;14/04/2010
2010059812;1;1;1;1;6;130;16/04/2010
2010059813;1;1;1;1;2;130;16/04/2010
2010059814;2;1;1;1;2;130;18/04/2010
2010059815;3;1;1;1;3;130;19/04/2010
2010059816;1;1;1;1;2;130;19/04/2010
2010059817;1;1;1;1;4;130;19/04/2010
2010059818;1;1;1;2;2;130;20/04/2010
2010059819;1;1;1;1;6;130;20/04/2010
2010059820;1;1;1;1;6;130;20/04/2010
2010059821;1;1;1;1;7;130;21/04/2010
2010059822;1;1;1;1;2;130;21/04/2010
2010059823;1;1;1;1;4;130;21/04/2010
2010059824;1;1;1;1;3;130;21/04/2010
2010059825;1;1;1;1;2;130;19/04/2010
2010059826;3;1;1;2;2;130;24/04/2010
2010059827;1;1;1;1;6;130;25/04/2010
2010059828;1;1;1;1;4;130;25/04/2010
2010059829;1;1;1;1;2;130;26/04/2010
2010059830;1;1;1;1;6;130;28/04/2010
2010059831;2;1;1;1;7;130;28/04/2010
2010059832;1;1;1;1;6;130;28/04/2010
2010059833;1;1;1;1;6;130;29/04/2010
2010059834;1;1;1;1;7;130;29/04/2010
2010059835;2;1;1;1;2;130;29/04/2010
2010059836;3;1;1;1;6;130;03/05/2010
2010059837;1;1;1;2;2;130;04/05/2010
2010059838;5;1;1;1;3;130;05/05/2010
2010059839;1;1;1;1;4;130;05/05/2010
2010059840;3;1;1;2;4;130;05/05/2010
2010059841;3;1;1;2;7;130;05/05/2010
2010059842;3;1;1;1;7;130;06/05/2010
2010059843;1;1;1;1;3;130;06/05/2010
2010059844;1;1;1;1;3;130;07/05/2010
2010059845;1;1;1;2;6;130;08/05/2010
2010059846;3;1;1;8;2;130;09/05/2010
2010059847;1;1;1;2;2;130;08/05/2010
2010059848;1;1;1;1;6;130;11/05/2010
2010059849;1;1;1;1;4;130;11/05/2010
2010059850;1;1;1;2;3;130;12/05/2010
2010059851;1;1;1;1;3;130;06/05/2010
2010059852;1;1;1;1;2;130;15/05/2010
2010059853;1;1;1;1;2;130;16/05/2010
2010059854;1;1;1;1;4;130;21/05/2010
2010059855;1;1;1;1;1;130;22/05/2010
2010059856;1;1;1;1;7;130;24/05/2010
2010059857;1;1;1;1;2;130;24/05/2010
2010059858;1;1;1;1;6;130;23/05/2010
2010059859;3;1;1;1;6;130;25/05/2010
2010059860;1;1;9;1;2;130;26/05/2010
2010059861;1;1;1;1;2;130;27/05/2010
2010059862;1;1;1;1;3;130;27/05/2010
2010059863;1;1;1;1;2;130;27/05/2010
2010059864;1;1;1;1;6;130;27/05/2010
2010059865;1;1;1;1;2;130;26/05/2010
2010059866;3;1;1;1;2;130;29/05/2010
2010059867;1;1;1;1;4;130;30/05/2010
2010059868;1;1;1;1;3;130;31/05/2010
2010059869;5;1;1;1;2;130;04/06/2010
2010059870;1;1;1;1;2;130;04/06/2010
2010059871;1;1;1;1;6;130;04/06/2010
2010059872;1;1;1;1;6;130;05/06/2010
2010059873;1;1;1;1;7;130;05/06/2010
2010059874;3;1;1;1;3;130;05/06/2010
2010059875;3;1;1;1;7;130;06/06/2010
2010059876;1;1;1;1;3;130;07/06/2010
2010059877;1;1;1;1;2;130;07/06/2010
2010059878;1;1;1;1;2;130;08/06/2010
2010059879;1;1;1;1;6;130;08/06/2010
2010059880;1;1;1;1;2;130;08/06/2010
2010059881;1;1;1;1;2;130;10/06/2010
2010059882;3;1;1;1;3;130;11/06/2010
2010059883;1;1;1;1;6;130;11/06/2010
2010059884;3;1;1;1;6;130;11/06/2010
2010059885;5;1;1;1;2;130;12/06/2010
2010059886;1;1;1;1;4;130;12/06/2010
2010059887;1;1;1;1;2;130;13/06/2010
2010059888;1;1;1;1;6;130;14/06/2010
2010059889;1;1;1;2;4;130;15/06/2010
2010059890;1;1;1;3;6;130;15/06/2010
2010059891;1;1;1;2;3;130;15/06/2010
2010059892;1;1;1;3;6;130;15/06/2010
2010059893;1;1;1;1;4;130;16/06/2010
2010059894;3;1;1;1;5;130;21/05/2010
2010059895;4;1;1;1;7;130;22/06/2010
2010059896;1;1;1;1;2;130;23/06/2010
2010059897;1;1;1;1;2;130;25/06/2010
2010059898;3;1;1;1;2;130;27/06/2010
2010059899;3;1;1;1;7;130;29/06/2010
2010059900;1;1;1;1;2;130;03/07/2010
2010059901;1;1;1;1;4;130;18/06/2010
2010059902;1;1;1;1;7;130;05/07/2010
2010059903;1;1;1;1;6;130;09/07/2010
2010059904;1;1;1;1;7;130;10/07/2010
2010059905;3;1;1;1;7;130;11/07/2010
2010059906;1;1;1;1;2;130;13/07/2010
2010059907;1;1;1;1;2;130;12/07/2010
2010059908;3;1;1;1;1;130;15/07/2010
2010059909;1;1;1;1;7;130;17/07/2010
2010059910;1;1;1;1;7;130;18/07/2010
2010059911;3;1;1;1;7;130;19/07/2010
2010059912;1;1;1;1;6;130;20/07/2010
2010059913;1;1;1;1;3;130;20/07/2010
2010059914;1;1;1;1;6;130;21/07/2010
2010059915;1;1;1;1;7;130;21/07/2010
2010059916;1;1;1;1;6;130;22/07/2010
2010059917;1;1;1;1;4;130;23/07/2010
2010059918;1;1;1;1;2;130;23/07/2010
2010059919;1;1;1;1;6;130;27/07/2010
2010059920;1;1;1;1;7;130;27/07/2010
2010059921;1;1;1;2;6;130;02/08/2010
2010059922;1;1;1;2;3;130;02/08/2010
2010059923;1;1;1;1;3;130;30/07/2010
2010059924;1;1;1;1;4;130;03/08/2010
2010059925;1;1;1;1;6;130;03/08/2010
2010059926;3;1;1;1;2;130;05/08/2010
2010059927;1;1;1;1;2;130;07/08/2010
2010059928;1;1;1;1;6;130;12/08/2010
2010059929;1;1;1;1;4;130;09/08/2010
2010059930;3;1;1;1;7;130;10/08/2010
2010059931;1;1;1;1;2;130;08/08/2010
2010059932;1;1;1;1;6;130;19/08/2010
2010059933;1;1;1;1;6;130;20/08/2010
2010059934;1;1;1;1;4;130;25/08/2010
2010059935;5;1;1;1;7;130;26/08/2010
2010059936;1;1;1;1;7;130;26/08/2010
2010059937;1;1;1;1;7;130;27/08/2010
2010059938;1;1;1;1;2;130;28/08/2010
2010059939;1;1;1;1;3;130;26/08/2010
2010059940;1;1;1;1;2;130;31/08/2010
2010059941;1;1;1;1;2;130;31/08/2010
2010059942;5;1;1;1;6;130;03/09/2010
2010059943;1;1;1;1;4;130;03/09/2010
2010059944;3;1;1;1;6;130;04/09/2010
2010059945;3;1;1;1;3;130;05/09/2010
2010059946;1;1;1;1;7;130;06/09/2010
2010059947;3;1;1;2;7;130;06/09/2010
2010059948;1;1;1;1;6;130;08/09/2010
2010059949;1;1;1;1;4;130;08/09/2010
2010059950;1;1;1;1;3;130;09/09/2010
2010059951;5;1;1;1;7;130;09/09/2010
2010059952;1;1;1;1;6;130;10/09/2010
2010059953;3;1;1;1;6;130;12/09/2010
2010059954;2;1;1;1;3;130;12/09/2010
2010059955;1;1;1;1;2;130;13/09/2010
2010059956;1;1;1;1;6;130;13/09/2010
2010059957;1;1;1;1;4;130;10/09/2010
2010059958;1;1;1;1;4;130;14/09/2010
2010059959;3;1;1;1;2;130;14/09/2010
2010059960;1;1;1;1;2;130;15/09/2010
2010059961;1;1;1;1;4;130;15/09/2010
2010059962;1;1;1;1;6;130;17/09/2010
2010059963;3;1;1;1;6;130;13/10/2010
2010059964;1;1;1;1;2;130;19/09/2010
2010059965;1;1;1;1;4;130;21/09/2010
2010059966;1;1;1;1;7;130;22/09/2010
2010059967;1;1;1;1;2;130;22/09/2010
2010059968;1;1;1;1;6;130;24/09/2010
2010059969;1;1;1;1;3;130;25/09/2010
2010059970;1;1;1;1;4;130;28/09/2010
2010059971;2;1;1;1;2;130;30/09/2010
2010059972;3;1;1;1;7;130;01/10/2010
2010059973;5;1;1;1;3;130;02/10/2010
2010059974;1;1;1;1;4;130;02/10/2010
2010059975;1;1;1;1;4;130;02/10/2010
2010059976;3;1;1;2;6;130;05/10/2010
2010059977;2;1;1;1;2;130;05/10/2010
2010059978;1;1;1;1;2;130;09/10/2010
2010059979;3;1;1;1;4;130;08/10/2010
2010059980;1;1;1;8;7;130;10/10/2010
2010059981;1;1;1;2;3;130;10/10/2010
2010059982;4;1;1;1;7;130;12/10/2010
2010059983;1;1;1;1;7;130;12/10/2010
2010059984;1;1;1;2;3;130;13/10/2010
2010059985;3;1;1;1;2;130;13/10/2010
2010059986;1;1;1;1;4;130;14/10/2010
2010059987;1;1;1;1;4;130;17/10/2010
2010059988;1;1;1;1;2;130;14/10/2010
2010059989;1;1;1;1;2;130;15/10/2010
2010059990;1;1;1;1;7;130;15/10/2010
2010059991;1;1;1;1;2;130;15/10/2010
2010059992;1;1;1;1;2;130;15/10/2010
2010059993;1;1;1;1;7;130;17/10/2010
2010059994;1;1;1;1;4;130;17/10/2010
2010059995;1;1;1;1;2;130;17/10/2010
2010059996;1;1;1;1;3;130;19/10/2010
2010059997;1;1;1;1;5;130;20/10/2010
2010059998;1;1;1;1;4;130;20/10/2010
2010059999;1;1;1;1;6;130;23/09/2010
2010060000;1;1;1;1;2;130;21/10/2010
2010060001;3;1;1;1;6;130;21/10/2010
2010060002;1;1;1;1;2;130;22/10/2010
2010060003;3;1;1;1;3;130;22/10/2010
2010060004;3;1;1;2;6;130;24/10/2010
2010060005;1;1;1;1;4;130;27/10/2010
2010060006;1;1;1;3;7;130;30/10/2010
2010060007;3;1;1;2;6;130;30/10/2010
2010060008;1;1;1;2;7;130;01/11/2010
2010060009;1;1;1;2;6;130;01/11/2010
2010060010;1;1;1;3;7;130;01/11/2010
2010060011;1;1;1;2;6;130;02/11/2010
2010060012;1;1;1;8;2;130;02/11/2010
2010060013;2;1;1;1;2;130;02/11/2010
2010060014;2;1;1;3;6;130;02/11/2010
2010060015;1;1;1;1;6;130;02/11/2010
2010060016;3;1;1;3;2;130;30/10/2010
2010060017;2;1;1;1;2;130;02/11/2010
2010060018;5;1;1;1;2;130;05/11/2010
2010060019;4;1;1;1;6;130;07/11/2010
2010060020;5;1;1;1;5;130;07/11/2010
2010060021;3;1;1;1;6;130;07/11/2010
2010060022;1;1;1;1;4;130;08/11/2010
2010060023;3;1;1;2;6;130;08/11/2010
2010060024;2;1;1;1;2;130;09/11/2010
2010060025;1;1;1;2;7;130;10/11/2010
2010060026;1;1;1;8;3;130;10/11/2010
2010060027;1;1;1;1;3;130;10/11/2010
2010060028;5;1;1;1;6;130;13/11/2010
2010060029;1;1;1;2;7;130;16/11/2010
2010060030;5;1;1;1;4;130;18/11/2010
2010060031;1;1;1;1;3;130;19/11/2010
2010060032;3;1;1;1;4;130;19/11/2010
2010060033;5;1;1;8;6;130;21/11/2010
2010060034;3;1;1;2;6;130;21/11/2010
2010060035;3;1;1;1;6;130;21/11/2010
2010060036;1;1;1;1;2;130;09/11/2010
2010060037;1;1;1;1;7;130;22/11/2010
2010060038;5;1;1;1;2;130;22/11/2010
2010060039;3;1;1;1;3;130;23/11/2010
2010060040;5;1;1;1;4;130;23/11/2010
2010060041;3;1;1;8;4;130;21/11/2010
2010060042;5;1;1;1;7;130;24/11/2010
2010060043;1;1;1;1;3;130;25/11/2010
2010060044;1;1;1;1;2;130;25/11/2010
2010060045;1;1;1;1;2;130;25/11/2010
2010060046;1;1;1;1;4;130;24/11/2010
2010060047;1;1;1;1;6;130;26/11/2010
2010060048;5;1;1;9;7;130;26/11/2010
2010060049;3;1;1;1;6;130;27/11/2010
2010060050;1;1;1;1;4;130;26/11/2010
2010060051;2;1;1;1;2;130;26/11/2010
2010060052;1;1;1;2;2;130;27/11/2010
2010060053;1;1;1;2;6;130;28/11/2010
2010060054;1;1;1;1;4;130;28/11/2010
2010060055;1;1;1;1;4;130;03/12/2010
2010060056;3;1;1;1;2;130;04/12/2010
2010060057;1;1;1;2;6;130;05/12/2010
2010060058;4;1;1;2;6;130;05/12/2010
2010060059;1;1;1;1;7;130;04/12/2010
2010060060;1;1;1;1;7;130;08/12/2010
2010060061;5;1;1;1;2;130;11/12/2010
2010060062;2;1;1;1;6;130;12/12/2010
2010060063;3;1;1;1;6;130;12/12/2010
2010060064;3;1;1;1;2;130;13/12/2010
2010060065;1;1;1;1;5;130;14/12/2010
2010060066;3;1;1;1;6;130;14/12/2010
2010060067;1;1;1;1;6;130;16/12/2010
2010060068;1;1;1;1;2;130;20/12/2010
2010060069;1;1;1;1;5;130;17/12/2010
2010060070;3;1;1;1;3;130;17/12/2010
2010060071;3;1;1;1;6;130;18/12/2010
2010060072;1;1;1;1;7;130;19/12/2010
2010060073;5;1;1;1;7;130;18/12/2010
2010060074;5;1;1;1;4;130;20/12/2010
2010060075;3;1;1;3;6;130;21/12/2010
2010060076;3;1;1;2;2;130;21/12/2010
2010060077;1;1;1;2;6;130;21/12/2010
2010060078;1;1;1;1;7;130;22/12/2010
2010060079;3;1;1;1;2;130;22/12/2010
2010060080;1;1;1;6;6;130;25/12/2010
2010060081;1;1;1;1;6;130;25/12/2010
2010060082;1;1;1;1;7;130;26/12/2010
2010060083;1;1;1;1;6;130;27/12/2010
2010060084;3;1;1;1;2;130;28/12/2010
2010060085;3;1;1;2;6;130;23/12/2010
2010060086;1;1;1;1;3;130;01/10/2010
2010060087;3;1;1;3;6;130;04/02/2010
2010060088;3;1;1;8;4;130;20/01/2010
2010060089;3;1;1;1;7;130;24/01/2010
2010060090;1;1;1;2;6;130;19/02/2010
2010060091;2;1;1;8;6;130;14/02/2010
2010060092;1;1;1;1;7;130;23/02/2010
2010060093;5;1;1;1;2;130;23/02/2010
2010060094;1;1;1;1;6;130;21/02/2010
2010060095;1;1;1;2;2;130;03/03/2010
2010060096;1;1;1;1;4;130;10/03/2010
2010060097;3;1;1;1;3;130;14/03/2010
2010060098;1;1;1;1;2;130;14/03/2010
2010060099;3;1;1;1;7;130;23/03/2010
2010060100;1;1;1;8;2;130;08/04/2010
2010060101;1;1;1;1;2;130;18/03/2010
2010060102;1;1;1;8;4;130;16/04/2010
2010060103;1;1;1;1;4;130;22/04/2010
2010060104;1;1;1;1;2;130;06/05/2010
2010060105;1;1;1;1;6;130;16/05/2010
2010060106;1;1;1;1;4;130;24/05/2010
2010060107;1;1;1;1;6;130;28/05/2010
2010060108;3;1;1;1;6;130;20/06/2010
2010060109;2;1;1;1;6;130;10/07/2010
2010060110;1;1;1;1;7;130;21/08/2010
2010060111;1;1;1;1;5;130;07/09/2010
2010060112;1;1;1;1;6;130;09/09/2010
2010060113;4;1;1;1;6;130;20/09/2010
2010060114;3;1;1;1;3;130;09/10/2010
2010060115;1;1;1;1;2;130;15/10/2010
2010060116;1;1;1;1;2;130;15/10/2010
2010060117;3;1;1;1;3;130;25/10/2010
2010060118;1;1;1;2;2;130;01/11/2010
2010060119;3;1;1;1;4;130;10/11/2010
2010060120;1;1;9;1;2;130;11/11/2010
2010060121;5;1;1;1;7;130;24/11/2010
2010060122;1;1;1;1;5;130;01/12/2010
2010060123;1;1;1;1;3;130;04/12/2010
2010060124;1;1;1;2;2;130;05/12/2010
2010060125;3;1;1;2;2;130;23/12/2010
2010060126;3;1;1;3;7;130;11/10/2010
2010060127;5;2;2;1;6;750;16/01/2010
2010060128;5;2;3;1;3;750;20/01/2010
2010060129;1;2;1;8;6;750;21/01/2010
2010060130;1;2;2;8;6;750;21/01/2010
2010060131;1;2;1;1;6;750;21/01/2010
2010060132;5;2;5;2;2;750;24/01/2010
2010060133;5;2;1;1;7;750;26/01/2010
2010060134;1;2;1;1;6;750;27/01/2010
2010060135;2;2;1;2;6;750;28/01/2010
2010060136;1;2;2;2;6;750;29/01/2010
2010060137;5;2;5;1;6;750;05/02/2010
2010060138;2;2;1;1;7;750;06/02/2010
2010060139;1;2;5;4;6;750;11/02/2010
2010060140;1;2;2;1;2;750;18/02/2010
2010060141;1;2;1;2;7;750;23/02/2010
2010060142;5;2;2;2;6;750;28/02/2010
2010060143;1;2;4;1;3;750;02/03/2010