num_acc;lum;agg;inter;atm;col;dep;date
2010060144;5;2;1;1;6;750;05/03/2010
2010060145;5;2;2;1;7;750;10/03/2010
2010060146;5;2;1;1;6;750;13/03/2010
2010060147;1;2;1;1;4;750;17/03/2010
2010060148;1;2;5;1;6;750;18/03/2010
2010060149;1;2;5;1;3;750;19/03/2010
2010060150;1;2;4;1;6;750;19/03/2010
2010060151;5;2;1;2;4;750;19/03/2010
2010060152;5;2;2;1;3;750;23/03/2010
2010060153;1;2;1;1;6;750;25/03/2010
2010060154;5;2;2;1;3;750;27/03/2010
2010060155;1;2;5;1;6;750;29/03/2010
2010060156;1;2;1;2;3;750;30/03/2010
2010060157;1;2;1;1;6;750;01/04/2010
2010060158;5;2;3;1;3;750;02/04/2010
2010060159;1;2;2;1;6;750;05/04/2010
2010060160;5;2;5;1;7;750;06/04/2010
2010060161;1;2;3;1;6;750;06/04/2010
2010060162;1;2;1;1;6;750;06/04/2010
2010060163;1;2;3;1;2;750;07/04/2010
2010060164;1;2;3;1;6;750;07/04/2010
2010060165;1;2;3;1;2;750;08/04/2010
2010060166;5;2;5;1;6;750;08/04/2010
2010060167;5;2;5;1;2;750;11/04/2010
2010060168;1;2;1;1;7;750;12/04/2010
2010060169;1;2;1;1;6;750;12/04/2010
2010060170;1;2;3;1;3;750;13/04/2010
2010060171;1;2;1;1;6;750;15/04/2010
2010060172;1;2;2;1;6;750;23/04/2010
2010060173;1;2;1;1;6;750;24/04/2010
2010060174;1;2;1;1;7;750;26/04/2010
2010060175;1;2;4;1;3;750;04/05/2010
2010060176;1;2;1;1;4;750;04/05/2010
2010060177;1;2;1;2;2;750;11/05/2010
2010060178;1;2;5;1;3;750;15/05/2010
2010060179;1;2;2;1;2;750;15/05/2010
2010060180;1;2;5;1;6;750;17/05/2010
2010060181;1;2;2;1;6;750;26/05/2010
2010060182;1;2;2;2;3;750;28/05/2010
2010060183;1;2;2;3;3;750;01/06/2010
2010060184;1;2;5;1;6;750;04/06/2010
2010060185;1;2;2;1;7;750;04/06/2010
2010060186;1;2;2;1;6;750;07/06/2010
2010060187;1;2;2;1;3;750;07/06/2010
2010060188;1;2;3;1;3;750;08/06/2010
2010060189;1;2;1;1;7;750;09/06/2010
2010060190;1;2;3;1;3;750;14/06/2010
2010060191;1;2;2;1;6;750;16/06/2010
2010060192;1;2;2;1;7;750;17/06/2010
2010060193;5;2;2;1;3;750;22/06/2010
2010060194;5;2;3;1;3;750;25/06/2010
2010060195;5;2;1;1;7;750;27/06/2010
2010060196;1;2;1;1;2;750;28/06/2010
2010060197;1;2;1;1;4;750;03/07/2010
2010060198;1;2;5;1;3;750;03/07/2010
2010060199;1;2;5;1;7;750;06/07/2010
2010060200;5;2;3;1;3;750;06/07/2010
2010060201;1;2;1;1;7;750;07/07/2010
2010060202;1;2;3;7;3;750;07/07/2010
2010060203;1;2;2;1;3;750;07/07/2010
2010060204;1;2;3;1;3;750;08/07/2010
2010060205;1;2;1;1;6;750;11/07/2010
2010060206;1;2;3;1;6;750;12/07/2010
2010060207;1;2;5;1;6;750;13/07/2010
2010060208;1;2;1;1;3;750;13/07/2010
2010060209;5;2;2;1;3;750;14/07/2010
2010060210;1;2;1;1;6;750;14/07/2010
2010060211;1;2;3;1;3;750;15/07/2010
2010060212;1;2;2;1;3;750;15/07/2010
2010060213;1;2;2;1;6;750;19/07/2010
2010060214;1;2;1;1;6;750;20/07/2010
2010060215;1;2;1;1;4;750;23/07/2010
2010060216;1;2;1;1;6;750;24/07/2010
2010060217;1;2;1;1;3;750;24/07/2010
2010060218;1;2;2;8;6;750;26/07/2010
2010060219;1;2;2;1;6;750;29/07/2010
2010060220;1;2;3;8;6;750;04/08/2010
2010060221;1;2;2;1;3;750;13/08/2010
2010060222;1;2;3;3;3;750;15/08/2010
2010060223;1;2;5;1;3;750;19/08/2010
2010060224;1;2;1;1;7;750;20/08/2010
2010060225;1;2;2;1;3;750;21/08/2010
2010060226;1;2;1;1;6;750;28/08/2010
2010060227;1;2;3;1;2;750;02/09/2010
2010060228;1;2;5;1;7;750;04/09/2010
2010060229;1;2;3;1;2;750;07/09/2010
2010060230;1;2;1;2;7;750;08/09/2010
2010060231;1;2;5;2;6;750;08/09/2010
2010060232;1;2;1;1;6;750;09/09/2010
2010060233;1;2;2;2;7;750;15/09/2010
2010060234;1;2;2;8;7;750;17/09/2010
2010060235;1;2;2;1;3;750;17/09/2010
2010060236;1;2;2;1;6;750;18/09/2010
2010060237;1;2;3;1;6;750;22/09/2010
2010060238;1;2;3;1;3;750;22/09/2010
2010060239;1;2;5;1;3;750;22/09/2010
2010060240;1;2;3;2;7;750;25/09/2010
2010060241;1;2;1;1;6;750;25/09/2010
2010060242;1;2;3;1;2;750;28/09/2010
2010060243;5;2;3;2;6;750;30/09/2010
2010060244;1;2;3;1;6;750;01/10/2010
2010060245;1;2;2;2;6;750;01/10/2010
2010060246;5;2;3;2;6;750;01/10/2010
2010060247;5;2;4;1;7;750;04/10/2010
2010060248;5;2;1;1;7;750;04/10/2010
2010060249;1;2;5;1;6;750;05/10/2010
2010060250;1;2;2;2;6;750;06/10/2010
2010060251;1;2;5;1;3;750;10/10/2010
2010060252;5;2;1;2;7;750;24/09/2010
2010060253;1;2;2;1;3;750;14/10/2010
2010060254;1;2;2;1;6;750;14/10/2010
2010060255;1;2;1;1;6;750;15/10/2010
2010060256;1;2;5;1;3;750;19/10/2010
2010060257;1;2;3;1;6;750;20/10/2010
2010060258;5;2;1;1;2;750;21/10/2010
2010060259;1;2;1;1;7;750;21/10/2010
2010060260;1;2;2;1;6;750;26/10/2010
2010060261;5;2;1;1;3;750;27/10/2010
2010060262;5;2;2;1;6;750;29/10/2010
2010060263;1;2;2;1;2;750;29/10/2010
2010060264;1;2;1;1;6;750;28/10/2010
2010060265;1;2;3;2;3;750;02/11/2010
2010060266;1;2;2;1;2;750;04/11/2010
2010060267;1;2;3;1;6;750;05/11/2010
2010060268;5;2;2;2;3;750;06/11/2010
2010060269;5;2;2;3;6;750;06/11/2010
2010060270;5;2;4;2;6;750;07/11/2010
2010060271;1;2;2;2;3;750;09/11/2010
2010060272;1;2;1;2;7;750;09/11/2010
2010060273;5;2;5;1;6;750;16/11/2010
2010060274;5;2;2;2;6;750;17/11/2010
2010060275;1;2;5;5;7;750;18/11/2010
2010060276;1;2;2;5;3;750;18/11/2010
2010060277;2;2;2;1;2;750;18/11/2010
2010060278;5;2;5;2;1;750;19/11/2010
2010060279;1;2;7;1;3;750;20/11/2010
2010060280;1;2;3;1;3;750;30/11/2010
2010060281;1;2;1;1;3;750;30/11/2010
2010060282;3;2;5;1;6;750;30/11/2010
2010060283;1;2;2;4;6;750;02/12/2010
2010060284;1;2;5;1;3;750;03/12/2010
2010060285;5;2;1;2;6;750;07/12/2010
2010060286;1;2;2;2;7;750;08/12/2010
2010060287;1;2;2;1;3;750;14/12/2010
2010060288;1;2;1;1;7;750;14/12/2010
2010060289;5;2;2;2;6;750;14/12/2010
2010060290;1;2;5;1;6;750;17/12/2010
2010060291;1;2;2;4;6;750;18/12/2010
2010060292;1;2;1;1;3;750;22/12/2010
2010060293;1;2;5;1;6;750;22/12/2010
2010060294;1;2;1;1;6;750;31/12/2010
2010060295;1;2;2;1;3;750;15/02/2010
2010060296;1;1;1;1;7;750;10/03/2010
2010060297;1;2;5;1;6;750;14/01/2010
2010060298;1;2;2;1;6;750;14/01/2010
2010060299;1;2;1;1;6;750;19/01/2010
2010060300;1;2;3;1;6;750;21/01/2010
2010060301;2;2;2;1;5;750;21/01/2010
2010060302;1;2;3;1;3;750;01/02/2010
2010060303;5;2;5;1;3;750;02/02/2010
2010060304;5;2;2;1;6;750;18/02/2010
2010060305;1;2;5;1;3;750;19/02/2010
2010060306;5;2;5;1;6;750;03/03/2010
2010060307;1;2;2;1;6;750;08/03/2010
2010060308;1;2;5;1;6;750;11/03/2010
2010060309;1;2;5;1;3;750;11/03/2010
2010060310;1;2;2;1;6;750;18/03/2010
2010060311;5;2;2;1;6;750;19/03/2010
2010060312;1;2;2;1;6;750;29/03/2010
2010060313;1;2;1;1;7;750;06/04/2010
2010060314;1;2;1;1;6;750;08/04/2010
2010060315;1;2;2;1;6;750;11/04/2010
2010060316;1;2;2;1;6;750;15/04/2010
2010060317;5;2;2;1;6;750;23/04/2010
2010060318;5;2;2;1;6;750;26/04/2010
2010060319;1;2;5;1;6;750;27/04/2010
2010060320;3;2;1;1;6;750;01/05/2010
2010060321;1;2;2;1;6;750;04/05/2010
2010060322;1;2;5;1;3;750;06/05/2010
2010060323;5;2;2;1;6;750;06/05/2010
2010060324;1;2;1;1;6;750;07/05/2010
2010060325;1;2;3;1;6;750;07/05/2010
2010060326;1;2;1;1;6;750;08/05/2010
2010060327;1;2;2;2;3;750;14/05/2010
2010060328;1;2;1;1;6;750;19/05/2010
2010060329;1;2;1;1;6;750;25/05/2010
2010060330;1;2;2;8;6;750;26/05/2010
2010060331;1;2;3;1;3;750;26/05/2010
2010060332;1;2;1;1;6;750;28/05/2010
2010060333;5;2;1;1;7;750;30/05/2010
2010060334;1;2;2;1;6;750;31/05/2010
2010060335;1;2;2;2;3;750;01/06/2010
2010060336;2;2;2;1;6;750;05/06/2010
2010060337;1;2;2;8;7;750;09/06/2010
2010060338;1;2;2;1;6;750;10/06/2010
2010060339;5;2;3;1;1;750;12/06/2010
2010060340;1;2;1;1;3;750;12/06/2010
2010060341;1;2;1;1;3;750;15/06/2010
2010060342;1;2;2;1;6;750;18/06/2010
2010060343;1;2;2;1;3;750;19/06/2010
2010060344;1;2;1;1;6;750;20/06/2010
2010060345;1;2;2;1;5;750;21/06/2010
2010060346;2;2;2;1;6;750;22/06/2010
2010060347;1;2;1;1;2;750;22/06/2010
2010060348;1;2;3;1;3;750;25/06/2010
2010060349;1;2;1;1;6;750;30/06/2010
2010060350;1;2;1;1;6;750;08/07/2010
2010060351;2;2;1;2;6;750;09/07/2010
2010060352;1;2;2;1;2;750;10/07/2010
2010060353;1;2;2;1;6;750;11/07/2010
2010060354;1;2;5;1;3;750;15/07/2010
2010060355;5;2;2;1;3;750;20/07/2010
2010060356;1;2;2;1;6;750;26/07/2010
2010060357;5;2;2;1;6;750;28/07/2010
2010060358;1;2;2;1;6;750;29/07/2010
2010060359;1;2;1;1;6;750;12/08/2010
2010060360;1;2;5;8;2;750;13/08/2010
2010060361;4;2;5;1;3;750;14/08/2010
2010060362;1;2;1;2;2;750;16/08/2010
2010060363;5;2;5;1;3;750;22/08/2010
2010060364;1;2;2;1;6;750;22/08/2010
2010060365;1;2;2;2;3;750;23/08/2010
2010060366;1;2;5;2;3;750;25/08/2010
2010060367;1;2;2;1;3;750;31/08/2010
2010060368;2;2;2;1;3;750;31/08/2010
2010060369;1;2;3;1;2;750;01/09/2010
2010060370;1;2;2;1;3;750;02/09/2010
2010060371;1;2;2;1;2;750;02/09/2010
2010060372;1;2;1;1;3;750;06/09/2010
2010060373;1;2;1;1;3;750;07/09/2010
2010060374;1;2;2;1;6;750;10/09/2010
2010060375;1;2;2;1;6;750;12/09/2010
2010060376;1;2;1;1;3;750;16/09/2010
2010060377;1;2;1;1;7;750;17/09/2010
2010060378;1;2;2;8;3;750;24/09/2010
2010060379;5;2;1;8;3;750;25/09/2010
2010060380;1;2;1;1;2;750;29/09/2010
2010060381;5;2;3;1;3;750;02/10/2010
2010060382;1;2;2;1;6;750;08/10/2010
2010060383;5;2;5;1;3;750;09/10/2010
2010060384;1;2;1;1;6;750;11/10/2010
2010060385;1;2;5;1;6;750;15/10/2010
2010060386;1;2;2;1;6;750;15/10/2010
2010060387;5;2;1;1;7;750;15/10/2010
2010060388;5;2;2;2;2;750;16/10/2010
2010060389;1;2;5;1;3;750;20/10/2010
2010060390;2;2;7;1;3;750;20/10/2010
2010060391;1;2;1;1;6;750;22/10/2010
2010060392;1;2;5;1;7;750;28/10/2010
2010060393;1;2;2;1;3;750;28/10/2010
2010060394;5;2;2;1;6;750;05/11/2010
2010060395;1;2;5;2;3;750;06/11/2010
2010060396;1;2;1;1;3;750;08/11/2010
2010060397;1;2;2;2;2;750;09/11/2010
2010060398;1;2;2;2;3;750;09/11/2010
2010060399;1;2;2;2;6;750;12/11/2010
2010060400;5;2;1;1;2;750;18/11/2010
2010060401;5;2;5;1;2;750;24/11/2010
2010060402;1;2;1;4;2;750;01/12/2010
2010060403;1;2;2;9;7;750;02/12/2010
2010060404;1;2;2;8;3;750;18/12/2010
2010060405;5;2;2;1;6;750;22/12/2010
2010060406;1;2;2;8;6;750;03/05/2010
2010060407;1;2;5;1;3;750;03/01/2010
2010060408;1;2;1;8;3;750;10/01/2010
2010060409;1;2;1;1;6;750;12/01/2010
2010060410;2;2;3;1;3;750;14/01/2010
2010060411;1;2;1;1;3;750;17/01/2010
2010060412;5;2;3;1;7;750;20/01/2010
2010060413;5;2;5;2;6;750;24/01/2010
2010060414;1;2;2;1;3;750;26/01/2010
2010060415;5;2;1;2;3;750;29/01/2010
2010060416;5;2;5;1;3;750;30/01/2010
2010060417;5;2;2;1;2;750;30/01/2010
2010060418;5;2;3;1;2;750;07/02/2010
2010060419;1;2;4;1;6;750;09/02/2010
2010060420;5;2;1;8;6;750;09/02/2010
2010060421;5;2;1;1;7;750;09/02/2010
2010060422;1;2;2;1;7;750;12/02/2010
2010060423;5;2;1;1;3;750;16/02/2010
2010060424;5;2;2;1;2;750;21/02/2010
2010060425;1;2;5;1;6;750;02/03/2010
2010060426;1;2;2;1;3;750;02/03/2010
2010060427;5;2;3;1;3;750;03/03/2010
2010060428;2;2;2;1;2;750;04/03/2010
2010060429;1;2;3;1;3;750;06/03/2010
2010060430;1;2;5;1;3;750;07/03/2010
2010060431;1;2;2;1;6;750;19/03/2010
2010060432;1;2;2;1;6;750;19/03/2010
2010060433;5;2;5;2;3;750;20/03/2010
2010060434;1;2;2;1;3;750;23/03/2010
2010060435;1;2;5;1;2;750;23/03/2010
2010060436;1;2;2;1;3;750;29/03/2010
2010060437;1;2;2;1;3;750;06/04/2010
2010060438;1;2;1;8;6;750;07/04/2010
2010060439;1;2;1;1;3;750;07/04/2010
2010060440;1;2;1;2;6;750;08/04/2010
2010060441;1;2;5;1;6;750;08/04/2010
2010060442;1;2;3;1;6;750;12/04/2010
2010060443;1;2;3;1;2;750;15/04/2010
2010060444;5;2;2;2;6;750;15/04/2010
2010060445;5;2;3;1;3;750;25/04/2010
2010060446;1;2;1;1;7;750;25/04/2010
2010060447;1;2;5;1;3;750;26/04/2010
2010060448;5;2;1;1;6;750;30/04/2010
2010060449;5;2;2;1;2;750;15/05/2010
2010060450;1;2;1;1;3;750;16/05/2010
2010060451;1;2;1;1;2;750;19/05/2010
2010060452;1;2;2;1;7;750;22/05/2010
2010060453;1;2;1;1;2;750;25/05/2010
2010060454;1;2;1;2;3;750;27/05/2010
2010060455;1;2;2;1;6;750;29/05/2010
2010060456;1;2;4;1;7;750;03/06/2010
2010060457;1;2;5;1;6;750;04/06/2010
2010060458;1;2;2;1;1;750;04/06/2010
2010060459;5;2;2;1;3;750;05/06/2010
2010060460;1;2;5;1;6;750;05/06/2010
2010060461;1;2;1;1;6;750;07/06/2010
2010060462;1;2;2;1;3;750;21/06/2010
2010060463;5;2;1;9;7;750;22/06/2010
2010060464;1;2;2;1;6;750;24/06/2010
2010060465;5;2;2;1;3;750;26/06/2010
2010060466;5;2;2;1;6;750;28/06/2010
2010060467;1;2;1;1;6;750;29/06/2010
2010060468;5;2;2;1;3;750;30/06/2010
2010060469;1;2;1;1;7;750;30/06/2010
2010060470;1;2;2;1;6;750;05/07/2010
2010060471;1;2;5;1;7;750;06/07/2010
2010060472;1;2;1;1;2;750;06/07/2010
2010060473;1;2;4;1;6;750;08/07/2010
2010060474;1;2;2;1;3;750;19/07/2010
2010060475;1;2;4;1;6;750;06/08/2010
2010060476;2;2;3;1;7;750;07/08/2010
2010060477;5;2;2;2;6;750;10/08/2010
2010060478;1;2;2;1;3;750;14/08/2010
2010060479;1;2;2;2;3;750;16/08/2010
2010060480;1;2;3;1;3;750;24/08/2010
2010060481;1;2;5;1;3;750;26/08/2010
2010060482;1;2;2;8;6;750;27/08/2010
2010060483;1;2;2;1;3;750;02/09/2010
2010060484;1;2;2;1;3;750;06/09/2010
2010060485;5;2;2;1;3;750;18/09/2010
2010060486;5;2;2;1;3;750;26/09/2010
2010060487;5;2;7;2;6;750;02/10/2010
2010060488;5;2;2;1;7;750;02/10/2010
2010060489;1;2;5;2;2;750;04/10/2010
2010060490;5;2;5;2;6;750;05/10/2010
2010060491;1;2;2;8;6;750;06/10/2010
2010060492;1;2;5;1;2;750;12/10/2010
2010060493;2;2;5;1;3;750;13/10/2010
2010060494;1;2;2;1;2;750;14/10/2010
2010060495;5;2;5;1;7;750;19/10/2010
2010060496;5;2;1;1;4;750;20/10/2010
2010060497;1;2;1;1;3;750;21/10/2010
2010060498;1;2;5;1;3;750;03/11/2010
2010060499;1;2;1;1;3;750;03/11/2010
2010060500;1;2;5;2;2;750;06/11/2010
2010060501;5;2;4;3;2;750;06/11/2010
2010060502;5;2;2;2;2;750;07/11/2010
2010060503;5;2;2;2;3;750;09/11/2010
2010060504;1;2;4;1;3;750;10/11/2010
2010060505;1;2;5;3;3;750;13/11/2010
2010060506;1;2;3;1;3;750;15/11/2010
2010060507;5;2;3;2;7;750;19/11/2010
2010060508;1;2;4;8;6;750;23/11/2010
2010060509;2;2;1;8;7;750;01/12/2010
2010060510;5;2;5;2;3;750;04/12/2010
2010060511;5;2;2;2;5;750;08/12/2010
2010060512;5;2;2;1;2;750;11/12/2010
2010060513;5;2;2;4;3;750;18/12/2010
2010060514;1;2;1;4;2;750;19/12/2010
2010060515;1;2;2;4;7;750;20/12/2010
2010060516;1;2;2;1;6;750;28/09/2010
2010060517;5;2;1;1;6;750;01/01/2010
2010060518;3;2;1;1;6;750;04/01/2010
2010060519;5;2;3;1;3;750;04/01/2010
2010060520;5;2;2;1;6;750;04/01/2010
2010060521;1;2;5;1;3;750;05/01/2010
2010060522;5;2;2;1;6;750;25/09/2010
2010060523;3;2;2;1;2;750;17/01/2010
2010060524;5;2;2;1;6;750;17/01/2010
2010060525;1;2;2;1;6;750;07/10/2010
2010060526;5;2;1;1;3;750;21/01/2010
2010060527;1;2;1;1;3;750;28/01/2010
2010060528;1;2;3;3;6;750;29/01/2010
2010060529;1;2;1;1;4;750;31/01/2010
2010060530;5;2;1;1;6;750;01/02/2010
2010060531;1;2;2;8;2;750;02/02/2010
2010060532;1;2;1;2;6;750;03/02/2010
2010060533;5;2;1;3;7;750;06/02/2010
2010060534;5;2;1;1;2;750;07/02/2010
2010060535;5;2;2;1;6;750;09/02/2010
2010060536;1;2;1;1;6;750;12/02/2010
2010060537;5;2;3;1;2;750;13/02/2010
2010060538;1;2;1;1;2;750;16/02/2010
2010060539;1;2;1;1;6;750;19/02/2010
2010060540;5;2;3;1;6;750;20/02/2010
2010060541;1;2;2;8;7;750;21/02/2010
2010060542;1;2;1;8;2;750;22/02/2010
2010060543;1;2;2;2;3;750;25/02/2010
2010060544;1;2;1;2;7;750;25/02/2010
2010060545;1;2;2;1;3;750;26/02/2010
2010060546;5;2;5;1;3;750;04/03/2010
2010060547;5;2;5;1;6;750;06/03/2010
2010060548;5;2;2;1;6;750;06/03/2010
2010060549;1;2;1;1;6;750;05/11/2010
2010060550;5;2;2;1;6;750;08/03/2010
2010060551;1;2;5;1;6;750;18/03/2010
2010060552;1;2;2;8;3;750;20/03/2010
2010060553;1;2;2;1;6;750;22/03/2010
2010060554;1;2;3;1;6;750;26/03/2010
2010060555;1;2;2;1;3;750;29/03/2010
2010060556;1;2;1;1;2;750;29/03/2010
2010060557;1;2;5;1;3;750;02/04/2010
2010060558;1;2;5;1;3;750;08/04/2010
2010060559;2;2;2;1;3;750;10/04/2010
2010060560;2;2;5;1;7;750;11/04/2010
2010060561;1;2;1;1;2;750;11/04/2010
2010060562;1;2;1;1;6;750;12/04/2010
2010060563;5;2;1;2;6;750;13/04/2010
2010060564;1;2;1;1;6;750;14/04/2010
2010060565;1;2;2;1;3;750;17/04/2010
2010060566;1;1;3;1;7;750;22/04/2010
2010060567;1;2;5;1;3;750;22/04/2010
2010060568;3;2;2;1;3;750;24/04/2010
2010060569;2;2;2;1;6;750;27/04/2010
2010060570;1;2;3;1;3;750;30/04/2010
2010060571;1;2;4;1;6;750;04/05/2010
2010060572;5;2;3;1;2;750;07/05/2010
2010060573;1;2;2;2;7;750;11/05/2010
2010060574;5;2;5;1;3;750;15/05/2010
2010060575;1;2;2;1;6;750;19/05/2010
2010060576;1;2;3;1;7;750;20/05/2010
2010060577;1;2;1;1;6;750;21/05/2010
2010060578;1;2;1;8;2;750;26/05/2010
2010060579;5;2;2;1;3;750;27/05/2010
2010060580;5;2;1;1;7;750;29/05/2010
2010060581;1;2;3;1;7;750;30/05/2010
2010060582;5;2;5;1;6;750;31/05/2010
2010060583;1;2;2;2;3;750;01/06/2010
2010060584;1;2;2;1;6;750;07/06/2010
2010060585;1;2;1;1;3;750;07/06/2010
2010060586;1;2;2;2;7;750;09/06/2010
2010060587;1;2;2;2;6;750;09/06/2010
2010060588;1;2;1;2;3;750;09/06/2010
2010060589;5;2;2;1;6;750;22/06/2010
2010060590;1;2;3;1;3;750;22/06/2010
2010060591;1;2;7;1;7;750;25/06/2010
2010060592;1;2;1;1;3;750;26/06/2010
2010060593;1;2;1;1;3;750;28/06/2010
2010060594;1;2;2;1;7;750;28/06/2010
2010060595;1;2;2;1;2;750;28/06/2010
2010060596;1;2;1;1;6;750;29/06/2010
2010060597;1;2;3;1;6;750;01/07/2010
2010060598;1;2;1;8;3;750;02/07/2010
2010060599;1;2;5;1;3;750;05/07/2010
2010060600;1;2;5;1;3;750;07/07/2010
2010060601;1;2;5;1;3;750;12/07/2010
2010060602;5;2;3;1;6;750;14/07/2010
2010060603;1;2;3;1;7;750;15/07/2010
2010060604;1;2;3;1;6;750;16/07/2010
2010060605;1;2;2;1;3;750;16/07/2010
2010060606;1;2;1;1;7;750;17/07/2010
2010060607;1;2;1;1;2;750;18/07/2010
2010060608;5;2;5;1;6;750;21/07/2010
2010060609;1;2;3;1;7;750;23/07/2010
2010060610;5;2;5;1;3;750;24/07/2010
2010060611;1;2;2;1;3;750;25/07/2010
2010060612;1;2;3;1;4;750;28/07/2010
2010060613;5;2;1;1;7;750;06/08/2010
2010060614;1;2;2;2;7;750;07/08/2010
2010060615;1;2;3;1;3;750;10/08/2010
2010060616;1;2;2;1;2;750;10/08/2010
2010060617;1;2;2;8;7;750;13/08/2010
2010060618;1;2;3;8;3;750;13/08/2010
2010060619;1;2;3;1;3;750;18/08/2010
2010060620;1;2;2;1;6;750;20/08/2010
2010060621;1;2;1;1;2;750;25/08/2010
2010060622;1;2;3;1;6;750;26/08/2010
2010060623;1;2;1;1;2;750;26/08/2010
2010060624;1;2;1;8;3;750;27/08/2010
2010060625;5;2;5;8;3;750;27/08/2010
2010060626;1;2;3;1;3;750;31/08/2010
2010060627;1;2;2;1;3;750;03/09/2010
2010060628;1;2;2;1;2;750;10/09/2010
2010060629;1;2;5;1;6;750;16/09/2010
2010060630;1;2;5;1;2;750;20/09/2010
2010060631;1;2;2;1;3;750;20/09/2010
2010060632;5;2;1;1;6;750;22/09/2010
2010060633;1;2;1;1;7;750;22/09/2010
2010060634;1;2;2;1;6;750;22/09/2010
2010060635;5;2;2;3;3;750;24/09/2010
2010060636;5;2;1;2;3;750;02/10/2010
2010060637;1;2;2;2;6;750;04/10/2010
2010060638;1;2;2;1;3;750;04/10/2010
2010060639;1;2;2;1;3;750;06/10/2010
2010060640;5;2;4;2;6;750;06/10/2010
2010060641;1;2;1;1;4;750;07/10/2010
2010060642;1;2;3;1;2;750;08/10/2010
2010060643;5;2;2;1;3;750;11/10/2010
2010060644;1;2;1;1;2;750;12/10/2010
2010060645;1;2;2;1;3;750;12/10/2010
2010060646;1;2;5;8;7;750;13/10/2010
2010060647;1;2;5;1;3;750;12/10/2010
2010060648;5;2;3;1;7;750;15/10/2010
2010060649;1;2;3;2;6;750;16/10/2010
2010060650;1;2;1;1;2;750;12/10/2010
2010060651;1;2;1;1;6;750;21/10/2010
2010060652;1;2;1;1;2;750;21/10/2010
2010060653;5;2;3;1;7;750;22/10/2010
2010060654;1;2;3;1;6;750;23/10/2010
2010060655;1;2;3;1;7;750;25/10/2010
2010060656;5;2;3;1;6;750;29/10/2010
2010060657;5;2;3;2;6;750;30/10/2010
2010060658;1;2;2;1;3;750;30/10/2010
2010060659;5;2;2;1;2;750;02/11/2010
2010060660;5;2;5;1;3;750;02/11/2010
2010060661;2;2;7;2;6;750;07/11/2010
2010060662;1;2;3;2;6;750;11/11/2010
2010060663;1;2;2;1;3;750;18/11/2010
2010060664;5;2;2;1;6;750;19/11/2010
2010060665;2;2;1;2;6;750;21/11/2010
2010060666;1;2;1;1;2;750;26/11/2010
2010060667;1;2;1;2;2;750;06/12/2010
2010060668;1;2;5;8;7;750;06/12/2010
2010060669;5;2;2;1;6;750;06/12/2010
2010060670;5;2;5;1;6;750;14/12/2010
2010060671;5;2;1;4;7;750;17/12/2010
2010060672;5;2;5;9;3;750;19/12/2010
2010060673;5;2;1;3;7;750;22/12/2010
2010060674;1;2;5;1;3;750;30/12/2010
2010060675;5;2;2;1;3;750;15/01/2010
2010060676;2;2;2;1;6;750;10/09/2010
2010060677;2;2;1;1;6;750;05/03/2010
2010060678;1;2;1;8;2;750;05/05/2010
2010060679;2;2;2;1;3;750;10/05/2010
2010060680;5;2;1;1;6;750;02/01/2010
2010060681;1;2;5;1;3;750;08/01/2010
2010060682;1;2;2;8;7;750;10/01/2010
2010060683;5;2;1;1;6;750;17/01/2010
2010060684;5;2;1;1;7;750;17/01/2010
2010060685;5;2;2;1;3;750;22/01/2010
2010060686;1;2;4;1;1;750;22/01/2010
2010060687;1;2;5;1;3;750;25/01/2010
2010060688;1;2;2;1;6;750;26/01/2010
2010060689;1;2;1;4;6;750;01/02/2010
2010060690;1;2;2;2;6;750;03/02/2010
2010060691;1;2;2;1;6;750;04/02/2010
2010060692;1;2;3;1;6;750;05/02/2010
2010060693;5;2;1;1;2;750;19/02/2010
2010060694;5;2;5;1;3;750;20/02/2010
2010060695;5;2;1;1;6;750;21/02/2010
2010060696;1;2;5;2;6;750;23/02/2010
2010060697;5;2;5;1;2;750;23/02/2010
2010060698;5;2;2;1;2;750;25/02/2010
2010060699;1;2;1;8;3;750;27/02/2010
2010060700;1;2;2;1;3;750;02/03/2010
2010060701;1;2;2;1;2;750;05/03/2010
2010060702;1;2;1;1;2;750;08/03/2010
2010060703;1;2;1;1;6;750;09/03/2010
2010060704;1;2;2;1;6;750;10/03/2010
2010060705;1;2;5;1;3;750;13/03/2010
2010060706;5;2;2;1;6;750;14/03/2010
2010060707;5;2;1;1;6;750;14/03/2010
2010060708;5;2;4;1;3;750;19/03/2010
2010060709;1;2;5;1;2;750;19/03/2010
2010060710;1;2;3;1;6;750;22/03/2010
2010060711;2;2;3;1;6;750;22/03/2010
2010060712;1;2;2;1;3;750;24/03/2010
2010060713;1;2;2;1;7;750;26/03/2010
2010060714;1;2;5;7;2;750;30/03/2010
2010060715;1;2;2;1;6;750;31/03/2010
2010060716;1;2;5;1;3;750;04/04/2010
2010060717;1;2;3;1;6;750;09/04/2010
2010060718;5;2;1;1;6;750;10/04/2010
2010060719;1;2;1;1;6;750;12/04/2010
2010060720;1;2;2;1;4;750;14/04/2010
2010060721;1;2;2;1;3;750;20/04/2010