num_acc;lum;agg;inter;atm;col;dep;date
2010060722;1;2;5;1;7;750;21/04/2010
2010060723;5;2;1;1;7;750;23/04/2010
2010060724;5;2;5;1;6;750;25/04/2010
2010060725;1;2;1;1;4;750;26/04/2010
2010060726;1;2;5;1;3;750;06/05/2010
2010060727;5;2;5;1;6;750;06/05/2010
2010060728;1;2;4;3;6;750;08/05/2010
2010060729;1;2;2;1;3;750;13/05/2010
2010060730;5;2;1;1;2;750;15/05/2010
2010060731;1;2;1;1;6;750;16/05/2010
2010060732;1;2;1;1;2;750;18/05/2010
2010060733;1;2;1;1;6;750;25/05/2010
2010060734;1;2;1;1;6;750;26/05/2010
2010060735;1;2;2;2;3;750;27/05/2010
2010060736;1;2;1;1;6;750;29/05/2010
2010060737;1;2;4;1;6;750;30/05/2010
2010060738;1;2;1;8;3;750;01/06/2010
2010060739;1;2;5;1;2;750;02/06/2010
2010060740;1;2;3;1;6;750;07/06/2010
2010060741;1;2;2;1;6;750;07/06/2010
2010060742;1;2;3;2;3;750;09/06/2010
2010060743;1;2;1;2;3;750;09/06/2010
2010060744;1;2;2;8;6;750;10/06/2010
2010060745;1;2;2;8;6;750;10/06/2010
2010060746;1;2;2;1;3;750;11/06/2010
2010060747;5;2;2;3;6;750;12/06/2010
2010060748;1;2;2;1;3;750;15/06/2010
2010060749;5;2;2;1;3;750;17/06/2010
2010060750;5;2;2;1;3;750;22/06/2010
2010060751;1;2;4;1;3;750;24/06/2010
2010060752;1;2;1;1;6;750;25/06/2010
2010060753;5;2;2;1;6;750;26/06/2010
2010060754;1;2;1;1;2;750;26/06/2010
2010060755;1;2;5;1;6;750;29/06/2010
2010060756;1;2;3;1;6;750;29/06/2010
2010060757;2;2;1;1;6;750;30/06/2010
2010060758;5;2;1;1;7;750;01/07/2010
2010060759;1;2;1;1;6;750;03/07/2010
2010060760;1;2;1;8;1;750;03/07/2010
2010060761;1;2;5;1;3;750;06/07/2010
2010060762;5;2;1;1;3;750;09/07/2010
2010060763;1;2;2;1;3;750;11/07/2010
2010060764;5;2;5;1;6;750;14/07/2010
2010060765;1;2;5;3;7;750;14/07/2010
2010060766;1;2;5;1;2;750;19/07/2010
2010060767;1;2;2;1;3;750;26/07/2010
2010060768;1;2;2;1;1;750;26/07/2010
2010060769;1;2;1;8;3;750;01/08/2010
2010060770;1;2;5;9;2;750;03/08/2010
2010060771;2;2;5;1;3;750;06/08/2010
2010060772;1;2;5;1;2;750;10/08/2010
2010060773;1;2;2;1;6;750;10/08/2010
2010060774;1;2;2;1;6;750;19/08/2010
2010060775;5;2;3;1;3;750;21/08/2010
2010060776;1;2;1;1;6;750;21/08/2010
2010060777;1;2;1;1;6;750;30/08/2010
2010060778;1;2;1;1;2;750;01/09/2010
2010060779;1;2;2;1;3;750;02/09/2010
2010060780;1;2;2;1;3;750;02/09/2010
2010060781;1;2;3;1;6;750;04/09/2010
2010060782;1;2;2;1;6;750;06/09/2010
2010060783;1;2;2;1;6;750;07/09/2010
2010060784;1;2;2;1;3;750;09/09/2010
2010060785;1;2;2;1;3;750;10/09/2010
2010060786;2;2;2;2;7;750;08/09/2010
2010060787;1;2;3;1;3;750;11/09/2010
2010060788;1;2;5;1;2;750;11/09/2010
2010060789;1;2;2;1;6;750;10/09/2010
2010060790;1;2;2;1;6;750;10/09/2010
2010060791;1;2;1;2;2;750;15/09/2010
2010060792;1;2;5;1;3;750;15/09/2010
2010060793;1;2;3;1;6;750;17/09/2010
2010060794;5;2;1;1;3;750;17/09/2010
2010060795;5;2;2;1;1;750;19/09/2010
2010060796;5;2;5;1;3;750;21/09/2010
2010060797;1;2;1;1;3;750;23/09/2010
2010060798;1;2;1;1;6;750;24/09/2010
2010060799;1;2;2;8;6;750;24/09/2010
2010060800;1;2;2;1;6;750;25/09/2010
2010060801;1;2;2;1;3;750;28/09/2010
2010060802;5;2;2;3;6;750;01/10/2010
2010060803;1;2;1;1;3;750;06/10/2010
2010060804;1;2;3;2;3;750;06/10/2010
2010060805;1;2;2;1;3;750;08/10/2010
2010060806;5;2;1;1;2;750;09/10/2010
2010060807;1;2;1;1;3;750;12/10/2010
2010060808;1;2;2;1;3;750;13/10/2010
2010060809;3;2;1;1;3;750;13/10/2010
2010060810;1;2;2;1;6;750;18/10/2010
2010060811;1;2;3;1;6;750;18/10/2010
2010060812;1;2;7;1;6;750;18/10/2010
2010060813;5;2;1;1;1;750;20/10/2010
2010060814;5;2;3;1;6;750;21/10/2010
2010060815;5;2;2;1;7;750;22/10/2010
2010060816;5;2;2;1;6;750;22/10/2010
2010060817;5;2;1;1;3;750;22/10/2010
2010060818;5;2;5;1;6;750;24/10/2010
2010060819;5;2;2;2;6;750;27/10/2010
2010060820;5;2;5;1;3;750;28/10/2010
2010060821;1;2;1;1;6;750;04/11/2010
2010060822;1;2;1;2;6;750;06/11/2010
2010060823;5;2;1;2;6;750;07/11/2010
2010060824;1;2;7;8;7;750;07/11/2010
2010060825;1;2;5;8;3;750;08/11/2010
2010060826;5;2;1;2;7;750;08/11/2010
2010060827;3;2;5;2;6;750;10/11/2010
2010060828;5;2;3;1;6;750;10/11/2010
2010060829;1;2;1;8;3;750;12/11/2010
2010060830;1;2;5;2;7;750;13/11/2010
2010060831;5;2;5;2;6;750;13/11/2010
2010060832;5;2;5;2;6;750;15/11/2010
2010060833;5;2;2;2;6;750;18/11/2010
2010060834;1;2;2;1;6;750;19/11/2010
2010060835;1;2;1;1;6;750;20/11/2010
2010060836;1;2;1;1;3;750;24/11/2010
2010060837;5;2;3;1;3;750;24/11/2010
2010060838;1;2;2;2;6;750;26/11/2010
2010060839;1;2;5;1;2;750;30/11/2010
2010060840;1;2;5;1;3;750;30/11/2010
2010060841;5;2;1;1;6;750;02/12/2010
2010060842;5;2;2;1;2;750;03/12/2010
2010060843;5;2;1;4;2;750;06/12/2010
2010060844;5;2;3;2;6;750;08/12/2010
2010060845;1;2;1;9;7;750;14/12/2010
2010060846;1;2;2;1;2;750;16/12/2010
2010060847;1;2;5;1;6;750;17/12/2010
2010060848;5;2;5;4;3;750;17/12/2010
2010060849;5;2;5;1;3;750;28/12/2010
2010060850;2;2;1;1;2;750;30/12/2010
2010060851;5;2;1;1;6;750;02/01/2010
2010060852;1;2;5;1;6;750;03/01/2010
2010060853;1;2;2;4;6;750;07/01/2010
2010060854;1;2;5;1;3;750;08/01/2010
2010060855;1;2;3;1;7;750;14/01/2010
2010060856;1;2;5;2;3;750;18/01/2010
2010060857;2;2;3;1;6;750;18/01/2010
2010060858;5;2;3;1;3;750;19/01/2010
2010060859;1;2;1;1;6;750;19/01/2010
2010060860;1;2;2;2;6;750;21/01/2010
2010060861;2;2;3;1;2;750;22/01/2010
2010060862;5;2;1;1;3;750;26/01/2010
2010060863;1;2;5;1;3;750;28/01/2010
2010060864;1;2;3;2;3;750;29/01/2010
2010060865;1;2;1;2;6;750;29/01/2010
2010060866;5;2;5;2;3;750;03/02/2010
2010060867;1;2;2;1;6;750;03/02/2010
2010060868;1;2;2;1;6;750;04/02/2010
2010060869;5;2;2;1;6;750;04/02/2010
2010060870;1;2;2;1;3;750;07/02/2010
2010060871;1;2;4;1;3;750;07/02/2010
2010060872;5;2;5;1;6;750;10/02/2010
2010060873;1;2;1;2;6;750;18/02/2010
2010060874;1;2;1;1;3;750;21/02/2010
2010060875;5;2;3;2;7;750;24/02/2010
2010060876;1;2;5;2;3;750;27/02/2010
2010060877;5;2;2;1;6;750;09/03/2010
2010060878;4;2;1;1;6;750;09/03/2010
2010060879;1;2;1;1;4;750;12/03/2010
2010060880;1;2;1;1;3;750;15/03/2010
2010060881;5;2;1;2;3;750;19/03/2010
2010060882;5;2;4;2;6;750;19/03/2010
2010060883;5;2;2;1;3;750;20/03/2010
2010060884;5;2;1;3;6;750;19/03/2010
2010060885;5;2;5;2;7;750;20/03/2010
2010060886;1;2;1;1;7;750;22/03/2010
2010060887;1;2;5;1;3;750;23/03/2010
2010060888;1;2;5;1;3;750;23/03/2010
2010060889;5;2;5;1;1;750;24/03/2010
2010060890;1;2;2;1;3;750;26/03/2010
2010060891;1;2;5;1;3;750;30/03/2010
2010060892;1;2;5;1;5;750;30/03/2010
2010060893;5;2;3;9;6;750;30/03/2010
2010060894;1;2;1;1;6;750;31/03/2010
2010060895;2;2;1;1;6;750;31/03/2010
2010060896;1;2;3;8;7;750;02/04/2010
2010060897;1;2;5;1;3;750;05/04/2010
2010060898;1;2;1;1;7;750;12/04/2010
2010060899;1;2;3;1;6;750;13/04/2010
2010060900;1;2;1;1;6;750;13/04/2010
2010060901;2;2;1;2;6;750;15/04/2010
2010060902;1;2;1;1;3;750;16/04/2010
2010060903;2;2;5;1;6;750;16/04/2010
2010060904;5;2;5;1;3;750;17/04/2010
2010060905;1;2;3;1;6;750;17/04/2010
2010060906;1;2;3;1;6;750;21/04/2010
2010060907;5;2;1;1;6;750;22/04/2010
2010060908;1;2;3;1;3;750;26/04/2010
2010060909;1;2;1;1;6;750;05/05/2010
2010060910;1;2;2;2;5;750;08/05/2010
2010060911;5;2;5;2;3;750;09/05/2010
2010060912;1;2;2;2;7;750;11/05/2010
2010060913;1;2;2;2;7;750;11/05/2010
2010060914;1;2;1;2;7;750;11/05/2010
2010060915;5;2;1;1;3;750;14/05/2010
2010060916;1;2;2;1;3;750;19/05/2010
2010060917;2;2;2;1;3;750;20/05/2010
2010060918;1;2;5;1;6;750;22/05/2010
2010060919;1;2;3;2;6;750;26/05/2010
2010060920;1;2;1;2;2;750;27/05/2010
2010060921;1;2;2;1;3;750;28/05/2010
2010060922;1;2;1;1;3;750;29/05/2010
2010060923;1;2;1;8;7;750;29/05/2010
2010060924;1;2;1;2;6;750;01/06/2010
2010060925;1;2;3;1;6;750;01/06/2010
2010060926;1;2;4;1;2;750;03/06/2010
2010060927;1;2;1;1;6;750;04/06/2010
2010060928;5;2;1;1;3;750;05/06/2010
2010060929;1;2;2;1;3;750;08/06/2010
2010060930;2;2;5;1;3;750;08/06/2010
2010060931;1;2;2;1;6;750;10/06/2010
2010060932;1;2;2;8;3;750;12/06/2010
2010060933;5;2;2;1;6;750;13/06/2010
2010060934;1;2;1;1;6;750;18/06/2010
2010060935;1;2;1;1;6;750;20/06/2010
2010060936;1;2;2;2;6;750;21/06/2010
2010060937;1;1;2;1;4;750;21/06/2010
2010060938;1;2;1;1;6;750;23/06/2010
2010060939;1;2;1;1;6;750;23/06/2010
2010060940;1;2;1;1;1;750;25/06/2010
2010060941;2;2;2;1;3;750;26/06/2010
2010060942;1;2;2;1;6;750;28/06/2010
2010060943;1;2;1;1;6;750;29/06/2010
2010060944;1;2;1;1;2;750;30/06/2010
2010060945;1;2;1;1;3;750;30/06/2010
2010060946;1;2;1;1;3;750;30/06/2010
2010060947;1;2;1;1;6;750;01/07/2010
2010060948;1;2;4;1;3;750;05/07/2010
2010060949;2;2;2;1;6;750;11/07/2010
2010060950;1;2;2;1;7;750;12/07/2010
2010060951;1;2;2;3;3;750;14/07/2010
2010060952;1;2;3;1;4;750;16/07/2010
2010060953;5;2;3;1;3;750;17/07/2010
2010060954;1;2;2;1;6;750;23/07/2010
2010060955;1;2;5;1;7;750;24/07/2010
2010060956;1;2;1;1;2;750;26/07/2010
2010060957;5;2;2;1;2;750;28/07/2010
2010060958;1;2;5;1;6;750;28/07/2010
2010060959;5;2;1;1;6;750;31/07/2010
2010060960;1;2;2;1;6;750;03/08/2010
2010060961;1;2;2;1;6;750;07/08/2010
2010060962;1;2;5;1;3;750;08/08/2010
2010060963;1;2;5;1;2;750;08/08/2010
2010060964;1;2;3;1;2;750;14/08/2010
2010060965;1;2;5;1;3;750;17/08/2010
2010060966;5;2;5;1;3;750;22/08/2010
2010060967;1;2;5;1;3;750;24/08/2010
2010060968;1;2;5;1;6;750;24/08/2010
2010060969;1;2;1;1;6;750;30/08/2010
2010060970;5;2;3;1;6;750;30/08/2010
2010060971;1;2;1;2;6;750;08/09/2010
2010060972;1;2;3;3;2;750;08/09/2010
2010060973;1;2;1;1;4;750;11/09/2010
2010060974;1;2;1;1;6;750;17/09/2010
2010060975;1;2;1;1;3;750;20/09/2010
2010060976;1;2;1;1;3;750;21/09/2010
2010060977;1;2;2;4;3;750;08/12/2010
2010060978;1;2;1;1;7;750;24/09/2010
2010060979;1;2;2;2;1;750;26/09/2010
2010060980;5;2;7;2;2;750;26/09/2010
2010060981;1;2;5;2;7;750;30/09/2010
2010060982;1;2;2;1;2;750;01/10/2010
2010060983;1;2;2;1;6;750;02/10/2010
2010060984;1;2;3;2;6;750;04/10/2010
2010060985;1;2;2;2;6;750;05/10/2010
2010060986;1;2;4;2;7;750;05/10/2010
2010060987;5;2;2;2;6;750;05/10/2010
2010060988;5;2;1;1;6;750;08/10/2010
2010060989;1;2;5;1;6;750;10/10/2010
2010060990;1;2;1;1;6;750;11/10/2010
2010060991;1;2;1;1;6;750;11/10/2010
2010060992;1;2;5;1;6;750;11/10/2010
2010060993;1;2;2;1;3;750;12/10/2010
2010060994;5;2;4;1;6;750;13/10/2010
2010060995;1;2;1;1;6;750;14/10/2010
2010060996;1;2;2;2;7;750;16/10/2010
2010060997;1;2;3;1;6;750;18/10/2010
2010060998;1;2;1;1;6;750;19/10/2010
2010060999;1;2;3;1;7;750;25/10/2010
2010061000;1;2;5;1;7;750;26/10/2010
2010061001;1;2;1;1;6;750;31/10/2010
2010061002;5;2;1;1;6;750;01/11/2010
2010061003;1;2;1;1;3;750;03/11/2010
2010061004;5;2;1;2;6;750;06/11/2010
2010061005;5;2;2;2;3;750;07/11/2010
2010061006;5;2;4;2;6;750;06/11/2010
2010061007;1;2;1;1;7;750;08/11/2010
2010061008;5;2;4;2;3;750;10/11/2010
2010061009;5;2;5;2;3;750;13/11/2010
2010061010;5;2;1;9;2;750;14/11/2010
2010061011;1;2;1;1;6;750;15/11/2010
2010061012;2;2;1;1;6;750;17/11/2010
2010061013;5;2;1;1;6;750;17/11/2010
2010061014;5;2;1;1;6;750;19/11/2010
2010061015;5;2;3;2;6;750;21/11/2010
2010061016;1;2;1;8;3;750;23/11/2010
2010061017;5;2;7;1;2;750;23/11/2010
2010061018;1;2;3;1;7;750;25/11/2010
2010061019;5;2;2;1;3;750;26/11/2010
2010061020;1;2;3;1;2;750;26/11/2010
2010061021;5;2;1;1;7;750;27/11/2010
2010061022;5;2;5;1;6;750;27/11/2010
2010061023;5;2;5;6;7;750;28/11/2010
2010061024;1;2;5;1;3;750;30/11/2010
2010061025;1;2;2;1;2;750;30/11/2010
2010061026;5;2;1;1;7;750;30/11/2010
2010061027;1;2;2;4;6;750;01/12/2010
2010061028;5;2;4;1;7;750;03/12/2010
2010061029;5;2;5;9;6;750;04/12/2010
2010061030;1;2;5;1;6;750;06/12/2010
2010061031;1;2;3;1;6;750;06/12/2010
2010061032;5;2;5;1;3;750;06/12/2010
2010061033;5;2;3;1;3;750;06/12/2010
2010061034;5;2;4;2;6;750;07/12/2010
2010061035;1;2;1;4;7;750;09/12/2010
2010061036;1;2;1;1;6;750;09/12/2010
2010061037;1;2;1;1;7;750;10/12/2010
2010061038;5;2;5;1;6;750;13/12/2010
2010061039;5;2;1;2;3;750;16/12/2010
2010061040;5;2;5;3;7;750;17/12/2010
2010061041;5;2;5;4;6;750;17/12/2010
2010061042;1;2;2;8;6;750;21/12/2010
2010061043;5;2;2;9;3;750;21/12/2010
2010061044;1;2;5;2;7;750;01/06/2010
2010061045;5;2;2;1;6;750;02/01/2010
2010061046;1;2;3;4;7;750;07/01/2010
2010061047;1;2;1;4;7;750;07/01/2010
2010061048;1;2;1;8;6;750;11/01/2010
2010061049;1;2;1;1;6;750;14/01/2010
2010061050;5;2;5;1;3;750;14/01/2010
2010061051;1;2;1;1;6;750;18/01/2010
2010061052;1;2;2;3;7;750;20/01/2010
2010061053;5;2;5;1;6;750;21/01/2010
2010061054;1;2;3;8;6;750;23/01/2010
2010061055;5;2;5;1;4;750;03/02/2010
2010061056;5;2;3;1;3;750;04/02/2010
2010061057;1;2;1;7;6;750;05/02/2010
2010061058;5;2;2;1;6;750;12/02/2010
2010061059;1;2;3;2;6;750;18/02/2010
2010061060;1;2;3;1;6;750;22/02/2010
2010061061;5;2;1;2;2;750;22/02/2010
2010061062;5;2;1;8;3;750;23/02/2010
2010061063;1;2;2;3;3;750;23/02/2010
2010061064;1;2;2;1;3;750;02/03/2010
2010061065;1;2;1;1;6;750;02/03/2010
2010061066;3;2;2;1;3;750;02/03/2010
2010061067;5;2;5;1;7;750;05/03/2010
2010061068;1;2;3;1;2;750;05/03/2010
2010061069;5;2;3;1;3;750;05/03/2010
2010061070;5;2;2;1;6;750;07/03/2010
2010061071;1;2;2;1;3;750;09/03/2010
2010061072;1;2;1;1;3;750;10/03/2010
2010061073;1;2;5;1;6;750;11/03/2010
2010061074;1;2;1;1;4;750;12/03/2010
2010061075;1;2;5;1;6;750;16/03/2010
2010061076;1;2;3;1;7;750;19/03/2010
2010061077;5;2;2;2;3;750;20/03/2010
2010061078;1;2;1;1;2;750;24/03/2010
2010061079;1;2;3;1;6;750;25/03/2010
2010061080;1;2;1;1;6;750;31/03/2010
2010061081;1;2;3;2;2;750;31/03/2010
2010061082;1;2;5;2;3;750;31/03/2010
2010061083;1;2;2;1;6;750;31/03/2010
2010061084;5;2;1;1;6;750;01/04/2010
2010061085;1;2;5;3;6;750;02/04/2010
2010061086;1;2;5;2;7;750;02/04/2010
2010061087;1;2;5;1;3;750;09/04/2010
2010061088;1;2;1;1;3;750;09/04/2010
2010061089;1;2;2;1;2;750;09/04/2010
2010061090;1;2;1;1;6;750;11/04/2010
2010061091;1;2;1;1;3;750;12/04/2010
2010061092;1;2;3;1;6;750;12/04/2010
2010061093;1;2;2;1;3;750;13/04/2010
2010061094;2;2;5;1;7;750;13/04/2010
2010061095;1;2;1;1;6;750;14/04/2010
2010061096;1;2;2;1;3;750;15/04/2010
2010061097;1;2;2;1;3;750;16/04/2010
2010061098;1;2;5;1;4;750;19/04/2010
2010061099;2;2;1;1;3;750;20/04/2010
2010061100;1;2;2;1;6;750;21/04/2010
2010061101;5;2;1;1;2;750;28/04/2010
2010061102;1;2;5;1;7;750;29/04/2010
2010061103;5;2;1;8;7;750;01/05/2010
2010061104;1;2;1;1;3;750;04/05/2010
2010061105;5;2;4;1;2;750;07/05/2010
2010061106;5;2;2;1;3;750;08/05/2010
2010061107;1;2;2;1;6;750;08/05/2010
2010061108;5;2;2;2;3;750;10/05/2010
2010061109;1;2;1;1;6;750;13/05/2010
2010061110;2;2;2;1;3;750;15/05/2010
2010061111;1;2;2;1;3;750;17/05/2010
2010061112;1;2;3;1;6;750;17/05/2010
2010061113;1;2;3;1;2;750;17/05/2010
2010061114;1;2;1;1;3;750;18/05/2010
2010061115;1;2;7;1;3;750;21/05/2010
2010061116;1;2;1;1;6;750;21/05/2010
2010061117;1;2;2;8;2;750;26/05/2010
2010061118;1;2;1;8;7;750;26/05/2010
2010061119;1;2;2;3;6;750;27/05/2010
2010061120;1;2;5;1;3;750;29/05/2010
2010061121;1;2;1;2;2;750;01/06/2010
2010061122;1;2;5;1;3;750;04/06/2010
2010061123;1;2;1;1;2;750;05/06/2010
2010061124;1;2;2;1;6;750;05/06/2010
2010061125;2;2;2;1;3;750;08/06/2010
2010061126;1;2;1;3;3;750;09/06/2010
2010061127;1;2;1;2;6;750;09/06/2010
2010061128;1;2;2;2;1;750;10/06/2010
2010061129;5;2;2;1;1;750;12/06/2010
2010061130;1;2;3;1;2;750;13/06/2010
2010061131;1;2;1;1;4;750;15/06/2010
2010061132;5;2;1;1;7;750;16/06/2010
2010061133;1;2;2;1;6;750;16/06/2010
2010061134;2;2;1;1;6;750;22/06/2010
2010061135;1;2;2;2;2;750;23/06/2010
2010061136;1;2;1;1;3;750;24/06/2010
2010061137;1;2;2;1;6;750;25/06/2010
2010061138;5;2;1;1;2;750;26/06/2010
2010061139;1;2;2;1;3;750;27/06/2010
2010061140;5;2;1;1;6;750;30/06/2010
2010061141;1;2;2;1;6;750;01/07/2010
2010061142;1;2;1;1;6;750;01/07/2010
2010061143;1;2;2;1;3;750;01/07/2010
2010061144;5;2;1;1;7;750;01/07/2010
2010061145;1;2;1;1;6;750;03/07/2010
2010061146;5;2;1;1;6;750;04/07/2010
2010061147;1;2;1;1;1;750;05/07/2010
2010061148;1;2;3;1;1;750;06/07/2010
2010061149;1;2;3;1;6;750;08/07/2010
2010061150;2;2;1;1;6;750;09/07/2010
2010061151;1;2;3;1;3;750;10/07/2010
2010061152;1;2;3;8;3;750;13/07/2010
2010061153;1;2;5;1;6;750;15/07/2010
2010061154;1;2;1;1;3;750;19/07/2010
2010061155;5;2;3;1;6;750;23/07/2010
2010061156;5;2;3;1;6;750;24/07/2010
2010061157;5;2;1;2;7;750;26/07/2010
2010061158;1;2;1;1;6;750;29/07/2010
2010061159;1;2;2;1;3;750;29/07/2010
2010061160;1;2;2;1;3;750;29/07/2010
2010061161;1;2;5;1;3;750;31/07/2010
2010061162;5;2;3;1;6;750;03/08/2010
2010061163;5;2;2;3;3;750;04/08/2010
2010061164;5;2;3;1;6;750;05/08/2010
2010061165;1;2;3;1;3;750;10/08/2010
2010061166;1;2;1;2;7;750;11/08/2010
2010061167;1;2;1;1;2;750;12/08/2010
2010061168;5;2;3;1;6;750;20/08/2010
2010061169;1;2;5;1;2;750;20/08/2010
2010061170;1;2;1;1;3;750;20/08/2010
2010061171;5;2;1;1;7;750;20/08/2010
2010061172;5;2;3;1;6;750;22/08/2010
2010061173;5;2;3;1;6;750;22/08/2010
2010061174;2;2;2;1;3;750;24/08/2010
2010061175;5;2;3;1;6;750;24/08/2010
2010061176;1;2;5;1;6;750;25/08/2010
2010061177;1;2;5;1;7;750;26/08/2010
2010061178;1;2;2;8;3;750;27/08/2010
2010061179;1;2;1;1;3;750;28/08/2010
2010061180;5;2;3;1;7;750;03/09/2010
2010061181;1;2;3;1;3;750;03/09/2010
2010061182;1;2;2;1;3;750;04/09/2010
2010061183;1;2;3;1;2;750;04/09/2010
2010061184;1;2;5;1;6;750;07/09/2010
2010061185;1;2;1;8;3;750;07/09/2010
2010061186;1;2;3;1;6;750;10/09/2010
2010061187;5;2;5;1;3;750;11/09/2010
2010061188;1;2;1;1;3;750;13/09/2010
2010061189;1;2;1;1;3;750;14/09/2010
2010061190;1;2;2;1;3;750;15/09/2010
2010061191;5;2;1;1;4;750;18/09/2010
2010061192;5;2;2;1;4;750;21/09/2010
2010061193;1;2;2;1;3;750;23/09/2010
2010061194;2;2;2;1;6;750;25/09/2010
2010061195;1;2;5;1;3;750;27/09/2010
2010061196;5;2;1;1;6;750;27/09/2010
2010061197;1;2;1;8;7;750;28/09/2010
2010061198;1;2;2;1;3;750;29/09/2010
2010061199;1;2;2;1;6;750;30/09/2010
2010061200;1;2;2;1;3;750;01/10/2010
2010061201;1;2;1;2;7;750;05/10/2010
2010061202;5;2;1;2;6;750;06/10/2010
2010061203;2;2;1;1;3;750;07/10/2010
2010061204;5;2;2;1;3;750;07/10/2010
2010061205;1;2;1;1;3;750;08/10/2010
2010061206;1;2;2;1;3;750;11/10/2010
2010061207;1;2;5;1;3;750;12/10/2010
2010061208;1;2;2;1;6;750;12/10/2010
2010061209;1;2;2;1;2;750;12/10/2010
2010061210;5;2;1;1;3;750;12/10/2010
2010061211;1;2;1;1;3;750;14/10/2010
2010061212;1;2;5;1;3;750;14/10/2010
2010061213;5;2;3;1;6;750;18/10/2010
2010061214;1;2;3;1;2;750;20/10/2010
2010061215;1;2;3;1;2;750;20/10/2010
2010061216;1;2;2;1;6;750;21/10/2010
2010061217;3;2;3;1;6;750;23/10/2010
2010061218;5;2;2;1;6;750;24/10/2010
2010061219;1;2;2;1;7;750;25/10/2010
2010061220;1;2;4;1;1;750;25/10/2010
2010061221;4;2;3;1;6;750;30/10/2010
2010061222;1;2;2;1;2;750;31/10/2010
2010061223;2;2;1;1;4;750;04/11/2010
2010061224;1;2;2;1;3;750;04/11/2010
2010061225;1;2;5;1;3;750;04/11/2010
2010061226;5;2;2;1;3;750;05/11/2010
2010061227;1;2;3;2;3;750;09/11/2010
2010061228;5;2;2;1;1;750;16/11/2010
2010061229;5;2;2;1;2;750;16/11/2010
2010061230;1;2;2;1;3;750;17/11/2010
2010061231;5;2;1;2;7;750;17/11/2010
2010061232;1;2;5;1;1;750;18/11/2010
2010061233;1;2;2;2;2;750;21/11/2010
2010061234;3;2;5;2;1;750;21/11/2010
2010061235;5;2;1;1;7;750;24/11/2010
2010061236;1;2;2;1;6;750;26/11/2010
2010061237;5;2;3;8;3;750;26/11/2010
2010061238;5;2;1;8;3;750;26/11/2010
2010061239;5;2;2;1;3;750;30/11/2010
2010061240;1;2;3;4;7;750;01/12/2010
2010061241;1;2;2;1;3;750;03/12/2010
2010061242;1;2;2;1;3;750;03/12/2010
2010061243;1;2;1;8;6;750;06/12/2010
2010061244;1;2;2;4;6;750;07/12/2010
2010061245;5;2;1;2;6;750;07/12/2010
2010061246;1;2;2;2;6;750;08/12/2010
2010061247;1;2;5;4;6;750;08/12/2010
2010061248;5;2;2;9;6;750;09/12/2010
2010061249;5;2;2;1;3;750;11/12/2010
2010061250;1;2;2;1;6;750;14/12/2010
2010061251;1;2;5;1;6;750;14/12/2010
2010061252;1;2;2;1;6;750;15/12/2010
2010061253;5;2;2;8;2;750;17/12/2010
2010061254;5;2;2;4;7;750;19/12/2010
2010061255;3;2;4;2;3;750;20/12/2010
2010061256;5;2;2;1;6;750;28/12/2010
2010061257;5;2;2;1;3;750;01/01/2010
2010061258;5;2;2;1;2;750;02/01/2010
2010061259;1;2;5;1;3;750;05/01/2010
2010061260;2;2;3;1;6;750;05/01/2010
2010061261;5;2;5;1;3;750;05/01/2010
2010061262;5;2;1;8;6;750;08/01/2010
2010061263;2;2;5;1;3;750;11/01/2010
2010061264;1;2;2;4;7;750;13/01/2010
2010061265;5;2;1;1;7;750;13/01/2010
2010061266;5;2;3;8;6;750;13/01/2010
2010061267;1;2;5;1;6;750;14/01/2010
2010061268;1;2;1;1;3;750;15/01/2010
2010061269;1;2;1;2;2;750;16/01/2010
2010061270;5;2;2;2;6;750;16/01/2010
2010061271;5;2;5;1;3;750;17/01/2010
2010061272;5;2;5;1;6;750;19/01/2010
2010061273;5;2;2;1;3;750;19/01/2010
2010061274;1;2;1;2;7;750;20/01/2010
2010061275;5;2;5;2;3;750;20/01/2010
2010061276;5;2;2;1;2;750;23/01/2010
2010061277;1;2;5;8;6;750;24/01/2010
2010061278;1;2;5;1;7;750;25/01/2010
2010061279;5;2;5;1;2;750;25/01/2010
2010061280;5;2;5;1;3;750;27/01/2010
2010061281;1;2;2;1;6;750;27/01/2010
2010061282;1;2;1;1;7;750;27/01/2010
2010061283;5;2;1;1;6;750;27/01/2010
2010061284;5;2;5;2;3;750;28/01/2010
2010061285;1;2;2;2;3;750;02/02/2010
2010061286;1;2;3;8;6;750;03/02/2010
2010061287;1;2;5;3;2;750;06/02/2010
2010061288;5;2;1;8;6;750;06/02/2010
2010061289;1;2;2;2;6;750;07/02/2010
2010061290;1;2;2;2;6;750;08/02/2010
2010061291;5;2;1;1;6;750;08/02/2010
2010061292;5;2;2;1;3;750;08/02/2010
2010061293;1;2;1;2;3;750;10/02/2010
2010061294;1;2;2;4;3;750;10/02/2010
2010061295;5;2;2;1;6;750;10/02/2010
2010061296;1;2;3;1;6;750;12/02/2010
2010061297;5;2;2;1;3;750;12/02/2010
2010061298;5;2;3;1;2;750;13/02/2010