num_acc;lum;agg;inter;atm;col;dep;date
2010063608;5;2;2;1;3;750;17/08/2010
2010063609;1;2;2;1;2;750;19/08/2010
2010063610;1;2;1;1;6;750;22/08/2010
2010063611;2;2;2;1;3;750;25/08/2010
2010063612;1;2;4;1;3;750;27/08/2010
2010063613;1;2;2;1;6;750;30/08/2010
2010063614;2;2;5;1;3;750;31/08/2010
2010063615;1;2;1;1;2;750;31/08/2010
2010063616;1;2;5;1;3;750;31/08/2010
2010063617;1;2;3;1;6;750;01/09/2010
2010063618;1;2;3;1;6;750;02/09/2010
2010063619;5;2;1;1;7;750;04/09/2010
2010063620;1;2;2;1;6;750;04/09/2010
2010063621;1;2;1;1;2;750;06/09/2010
2010063622;1;2;1;1;3;750;07/09/2010
2010063623;1;2;1;2;3;750;08/09/2010
2010063624;4;2;4;2;6;750;08/09/2010
2010063625;1;2;2;2;3;750;09/09/2010
2010063626;1;2;1;1;6;750;10/09/2010
2010063627;5;2;1;2;3;750;09/09/2010
2010063628;1;2;1;1;6;750;12/09/2010
2010063629;1;2;1;1;4;750;13/09/2010
2010063630;1;2;1;1;3;750;15/09/2010
2010063631;1;2;5;1;7;750;16/09/2010
2010063632;1;2;1;1;6;750;16/09/2010
2010063633;1;2;4;1;6;750;16/09/2010
2010063634;1;2;2;1;6;750;17/09/2010
2010063635;1;2;2;1;3;750;17/09/2010
2010063636;1;2;2;1;6;750;19/09/2010
2010063637;1;2;9;1;6;750;21/09/2010
2010063638;1;2;2;1;7;750;21/09/2010
2010063639;1;2;2;1;6;750;21/09/2010
2010063640;2;2;1;1;3;750;22/09/2010
2010063641;5;2;1;1;3;750;22/09/2010
2010063642;5;2;1;1;6;750;22/09/2010
2010063643;1;2;2;2;3;750;24/09/2010
2010063644;1;2;2;1;3;750;24/09/2010
2010063645;1;2;5;1;3;750;25/09/2010
2010063646;1;2;1;1;6;750;25/09/2010
2010063647;1;2;2;1;6;750;26/09/2010
2010063648;1;2;1;1;6;750;27/09/2010
2010063649;5;2;1;1;2;750;28/09/2010
2010063650;5;2;2;1;3;750;28/09/2010
2010063651;1;2;1;1;6;750;29/09/2010
2010063652;5;2;3;1;6;750;30/09/2010
2010063653;2;2;1;1;4;750;01/10/2010
2010063654;5;2;1;3;6;750;01/10/2010
2010063655;5;2;2;1;3;750;02/10/2010
2010063656;1;2;3;1;3;750;04/10/2010
2010063657;1;2;5;1;7;750;04/10/2010
2010063658;1;2;1;2;7;750;05/10/2010
2010063659;5;2;3;2;1;750;05/10/2010
2010063660;5;2;1;2;2;750;06/10/2010
2010063661;1;2;1;1;6;750;07/10/2010
2010063662;1;2;1;1;2;750;08/10/2010
2010063663;1;2;5;1;3;750;08/10/2010
2010063664;5;2;1;1;7;750;10/10/2010
2010063665;1;2;5;1;6;750;12/10/2010
2010063666;5;2;4;1;3;750;12/10/2010
2010063667;5;2;5;1;6;750;12/10/2010
2010063668;1;2;3;1;6;750;13/10/2010
2010063669;5;2;5;1;3;750;15/10/2010
2010063670;1;2;1;1;3;750;20/10/2010
2010063671;5;2;5;1;3;750;18/10/2010
2010063672;5;2;3;1;3;750;21/10/2010
2010063673;1;2;3;1;6;750;25/10/2010
2010063674;5;2;2;1;6;750;25/10/2010
2010063675;5;2;2;1;6;750;25/10/2010
2010063676;5;2;3;1;6;750;26/10/2010
2010063677;1;2;5;1;7;750;28/10/2010
2010063678;1;2;1;1;3;750;29/10/2010
2010063679;1;2;2;8;3;750;29/10/2010
2010063680;5;2;5;1;6;750;03/11/2010
2010063681;1;2;3;1;6;750;04/11/2010
2010063682;1;2;1;2;6;750;06/11/2010
2010063683;1;2;1;2;6;750;09/11/2010
2010063684;1;2;3;1;3;750;16/11/2010
2010063685;1;2;1;1;6;750;16/11/2010
2010063686;5;2;3;1;3;750;16/11/2010
2010063687;5;2;1;8;1;750;18/11/2010
2010063688;1;2;5;8;6;750;19/11/2010
2010063689;1;2;1;1;6;750;19/11/2010
2010063690;5;2;3;2;1;750;19/11/2010
2010063691;1;2;1;1;7;750;22/11/2010
2010063692;5;2;2;1;3;750;22/11/2010
2010063693;5;2;3;2;3;750;25/11/2010
2010063694;1;2;7;1;6;750;25/11/2010
2010063695;1;2;3;1;2;750;27/11/2010
2010063696;1;2;2;2;2;750;29/11/2010
2010063697;1;2;3;1;2;750;30/11/2010
2010063698;5;2;1;1;6;750;30/11/2010
2010063699;5;2;2;9;4;750;01/12/2010
2010063700;5;2;3;8;5;750;03/12/2010
2010063701;1;2;1;2;3;750;06/12/2010
2010063702;1;2;1;8;7;750;07/12/2010
2010063703;1;2;1;1;4;750;07/12/2010
2010063704;1;2;1;4;3;750;07/12/2010
2010063705;5;2;2;2;3;750;07/12/2010
2010063706;5;2;1;9;6;750;09/12/2010
2010063707;1;2;3;1;7;750;11/12/2010
2010063708;5;2;2;2;2;750;11/12/2010
2010063709;1;2;2;1;3;750;12/12/2010
2010063710;5;2;2;1;2;750;15/12/2010
2010063711;1;2;3;2;6;750;16/12/2010
2010063712;1;2;1;1;3;750;17/12/2010
2010063713;1;2;4;1;2;750;17/12/2010
2010063714;5;2;2;4;6;750;19/12/2010
2010063715;1;2;1;4;7;750;23/12/2010
2010063716;1;2;5;2;6;750;28/12/2010
2010063717;5;2;2;1;3;750;30/12/2010
2010063718;1;2;3;1;3;750;31/12/2010
2010063719;5;2;2;1;3;750;25/08/2010
2010063720;5;2;4;1;3;750;21/01/2010
2010063721;2;2;1;8;3;750;08/01/2010
2010063722;5;2;2;4;6;750;10/01/2010
2010063723;5;2;3;8;6;750;11/01/2010
2010063724;5;2;2;1;6;750;12/01/2010
2010063725;5;2;5;8;6;750;12/01/2010
2010063726;1;2;2;1;3;750;12/01/2010
2010063727;1;2;2;1;3;750;13/01/2010
2010063728;5;2;5;2;6;750;14/01/2010
2010063729;1;2;3;1;6;750;14/01/2010
2010063730;1;2;1;1;6;750;14/01/2010
2010063731;2;2;1;1;3;750;14/01/2010
2010063732;1;2;3;1;3;750;18/01/2010
2010063733;5;2;2;1;3;750;20/01/2010
2010063734;1;2;3;1;6;750;21/01/2010
2010063735;5;2;1;1;6;750;21/01/2010
2010063736;1;2;4;1;6;750;22/01/2010
2010063737;5;2;1;1;3;750;23/01/2010
2010063738;1;2;1;8;3;750;24/01/2010
2010063739;5;2;5;2;3;750;24/01/2010
2010063740;5;2;5;1;6;750;25/01/2010
2010063741;5;2;1;2;6;750;29/01/2010
2010063742;1;2;4;2;4;750;30/01/2010
2010063743;1;2;5;1;6;750;30/01/2010
2010063744;1;2;1;1;6;750;31/01/2010
2010063745;1;2;2;1;6;750;01/02/2010
2010063746;1;2;3;2;6;750;02/02/2010
2010063747;5;2;5;8;6;750;02/02/2010
2010063748;5;2;5;8;4;750;02/02/2010
2010063749;5;2;2;1;6;750;03/02/2010
2010063750;1;2;3;1;6;750;04/02/2010
2010063751;1;2;3;1;4;750;04/02/2010
2010063752;5;2;2;2;3;750;06/02/2010
2010063753;5;2;2;2;7;750;09/02/2010
2010063754;5;2;4;1;6;750;09/02/2010
2010063755;1;2;3;1;6;750;10/02/2010
2010063756;1;2;2;4;3;750;11/02/2010
2010063757;1;2;5;1;6;750;12/02/2010
2010063758;1;2;1;1;6;750;12/02/2010
2010063759;1;2;1;8;7;750;15/02/2010
2010063760;2;2;3;1;6;750;16/02/2010
2010063761;5;2;3;1;6;750;16/02/2010
2010063762;5;2;5;2;6;750;17/02/2010
2010063763;5;2;5;2;6;750;17/02/2010
2010063764;1;2;3;1;3;750;18/02/2010
2010063765;1;2;2;1;3;750;18/02/2010
2010063766;1;2;5;1;7;750;18/02/2010
2010063767;5;2;1;1;6;750;19/02/2010
2010063768;1;2;1;1;3;750;19/02/2010
2010063769;1;2;1;1;4;750;19/02/2010
2010063770;2;2;5;2;6;750;20/02/2010
2010063771;1;2;2;1;3;750;22/02/2010
2010063772;1;2;3;1;6;750;23/02/2010
2010063773;1;2;1;1;6;750;24/02/2010
2010063774;1;2;1;1;6;750;25/02/2010
2010063775;1;2;4;3;6;750;25/02/2010
2010063776;5;2;1;1;6;750;25/02/2010
2010063777;1;2;2;1;6;750;26/02/2010
2010063778;1;2;3;1;3;750;26/02/2010
2010063779;1;2;2;1;3;750;01/03/2010
2010063780;5;2;5;2;6;750;02/03/2010
2010063781;1;2;1;1;3;750;02/03/2010
2010063782;5;2;3;1;3;750;02/03/2010
2010063783;1;2;2;1;6;750;03/03/2010
2010063784;1;2;5;1;6;750;03/03/2010
2010063785;1;2;5;1;6;750;04/03/2010
2010063786;5;2;1;1;3;750;04/03/2010
2010063787;1;2;2;1;6;750;05/03/2010
2010063788;1;2;3;1;6;750;07/03/2010
2010063789;1;2;2;1;3;750;07/03/2010
2010063790;5;2;2;1;3;750;08/03/2010
2010063791;1;2;5;1;3;750;09/03/2010
2010063792;1;2;5;1;3;750;09/03/2010
2010063793;1;2;1;1;6;750;09/03/2010
2010063794;1;2;1;1;3;750;10/03/2010
2010063795;1;2;1;1;6;750;10/03/2010
2010063796;5;2;1;1;3;750;10/03/2010
2010063797;1;2;1;1;3;750;11/03/2010
2010063798;1;2;1;1;7;750;11/03/2010
2010063799;1;2;3;1;3;750;15/03/2010
2010063800;1;2;5;1;6;750;15/03/2010
2010063801;1;2;1;1;6;750;17/03/2010
2010063802;1;2;1;1;2;750;17/03/2010
2010063803;1;2;1;1;2;750;18/03/2010
2010063804;1;2;1;1;3;750;18/03/2010
2010063805;2;2;2;1;6;750;18/03/2010
2010063806;1;2;2;1;6;750;16/03/2010
2010063807;5;2;1;2;6;750;20/03/2010
2010063808;5;2;1;3;6;750;20/03/2010
2010063809;5;2;2;1;3;750;21/03/2010
2010063810;1;2;1;1;6;750;22/03/2010
2010063811;1;2;1;1;6;750;22/03/2010
2010063812;1;2;5;1;3;750;23/03/2010
2010063813;5;2;5;1;6;750;23/03/2010
2010063814;1;2;5;1;6;750;24/03/2010
2010063815;1;2;5;1;6;750;24/03/2010
2010063816;1;2;1;1;5;750;24/03/2010
2010063817;2;2;3;1;2;750;25/03/2010
2010063818;1;2;5;2;3;750;26/03/2010
2010063819;5;2;5;1;3;750;26/03/2010
2010063820;5;2;1;1;6;750;27/03/2010
2010063821;1;2;2;2;3;750;30/03/2010
2010063822;1;2;1;1;2;750;31/03/2010
2010063823;1;2;3;1;6;750;31/03/2010
2010063824;1;2;3;1;6;750;01/04/2010
2010063825;1;2;1;1;6;750;01/04/2010
2010063826;1;2;5;2;6;750;02/04/2010
2010063827;1;2;1;2;3;750;03/04/2010
2010063828;1;2;1;1;2;750;04/04/2010
2010063829;1;2;2;1;3;750;04/04/2010
2010063830;1;2;5;1;3;750;06/04/2010
2010063831;1;2;5;1;6;750;06/04/2010
2010063832;1;2;2;2;3;750;08/04/2010
2010063833;1;2;1;1;2;750;08/04/2010
2010063834;5;2;1;1;6;750;03/04/2010
2010063835;1;2;1;1;2;750;10/04/2010
2010063836;1;2;2;1;6;750;10/04/2010
2010063837;1;2;2;1;3;750;11/04/2010
2010063838;5;2;1;1;6;750;12/04/2010
2010063839;1;2;2;1;3;750;12/04/2010
2010063840;1;2;3;1;6;750;12/04/2010
2010063841;1;2;5;1;6;750;12/04/2010
2010063842;1;2;2;1;6;750;13/04/2010
2010063843;1;2;1;8;6;750;13/04/2010
2010063844;1;2;5;2;6;750;13/04/2010
2010063845;1;2;1;1;6;750;14/04/2010
2010063846;1;2;1;1;3;750;16/04/2010
2010063847;1;2;1;1;3;750;16/04/2010
2010063848;1;2;1;1;2;750;20/04/2010
2010063849;1;2;3;1;2;750;21/04/2010
2010063850;5;2;2;1;7;750;23/04/2010
2010063851;1;2;5;1;3;750;24/04/2010
2010063852;1;2;1;1;3;750;24/04/2010
2010063853;5;2;2;1;3;750;25/04/2010
2010063854;1;2;2;1;3;750;27/04/2010
2010063855;1;2;2;1;7;750;27/04/2010
2010063856;1;2;5;1;3;750;29/04/2010
2010063857;5;2;1;1;6;750;30/04/2010
2010063858;5;2;5;1;5;750;30/04/2010
2010063859;2;2;1;1;2;750;01/05/2010
2010063860;1;2;5;1;6;750;02/05/2010
2010063861;1;2;2;2;6;750;02/05/2010
2010063862;1;2;1;1;6;750;03/05/2010
2010063863;1;2;4;1;6;750;04/05/2010
2010063864;1;2;2;1;6;750;04/05/2010
2010063865;5;2;1;1;6;750;05/05/2010
2010063866;1;2;2;1;6;750;05/05/2010
2010063867;1;2;1;1;6;750;05/05/2010
2010063868;1;2;2;1;3;750;06/05/2010
2010063869;1;2;1;1;3;750;06/05/2010
2010063870;1;2;1;1;4;750;06/05/2010
2010063871;5;2;5;1;2;750;07/05/2010
2010063872;1;2;1;1;6;750;07/05/2010
2010063873;1;2;3;1;3;750;08/05/2010
2010063874;1;2;1;1;2;750;10/05/2010
2010063875;1;2;1;1;6;750;10/05/2010
2010063876;1;2;1;2;3;750;10/05/2010
2010063877;1;2;1;1;3;750;10/05/2010
2010063878;5;2;5;3;7;750;11/05/2010
2010063879;1;2;2;2;2;750;11/05/2010
2010063880;1;2;2;2;6;750;11/05/2010
2010063881;1;2;1;1;3;750;12/05/2010
2010063882;1;2;2;1;3;750;13/05/2010
2010063883;3;2;3;1;6;750;15/05/2010
2010063884;1;2;2;1;6;750;15/05/2010
2010063885;1;2;1;1;6;750;15/05/2010
2010063886;5;2;1;1;7;750;17/05/2010
2010063887;1;2;2;1;6;750;17/05/2010
2010063888;5;2;4;1;3;750;19/05/2010
2010063889;1;2;3;1;6;750;19/05/2010
2010063890;1;2;5;1;6;750;19/05/2010
2010063891;1;2;2;1;3;750;24/05/2010
2010063892;1;2;3;1;6;750;25/05/2010
2010063893;1;2;1;1;3;750;25/05/2010
2010063894;1;2;2;1;6;750;25/05/2010
2010063895;1;2;3;1;6;750;26/05/2010
2010063896;1;2;2;2;6;750;26/05/2010
2010063897;1;2;1;1;1;750;26/05/2010
2010063898;1;2;1;3;7;750;27/05/2010
2010063899;1;2;1;2;2;750;27/05/2010
2010063900;1;2;1;1;6;750;28/05/2010
2010063901;1;2;2;8;6;750;30/05/2010
2010063902;2;2;5;2;7;750;30/05/2010
2010063903;2;2;1;2;3;750;30/05/2010
2010063904;1;2;2;1;6;750;31/05/2010
2010063905;1;2;1;1;3;750;31/05/2010
2010063906;1;2;1;2;3;750;01/06/2010
2010063907;5;2;1;2;6;750;02/06/2010
2010063908;1;2;2;1;3;750;02/06/2010
2010063909;1;2;1;1;7;750;02/06/2010
2010063910;1;2;5;1;3;750;02/06/2010
2010063911;1;2;1;1;7;750;03/06/2010
2010063912;1;2;1;1;3;750;03/06/2010
2010063913;1;2;2;1;3;750;03/06/2010
2010063914;1;2;1;1;2;750;04/06/2010
2010063915;1;2;2;1;6;750;04/06/2010
2010063916;1;2;2;1;6;750;04/06/2010
2010063917;1;2;2;1;3;750;07/06/2010
2010063918;1;2;1;1;3;750;07/06/2010
2010063919;1;2;2;1;6;750;07/06/2010
2010063920;1;2;3;1;3;750;07/06/2010
2010063921;1;2;1;8;6;750;08/06/2010
2010063922;1;2;1;2;3;750;09/06/2010
2010063923;1;2;2;2;6;750;09/06/2010
2010063924;1;2;2;2;6;750;09/06/2010
2010063925;5;2;1;8;6;750;09/06/2010
2010063926;1;2;1;3;7;750;10/06/2010
2010063927;1;2;2;8;6;750;10/06/2010
2010063928;1;2;1;1;6;750;11/06/2010
2010063929;1;2;2;1;3;750;11/06/2010
2010063930;1;2;2;1;3;750;11/06/2010
2010063931;5;2;2;8;3;750;11/06/2010
2010063932;1;2;2;1;6;750;12/06/2010
2010063933;1;2;2;1;6;750;13/06/2010
2010063934;1;2;2;1;6;750;14/06/2010
2010063935;5;2;1;1;7;750;19/06/2010
2010063936;1;2;2;1;7;750;19/06/2010
2010063937;5;2;2;1;2;750;20/06/2010
2010063938;2;2;1;1;6;750;21/06/2010
2010063939;1;2;1;1;3;750;23/06/2010
2010063940;1;2;2;1;3;750;24/06/2010
2010063941;1;2;2;1;2;750;24/06/2010
2010063942;2;2;1;1;7;750;24/06/2010
2010063943;1;2;1;1;2;750;25/06/2010
2010063944;5;2;3;1;1;750;28/06/2010
2010063945;5;2;4;1;3;750;28/06/2010
2010063946;1;2;2;1;2;750;28/06/2010
2010063947;1;2;2;1;6;750;28/06/2010
2010063948;1;2;1;1;7;750;29/06/2010
2010063949;1;2;1;1;6;750;29/06/2010
2010063950;1;2;1;1;6;750;29/06/2010
2010063951;5;2;3;1;6;750;19/06/2010
2010063952;1;2;1;1;6;750;01/07/2010
2010063953;1;2;1;1;3;750;02/07/2010
2010063954;1;2;1;2;7;750;02/07/2010
2010063955;1;2;5;1;3;750;02/07/2010
2010063956;1;2;1;1;6;750;04/07/2010
2010063957;1;2;5;1;3;750;04/07/2010
2010063958;1;2;3;1;3;750;06/07/2010
2010063959;1;2;3;1;6;750;06/07/2010
2010063960;1;2;2;1;3;750;06/07/2010
2010063961;1;2;2;1;3;750;07/07/2010
2010063962;1;2;2;1;7;750;07/07/2010
2010063963;1;2;3;1;6;750;08/07/2010
2010063964;1;2;1;9;6;750;08/07/2010
2010063965;1;2;5;1;6;750;10/07/2010
2010063966;1;2;2;1;3;750;13/07/2010
2010063967;5;2;1;1;6;750;14/07/2010
2010063968;5;2;2;1;6;750;13/07/2010
2010063969;1;2;2;1;3;750;18/07/2010
2010063970;5;2;2;1;3;750;18/07/2010
2010063971;1;2;3;1;6;750;19/07/2010
2010063972;1;2;4;1;4;750;25/07/2010
2010063973;1;2;1;1;3;750;26/07/2010
2010063974;1;2;2;1;3;750;28/07/2010
2010063975;1;2;1;1;2;750;29/07/2010
2010063976;1;2;1;1;3;750;01/08/2010
2010063977;1;2;2;1;3;750;02/08/2010
2010063978;1;2;1;2;2;750;02/08/2010
2010063979;1;2;1;1;6;750;05/08/2010
2010063980;1;2;2;1;6;750;09/08/2010
2010063981;1;2;2;1;3;750;12/08/2010
2010063982;1;2;1;1;3;750;12/08/2010
2010063983;1;2;1;2;6;750;15/08/2010
2010063984;1;2;1;1;6;750;17/08/2010
2010063985;1;2;1;1;6;750;17/08/2010
2010063986;1;2;3;1;6;750;23/08/2010
2010063987;1;2;3;1;2;750;23/08/2010
2010063988;1;2;5;1;6;750;23/08/2010
2010063989;1;2;3;1;3;750;18/08/2010
2010063990;2;2;1;4;2;750;02/12/2010
2010063991;1;2;2;1;3;750;24/08/2010
2010063992;1;2;5;1;3;750;24/08/2010
2010063993;2;2;3;1;6;750;24/08/2010
2010063994;1;2;4;1;3;750;27/08/2010
2010063995;2;2;1;1;7;750;28/08/2010
2010063996;5;2;3;1;2;750;29/08/2010
2010063997;1;2;3;1;6;750;29/08/2010
2010063998;4;2;3;1;7;750;29/08/2010
2010063999;5;2;1;1;7;750;31/08/2010
2010064000;1;2;2;1;3;750;01/09/2010
2010064001;1;2;2;1;3;750;01/09/2010
2010064002;5;2;2;1;3;750;03/09/2010
2010064003;1;2;1;1;6;750;03/09/2010
2010064004;5;2;1;1;7;750;05/09/2010
2010064005;5;2;1;2;6;750;06/09/2010
2010064006;1;2;1;1;6;750;07/09/2010
2010064007;1;2;5;2;6;750;08/09/2010
2010064008;1;2;2;1;3;750;09/09/2010
2010064009;5;2;3;1;3;750;10/09/2010
2010064010;2;2;1;1;7;750;08/09/2010
2010064011;5;2;5;1;6;750;15/09/2010
2010064012;1;2;5;1;7;750;15/09/2010
2010064013;5;2;2;3;3;750;15/09/2010
2010064014;5;2;1;1;6;750;16/09/2010
2010064015;1;2;1;1;6;750;16/09/2010
2010064016;5;2;4;1;2;750;16/09/2010
2010064017;1;2;1;1;6;750;16/09/2010
2010064018;1;2;7;1;2;750;17/09/2010
2010064019;1;2;1;1;6;750;17/09/2010
2010064020;1;2;2;2;3;750;17/09/2010
2010064021;5;2;1;1;3;750;17/09/2010
2010064022;5;2;2;1;6;750;17/09/2010
2010064023;1;2;2;1;6;750;20/09/2010
2010064024;5;2;1;1;6;750;20/09/2010
2010064025;1;2;5;1;3;750;22/09/2010
2010064026;5;2;2;2;1;750;23/09/2010
2010064027;1;2;1;8;3;750;24/09/2010
2010064028;1;2;7;1;6;750;28/09/2010
2010064029;1;2;2;1;2;750;30/09/2010
2010064030;1;2;1;1;6;750;01/10/2010
2010064031;1;2;1;2;2;750;01/10/2010
2010064032;2;2;1;2;2;750;01/10/2010
2010064033;5;2;3;3;6;750;01/10/2010
2010064034;2;2;1;1;6;750;05/10/2010
2010064035;1;2;2;2;6;750;05/10/2010
2010064036;5;2;1;2;2;750;05/10/2010
2010064037;1;2;1;1;3;750;07/10/2010
2010064038;1;2;3;1;6;750;08/10/2010
2010064039;5;2;1;1;6;750;08/10/2010
2010064040;1;2;1;1;4;750;09/10/2010
2010064041;1;2;1;1;3;750;10/10/2010
2010064042;1;2;5;1;6;750;10/10/2010
2010064043;5;2;5;1;6;750;10/10/2010
2010064044;1;2;2;1;3;750;11/10/2010
2010064045;1;2;2;1;2;750;12/10/2010
2010064046;1;2;2;1;3;750;12/10/2010
2010064047;1;2;1;1;3;750;13/10/2010
2010064048;1;2;2;1;7;750;13/10/2010
2010064049;1;2;1;1;4;750;14/10/2010
2010064050;5;2;1;1;2;750;15/10/2010
2010064051;5;2;1;2;3;750;15/10/2010
2010064052;1;2;1;1;7;750;16/10/2010
2010064053;5;2;2;2;7;750;16/10/2010
2010064054;2;2;2;1;6;750;17/10/2010
2010064055;1;2;3;1;3;750;18/10/2010
2010064056;2;2;3;2;6;750;19/10/2010
2010064057;5;2;3;1;3;750;20/10/2010
2010064058;5;2;2;1;3;750;21/10/2010
2010064059;1;2;2;1;6;750;22/10/2010
2010064060;2;2;3;1;3;750;25/10/2010
2010064061;5;2;3;1;6;750;27/10/2010
2010064062;5;2;1;1;7;750;29/10/2010
2010064063;5;2;1;1;2;750;29/10/2010
2010064064;1;2;2;1;3;750;30/10/2010
2010064065;1;2;3;1;2;750;30/10/2010
2010064066;5;2;3;1;2;750;30/10/2010
2010064067;5;2;2;1;3;750;31/10/2010
2010064068;2;2;5;2;7;750;31/10/2010
2010064069;5;2;1;1;6;750;31/10/2010
2010064070;5;2;2;1;1;750;31/10/2010
2010064071;1;2;3;1;6;750;02/11/2010
2010064072;1;2;5;1;6;750;04/11/2010
2010064073;5;2;2;1;6;750;05/11/2010
2010064074;5;2;2;1;3;750;05/11/2010
2010064075;1;2;1;2;2;750;06/11/2010
2010064076;1;2;1;2;7;750;08/11/2010
2010064077;1;2;3;3;3;750;08/11/2010
2010064078;1;2;4;2;6;750;08/11/2010
2010064079;1;2;2;2;6;750;08/11/2010
2010064080;5;2;1;2;6;750;09/11/2010
2010064081;5;2;5;2;3;750;09/11/2010
2010064082;1;2;1;2;6;750;10/11/2010
2010064083;1;2;1;2;1;750;10/11/2010
2010064084;1;2;1;2;6;750;13/11/2010
2010064085;5;2;2;2;7;750;14/11/2010
2010064086;4;2;1;1;2;750;15/11/2010
2010064087;1;2;1;1;6;750;16/11/2010
2010064088;1;2;3;9;7;750;16/11/2010
2010064089;5;2;1;1;6;750;17/11/2010
2010064090;5;2;3;2;3;750;17/11/2010
2010064091;1;2;1;1;3;750;18/11/2010
2010064092;1;2;2;1;6;750;18/11/2010
2010064093;1;2;1;8;3;750;18/11/2010
2010064094;5;2;1;1;6;750;19/11/2010
2010064095;1;2;3;2;3;750;21/11/2010
2010064096;1;2;2;8;6;750;22/11/2010
2010064097;1;2;2;1;3;750;22/11/2010
2010064098;5;2;2;1;5;750;22/11/2010
2010064099;5;2;2;1;3;750;22/11/2010
2010064100;5;2;3;1;3;750;23/11/2010
2010064101;1;2;1;1;6;750;23/11/2010
2010064102;1;2;1;1;6;750;24/11/2010
2010064103;5;2;1;1;3;750;24/11/2010
2010064104;5;2;3;1;1;750;24/11/2010
2010064105;5;2;1;2;6;750;25/11/2010
2010064106;2;2;3;2;6;750;25/11/2010
2010064107;4;2;1;2;7;750;25/11/2010
2010064108;1;2;1;1;6;750;26/11/2010
2010064109;5;2;2;1;6;750;28/11/2010
2010064110;1;2;2;1;6;750;29/11/2010
2010064111;5;2;1;1;6;750;30/11/2010
2010064112;1;2;2;4;6;750;01/12/2010
2010064113;1;2;5;2;6;750;08/12/2010
2010064114;1;2;1;7;6;750;12/12/2010
2010064115;5;2;1;1;6;750;12/12/2010
2010064116;5;2;3;1;6;750;13/12/2010
2010064117;2;2;2;1;3;750;14/12/2010
2010064118;5;2;1;2;7;750;14/12/2010
2010064119;1;2;1;1;6;750;16/12/2010
2010064120;2;2;2;1;6;750;18/12/2010
2010064121;1;2;1;8;6;750;19/12/2010
2010064122;1;2;2;4;6;750;20/12/2010
2010064123;1;2;2;8;6;750;21/12/2010
2010064124;5;2;2;3;6;750;22/12/2010
2010064125;5;2;5;2;6;750;22/12/2010
2010064126;1;2;1;4;6;750;23/12/2010
2010064127;5;2;1;1;2;750;28/12/2010
2010064128;1;2;1;1;7;750;30/12/2010
2010064129;5;2;1;1;4;750;30/12/2010
2010064130;4;2;1;1;2;750;31/12/2010
2010064131;5;2;3;1;3;750;06/05/2010
2010064132;5;2;5;1;3;750;11/09/2010
2010064133;5;2;2;1;3;750;01/01/2010
2010064134;5;2;1;1;6;750;02/01/2010
2010064135;1;2;1;1;7;750;02/01/2010
2010064136;3;2;5;1;6;750;02/01/2010
2010064137;5;2;1;8;3;750;02/01/2010
2010064138;5;2;5;1;2;750;04/01/2010
2010064139;2;2;1;1;3;750;05/01/2010
2010064140;5;2;2;1;3;750;06/01/2010
2010064141;5;2;4;2;7;750;10/01/2010
2010064142;5;2;1;4;7;750;13/01/2010
2010064143;5;2;3;8;3;750;13/01/2010
2010064144;5;2;2;1;3;750;13/01/2010
2010064145;5;2;3;2;3;750;14/01/2010
2010064146;1;1;1;1;6;750;14/01/2010
2010064147;1;2;1;1;2;750;14/01/2010
2010064148;1;2;5;1;6;750;15/01/2010
2010064149;5;2;2;1;6;750;15/01/2010
2010064150;5;2;2;1;3;750;17/01/2010
2010064151;5;2;5;8;3;750;18/01/2010
2010064152;5;2;1;1;6;750;19/01/2010
2010064153;1;2;5;3;6;750;20/01/2010
2010064154;1;2;3;3;6;750;20/01/2010
2010064155;5;1;1;2;3;750;20/01/2010
2010064156;1;2;2;1;3;750;21/01/2010
2010064157;1;2;1;1;2;750;22/01/2010
2010064158;1;2;1;1;2;750;22/01/2010
2010064159;5;2;1;1;6;750;22/01/2010
2010064160;5;2;2;1;2;750;23/01/2010
2010064161;5;2;2;2;6;750;24/01/2010
2010064162;5;2;1;1;6;750;26/01/2010
2010064163;5;2;2;1;3;750;26/01/2010
2010064164;1;2;1;1;6;750;27/01/2010
2010064165;1;2;1;1;5;750;27/01/2010
2010064166;1;2;5;1;3;750;27/01/2010
2010064167;2;2;1;1;6;750;27/01/2010
2010064168;1;2;1;1;7;750;28/01/2010
2010064169;1;2;5;2;6;750;29/01/2010
2010064170;5;2;1;2;6;750;29/01/2010
2010064171;5;2;1;1;6;750;02/02/2010
2010064172;3;2;1;1;6;750;03/02/2010
2010064173;1;2;1;1;3;750;05/02/2010
2010064174;1;2;5;1;3;750;05/02/2010
2010064175;1;2;1;1;6;750;05/02/2010
2010064176;5;2;2;8;3;750;06/02/2010
2010064177;1;2;1;1;6;750;08/02/2010
2010064178;1;2;3;2;6;750;08/02/2010
2010064179;5;2;1;1;3;750;10/02/2010
2010064180;1;2;5;1;6;750;10/02/2010
2010064181;5;2;1;1;3;750;11/02/2010
2010064182;5;2;3;1;3;750;11/02/2010
2010064183;1;2;1;1;7;750;15/02/2010
2010064184;1;2;1;1;5;750;16/02/2010