num_acc;lum;agg;inter;atm;col;dep;date
2010065917;1;2;5;1;2;750;21/04/2010
2010065918;1;2;1;1;6;750;21/04/2010
2010065919;1;2;2;1;3;750;21/04/2010
2010065920;1;2;4;1;6;750;21/04/2010
2010065921;1;2;5;1;6;750;24/04/2010
2010065922;1;2;5;1;7;750;26/04/2010
2010065923;1;2;3;1;3;750;26/04/2010
2010065924;1;2;2;1;6;750;27/04/2010
2010065925;5;2;3;1;6;750;28/04/2010
2010065926;1;2;1;1;6;750;29/04/2010
2010065927;5;2;2;2;3;750;02/05/2010
2010065928;1;2;1;1;6;750;03/05/2010
2010065929;1;2;1;1;3;750;04/05/2010
2010065930;1;1;1;1;3;750;05/05/2010
2010065931;1;2;2;1;6;750;05/05/2010
2010065932;1;2;2;1;3;750;05/05/2010
2010065933;1;2;5;1;6;750;07/05/2010
2010065934;2;2;1;1;6;750;07/05/2010
2010065935;1;2;3;1;6;750;10/05/2010
2010065936;1;2;1;3;3;750;11/05/2010
2010065937;1;2;3;2;3;750;12/05/2010
2010065938;1;2;1;2;7;750;14/05/2010
2010065939;1;2;2;1;6;750;15/05/2010
2010065940;1;2;1;1;7;750;15/05/2010
2010065941;5;2;1;1;2;750;15/05/2010
2010065942;1;2;1;1;3;750;18/05/2010
2010065943;1;2;5;1;3;750;20/05/2010
2010065944;1;2;1;1;3;750;21/05/2010
2010065945;1;2;1;1;6;750;22/05/2010
2010065946;1;2;1;1;3;750;22/05/2010
2010065947;1;2;1;1;4;750;25/05/2010
2010065948;1;2;2;1;1;750;28/05/2010
2010065949;1;2;1;8;4;750;30/05/2010
2010065950;1;2;1;1;6;750;01/06/2010
2010065951;1;2;2;2;6;750;03/06/2010
2010065952;1;2;1;1;6;750;05/06/2010
2010065953;1;2;3;1;3;750;05/06/2010
2010065954;1;2;1;1;3;750;05/06/2010
2010065955;1;2;2;1;2;750;06/06/2010
2010065956;5;2;2;1;7;750;07/06/2010
2010065957;1;2;1;1;3;750;07/06/2010
2010065958;1;2;1;1;6;750;07/06/2010
2010065959;5;2;1;1;6;750;08/06/2010
2010065960;1;2;1;1;7;750;08/06/2010
2010065961;1;2;2;1;3;750;08/06/2010
2010065962;1;2;1;1;6;750;08/06/2010
2010065963;1;2;1;2;6;750;09/06/2010
2010065964;1;2;1;2;6;750;10/06/2010
2010065965;1;2;1;2;6;750;10/06/2010
2010065966;1;2;2;1;6;750;11/06/2010
2010065967;5;2;1;2;6;750;11/06/2010
2010065968;1;2;1;1;6;750;12/06/2010
2010065969;5;2;1;1;6;750;13/06/2010
2010065970;1;2;1;1;3;750;13/06/2010
2010065971;1;2;2;1;3;750;14/06/2010
2010065972;1;2;1;1;6;750;16/06/2010
2010065973;1;2;2;1;6;750;17/06/2010
2010065974;1;2;2;1;1;750;17/06/2010
2010065975;5;2;1;1;2;750;18/06/2010
2010065976;1;2;1;1;7;750;18/06/2010
2010065977;1;2;1;1;6;750;19/06/2010
2010065978;1;2;2;1;4;750;19/06/2010
2010065979;1;2;1;8;3;750;19/06/2010
2010065980;5;2;1;1;6;750;20/06/2010
2010065981;1;2;2;1;2;750;21/06/2010
2010065982;1;2;1;1;6;750;21/06/2010
2010065983;1;2;1;1;6;750;22/06/2010
2010065984;1;2;1;1;2;750;23/06/2010
2010065985;1;2;1;1;6;750;23/06/2010
2010065986;1;2;6;1;3;750;23/06/2010
2010065987;1;2;1;1;3;750;25/06/2010
2010065988;1;2;2;1;6;750;25/06/2010
2010065989;1;2;1;1;6;750;26/06/2010
2010065990;1;2;2;1;6;750;26/06/2010
2010065991;1;2;2;2;6;750;28/06/2010
2010065992;1;2;1;1;7;750;28/06/2010
2010065993;1;2;1;1;3;750;29/06/2010
2010065994;1;2;3;1;3;750;30/06/2010
2010065995;1;2;1;1;7;750;01/07/2010
2010065996;1;2;1;1;6;750;02/07/2010
2010065997;1;2;1;1;6;750;02/07/2010
2010065998;1;2;3;1;6;750;03/07/2010
2010065999;1;2;1;1;4;750;06/07/2010
2010066000;1;2;3;1;6;750;06/07/2010
2010066001;5;2;1;1;6;750;07/07/2010
2010066002;1;2;1;1;6;750;09/07/2010
2010066003;1;2;5;1;2;750;10/07/2010
2010066004;1;2;1;1;6;750;15/07/2010
2010066005;1;2;2;1;6;750;16/07/2010
2010066006;1;2;1;1;6;750;17/07/2010
2010066007;1;2;1;2;6;750;21/07/2010
2010066008;1;2;1;1;3;750;23/07/2010
2010066009;1;2;2;1;6;750;24/07/2010
2010066010;1;2;1;1;6;750;25/07/2010
2010066011;1;2;2;1;7;750;28/07/2010
2010066012;1;2;1;1;6;750;28/07/2010
2010066013;1;2;1;1;7;750;28/07/2010
2010066014;1;2;2;1;3;750;29/07/2010
2010066015;1;2;5;1;2;750;30/07/2010
2010066016;1;2;1;1;3;750;03/08/2010
2010066017;4;2;1;3;6;750;04/08/2010
2010066018;5;2;1;1;6;750;13/08/2010
2010066019;1;2;1;8;3;750;13/08/2010
2010066020;1;2;5;1;3;750;17/08/2010
2010066021;1;2;2;1;3;750;11/08/2010
2010066022;1;2;1;1;6;750;19/08/2010
2010066023;1;2;2;1;6;750;20/08/2010
2010066024;1;2;2;2;3;750;17/08/2010
2010066025;1;2;1;1;6;750;20/08/2010
2010066026;5;2;5;1;7;750;06/08/2010
2010066027;1;2;1;3;6;750;23/08/2010
2010066028;5;2;1;2;3;750;23/08/2010
2010066029;1;2;1;1;6;750;27/08/2010
2010066030;1;2;2;1;6;750;30/08/2010
2010066031;1;2;1;1;3;750;30/08/2010
2010066032;1;2;1;1;2;750;30/08/2010
2010066033;1;2;5;1;2;750;01/09/2010
2010066034;1;2;4;1;6;750;01/09/2010
2010066035;1;2;2;1;3;750;01/09/2010
2010066036;5;2;2;1;3;750;01/09/2010
2010066037;1;2;1;1;6;750;02/09/2010
2010066038;2;2;2;1;3;750;06/09/2010
2010066039;5;2;1;1;1;750;07/09/2010
2010066040;5;2;1;3;6;750;08/09/2010
2010066041;1;2;1;2;6;750;08/09/2010
2010066042;1;2;1;2;3;750;08/09/2010
2010066043;1;2;1;2;3;750;08/09/2010
2010066044;1;2;1;1;6;750;10/09/2010
2010066045;1;2;1;1;6;750;11/09/2010
2010066046;5;2;3;1;6;750;12/09/2010
2010066047;1;2;1;1;7;750;13/09/2010
2010066048;4;2;1;1;6;750;13/09/2010
2010066049;1;2;1;1;6;750;14/09/2010
2010066050;1;2;2;1;3;750;14/09/2010
2010066051;1;2;1;1;6;750;14/09/2010
2010066052;5;2;1;1;6;750;14/09/2010
2010066053;5;2;1;1;3;750;15/09/2010
2010066054;1;2;1;1;6;750;15/09/2010
2010066055;1;2;1;1;6;750;18/09/2010
2010066056;1;2;1;1;6;750;21/09/2010
2010066057;1;2;1;1;6;750;21/09/2010
2010066058;1;2;3;1;3;750;21/09/2010
2010066059;5;2;2;1;6;750;22/09/2010
2010066060;1;2;1;1;6;750;22/09/2010
2010066061;1;2;2;8;2;750;24/09/2010
2010066062;1;2;1;8;6;750;25/09/2010
2010066063;1;2;1;1;6;750;25/09/2010
2010066064;5;2;2;1;6;750;26/09/2010
2010066065;1;2;1;8;7;750;27/09/2010
2010066066;1;2;2;1;3;750;28/09/2010
2010066067;5;2;2;1;3;750;28/09/2010
2010066068;1;2;2;1;3;750;30/09/2010
2010066069;1;2;5;1;3;750;30/09/2010
2010066070;1;2;7;1;2;750;02/10/2010
2010066071;1;2;1;8;2;750;04/10/2010
2010066072;3;2;1;8;6;750;04/10/2010
2010066073;1;2;1;1;6;750;05/10/2010
2010066074;2;2;1;2;2;750;05/10/2010
2010066075;5;2;3;2;6;750;05/10/2010
2010066076;5;2;5;1;3;750;06/10/2010
2010066077;5;2;1;1;6;750;07/10/2010
2010066078;5;2;1;1;3;750;07/10/2010
2010066079;1;2;2;1;6;750;08/10/2010
2010066080;4;2;5;1;2;750;09/10/2010
2010066081;3;2;1;1;6;750;09/10/2010
2010066082;1;2;1;1;6;750;11/10/2010
2010066083;1;2;3;1;6;750;11/10/2010
2010066084;1;2;2;1;1;750;11/10/2010
2010066085;1;2;3;1;6;750;11/10/2010
2010066086;1;2;3;1;2;750;12/10/2010
2010066087;1;2;2;1;6;750;12/10/2010
2010066088;1;2;1;1;6;750;13/10/2010
2010066089;5;2;2;1;6;750;14/10/2010
2010066090;1;2;2;1;3;750;15/10/2010
2010066091;2;2;1;1;1;750;15/10/2010
2010066092;2;2;1;2;6;750;15/10/2010
2010066093;1;2;1;2;6;750;16/10/2010
2010066094;1;2;2;1;7;750;17/10/2010
2010066095;5;2;2;2;6;750;19/10/2010
2010066096;2;2;1;8;6;750;20/10/2010
2010066097;1;2;1;1;6;750;20/10/2010
2010066098;1;2;1;1;6;750;21/10/2010
2010066099;2;2;1;1;5;750;22/10/2010
2010066100;1;2;2;1;3;750;21/10/2010
2010066101;1;2;3;1;3;750;22/10/2010
2010066102;5;2;3;1;7;750;23/10/2010
2010066103;4;2;4;2;2;750;23/10/2010
2010066104;5;2;3;2;3;750;23/10/2010
2010066105;5;2;3;1;3;750;26/10/2010
2010066106;5;2;1;1;6;750;27/10/2010
2010066107;1;2;1;1;2;750;28/10/2010
2010066108;5;2;1;1;3;750;29/10/2010
2010066109;5;2;2;1;3;750;31/10/2010
2010066110;1;2;1;1;6;750;31/10/2010
2010066111;1;2;3;8;6;750;02/11/2010
2010066112;1;2;2;2;6;750;02/11/2010
2010066113;1;2;1;2;3;750;02/11/2010
2010066114;1;2;1;2;7;750;06/11/2010
2010066115;5;2;1;3;6;750;07/11/2010
2010066116;5;2;1;3;7;750;07/11/2010
2010066117;1;2;1;3;6;750;07/11/2010
2010066118;1;2;1;2;6;750;09/11/2010
2010066119;5;2;1;3;3;750;09/11/2010
2010066120;5;2;2;1;3;750;10/11/2010
2010066121;5;2;1;2;2;750;11/11/2010
2010066122;5;2;4;1;3;750;14/11/2010
2010066123;5;2;2;2;3;750;14/11/2010
2010066124;1;2;1;1;6;750;16/11/2010
2010066125;5;2;7;5;2;750;16/11/2010
2010066126;1;2;2;1;6;750;19/11/2010
2010066127;5;2;1;1;2;750;20/11/2010
2010066128;2;2;1;2;6;750;21/11/2010
2010066129;5;2;3;2;6;750;21/11/2010
2010066130;1;2;2;2;6;750;22/11/2010
2010066131;1;2;1;1;6;750;22/11/2010
2010066132;1;2;1;1;6;750;24/11/2010
2010066133;1;2;2;1;3;750;27/11/2010
2010066134;5;2;1;1;3;750;27/11/2010
2010066135;1;2;5;4;7;750;01/12/2010
2010066136;5;2;2;4;6;750;01/12/2010
2010066137;1;2;1;8;2;750;02/12/2010
2010066138;1;2;1;1;6;750;03/12/2010
2010066139;1;2;2;8;3;750;05/12/2010
2010066140;5;2;2;8;2;750;06/12/2010
2010066141;1;2;1;1;6;750;07/12/2010
2010066142;1;2;2;1;6;750;10/12/2010
2010066143;5;2;2;1;3;750;12/12/2010
2010066144;5;2;3;1;3;750;12/12/2010
2010066145;5;2;2;1;1;750;13/12/2010
2010066146;5;2;2;1;6;750;13/12/2010
2010066147;2;2;5;8;3;750;14/12/2010
2010066148;1;2;1;1;6;750;15/12/2010
2010066149;5;2;5;1;3;750;15/12/2010
2010066150;5;2;4;9;1;750;15/12/2010
2010066151;4;2;1;1;3;750;15/12/2010
2010066152;5;2;3;3;3;750;15/12/2010
2010066153;5;2;5;2;7;750;15/12/2010
2010066154;1;2;1;8;1;750;17/12/2010
2010066155;5;2;1;4;6;750;22/12/2010
2010066156;1;2;2;4;6;750;23/12/2010
2010066157;5;2;1;4;1;750;24/12/2010
2010066158;5;2;3;1;6;750;30/12/2010
2010066159;1;2;2;1;6;750;31/12/2010
2010066160;1;2;5;1;3;750;31/12/2010
2010066161;5;2;2;2;3;750;23/02/2010
2010066162;5;2;1;1;6;750;01/01/2010
2010066163;5;2;2;1;6;750;01/01/2010
2010066164;5;2;1;1;2;750;02/01/2010
2010066165;5;2;3;9;7;750;03/01/2010
2010066166;2;2;1;1;6;750;06/01/2010
2010066167;1;2;1;1;6;750;11/01/2010
2010066168;5;2;1;4;6;750;10/01/2010
2010066169;1;2;4;8;6;750;12/01/2010
2010066170;1;2;5;1;7;750;12/01/2010
2010066171;1;2;5;1;6;750;12/01/2010
2010066172;5;2;2;2;6;750;14/01/2010
2010066173;5;2;2;1;3;750;15/01/2010
2010066174;1;2;5;2;6;750;16/01/2010
2010066175;5;2;5;2;6;750;16/01/2010
2010066176;1;2;1;1;6;750;17/01/2010
2010066177;1;2;2;1;3;750;18/01/2010
2010066178;1;2;1;1;3;750;19/01/2010
2010066179;1;2;2;2;5;750;23/01/2010
2010066180;1;2;1;1;6;750;25/01/2010
2010066181;1;2;1;1;6;750;26/01/2010
2010066182;5;2;5;1;3;750;28/01/2010
2010066183;5;2;1;1;6;750;29/01/2010
2010066184;5;2;1;1;6;750;31/01/2010
2010066185;1;2;1;1;6;750;02/02/2010
2010066186;1;2;2;2;6;750;02/02/2010
2010066187;5;2;1;1;6;750;03/02/2010
2010066188;5;2;1;1;6;750;04/02/2010
2010066189;1;2;1;1;3;750;04/02/2010
2010066190;5;2;1;3;6;750;05/02/2010
2010066191;5;2;1;1;6;750;05/02/2010
2010066192;5;2;5;1;6;750;05/02/2010
2010066193;5;2;1;2;6;750;06/02/2010
2010066194;1;2;1;1;6;750;07/02/2010
2010066195;5;2;1;1;6;750;07/02/2010
2010066196;1;2;5;8;3;750;08/02/2010
2010066197;1;2;1;4;6;750;10/02/2010
2010066198;1;2;1;4;3;750;10/02/2010
2010066199;5;2;1;4;6;750;10/02/2010
2010066200;5;2;2;4;2;750;10/02/2010
2010066201;1;2;3;8;1;750;11/02/2010
2010066202;1;2;3;1;3;750;12/02/2010
2010066203;1;2;1;1;6;750;12/02/2010
2010066204;1;2;3;1;2;750;15/02/2010
2010066205;5;2;1;1;6;750;17/02/2010
2010066206;5;2;1;1;6;750;18/02/2010
2010066207;1;2;1;8;3;750;18/02/2010
2010066208;1;2;2;1;6;750;18/02/2010
2010066209;5;2;2;1;3;750;19/02/2010
2010066210;1;2;5;1;4;750;19/02/2010
2010066211;1;2;2;2;4;750;23/02/2010
2010066212;5;2;1;1;6;750;23/02/2010
2010066213;1;2;2;2;6;750;24/02/2010
2010066214;1;2;1;1;6;750;25/02/2010
2010066215;5;2;2;1;3;750;26/02/2010
2010066216;1;2;2;6;3;750;28/02/2010
2010066217;1;2;1;1;3;750;03/03/2010
2010066218;1;2;1;1;6;750;03/03/2010
2010066219;5;2;1;1;6;750;04/03/2010
2010066220;1;2;5;1;6;750;04/03/2010
2010066221;1;2;5;1;3;750;04/03/2010
2010066222;5;2;5;1;6;750;05/03/2010
2010066223;1;2;2;2;6;750;06/03/2010
2010066224;1;2;4;1;2;750;08/03/2010
2010066225;5;2;1;1;6;750;09/03/2010
2010066226;1;2;5;1;6;750;09/03/2010
2010066227;1;2;1;1;2;750;10/03/2010
2010066228;1;2;1;1;6;750;11/03/2010
2010066229;1;1;2;1;6;750;12/03/2010
2010066230;5;2;3;1;6;750;12/03/2010
2010066231;5;2;1;1;6;750;12/03/2010
2010066232;1;2;2;1;3;750;13/03/2010
2010066233;1;2;2;1;3;750;13/03/2010
2010066234;5;2;1;1;6;750;13/03/2010
2010066235;5;2;5;1;6;750;14/03/2010
2010066236;5;2;5;1;3;750;15/03/2010
2010066237;5;2;5;1;6;750;16/03/2010
2010066238;5;2;2;1;6;750;16/03/2010
2010066239;1;2;1;1;6;750;17/03/2010
2010066240;5;2;1;1;6;750;17/03/2010
2010066241;5;2;1;1;6;750;18/03/2010
2010066242;1;2;1;1;2;750;19/03/2010
2010066243;5;2;1;2;7;750;19/03/2010
2010066244;5;2;1;2;1;750;19/03/2010
2010066245;5;2;1;2;4;750;20/03/2010
2010066246;1;2;1;3;3;750;20/03/2010
2010066247;5;2;1;1;6;750;21/03/2010
2010066248;1;1;1;1;6;750;21/03/2010
2010066249;1;2;1;1;6;750;23/03/2010
2010066250;1;2;1;1;6;750;24/03/2010
2010066251;1;2;1;1;4;750;24/03/2010
2010066252;1;2;5;1;6;750;24/03/2010
2010066253;1;2;2;2;6;750;25/03/2010
2010066254;5;2;1;1;6;750;25/03/2010
2010066255;1;1;1;1;3;750;26/03/2010
2010066256;2;2;1;2;6;750;27/03/2010
2010066257;1;2;5;1;6;750;27/03/2010
2010066258;5;2;3;1;3;750;31/03/2010
2010066259;5;2;5;1;6;750;01/04/2010
2010066260;5;2;1;1;6;750;01/04/2010
2010066261;5;1;4;1;3;750;02/04/2010
2010066262;1;2;5;1;3;750;02/04/2010
2010066263;1;2;5;2;6;750;03/04/2010
2010066264;1;2;1;1;2;750;04/04/2010
2010066265;1;2;1;1;7;750;05/04/2010
2010066266;1;2;3;1;6;750;07/04/2010
2010066267;5;2;2;1;1;750;08/04/2010
2010066268;5;2;5;1;3;750;09/04/2010
2010066269;3;2;1;1;2;750;10/04/2010
2010066270;1;2;1;1;6;750;11/04/2010
2010066271;1;2;4;1;3;750;12/04/2010
2010066272;5;2;1;1;6;750;14/04/2010
2010066273;5;2;1;1;6;750;18/04/2010
2010066274;5;2;2;1;3;750;18/04/2010
2010066275;1;2;1;1;6;750;18/04/2010
2010066276;1;2;1;1;6;750;19/04/2010
2010066277;1;2;1;1;7;750;19/04/2010
2010066278;1;2;1;1;3;750;20/04/2010
2010066279;5;2;1;1;6;750;22/04/2010
2010066280;1;2;1;1;6;750;22/04/2010
2010066281;1;2;1;1;3;750;22/04/2010
2010066282;5;2;2;1;3;750;22/04/2010
2010066283;1;2;3;1;3;750;23/04/2010
2010066284;1;2;3;1;6;750;23/04/2010
2010066285;5;2;5;1;3;750;24/04/2010
2010066286;5;2;2;2;3;750;25/04/2010
2010066287;1;2;2;1;6;750;25/04/2010
2010066288;5;2;1;1;6;750;25/04/2010
2010066289;5;2;2;1;3;750;26/04/2010
2010066290;5;2;1;1;6;750;27/04/2010
2010066291;5;2;2;1;3;750;29/04/2010
2010066292;1;2;1;2;3;750;30/04/2010
2010066293;5;2;2;1;6;750;02/05/2010
2010066294;1;2;1;1;6;750;04/05/2010
2010066295;1;2;1;1;3;750;05/05/2010
2010066296;1;2;5;1;6;750;05/05/2010
2010066297;5;2;5;1;3;750;06/05/2010
2010066298;5;2;1;2;6;750;09/05/2010
2010066299;5;2;1;1;6;750;09/05/2010
2010066300;1;2;1;1;6;750;10/05/2010
2010066301;1;2;2;1;6;750;10/05/2010
2010066302;5;2;1;2;6;750;10/05/2010
2010066303;5;2;1;1;2;750;11/05/2010
2010066304;5;2;1;1;6;750;11/05/2010
2010066305;1;2;1;1;6;750;12/05/2010
2010066306;1;2;3;1;6;750;12/05/2010
2010066307;5;2;5;1;3;750;12/05/2010
2010066308;1;2;1;1;3;750;17/05/2010
2010066309;1;2;1;1;6;750;18/05/2010
2010066310;5;2;2;1;6;750;19/05/2010
2010066311;1;2;1;1;6;750;19/05/2010
2010066312;1;2;3;1;6;750;19/05/2010
2010066313;1;2;3;1;3;750;20/05/2010
2010066314;1;2;1;1;2;750;21/05/2010
2010066315;1;2;2;1;6;750;22/05/2010
2010066316;1;2;1;1;2;750;22/05/2010
2010066317;1;2;2;1;6;750;22/05/2010
2010066318;1;2;1;1;2;750;22/05/2010
2010066319;5;2;2;1;3;750;23/05/2010
2010066320;2;2;1;1;6;750;23/05/2010
2010066321;1;2;5;1;3;750;23/05/2010
2010066322;1;2;2;1;3;750;23/05/2010
2010066323;1;2;5;1;6;750;23/05/2010
2010066324;5;2;5;1;3;750;23/05/2010
2010066325;1;2;1;1;6;750;24/05/2010
2010066326;5;2;1;1;3;750;25/05/2010
2010066327;1;2;1;1;3;750;28/05/2010
2010066328;1;2;1;1;6;750;28/05/2010
2010066329;5;2;2;1;1;750;28/05/2010
2010066330;5;2;1;1;6;750;29/05/2010
2010066331;5;2;1;8;6;750;29/05/2010
2010066332;5;2;1;1;6;750;30/05/2010
2010066333;2;2;1;1;6;750;30/05/2010
2010066334;5;2;1;1;6;750;31/05/2010
2010066335;1;2;1;1;6;750;01/06/2010
2010066336;1;2;1;2;6;750;02/06/2010
2010066337;1;2;1;1;6;750;02/06/2010
2010066338;1;2;3;1;6;750;03/06/2010
2010066339;1;2;1;1;6;750;04/06/2010
2010066340;1;2;1;1;6;750;05/06/2010
2010066341;1;2;1;1;3;750;05/06/2010
2010066342;5;2;1;1;6;750;06/06/2010
2010066343;1;2;2;1;3;750;06/06/2010
2010066344;5;2;2;1;3;750;07/06/2010
2010066345;1;2;2;1;6;750;09/06/2010
2010066346;1;2;1;2;4;750;09/06/2010
2010066347;1;2;2;1;1;750;12/06/2010
2010066348;5;2;1;1;6;750;12/06/2010
2010066349;1;2;1;1;6;750;12/06/2010
2010066350;5;2;2;1;6;750;12/06/2010
2010066351;1;2;2;1;6;750;13/06/2010
2010066352;3;2;1;1;3;750;14/06/2010
2010066353;2;2;1;1;7;750;14/06/2010
2010066354;5;2;1;1;6;750;14/06/2010
2010066355;5;2;2;1;3;750;16/06/2010
2010066356;1;2;2;1;2;750;17/06/2010
2010066357;2;2;2;1;3;750;17/06/2010
2010066358;1;2;1;1;6;750;18/06/2010
2010066359;1;2;2;1;1;750;19/06/2010
2010066360;5;2;2;2;3;750;19/06/2010
2010066361;1;2;2;1;3;750;21/06/2010
2010066362;5;2;7;1;6;750;22/06/2010
2010066363;1;2;1;1;6;750;22/06/2010
2010066364;1;2;1;1;6;750;24/06/2010
2010066365;1;2;1;1;6;750;24/06/2010
2010066366;1;2;1;1;1;750;25/06/2010
2010066367;5;2;1;1;2;750;26/06/2010
2010066368;1;2;1;1;7;750;26/06/2010
2010066369;1;2;3;1;3;750;27/06/2010
2010066370;1;2;1;1;7;750;27/06/2010
2010066371;5;2;1;1;6;750;28/06/2010
2010066372;1;2;1;1;6;750;28/06/2010
2010066373;1;2;1;1;3;750;29/06/2010
2010066374;1;2;1;1;3;750;29/06/2010
2010066375;1;2;1;1;3;750;29/06/2010
2010066376;1;2;2;1;3;750;30/06/2010
2010066377;1;2;1;1;6;750;30/06/2010
2010066378;1;2;3;1;6;750;01/07/2010
2010066379;1;2;1;2;6;750;02/07/2010
2010066380;1;2;1;1;6;750;03/07/2010
2010066381;5;2;2;1;3;750;05/07/2010
2010066382;4;2;1;1;6;750;06/07/2010
2010066383;1;2;1;1;6;750;07/07/2010
2010066384;1;2;5;1;6;750;07/07/2010
2010066385;1;2;5;1;6;750;07/07/2010
2010066386;1;2;1;1;6;750;08/07/2010
2010066387;1;2;1;1;2;750;09/07/2010
2010066388;1;2;1;1;6;750;08/07/2010
2010066389;5;2;1;1;3;750;10/07/2010
2010066390;1;2;1;1;6;750;10/07/2010
2010066391;1;2;2;1;6;750;10/07/2010
2010066392;1;2;1;1;6;750;11/07/2010
2010066393;1;2;1;1;3;750;11/07/2010
2010066394;1;2;1;1;4;750;11/07/2010
2010066395;1;2;1;1;6;750;12/07/2010
2010066396;5;2;1;2;3;750;14/07/2010
2010066397;1;2;3;1;3;750;16/07/2010
2010066398;5;2;1;1;3;750;16/07/2010
2010066399;5;2;4;1;6;750;17/07/2010
2010066400;1;2;4;1;3;750;17/07/2010
2010066401;1;2;1;1;6;750;17/07/2010
2010066402;1;2;2;1;7;750;18/07/2010
2010066403;1;2;1;1;6;750;18/07/2010
2010066404;1;2;1;1;6;750;16/07/2010
2010066405;5;2;1;1;6;750;19/07/2010
2010066406;1;2;2;1;3;750;23/07/2010
2010066407;1;2;5;1;3;750;24/07/2010
2010066408;1;2;2;1;3;750;27/07/2010
2010066409;5;2;2;1;6;750;27/07/2010
2010066410;1;2;1;1;4;750;28/07/2010
2010066411;5;2;2;1;3;750;29/07/2010
2010066412;1;2;1;1;6;750;29/07/2010
2010066413;1;2;2;1;6;750;30/07/2010
2010066414;5;2;1;1;6;750;31/07/2010
2010066415;1;2;4;1;6;750;31/07/2010
2010066416;5;2;2;1;6;750;31/07/2010
2010066417;1;2;2;1;6;750;03/08/2010
2010066418;5;2;5;1;6;750;06/08/2010
2010066419;1;2;2;1;2;750;06/08/2010
2010066420;1;2;1;1;6;750;07/08/2010
2010066421;1;2;3;1;2;750;08/08/2010
2010066422;2;2;1;1;3;750;09/08/2010
2010066423;1;2;1;1;6;750;10/08/2010
2010066424;5;2;1;1;6;750;11/08/2010
2010066425;1;2;1;1;7;750;12/08/2010
2010066426;5;2;1;1;6;750;13/08/2010
2010066427;1;2;2;1;3;750;13/08/2010
2010066428;5;2;2;1;3;750;17/08/2010
2010066429;1;2;1;2;6;750;17/08/2010
2010066430;1;2;1;8;2;750;12/07/2010
2010066431;1;2;4;1;7;750;18/08/2010
2010066432;1;2;3;1;2;750;18/08/2010
2010066433;1;2;5;1;3;750;13/07/2010
2010066434;1;2;1;1;6;750;19/08/2010
2010066435;1;2;1;1;4;750;19/08/2010
2010066436;1;2;5;1;2;750;20/08/2010
2010066437;1;2;1;1;4;750;21/08/2010
2010066438;1;2;1;1;6;750;21/08/2010
2010066439;1;2;1;1;6;750;23/08/2010
2010066440;1;2;1;1;6;750;23/08/2010
2010066441;5;2;1;1;6;750;26/08/2010
2010066442;5;2;2;1;3;750;27/08/2010
2010066443;1;2;1;1;3;750;27/08/2010
2010066444;5;2;1;1;6;750;28/08/2010
2010066445;1;2;1;1;6;750;28/08/2010
2010066446;5;2;2;1;3;750;29/08/2010
2010066447;5;2;5;1;3;750;30/08/2010
2010066448;4;2;5;1;3;750;30/07/2010
2010066449;1;2;1;1;4;750;01/09/2010
2010066450;1;2;5;1;7;750;02/09/2010
2010066451;1;2;1;1;2;750;02/09/2010
2010066452;1;2;2;1;6;750;03/09/2010
2010066453;1;2;1;1;6;750;04/09/2010
2010066454;5;2;2;1;6;750;05/09/2010
2010066455;1;2;5;1;6;750;06/09/2010
2010066456;5;2;1;2;6;750;07/09/2010
2010066457;1;2;1;1;3;750;07/09/2010
2010066458;5;2;5;2;6;750;08/09/2010
2010066459;5;2;2;1;6;750;08/09/2010
2010066460;1;2;1;1;6;750;10/09/2010
2010066461;5;2;2;1;6;750;12/09/2010
2010066462;1;2;5;1;2;750;11/08/2010
2010066463;5;2;2;1;3;750;11/08/2010
2010066464;1;2;5;1;3;750;13/09/2010
2010066465;5;2;1;1;7;750;14/09/2010
2010066466;1;2;1;1;4;750;14/09/2010
2010066467;5;2;5;1;6;750;14/09/2010
2010066468;1;2;1;1;6;750;15/09/2010
2010066469;4;2;1;1;2;750;17/09/2010
2010066470;1;2;1;1;6;750;17/09/2010
2010066471;5;2;2;1;1;750;18/09/2010
2010066472;2;2;1;1;6;750;18/09/2010
2010066473;5;2;2;1;1;750;19/09/2010
2010066474;5;2;1;1;7;750;19/09/2010
2010066475;5;2;5;1;6;750;20/09/2010
2010066476;5;2;5;1;5;750;19/09/2010
2010066477;1;2;2;1;6;750;21/09/2010
2010066478;5;2;5;1;6;750;22/09/2010
2010066479;5;2;2;1;6;750;22/09/2010
2010066480;5;2;1;1;2;750;22/09/2010
2010066481;1;2;1;1;6;750;23/09/2010
2010066482;1;2;1;1;6;750;25/09/2010
2010066483;1;2;1;8;5;750;25/09/2010
2010066484;1;2;2;1;3;750;25/09/2010
2010066485;5;2;2;1;3;750;25/09/2010
2010066486;1;2;1;8;3;750;27/09/2010
2010066487;1;2;1;1;6;750;13/09/2010
2010066488;5;2;1;1;2;750;02/10/2010
2010066489;1;2;2;1;6;750;02/10/2010
2010066490;1;2;1;1;5;750;03/10/2010
2010066491;1;2;1;1;3;750;03/10/2010
2010066492;5;2;2;1;3;750;05/10/2010
2010066493;5;2;1;1;6;750;10/09/2010