num_acc;lum;agg;inter;atm;col;dep;date
2010066494;5;2;1;1;6;750;05/10/2010
2010066495;5;2;2;2;6;750;05/10/2010
2010066496;5;2;6;1;3;750;06/10/2010
2010066497;5;2;2;1;6;750;06/10/2010
2010066498;1;2;3;1;6;750;06/10/2010
2010066499;2;2;7;2;4;750;06/10/2010
2010066500;1;2;1;1;6;750;07/10/2010
2010066501;5;2;2;1;3;750;09/10/2010
2010066502;5;2;5;1;3;750;09/10/2010
2010066503;1;2;3;1;3;750;10/10/2010
2010066504;1;2;1;7;3;750;11/10/2010
2010066505;1;2;2;1;3;750;10/09/2010
2010066506;4;2;1;1;6;750;12/10/2010
2010066507;1;2;1;1;6;750;12/10/2010
2010066508;5;2;2;1;6;750;12/10/2010
2010066509;5;2;2;1;3;750;13/10/2010
2010066510;2;2;1;1;3;750;13/10/2010
2010066511;1;2;2;1;3;750;14/10/2010
2010066512;1;2;1;1;3;750;15/10/2010
2010066513;5;2;1;2;6;750;15/10/2010
2010066514;5;2;5;1;3;750;19/10/2010
2010066515;5;2;3;1;2;750;19/09/2010
2010066516;1;2;1;1;7;750;19/10/2010
2010066517;5;2;2;1;3;750;21/09/2010
2010066518;1;2;2;1;2;750;20/10/2010
2010066519;1;2;1;1;3;750;20/10/2010
2010066520;5;2;1;1;6;750;20/10/2010
2010066521;1;2;5;1;6;750;21/10/2010
2010066522;1;2;1;1;3;750;21/10/2010
2010066523;1;2;1;1;6;750;22/10/2010
2010066524;1;2;1;1;6;750;22/10/2010
2010066525;1;2;1;1;2;750;22/10/2010
2010066526;1;2;1;1;4;750;22/10/2010
2010066527;5;2;1;1;7;750;23/10/2010
2010066528;5;2;1;1;3;750;25/10/2010
2010066529;5;2;1;1;6;750;26/10/2010
2010066530;5;2;5;1;3;750;02/11/2010
2010066531;1;2;1;1;4;750;29/10/2010
2010066532;5;2;2;1;3;750;30/10/2010
2010066533;1;2;1;2;6;750;02/11/2010
2010066534;1;2;1;1;4;750;02/11/2010
2010066535;1;2;1;8;6;750;03/11/2010
2010066536;1;2;1;1;5;750;03/11/2010
2010066537;1;2;1;1;3;750;03/11/2010
2010066538;1;2;1;1;6;750;04/11/2010
2010066539;1;2;2;1;6;750;05/11/2010
2010066540;5;2;1;1;6;750;05/11/2010
2010066541;1;2;2;2;7;750;06/11/2010
2010066542;1;2;1;8;6;750;06/11/2010
2010066543;1;2;2;2;1;750;06/11/2010
2010066544;5;2;2;3;5;750;06/11/2010
2010066545;5;2;1;1;6;750;08/11/2010
2010066546;5;2;5;1;2;750;10/10/2010
2010066547;5;2;2;1;6;750;10/10/2010
2010066548;5;2;2;1;3;750;10/11/2010
2010066549;5;2;1;1;6;750;10/11/2010
2010066550;1;2;1;2;6;750;11/11/2010
2010066551;1;2;1;3;6;750;11/11/2010
2010066552;1;2;1;2;2;750;12/11/2010
2010066553;1;2;1;2;6;750;13/11/2010
2010066554;5;2;2;2;2;750;14/11/2010
2010066555;1;2;1;1;3;750;15/11/2010
2010066556;5;2;5;2;7;750;16/10/2010
2010066557;5;2;2;8;6;750;16/11/2010
2010066558;5;2;1;1;6;750;17/11/2010
2010066559;5;2;4;1;3;750;17/11/2010
2010066560;5;2;2;1;6;750;18/11/2010
2010066561;1;2;1;8;1;750;19/11/2010
2010066562;5;2;1;1;4;750;19/11/2010
2010066563;5;2;1;1;6;750;20/11/2010
2010066564;5;2;1;1;7;750;20/11/2010
2010066565;5;2;1;2;6;750;20/11/2010
2010066566;5;2;2;2;3;750;21/11/2010
2010066567;1;2;3;1;3;750;24/11/2010
2010066568;1;2;3;1;6;750;24/11/2010
2010066569;5;2;2;1;3;750;24/11/2010
2010066570;5;2;5;1;7;750;28/10/2010
2010066571;1;2;2;1;3;750;25/11/2010
2010066572;5;2;2;8;6;750;25/11/2010
2010066573;1;2;2;1;6;750;26/11/2010
2010066574;1;2;1;1;7;750;26/11/2010
2010066575;5;2;2;1;1;750;27/11/2010
2010066576;1;2;1;8;6;750;28/11/2010
2010066577;5;2;2;1;6;750;29/11/2010
2010066578;5;2;3;1;6;750;02/11/2010
2010066579;1;2;1;1;6;750;02/12/2010
2010066580;5;2;1;2;3;750;04/12/2010
2010066581;5;2;2;1;6;750;05/12/2010
2010066582;5;2;1;1;6;750;05/12/2010
2010066583;5;2;5;1;3;750;05/12/2010
2010066584;5;2;5;2;6;750;05/12/2010
2010066585;1;2;5;1;3;750;06/12/2010
2010066586;1;2;2;4;6;750;07/12/2010
2010066587;5;2;5;1;5;750;12/12/2010
2010066588;2;2;5;2;3;750;16/12/2010
2010066589;1;2;1;2;7;750;16/12/2010
2010066590;5;2;1;2;3;750;16/12/2010
2010066591;5;2;2;4;2;750;17/12/2010
2010066592;1;2;2;1;3;750;17/12/2010
2010066593;1;2;1;1;3;750;17/12/2010
2010066594;5;2;2;8;3;750;18/12/2010
2010066595;1;2;2;1;6;750;24/12/2010
2010066596;5;2;1;8;6;750;25/12/2010
2010066597;5;2;1;1;3;750;28/12/2010
2010066598;5;2;5;1;3;750;31/12/2010
2010066599;5;2;1;1;6;750;10/09/2010
2010066600;5;2;5;1;6;750;11/09/2010
2010066601;5;2;1;1;6;750;01/01/2010
2010066602;1;2;1;1;4;750;02/01/2010
2010066603;1;2;1;1;4;750;04/01/2010
2010066604;1;2;1;1;3;750;05/01/2010
2010066605;1;2;1;1;3;750;05/01/2010
2010066606;5;2;1;1;3;750;11/01/2010
2010066607;5;2;1;1;4;750;11/01/2010
2010066608;5;2;1;4;6;750;13/01/2010
2010066609;2;2;1;1;6;750;13/01/2010
2010066610;1;2;1;1;2;750;14/01/2010
2010066611;1;2;1;1;2;750;15/01/2010
2010066612;5;2;1;1;6;750;15/01/2010
2010066613;5;1;1;1;6;750;16/01/2010
2010066614;5;2;1;1;6;750;17/01/2010
2010066615;5;2;1;1;6;750;22/01/2010
2010066616;5;2;1;1;6;750;22/01/2010
2010066617;5;2;1;1;6;750;23/01/2010
2010066618;5;2;1;1;6;750;24/01/2010
2010066619;5;1;1;1;2;750;25/01/2010
2010066620;5;2;1;1;2;750;25/01/2010
2010066621;1;2;1;1;3;750;27/01/2010
2010066622;1;1;1;1;6;750;27/01/2010
2010066623;3;2;5;2;7;750;29/01/2010
2010066624;1;2;1;1;3;750;02/02/2010
2010066625;1;2;1;2;6;750;02/02/2010
2010066626;5;2;4;2;3;750;03/02/2010
2010066627;1;2;1;2;6;750;03/02/2010
2010066628;1;2;1;1;2;750;03/02/2010
2010066629;5;2;1;1;3;750;03/02/2010
2010066630;1;2;1;8;4;750;05/02/2010
2010066631;1;2;1;2;7;750;05/02/2010
2010066632;1;2;1;1;2;750;05/02/2010
2010066633;1;2;1;1;2;750;05/02/2010
2010066634;5;2;4;1;7;750;05/02/2010
2010066635;1;2;1;2;2;750;06/02/2010
2010066636;5;2;1;1;3;750;06/02/2010
2010066637;5;2;1;1;2;750;08/02/2010
2010066638;1;2;1;2;3;750;08/02/2010
2010066639;1;2;1;1;4;750;12/02/2010
2010066640;5;2;1;1;3;750;12/02/2010
2010066641;1;2;4;1;3;750;12/02/2010
2010066642;1;2;1;1;6;750;14/02/2010
2010066643;1;1;1;1;3;750;15/02/2010
2010066644;1;2;1;1;4;750;16/02/2010
2010066645;1;2;1;2;2;750;17/02/2010
2010066646;1;2;1;1;2;750;18/02/2010
2010066647;5;2;1;2;4;750;18/02/2010
2010066648;1;2;1;1;4;750;19/02/2010
2010066649;1;2;1;1;4;750;19/02/2010
2010066650;1;1;1;1;6;750;19/02/2010
2010066651;5;2;1;1;7;750;20/02/2010
2010066652;5;2;1;1;3;750;20/02/2010
2010066653;1;2;1;1;2;750;21/02/2010
2010066654;5;2;1;1;7;750;22/02/2010
2010066655;1;2;1;1;3;750;23/02/2010
2010066656;1;2;1;1;7;750;24/02/2010
2010066657;1;2;1;1;5;750;24/02/2010
2010066658;2;2;1;2;2;750;25/02/2010
2010066659;1;2;4;1;2;750;27/02/2010
2010066660;1;2;1;1;6;750;01/03/2010
2010066661;5;2;1;1;4;750;01/03/2010
2010066662;1;2;1;1;6;750;02/03/2010
2010066663;1;2;1;1;4;750;02/03/2010
2010066664;5;2;1;1;4;750;02/03/2010
2010066665;2;2;1;1;3;750;03/03/2010
2010066666;5;2;4;1;6;750;04/03/2010
2010066667;1;2;1;1;4;750;04/03/2010
2010066668;1;2;1;1;4;750;04/03/2010
2010066669;1;1;1;1;3;750;05/03/2010
2010066670;1;2;1;1;4;750;05/03/2010
2010066671;1;2;4;1;3;750;05/03/2010
2010066672;1;2;1;1;6;750;05/03/2010
2010066673;5;2;1;1;4;750;05/03/2010
2010066674;5;2;1;1;3;750;05/03/2010
2010066675;3;2;1;1;4;750;08/03/2010
2010066676;2;2;1;1;3;750;09/03/2010
2010066677;1;2;1;1;2;750;10/03/2010
2010066678;5;2;1;1;6;750;10/03/2010
2010066679;1;2;1;1;4;750;11/03/2010
2010066680;1;2;1;1;4;750;11/03/2010
2010066681;1;2;1;1;2;750;13/03/2010
2010066682;1;2;1;1;3;750;13/03/2010
2010066683;1;2;1;7;3;750;15/03/2010
2010066684;1;2;1;1;7;750;15/03/2010
2010066685;1;2;1;1;6;750;15/03/2010
2010066686;1;2;1;1;3;750;16/03/2010
2010066687;5;2;1;1;4;750;16/03/2010
2010066688;5;2;1;1;3;750;16/03/2010
2010066689;1;2;1;1;3;750;17/03/2010
2010066690;1;2;1;1;2;750;17/03/2010
2010066691;5;2;1;1;2;750;17/03/2010
2010066692;1;2;1;1;3;750;18/03/2010
2010066693;5;2;1;1;4;750;18/03/2010
2010066694;5;2;1;2;4;750;21/03/2010
2010066695;1;2;1;1;3;750;21/03/2010
2010066696;1;2;1;1;3;750;22/03/2010
2010066697;1;2;1;1;3;750;22/03/2010
2010066698;1;2;1;1;2;750;23/03/2010
2010066699;1;2;1;1;2;750;23/03/2010
2010066700;1;2;4;1;6;750;23/03/2010
2010066701;5;2;1;1;6;750;23/03/2010
2010066702;1;2;1;1;6;750;24/03/2010
2010066703;1;2;1;1;6;750;25/03/2010
2010066704;1;2;1;1;6;750;25/03/2010
2010066705;1;2;1;2;3;750;25/03/2010
2010066706;1;2;1;2;4;750;25/03/2010
2010066707;1;2;1;1;6;750;27/03/2010
2010066708;5;2;1;1;2;750;28/03/2010
2010066709;1;2;1;1;2;750;29/03/2010
2010066710;1;2;4;1;2;750;29/03/2010
2010066711;5;2;1;1;6;750;30/03/2010
2010066712;5;1;1;2;6;750;30/03/2010
2010066713;1;2;1;8;3;750;30/03/2010
2010066714;1;2;1;1;2;750;30/03/2010
2010066715;1;2;1;1;4;750;30/03/2010
2010066716;5;2;1;1;6;750;31/03/2010
2010066717;1;2;1;1;4;750;31/03/2010
2010066718;5;2;1;1;3;750;31/03/2010
2010066719;1;2;1;1;7;750;01/04/2010
2010066720;1;2;4;1;6;750;01/04/2010
2010066721;1;2;1;8;7;750;02/04/2010
2010066722;5;2;1;2;3;750;02/04/2010
2010066723;1;2;1;2;2;750;03/04/2010
2010066724;1;2;1;2;6;750;04/04/2010
2010066725;1;2;1;1;3;750;04/04/2010
2010066726;5;2;1;1;6;750;05/04/2010
2010066727;1;2;1;1;3;750;05/04/2010
2010066728;1;2;1;1;2;750;06/04/2010
2010066729;1;2;1;7;7;750;06/04/2010
2010066730;1;2;1;1;3;750;07/04/2010
2010066731;1;2;1;1;2;750;08/04/2010
2010066732;1;2;1;1;3;750;09/04/2010
2010066733;1;2;1;1;2;750;09/04/2010
2010066734;1;2;1;1;4;750;09/04/2010
2010066735;1;1;1;1;4;750;10/04/2010
2010066736;1;2;1;1;7;750;10/04/2010
2010066737;4;2;1;1;2;750;11/04/2010
2010066738;1;2;1;1;2;750;11/04/2010
2010066739;1;2;4;1;3;750;11/04/2010
2010066740;1;2;1;1;4;750;12/04/2010
2010066741;1;1;1;1;2;750;12/04/2010
2010066742;1;2;1;1;2;750;12/04/2010
2010066743;1;2;1;1;2;750;12/04/2010
2010066744;1;2;1;1;4;750;13/04/2010
2010066745;1;2;1;1;3;750;13/04/2010
2010066746;1;2;1;1;3;750;14/04/2010
2010066747;1;2;1;1;4;750;14/04/2010
2010066748;5;2;1;1;6;750;14/04/2010
2010066749;3;2;1;1;6;750;15/04/2010
2010066750;1;2;1;1;2;750;15/04/2010
2010066751;1;1;1;1;2;750;15/04/2010
2010066752;1;2;1;1;6;750;16/04/2010
2010066753;1;2;1;1;3;750;17/04/2010
2010066754;1;2;1;1;4;750;19/04/2010
2010066755;1;1;4;1;3;750;19/04/2010
2010066756;1;2;1;1;4;750;06/03/2010
2010066757;1;2;1;1;3;750;06/03/2010
2010066758;5;2;1;1;4;750;07/03/2010
2010066759;3;2;1;1;4;750;06/03/2010
2010066760;1;2;1;1;4;750;20/04/2010
2010066761;1;2;1;1;3;750;07/03/2010
2010066762;1;2;1;1;3;750;20/04/2010
2010066763;1;2;4;1;2;750;07/03/2010
2010066764;5;2;1;1;2;750;21/04/2010
2010066765;1;2;1;1;3;750;21/04/2010
2010066766;1;2;1;1;4;750;21/04/2010
2010066767;1;2;1;1;2;750;21/04/2010
2010066768;5;2;1;1;2;750;21/04/2010
2010066769;1;2;1;1;3;750;22/04/2010
2010066770;1;2;1;1;3;750;22/04/2010
2010066771;1;2;1;1;3;750;23/04/2010
2010066772;1;2;1;1;4;750;23/04/2010
2010066773;1;2;1;1;2;750;23/04/2010
2010066774;1;2;1;1;7;750;23/04/2010
2010066775;1;2;1;1;2;750;23/04/2010
2010066776;1;2;1;1;7;750;23/04/2010
2010066777;5;2;1;1;6;750;23/04/2010
2010066778;5;2;4;1;3;750;24/04/2010
2010066779;1;2;1;1;2;750;26/04/2010
2010066780;1;2;1;1;3;750;26/04/2010
2010066781;1;2;1;1;6;750;26/04/2010
2010066782;1;2;1;1;2;750;26/04/2010
2010066783;1;2;1;1;2;750;26/04/2010
2010066784;1;2;1;1;3;750;27/04/2010
2010066785;1;2;1;1;2;750;27/04/2010
2010066786;1;2;1;1;6;750;27/04/2010
2010066787;1;1;1;1;2;750;27/04/2010
2010066788;2;2;1;1;3;750;27/04/2010
2010066789;1;2;4;1;3;750;28/04/2010
2010066790;1;2;1;1;3;750;28/04/2010
2010066791;1;2;1;1;2;750;29/04/2010
2010066792;1;1;1;1;2;750;29/04/2010
2010066793;5;2;1;1;6;750;30/04/2010
2010066794;1;2;1;1;3;750;30/04/2010
2010066795;2;1;1;1;3;750;30/04/2010
2010066796;1;2;1;1;3;750;30/04/2010
2010066797;5;2;1;1;6;750;01/05/2010
2010066798;1;2;1;1;6;750;01/05/2010
2010066799;1;2;1;1;2;750;02/05/2010
2010066800;1;2;1;1;4;750;03/05/2010
2010066801;1;2;1;1;3;750;03/05/2010
2010066802;1;2;1;1;3;750;03/05/2010
2010066803;1;2;1;1;3;750;04/05/2010
2010066804;1;2;1;1;3;750;05/05/2010
2010066805;1;2;1;1;7;750;06/05/2010
2010066806;1;2;1;1;3;750;06/05/2010
2010066807;1;2;1;1;2;750;06/05/2010
2010066808;1;2;1;1;3;750;06/05/2010
2010066809;1;2;1;1;4;750;06/05/2010
2010066810;1;2;1;1;4;750;07/05/2010
2010066811;1;2;1;1;7;750;07/05/2010
2010066812;1;2;1;1;3;750;07/05/2010
2010066813;1;2;1;1;2;750;07/05/2010
2010066814;5;2;4;1;4;750;08/05/2010
2010066815;5;2;1;1;3;750;08/05/2010
2010066816;1;2;1;1;4;750;08/05/2010
2010066817;1;2;1;1;2;750;09/05/2010
2010066818;1;2;1;1;4;750;09/05/2010
2010066819;1;2;1;1;2;750;10/05/2010
2010066820;1;2;1;1;3;750;10/05/2010
2010066821;1;2;4;1;2;750;10/05/2010
2010066822;1;2;1;1;3;750;10/05/2010
2010066823;1;2;1;1;3;750;10/05/2010
2010066824;5;2;1;2;7;750;11/05/2010
2010066825;1;2;1;2;7;750;11/05/2010
2010066826;1;2;1;2;4;750;11/05/2010
2010066827;5;2;1;1;2;750;11/05/2010
2010066828;1;2;1;1;3;750;12/05/2010
2010066829;1;1;1;1;6;750;12/05/2010
2010066830;5;2;1;1;6;750;12/05/2010
2010066831;1;2;1;2;2;750;14/05/2010
2010066832;1;2;1;1;6;750;15/05/2010
2010066833;1;2;1;1;3;750;15/05/2010
2010066834;2;2;1;1;6;750;16/05/2010
2010066835;1;1;1;1;2;750;17/05/2010
2010066836;1;2;1;1;2;750;17/05/2010
2010066837;1;2;1;1;3;750;17/05/2010
2010066838;1;2;1;1;6;750;18/05/2010
2010066839;5;2;1;1;2;750;18/05/2010
2010066840;5;2;1;1;2;750;18/05/2010
2010066841;2;2;1;1;6;750;19/05/2010
2010066842;1;2;1;1;2;750;19/05/2010
2010066843;1;2;1;1;2;750;19/05/2010
2010066844;1;2;1;1;2;750;19/05/2010
2010066845;1;2;1;1;2;750;19/05/2010
2010066846;1;2;1;1;3;750;19/05/2010
2010066847;1;2;1;1;3;750;20/05/2010
2010066848;1;1;1;1;3;750;20/05/2010
2010066849;1;2;1;1;4;750;20/05/2010
2010066850;1;2;1;1;3;750;20/05/2010
2010066851;1;2;1;1;2;750;20/05/2010
2010066852;1;2;1;1;2;750;20/05/2010
2010066853;1;2;1;1;2;750;21/05/2010
2010066854;1;2;1;1;2;750;21/05/2010
2010066855;1;2;1;1;4;750;21/05/2010
2010066856;1;2;1;1;3;750;22/05/2010
2010066857;1;1;1;1;3;750;22/05/2010
2010066858;1;2;1;1;2;750;23/05/2010
2010066859;1;1;1;1;3;750;23/05/2010
2010066860;1;2;1;1;4;750;25/05/2010
2010066861;1;2;1;1;3;750;25/05/2010
2010066862;5;2;1;1;6;750;26/05/2010
2010066863;1;2;1;8;4;750;26/05/2010
2010066864;1;2;1;1;7;750;26/05/2010
2010066865;1;2;1;8;6;750;26/05/2010
2010066866;1;2;1;3;2;750;27/05/2010
2010066867;1;2;1;1;3;750;28/05/2010
2010066868;1;2;1;1;3;750;28/05/2010
2010066869;1;2;1;1;2;750;28/05/2010
2010066870;1;2;1;1;3;750;28/05/2010
2010066871;1;2;1;1;4;750;28/05/2010
2010066872;1;2;1;1;2;750;29/05/2010
2010066873;1;2;1;8;2;750;30/05/2010
2010066874;2;2;1;1;4;750;30/05/2010
2010066875;1;1;1;1;3;750;31/05/2010
2010066876;1;2;1;1;4;750;31/05/2010
2010066877;1;2;1;2;4;750;01/06/2010
2010066878;1;2;1;1;2;750;02/06/2010
2010066879;1;2;1;1;3;750;02/06/2010
2010066880;1;2;1;1;6;750;03/06/2010
2010066881;1;2;1;1;3;750;04/06/2010
2010066882;1;2;1;1;2;750;04/06/2010
2010066883;5;2;4;1;3;750;04/06/2010
2010066884;1;2;1;1;2;750;05/06/2010
2010066885;1;2;1;1;3;750;05/06/2010
2010066886;1;2;1;1;4;750;05/06/2010
2010066887;1;2;1;1;2;750;06/06/2010
2010066888;1;2;4;1;3;750;06/06/2010
2010066889;2;2;1;1;4;750;06/06/2010
2010066890;1;2;1;1;3;750;07/06/2010
2010066891;1;2;2;1;3;750;07/06/2010
2010066892;1;2;1;1;3;750;07/06/2010
2010066893;1;2;1;1;4;750;07/06/2010
2010066894;5;2;1;1;6;750;08/06/2010
2010066895;1;2;1;1;2;750;08/06/2010
2010066896;1;2;1;1;4;750;08/06/2010
2010066897;1;2;1;1;3;750;08/06/2010
2010066898;1;2;1;8;3;750;09/06/2010
2010066899;1;2;1;1;2;750;09/06/2010
2010066900;1;2;1;1;4;750;09/06/2010
2010066901;1;2;1;2;3;750;10/06/2010
2010066902;5;2;1;1;6;750;11/06/2010
2010066903;1;2;4;1;3;750;11/06/2010
2010066904;1;2;1;1;3;750;11/06/2010
2010066905;5;2;1;3;6;750;12/06/2010
2010066906;5;2;4;3;3;750;12/06/2010
2010066907;1;2;1;1;4;750;12/06/2010
2010066908;5;2;1;1;4;750;13/06/2010
2010066909;5;2;1;1;3;750;14/06/2010
2010066910;1;2;1;1;7;750;14/06/2010
2010066911;1;2;1;1;4;750;14/06/2010
2010066912;1;2;1;1;4;750;14/06/2010
2010066913;1;2;1;1;3;750;14/06/2010
2010066914;1;2;1;1;2;750;15/06/2010
2010066915;1;1;1;1;2;750;15/06/2010
2010066916;1;2;1;1;6;750;15/06/2010
2010066917;1;1;1;1;3;750;16/06/2010
2010066918;1;2;1;1;3;750;18/06/2010
2010066919;1;2;1;1;3;750;18/06/2010
2010066920;5;2;1;1;7;750;19/06/2010
2010066921;1;1;1;1;6;750;20/06/2010
2010066922;2;2;1;1;6;750;21/06/2010
2010066923;1;2;1;1;4;750;21/06/2010
2010066924;1;2;1;1;4;750;22/06/2010
2010066925;1;2;4;1;6;750;22/06/2010
2010066926;1;2;4;1;3;750;22/06/2010
2010066927;1;2;1;1;2;750;23/06/2010
2010066928;1;2;1;1;2;750;24/06/2010
2010066929;1;2;1;1;3;750;24/06/2010
2010066930;1;2;1;1;2;750;24/06/2010
2010066931;1;2;1;1;2;750;24/06/2010
2010066932;2;2;1;1;6;750;24/06/2010
2010066933;1;2;1;1;2;750;25/06/2010
2010066934;1;2;1;1;7;750;25/06/2010
2010066935;1;2;1;1;3;750;25/06/2010
2010066936;1;2;1;1;3;750;25/06/2010
2010066937;5;2;1;1;2;750;25/06/2010
2010066938;5;2;1;1;4;750;26/06/2010
2010066939;3;2;1;1;6;750;26/06/2010
2010066940;1;1;1;1;2;750;26/06/2010
2010066941;5;2;1;1;3;750;26/06/2010
2010066942;1;2;1;1;4;750;26/06/2010
2010066943;5;2;4;1;2;750;27/06/2010
2010066944;1;2;1;1;4;750;27/06/2010
2010066945;5;2;1;1;2;750;28/06/2010
2010066946;1;2;1;1;4;750;28/06/2010
2010066947;1;2;1;1;3;750;29/06/2010
2010066948;1;2;4;1;3;750;29/06/2010
2010066949;1;2;1;1;3;750;29/06/2010
2010066950;1;2;1;1;2;750;29/06/2010
2010066951;1;2;1;1;3;750;30/06/2010
2010066952;1;2;1;1;4;750;30/06/2010
2010066953;1;2;1;1;4;750;30/06/2010
2010066954;1;2;1;1;3;750;30/06/2010
2010066955;1;2;1;1;7;750;30/06/2010
2010066956;1;2;1;1;3;750;01/07/2010
2010066957;1;2;1;1;2;750;01/07/2010
2010066958;1;2;1;1;3;750;01/07/2010
2010066959;1;2;1;1;3;750;01/07/2010
2010066960;1;2;1;1;3;750;02/07/2010
2010066961;1;2;1;1;7;750;03/07/2010
2010066962;1;2;1;1;2;750;04/07/2010
2010066963;1;2;1;1;4;750;04/07/2010
2010066964;1;2;1;1;2;750;04/07/2010
2010066965;1;2;1;1;4;750;04/07/2010
2010066966;1;2;1;1;3;750;05/07/2010
2010066967;1;2;1;1;2;750;05/07/2010
2010066968;1;2;1;1;3;750;05/07/2010
2010066969;1;2;1;1;7;750;07/07/2010
2010066970;1;2;1;1;3;750;07/07/2010
2010066971;5;2;1;1;3;750;09/07/2010
2010066972;5;2;1;1;4;750;12/07/2010
2010066973;1;2;1;1;7;750;12/07/2010
2010066974;1;2;1;1;2;750;12/07/2010
2010066975;5;2;1;1;4;750;12/07/2010
2010066976;1;2;1;1;3;750;13/07/2010
2010066977;1;2;1;1;2;750;13/07/2010
2010066978;1;2;4;8;6;750;14/07/2010
2010066979;5;2;1;1;3;750;15/07/2010
2010066980;1;2;1;1;2;750;16/07/2010
2010066981;1;2;1;1;6;750;13/07/2010
2010066982;5;2;1;1;6;750;16/07/2010
2010066983;1;2;1;1;2;750;16/07/2010
2010066984;5;2;4;1;6;750;18/07/2010
2010066985;5;2;1;1;6;750;18/07/2010
2010066986;1;2;1;1;3;750;19/07/2010
2010066987;1;2;1;1;2;750;20/07/2010
2010066988;1;2;1;1;2;750;20/07/2010
2010066989;1;2;4;1;6;750;20/07/2010
2010066990;1;2;1;1;2;750;21/07/2010
2010066991;1;2;1;1;4;750;21/07/2010
2010066992;1;2;1;1;7;750;19/07/2010
2010066993;1;2;1;1;3;750;19/07/2010
2010066994;2;2;1;1;2;750;19/07/2010
2010066995;1;2;1;2;2;750;21/07/2010
2010066996;1;2;1;1;2;750;25/07/2010
2010066997;1;2;1;1;4;750;25/07/2010
2010066998;1;2;1;1;3;750;26/07/2010
2010066999;1;2;1;1;4;750;28/07/2010
2010067000;1;2;1;1;4;750;28/07/2010
2010067001;1;2;1;1;3;750;29/07/2010
2010067002;1;2;1;1;7;750;30/07/2010
2010067003;5;2;4;1;6;750;01/08/2010
2010067004;1;2;1;1;3;750;02/08/2010
2010067005;1;2;1;8;6;750;02/08/2010
2010067006;1;2;1;1;3;750;02/08/2010
2010067007;1;2;1;1;4;750;03/08/2010
2010067008;1;2;1;1;3;750;03/08/2010
2010067009;2;2;1;1;6;750;04/08/2010
2010067010;1;2;1;1;4;750;02/08/2010
2010067011;2;2;1;1;4;750;06/08/2010
2010067012;1;2;1;1;6;750;06/08/2010
2010067013;1;2;1;1;7;750;06/08/2010
2010067014;5;2;1;1;7;750;08/08/2010
2010067015;1;2;1;1;2;750;09/08/2010
2010067016;1;2;1;1;4;750;09/08/2010
2010067017;5;2;4;1;6;750;09/08/2010
2010067018;1;2;1;1;6;750;10/08/2010
2010067019;1;2;4;1;7;750;10/08/2010
2010067020;5;2;1;2;4;750;10/08/2010
2010067021;1;2;1;1;4;750;11/08/2010
2010067022;1;2;1;1;4;750;11/08/2010
2010067023;1;2;1;2;6;750;11/08/2010
2010067024;1;2;1;1;6;750;12/08/2010
2010067025;1;2;1;1;3;750;12/08/2010
2010067026;5;2;1;1;6;750;13/08/2010
2010067027;1;2;1;1;2;750;13/08/2010
2010067028;1;2;1;3;6;750;15/08/2010
2010067029;1;2;1;2;6;750;15/08/2010
2010067030;1;2;1;3;6;750;16/08/2010
2010067031;1;2;1;3;6;750;16/08/2010
2010067032;1;2;1;1;7;750;17/08/2010
2010067033;1;2;1;2;7;750;18/08/2010
2010067034;1;2;1;2;7;750;18/08/2010
2010067035;1;2;1;1;7;750;18/08/2010
2010067036;5;2;1;1;2;750;20/08/2010
2010067037;1;2;1;1;6;750;20/08/2010
2010067038;1;2;1;1;2;750;22/08/2010
2010067039;1;2;1;1;6;750;22/08/2010
2010067040;1;2;1;1;6;750;23/08/2010
2010067041;1;2;1;2;2;750;23/08/2010
2010067042;1;2;1;1;2;750;24/08/2010
2010067043;1;2;1;1;6;750;24/08/2010
2010067044;5;2;1;1;6;750;25/08/2010
2010067045;1;2;1;1;2;750;26/08/2010
2010067046;1;2;1;1;4;750;27/08/2010
2010067047;1;2;1;1;3;750;30/08/2010
2010067048;1;2;1;1;3;750;30/08/2010
2010067049;1;2;1;1;2;750;31/08/2010
2010067050;1;2;1;1;2;750;31/08/2010
2010067051;1;2;1;1;7;750;01/09/2010
2010067052;1;2;1;1;4;750;01/09/2010
2010067053;1;2;1;1;6;750;02/09/2010
2010067054;1;2;1;1;2;750;03/09/2010
2010067055;1;2;1;1;7;750;03/09/2010
2010067056;1;2;1;1;6;750;03/09/2010
2010067057;1;2;1;1;4;750;03/09/2010
2010067058;1;2;1;1;2;750;03/09/2010
2010067059;1;2;1;1;4;750;03/09/2010
2010067060;1;2;1;1;2;750;03/09/2010
2010067061;5;2;1;1;4;750;04/09/2010
2010067062;1;2;1;1;3;750;06/09/2010
2010067063;3;2;1;2;6;750;06/09/2010
2010067064;1;2;1;1;3;750;07/09/2010
2010067065;1;2;1;2;6;750;08/09/2010
2010067066;2;2;1;1;4;750;09/09/2010
2010067067;1;2;1;3;4;750;08/09/2010
2010067068;1;2;1;1;4;750;10/09/2010
2010067069;1;2;1;1;2;750;10/09/2010
2010067070;1;2;1;1;2;750;10/09/2010