num_acc;lum;agg;inter;atm;col;dep;date
2010067071;5;2;1;1;6;750;10/09/2010
2010067072;2;2;4;1;4;750;11/09/2010
2010067073;1;2;4;1;6;750;11/09/2010
2010067074;5;2;1;1;3;750;11/09/2010
2010067075;1;2;1;1;4;750;09/09/2010
2010067076;5;2;4;1;3;750;12/09/2010
2010067077;1;2;1;1;2;750;09/09/2010
2010067078;1;2;1;1;3;750;15/09/2010
2010067079;1;2;1;1;4;750;15/09/2010
2010067080;1;2;1;1;3;750;16/09/2010
2010067081;1;2;1;1;2;750;16/09/2010
2010067082;1;2;1;1;2;750;16/09/2010
2010067083;1;2;1;1;4;750;16/09/2010
2010067084;1;2;1;1;2;750;17/09/2010
2010067085;1;2;1;1;2;750;17/09/2010
2010067086;1;2;1;1;4;750;16/09/2010
2010067087;1;2;1;1;2;750;17/09/2010
2010067088;1;2;1;1;2;750;17/09/2010
2010067089;1;2;1;8;7;750;16/09/2010
2010067090;1;2;1;1;2;750;17/09/2010
2010067091;1;2;1;1;2;750;17/09/2010
2010067092;1;2;1;1;4;750;17/09/2010
2010067093;1;2;1;1;2;750;18/09/2010
2010067094;1;2;1;1;4;750;18/09/2010
2010067095;1;2;1;1;2;750;19/09/2010
2010067096;1;2;1;1;2;750;20/09/2010
2010067097;1;2;4;1;2;750;20/09/2010
2010067098;5;2;4;1;6;750;21/09/2010
2010067099;1;2;1;1;2;750;20/09/2010
2010067100;1;2;1;1;3;750;21/09/2010
2010067101;1;2;1;1;2;750;22/09/2010
2010067102;1;2;1;1;2;750;22/09/2010
2010067103;1;2;1;1;3;750;22/09/2010
2010067104;1;2;1;1;3;750;21/09/2010
2010067105;5;2;1;1;2;750;22/09/2010
2010067106;1;2;1;1;2;750;23/09/2010
2010067107;1;2;1;1;4;750;23/09/2010
2010067108;5;2;1;1;2;750;23/09/2010
2010067109;1;2;1;1;2;750;24/09/2010
2010067110;1;2;1;1;2;750;24/09/2010
2010067111;1;2;1;2;6;750;24/09/2010
2010067112;1;2;4;3;3;750;24/09/2010
2010067113;1;2;1;1;3;750;24/09/2010
2010067114;1;2;4;2;2;750;24/09/2010
2010067115;5;2;1;1;4;750;24/09/2010
2010067116;1;2;1;1;3;750;25/09/2010
2010067117;1;2;1;1;7;750;25/09/2010
2010067118;5;2;1;3;3;750;27/09/2010
2010067119;3;2;1;2;6;750;27/09/2010
2010067120;1;2;1;1;2;750;27/09/2010
2010067121;1;2;1;2;7;750;28/09/2010
2010067122;1;2;1;1;7;750;28/09/2010
2010067123;1;2;4;1;4;750;29/09/2010
2010067124;1;2;1;1;2;750;01/10/2010
2010067125;5;2;1;2;2;750;01/10/2010
2010067126;2;2;1;2;6;750;02/10/2010
2010067127;1;2;1;1;4;750;02/10/2010
2010067128;5;2;4;1;3;750;03/10/2010
2010067129;5;2;1;1;2;750;03/10/2010
2010067130;1;2;1;1;6;750;05/10/2010
2010067131;1;2;1;1;7;750;05/10/2010
2010067132;5;2;1;2;3;750;06/10/2010
2010067133;2;2;1;1;6;750;07/10/2010
2010067134;2;2;1;1;4;750;07/10/2010
2010067135;1;2;1;1;4;750;07/10/2010
2010067136;1;2;1;1;4;750;07/10/2010
2010067137;1;2;1;1;6;750;07/10/2010
2010067138;1;2;1;1;3;750;08/10/2010
2010067139;5;2;4;1;2;750;08/10/2010
2010067140;5;2;1;1;2;750;08/10/2010
2010067141;1;2;1;1;3;750;09/10/2010
2010067142;1;2;1;1;3;750;09/10/2010
2010067143;5;2;1;1;6;750;09/10/2010
2010067144;5;2;1;1;6;750;09/10/2010
2010067145;1;2;1;1;4;750;10/10/2010
2010067146;1;2;1;1;2;750;10/10/2010
2010067147;1;2;1;1;2;750;11/10/2010
2010067148;1;2;1;1;4;750;11/10/2010
2010067149;1;2;4;1;7;750;12/10/2010
2010067150;1;2;1;1;4;750;13/10/2010
2010067151;5;2;1;1;4;750;13/10/2010
2010067152;5;2;1;1;7;750;14/10/2010
2010067153;5;2;1;1;4;750;15/10/2010
2010067154;2;2;1;1;2;750;15/10/2010
2010067155;1;2;1;1;3;750;15/10/2010
2010067156;1;2;1;1;2;750;15/10/2010
2010067157;1;2;1;1;3;750;15/10/2010
2010067158;5;2;1;2;7;750;15/10/2010
2010067159;1;2;1;1;4;750;16/10/2010
2010067160;1;2;1;1;4;750;16/10/2010
2010067161;1;2;1;1;3;750;16/10/2010
2010067162;1;2;1;8;4;750;16/10/2010
2010067163;5;2;1;1;6;750;17/10/2010
2010067164;5;2;1;1;3;750;17/10/2010
2010067165;5;2;1;1;3;750;17/10/2010
2010067166;4;2;1;1;7;750;18/10/2010
2010067167;1;2;1;1;6;750;18/10/2010
2010067168;1;2;1;1;2;750;18/10/2010
2010067169;1;2;1;1;6;750;19/10/2010
2010067170;5;2;1;1;2;750;19/10/2010
2010067171;5;2;1;1;4;750;22/10/2010
2010067172;1;2;1;1;7;750;22/10/2010
2010067173;1;2;1;1;2;750;22/10/2010
2010067174;1;2;1;1;4;750;22/10/2010
2010067175;5;2;1;1;3;750;22/10/2010
2010067176;1;2;1;8;7;750;23/10/2010
2010067177;1;2;1;1;4;750;24/10/2010
2010067178;5;2;4;1;6;750;24/10/2010
2010067179;1;2;1;1;2;750;25/10/2010
2010067180;1;2;4;1;2;750;25/10/2010
2010067181;5;2;1;1;4;750;25/10/2010
2010067182;1;2;1;1;2;750;26/10/2010
2010067183;1;2;1;1;2;750;27/10/2010
2010067184;1;2;1;1;2;750;27/10/2010
2010067185;5;2;1;1;4;750;27/10/2010
2010067186;1;2;1;1;6;750;28/10/2010
2010067187;1;2;1;1;7;750;29/10/2010
2010067188;1;2;1;1;3;750;29/10/2010
2010067189;1;2;1;1;4;750;29/10/2010
2010067190;2;2;1;1;3;750;29/10/2010
2010067191;5;2;1;1;4;750;29/10/2010
2010067192;1;2;1;1;4;750;30/10/2010
2010067193;4;2;1;1;4;750;31/10/2010
2010067194;1;2;1;1;2;750;02/11/2010
2010067195;1;2;4;1;3;750;03/11/2010
2010067196;1;2;1;1;3;750;04/11/2010
2010067197;1;2;1;1;3;750;04/11/2010
2010067198;1;2;1;1;2;750;04/11/2010
2010067199;1;2;1;1;4;750;05/11/2010
2010067200;1;2;1;1;6;750;05/11/2010
2010067201;1;2;1;1;6;750;05/11/2010
2010067202;1;2;1;2;6;750;06/11/2010
2010067203;1;2;1;2;6;750;06/11/2010
2010067204;5;2;1;3;4;750;06/11/2010
2010067205;5;2;1;2;6;750;07/11/2010
2010067206;4;2;1;3;6;750;07/11/2010
2010067207;1;2;1;3;4;750;07/11/2010
2010067208;5;2;1;8;2;750;07/11/2010
2010067209;5;2;1;8;4;750;07/11/2010
2010067210;5;2;1;8;2;750;08/11/2010
2010067211;1;2;1;2;6;750;09/11/2010
2010067212;1;2;1;2;4;750;09/11/2010
2010067213;1;2;1;2;3;750;10/11/2010
2010067214;1;2;1;2;2;750;10/11/2010
2010067215;5;2;1;2;7;750;11/11/2010
2010067216;5;2;4;2;6;750;11/11/2010
2010067217;5;2;1;1;6;750;13/11/2010
2010067218;1;2;1;2;6;750;13/11/2010
2010067219;1;2;1;1;3;750;15/11/2010
2010067220;5;2;1;1;3;750;16/11/2010
2010067221;5;2;1;1;6;750;17/11/2010
2010067222;5;2;1;1;7;750;17/11/2010
2010067223;4;2;1;1;3;750;18/11/2010
2010067224;1;2;1;1;3;750;18/11/2010
2010067225;1;2;1;1;2;750;18/11/2010
2010067226;1;2;1;1;6;750;18/11/2010
2010067227;1;2;1;1;3;750;19/11/2010
2010067228;1;2;4;1;7;750;19/11/2010
2010067229;1;2;1;1;3;750;19/11/2010
2010067230;1;2;1;1;2;750;20/11/2010
2010067231;5;2;1;1;3;750;20/11/2010
2010067232;2;2;1;2;6;750;21/11/2010
2010067233;1;2;1;2;6;750;21/11/2010
2010067234;1;2;1;2;2;750;21/11/2010
2010067235;2;2;1;2;4;750;21/11/2010
2010067236;2;2;1;2;3;750;22/11/2010
2010067237;1;2;1;1;3;750;23/11/2010
2010067238;5;2;1;1;3;750;23/11/2010
2010067239;3;2;1;2;6;750;24/11/2010
2010067240;1;2;3;1;5;750;24/11/2010
2010067241;1;2;1;1;7;750;24/11/2010
2010067242;1;2;4;1;3;750;24/11/2010
2010067243;5;2;1;2;3;750;24/11/2010
2010067244;5;2;1;2;5;750;25/11/2010
2010067245;1;2;1;1;3;750;25/11/2010
2010067246;1;2;1;2;2;750;25/11/2010
2010067247;5;2;4;1;6;750;25/11/2010
2010067248;3;2;1;8;2;750;25/11/2010
2010067249;5;2;4;1;2;750;25/11/2010
2010067250;5;2;1;1;2;750;26/11/2010
2010067251;5;2;1;1;6;750;28/11/2010
2010067252;5;2;4;1;6;750;28/11/2010
2010067253;1;2;1;1;7;750;30/11/2010
2010067254;5;2;1;1;4;750;30/11/2010
2010067255;5;2;1;1;4;750;30/11/2010
2010067256;1;2;1;4;3;750;01/12/2010
2010067257;5;2;1;1;2;750;03/12/2010
2010067258;5;2;1;1;1;750;04/12/2010
2010067259;1;2;1;2;3;750;05/12/2010
2010067260;1;2;1;2;6;750;06/12/2010
2010067261;1;2;4;1;6;750;06/12/2010
2010067262;1;2;1;1;2;750;06/12/2010
2010067263;2;2;1;2;3;750;07/12/2010
2010067264;1;2;1;1;3;750;10/12/2010
2010067265;2;2;1;1;4;750;12/12/2010
2010067266;1;2;1;1;3;750;13/12/2010
2010067267;5;2;1;1;6;750;13/12/2010
2010067268;1;2;1;1;3;750;14/12/2010
2010067269;1;2;1;1;4;750;14/12/2010
2010067270;5;2;1;1;6;750;16/12/2010
2010067271;1;2;1;1;7;750;17/12/2010
2010067272;1;2;1;1;6;750;17/12/2010
2010067273;5;2;1;4;6;750;19/12/2010
2010067274;5;2;1;1;6;750;19/12/2010
2010067275;5;2;4;2;4;750;20/12/2010
2010067276;1;2;1;8;3;750;21/12/2010
2010067277;1;2;1;1;2;750;21/12/2010
2010067278;5;2;1;1;3;750;21/12/2010
2010067279;1;2;1;1;4;750;22/12/2010
2010067280;1;2;1;1;6;750;22/12/2010
2010067281;1;2;1;2;3;750;22/12/2010
2010067282;5;2;1;1;7;750;27/12/2010
2010067283;5;2;1;1;7;750;28/12/2010
2010067284;5;2;1;1;6;750;29/12/2010
2010067285;5;2;1;1;6;750;29/12/2010
2010067286;1;2;1;1;6;750;30/12/2010
2010067287;1;2;4;8;6;750;30/12/2010
2010067288;5;2;1;1;4;750;31/12/2010
2010067289;2;2;1;1;6;972;23/01/2010
2010067290;4;1;1;1;1;972;03/05/2010
2010067291;5;2;9;1;6;972;15/05/2010
2010067292;1;2;6;3;7;972;22/06/2010
2010067293;5;2;1;2;6;972;11/07/2010
2010067294;1;2;1;1;6;972;26/10/2010
2010067295;1;2;1;1;6;972;26/11/2010
2010067296;5;1;1;2;3;972;04/05/2010
2010067297;3;1;1;1;2;972;14/10/2010
2010067298;1;1;1;1;7;972;10/05/2010
2010067299;1;1;1;1;3;972;05/05/2010
2010067300;1;1;1;1;7;972;16/05/2010
2010067301;1;1;1;1;5;972;29/06/2010
2010067302;1;1;1;1;1;972;13/07/2010
2010067303;1;1;1;3;3;972;08/08/2010
2010067304;1;1;1;1;3;972;03/09/2010
2010067305;1;2;1;1;6;972;04/09/2010
2010067306;1;1;1;8;7;972;10/09/2010
2010067307;1;1;1;1;3;972;16/09/2010
2010067308;1;1;1;2;3;972;09/10/2010
2010067309;1;2;1;1;1;972;05/12/2010
2010067310;1;1;1;1;3;972;19/12/2010
2010067311;3;2;1;1;1;972;23/04/2010
2010067312;5;2;1;1;3;972;13/05/2010
2010067313;3;1;1;2;1;972;12/06/2010
2010067314;1;1;1;2;1;972;09/09/2010
2010067315;3;1;1;8;7;972;06/12/2010
2010067316;5;2;1;3;7;972;25/12/2010
2010067317;5;2;1;1;3;972;11/07/2010
2010067318;1;2;1;1;7;972;14/10/2010
2010067319;1;2;1;3;1;972;28/11/2010
2010067320;3;1;1;1;7;972;13/01/2010
2010067321;2;2;1;1;3;972;15/01/2010
2010067322;1;2;1;1;6;972;28/01/2010
2010067323;3;1;1;1;7;972;24/02/2010
2010067324;1;1;1;1;4;972;05/03/2010
2010067325;1;1;1;1;6;972;18/04/2010
2010067326;1;2;1;1;6;972;02/05/2010
2010067327;3;2;1;1;1;972;06/05/2010
2010067328;5;2;1;1;6;972;04/09/2010
2010067329;2;1;1;1;6;972;29/10/2010
2010067330;1;1;1;1;1;972;28/12/2010
2010067331;3;1;1;1;6;972;31/12/2010
2010067332;3;1;1;1;2;972;24/01/2010
2010067333;1;1;1;1;5;972;27/02/2010
2010067334;1;2;3;1;3;972;23/03/2010
2010067335;1;2;1;1;6;972;10/05/2010
2010067336;3;1;1;1;3;972;03/07/2010
2010067337;5;2;1;1;1;972;02/08/2010
2010067338;5;2;1;1;6;972;06/08/2010
2010067339;1;2;1;1;6;972;17/08/2010
2010067340;1;2;1;3;1;972;20/08/2010
2010067341;1;2;1;1;6;972;14/09/2010
2010067342;1;1;1;1;2;972;09/10/2010
2010067343;1;2;2;1;1;972;16/11/2010
2010067344;1;2;1;1;3;972;30/04/2010
2010067345;1;2;3;3;3;972;09/06/2010
2010067346;1;2;1;1;3;972;17/11/2010
2010067347;1;1;1;1;6;972;06/02/2010
2010067348;1;2;6;1;6;972;16/04/2010
2010067349;3;1;1;1;7;972;13/12/2010
2010067350;1;1;1;1;7;972;23/12/2010
2010067351;1;1;1;7;6;972;17/02/2010
2010067352;1;2;1;1;6;972;14/04/2010
2010067353;3;1;1;1;7;972;05/06/2010
2010067354;3;1;1;1;7;972;12/08/2010
2010067355;5;2;1;1;1;972;27/12/2010
2010067356;3;1;1;1;5;972;30/01/2010
2010067357;1;2;1;1;3;972;12/02/2010
2010067358;1;1;1;1;1;972;17/02/2010
2010067359;1;1;1;1;7;972;01/09/2010
2010067360;1;2;1;1;6;972;20/09/2010
2010067361;1;2;1;1;6;972;13/12/2010
2010067362;1;2;1;1;1;972;06/02/2010
2010067363;2;2;1;1;1;972;20/03/2010
2010067364;1;2;1;1;1;972;22/04/2010
2010067365;1;1;1;2;5;972;25/07/2010
2010067366;1;2;1;1;3;972;03/09/2010
2010067367;3;1;1;1;1;972;29/09/2010
2010067368;5;1;1;1;5;972;07/11/2010
2010067369;1;1;1;1;2;972;14/11/2010
2010067370;3;1;1;1;2;972;01/03/2010
2010067371;2;1;1;2;6;972;17/04/2010
2010067372;3;1;1;1;1;972;23/04/2010
2010067373;3;2;1;1;1;972;17/02/2010
2010067374;1;2;1;1;3;972;04/04/2010
2010067375;3;1;1;8;6;972;17/04/2010
2010067376;1;1;1;3;3;972;30/10/2010
2010067377;5;2;1;1;3;972;29/11/2010
2010067378;3;1;1;1;6;972;14/05/2010
2010067379;3;1;1;1;1;972;03/07/2010
2010067380;1;1;1;1;5;972;18/07/2010
2010067381;3;1;1;1;1;972;19/08/2010
2010067382;1;1;1;1;1;972;24/08/2010
2010067383;3;1;1;1;1;972;03/09/2010
2010067384;1;1;1;1;2;972;16/09/2010
2010067385;1;1;1;3;6;972;09/10/2010
2010067386;1;1;1;1;3;972;03/12/2010
2010067387;3;1;1;1;6;972;07/12/2010
2010067388;1;1;1;1;7;972;19/12/2010
2010067389;3;1;1;1;3;972;19/12/2010
2010067390;5;1;1;1;6;972;04/01/2010
2010067391;2;1;1;1;3;972;22/02/2010
2010067392;1;2;1;1;3;972;09/03/2010
2010067393;5;2;1;1;7;972;11/05/2010
2010067394;1;1;1;1;3;972;12/05/2010
2010067395;4;2;1;1;3;972;13/06/2010
2010067396;1;2;1;1;3;972;04/08/2010
2010067397;1;1;1;1;1;972;03/09/2010
2010067398;1;2;1;1;6;972;14/10/2010
2010067399;1;2;1;1;3;972;06/11/2010
2010067400;1;2;1;1;6;972;16/11/2010
2010067401;5;2;6;1;6;972;04/12/2010
2010067402;3;1;1;3;5;972;18/12/2010
2010067403;1;1;1;1;3;972;21/12/2010
2010067404;1;2;1;1;1;972;09/01/2010
2010067405;5;1;1;1;6;972;06/02/2010
2010067406;3;1;1;1;6;972;24/04/2010
2010067407;3;1;1;1;7;972;19/05/2010
2010067408;1;2;1;1;1;972;05/09/2010
2010067409;1;1;1;1;1;972;27/09/2010
2010067410;1;1;1;1;3;972;10/11/2010
2010067411;4;1;1;1;3;972;13/01/2010
2010067412;5;2;1;1;1;972;24/04/2010
2010067413;5;1;1;1;1;972;13/05/2010
2010067414;1;1;1;7;2;972;18/05/2010
2010067415;3;1;1;1;3;972;14/07/2010
2010067416;1;2;1;1;6;972;26/09/2010
2010067417;3;1;1;1;1;972;02/10/2010
2010067418;3;1;1;1;3;972;12/11/2010
2010067419;1;2;1;1;1;972;18/02/2010
2010067420;5;1;1;1;7;972;26/03/2010
2010067421;5;2;1;1;6;972;17/04/2010
2010067422;1;1;1;1;2;972;13/05/2010
2010067423;1;1;1;1;5;972;11/06/2010
2010067424;3;2;1;1;7;972;03/07/2010
2010067425;1;1;1;1;3;972;05/07/2010
2010067426;1;1;1;1;2;972;11/07/2010
2010067427;5;2;1;1;1;972;11/08/2010
2010067428;1;1;1;1;6;972;01/09/2010
2010067429;1;1;1;1;1;972;04/09/2010
2010067430;1;1;1;1;1;972;08/10/2010
2010067431;3;1;1;1;1;972;16/10/2010
2010067432;1;1;1;1;6;972;18/09/2010
2010067433;1;1;1;1;1;972;21/10/2010
2010067434;1;1;1;1;6;972;12/11/2010
2010067435;1;1;1;1;7;972;15/11/2010
2010067436;3;1;1;1;1;972;10/12/2010
2010067437;1;2;1;1;2;972;10/12/2010
2010067438;3;1;1;1;6;972;23/12/2010
2010067439;1;1;1;1;1;972;23/03/2010
2010067440;5;2;1;1;6;972;27/06/2010
2010067441;5;2;1;1;7;972;18/07/2010
2010067442;1;2;1;1;6;972;16/09/2010
2010067443;3;1;1;9;7;972;05/11/2010
2010067444;3;1;1;1;1;972;04/12/2010
2010067445;5;2;1;1;7;971;14/03/2010
2010067446;1;1;1;1;1;971;03/05/2010
2010067447;1;2;1;1;6;971;22/05/2010
2010067448;3;1;1;1;1;971;06/06/2010
2010067449;1;2;1;1;3;971;14/06/2010
2010067450;1;1;1;1;6;971;23/06/2010
2010067451;1;2;1;1;3;971;19/09/2010
2010067452;1;1;1;1;5;971;19/10/2010
2010067453;1;1;1;1;1;971;21/10/2010
2010067454;1;1;1;1;3;971;27/04/2010
2010067455;1;1;1;1;7;971;20/11/2010
2010067456;3;1;1;1;1;971;07/12/2010
2010067457;5;2;1;1;3;971;03/02/2010
2010067458;3;1;1;1;1;971;03/04/2010
2010067459;5;1;9;1;1;971;24/08/2010
2010067460;1;1;1;1;5;971;10/10/2010
2010067461;1;2;1;1;7;971;08/11/2010
2010067462;2;2;1;1;3;971;07/12/2010
2010067463;3;1;1;2;6;971;30/01/2010
2010067464;2;2;1;1;6;971;10/03/2010
2010067465;3;2;1;1;6;971;28/10/2010
2010067466;2;1;1;1;6;971;14/02/2010
2010067467;1;2;1;8;5;971;08/08/2010
2010067468;2;1;1;1;6;971;08/01/2010
2010067469;1;2;1;1;7;971;10/01/2010
2010067470;3;1;1;1;6;971;16/01/2010
2010067471;4;1;1;1;3;971;07/03/2010
2010067472;3;1;1;1;6;971;20/03/2010
2010067473;1;1;1;2;1;971;20/05/2010
2010067474;1;1;1;1;6;971;27/05/2010
2010067475;3;1;1;2;6;971;04/06/2010
2010067476;3;1;1;3;6;971;19/06/2010
2010067477;1;1;1;1;1;971;21/06/2010
2010067478;1;1;1;1;7;971;07/07/2010
2010067479;5;1;1;1;7;971;09/09/2010
2010067480;2;1;1;1;4;971;13/11/2010
2010067481;1;1;1;8;5;971;18/11/2010
2010067482;3;2;1;1;1;971;20/11/2010
2010067483;1;1;3;8;3;971;29/11/2010
2010067484;3;1;1;1;1;971;03/12/2010
2010067485;3;1;1;1;5;971;09/12/2010
2010067486;1;1;1;1;7;971;19/12/2010
2010067487;1;2;1;1;6;971;21/12/2010
2010067488;1;1;1;1;3;971;30/05/2010
2010067489;2;1;9;1;1;971;12/06/2010
2010067490;3;1;1;1;1;971;13/08/2010
2010067491;1;1;1;3;1;971;14/08/2010
2010067492;3;2;1;1;1;971;05/09/2010
2010067493;2;2;1;1;3;971;14/11/2010
2010067494;3;1;1;1;2;971;16/11/2010
2010067495;1;1;1;1;1;971;16/03/2010
2010067496;5;1;2;1;3;971;07/01/2010
2010067497;5;2;1;1;6;971;13/01/2010
2010067498;1;2;1;1;6;971;11/02/2010
2010067499;1;2;2;1;3;971;27/02/2010
2010067500;5;1;1;1;6;971;12/04/2010
2010067501;1;1;1;1;2;971;21/05/2010
2010067502;1;1;1;1;7;971;13/06/2010
2010067503;1;2;2;1;3;971;30/06/2010
2010067504;1;1;1;1;3;971;06/07/2010
2010067505;1;1;1;1;1;971;06/08/2010
2010067506;1;1;1;1;3;971;27/08/2010
2010067507;1;2;1;1;3;971;07/10/2010
2010067508;3;1;1;1;3;971;27/02/2010
2010067509;3;1;1;1;7;971;05/03/2010
2010067510;5;2;1;1;6;971;20/03/2010
2010067511;5;1;1;1;1;971;27/03/2010
2010067512;1;1;1;2;1;971;12/04/2010
2010067513;1;1;1;2;1;971;25/04/2010
2010067514;3;2;1;1;1;971;12/05/2010
2010067515;1;1;1;2;2;971;19/06/2010
2010067516;5;1;1;3;2;971;23/07/2010
2010067517;1;1;3;1;3;971;25/09/2010
2010067518;3;1;1;1;6;971;02/10/2010
2010067519;1;1;1;1;2;971;03/10/2010
2010067520;3;1;1;8;3;971;07/12/2010
2010067521;5;2;1;1;6;971;25/12/2010
2010067522;1;2;1;1;1;971;24/01/2010
2010067523;1;2;1;1;3;971;23/01/2010
2010067524;1;1;9;1;1;971;04/03/2010
2010067525;1;1;1;1;4;971;09/05/2010
2010067526;1;2;1;1;1;971;04/06/2010
2010067527;1;1;1;1;1;971;16/06/2010
2010067528;1;1;1;1;6;971;21/06/2010
2010067529;3;1;1;1;1;971;22/06/2010
2010067530;5;1;1;1;7;971;07/09/2010
2010067531;5;1;3;1;1;971;06/10/2010
2010067532;5;2;1;1;5;971;17/12/2010
2010067533;1;1;1;1;3;971;04/01/2010
2010067534;2;1;1;7;2;971;19/01/2010
2010067535;3;1;1;1;2;971;09/03/2010
2010067536;1;2;1;1;3;971;28/03/2010
2010067537;4;1;1;1;6;971;02/04/2010
2010067538;2;1;1;1;3;971;04/04/2010
2010067539;3;1;1;1;6;971;25/04/2010
2010067540;1;1;1;1;6;971;03/07/2010
2010067541;3;1;1;1;6;971;18/07/2010
2010067542;5;2;2;1;3;971;16/10/2010
2010067543;2;1;1;1;3;971;19/12/2010
2010067544;5;1;1;1;7;971;02/04/2010
2010067545;1;2;1;1;1;971;07/05/2010
2010067546;3;1;1;1;7;971;01/11/2010
2010067547;5;2;1;1;7;971;21/12/2010
2010067548;1;2;1;1;1;971;16/01/2010
2010067549;1;1;1;8;7;971;17/01/2010
2010067550;3;1;1;1;7;971;17/02/2010
2010067551;1;2;1;1;1;971;10/03/2010
2010067552;3;1;1;1;6;971;11/03/2010
2010067553;1;1;1;1;1;971;22/03/2010
2010067554;5;2;1;1;6;971;03/04/2010
2010067555;1;1;1;1;6;971;06/04/2010
2010067556;5;2;1;1;7;971;04/07/2010
2010067557;1;1;1;1;1;971;07/07/2010
2010067558;1;1;1;1;3;971;21/08/2010
2010067559;1;1;1;1;3;971;27/08/2010
2010067560;1;1;1;1;6;971;30/08/2010
2010067561;3;1;1;1;6;971;29/09/2010
2010067562;1;2;1;1;3;971;21/10/2010
2010067563;1;2;1;1;1;971;05/01/2010
2010067564;1;1;1;1;2;971;04/04/2010
2010067565;1;2;1;1;3;971;25/05/2010
2010067566;1;2;1;1;3;971;30/06/2010
2010067567;1;2;1;1;3;971;09/07/2010
2010067568;3;2;1;1;1;971;14/09/2010
2010067569;1;1;2;1;4;971;15/10/2010
2010067570;1;1;1;1;5;971;20/10/2010
2010067571;1;1;1;1;6;971;21/10/2010
2010067572;1;1;1;1;6;971;05/11/2010
2010067573;5;2;1;1;7;971;08/11/2010
2010067574;1;1;1;1;1;971;27/12/2010
2010067575;3;1;1;1;6;971;07/01/2010
2010067576;1;1;1;1;3;971;16/01/2010
2010067577;1;2;1;1;6;971;23/01/2010
2010067578;3;1;1;1;1;971;18/02/2010
2010067579;1;1;1;1;1;971;07/03/2010
2010067580;1;1;1;1;3;971;29/03/2010
2010067581;1;2;1;1;7;971;13/04/2010
2010067582;3;1;1;1;3;971;21/04/2010
2010067583;1;1;1;1;1;971;07/05/2010
2010067584;3;1;1;1;6;971;03/06/2010
2010067585;1;1;1;1;6;971;22/06/2010
2010067586;1;1;1;1;6;971;20/07/2010
2010067587;4;1;1;1;6;971;13/08/2010
2010067588;1;1;1;1;2;971;19/09/2010
2010067589;1;1;1;1;3;971;03/10/2010
2010067590;3;1;1;1;1;971;24/10/2010
2010067591;1;1;1;1;5;971;03/12/2010
2010067592;5;1;1;2;6;971;25/12/2010
2010067593;1;1;1;8;6;971;10/01/2010
2010067594;1;2;1;1;6;971;14/01/2010
2010067595;5;1;1;1;6;971;01/02/2010
2010067596;5;2;1;1;2;971;31/01/2010
2010067597;2;1;1;1;5;971;07/02/2010
2010067598;5;2;1;1;3;971;21/02/2010
2010067599;1;1;1;1;6;971;25/02/2010
2010067600;1;1;1;1;1;971;25/02/2010
2010067601;1;1;1;1;7;971;07/03/2010
2010067602;1;1;1;1;6;971;11/03/2010
2010067603;1;1;1;1;3;971;20/03/2010
2010067604;5;1;1;1;6;971;22/03/2010
2010067605;3;1;1;1;6;971;19/04/2010
2010067606;1;1;1;1;1;971;21/06/2010
2010067607;3;1;1;3;6;971;15/08/2010
2010067608;3;1;6;1;6;971;05/09/2010
2010067609;2;1;1;1;1;971;05/09/2010
2010067610;3;1;1;1;3;971;07/09/2010
2010067611;1;1;1;1;5;971;19/09/2010
2010067612;3;1;1;1;6;971;09/10/2010
2010067613;1;2;1;1;3;971;30/10/2010
2010067614;1;1;1;1;6;971;05/11/2010
2010067615;3;1;1;1;6;971;11/11/2010
2010067616;1;2;1;1;6;971;18/12/2010
2010067617;3;2;1;1;6;971;07/01/2010
2010067618;1;2;1;1;1;971;14/01/2010
2010067619;5;2;1;1;3;971;19/01/2010
2010067620;3;2;1;1;6;971;05/04/2010
2010067621;1;2;1;8;3;971;03/06/2010
2010067622;1;1;1;1;3;971;28/06/2010
2010067623;1;1;1;1;1;971;09/09/2010
2010067624;5;1;1;1;6;971;25/09/2010
2010067625;5;1;1;1;6;971;19/11/2010
2010067626;1;1;1;1;1;971;23/11/2010
2010067627;2;1;1;1;1;971;17/12/2010
2010067628;1;1;1;1;2;973;23/02/2010
2010067629;1;1;1;1;1;973;10/03/2010
2010067630;3;1;1;8;6;973;13/03/2010
2010067631;1;1;1;3;1;973;18/03/2010
2010067632;3;1;1;2;7;973;26/03/2010
2010067633;5;2;1;1;6;973;12/04/2010
2010067634;1;1;1;1;3;973;14/04/2010
2010067635;1;1;1;1;7;973;18/04/2010
2010067636;1;1;1;1;1;973;18/06/2010
2010067637;5;2;1;1;7;973;22/06/2010
2010067638;3;1;1;1;3;973;28/06/2010
2010067639;1;1;1;1;6;973;26/07/2010
2010067640;3;1;1;1;7;973;28/07/2010
2010067641;1;1;1;1;5;973;08/08/2010
2010067642;1;2;1;1;1;973;09/08/2010
2010067643;1;1;1;1;6;973;04/09/2010
2010067644;3;1;1;1;1;973;10/09/2010
2010067645;1;1;1;1;3;973;12/09/2010
2010067646;1;1;1;1;2;973;18/09/2010
2010067647;3;1;1;1;2;973;13/11/2010