num_acc;lum;agg;inter;atm;col;dep;date
2010067648;3;1;1;1;7;973;14/11/2010
2010067649;1;2;1;1;4;973;01/12/2010
2010067650;1;1;1;1;1;973;14/12/2010
2010067651;1;1;1;1;7;973;07/02/2010
2010067652;1;1;1;1;7;973;04/08/2010
2010067653;3;1;1;1;1;973;15/10/2010
2010067654;3;1;1;1;1;973;22/10/2010
2010067655;1;1;1;1;7;973;28/11/2010
2010067656;1;1;1;8;7;973;12/05/2010
2010067657;2;1;1;1;7;973;26/09/2010
2010067658;1;1;1;1;1;973;04/10/2010
2010067659;3;1;1;9;1;973;24/12/2010
2010067660;3;1;1;1;6;973;03/07/2010
2010067661;1;1;1;3;7;973;14/01/2010
2010067662;3;1;1;2;1;973;06/02/2010
2010067663;1;1;1;3;1;973;22/07/2010
2010067664;1;1;1;2;7;973;29/09/2010
2010067665;1;2;1;1;6;973;02/01/2010
2010067666;5;2;1;1;1;973;24/01/2010
2010067667;3;2;1;2;7;973;22/04/2010
2010067668;1;2;1;1;6;973;21/04/2010
2010067669;2;2;1;1;3;973;28/04/2010
2010067670;5;2;1;1;1;973;26/05/2010
2010067671;5;2;1;1;1;973;06/06/2010
2010067672;5;2;1;1;1;973;04/10/2010
2010067673;1;2;1;5;6;973;21/11/2010
2010067674;3;2;1;1;6;973;01/01/2010
2010067675;3;1;1;1;7;973;05/02/2010
2010067676;3;1;1;9;6;973;15/05/2010
2010067677;3;1;1;1;1;973;24/05/2010
2010067678;1;1;1;2;6;973;12/06/2010
2010067679;3;1;1;1;6;973;17/08/2010
2010067680;3;1;1;1;7;973;04/09/2010
2010067681;1;1;1;1;1;973;05/12/2010
2010067682;1;1;1;1;6;973;18/12/2010
2010067683;3;1;1;1;1;974;13/05/2010
2010067684;3;2;1;1;7;974;09/02/2010
2010067685;2;1;1;2;7;974;05/03/2010
2010067686;2;2;1;1;3;974;06/07/2010
2010067687;1;1;1;1;6;974;24/08/2010
2010067688;1;1;1;1;2;974;30/09/2010
2010067689;1;2;1;1;6;974;11/10/2010
2010067690;1;2;1;1;3;974;22/10/2010
2010067691;3;1;1;1;2;974;08/11/2010
2010067692;3;1;1;2;1;974;28/03/2010
2010067693;3;1;1;1;6;974;29/03/2010
2010067694;3;1;1;1;2;974;30/03/2010
2010067695;3;1;1;1;6;974;15/04/2010
2010067696;3;1;1;1;2;974;17/04/2010
2010067697;2;1;1;1;2;974;10/05/2010
2010067698;5;2;1;1;6;974;13/05/2010
2010067699;3;1;1;1;6;974;15/05/2010
2010067700;3;1;1;1;1;974;15/05/2010
2010067701;1;1;1;1;6;974;23/05/2010
2010067702;1;1;9;1;1;974;20/06/2010
2010067703;1;2;1;1;3;974;20/07/2010
2010067704;1;1;1;1;1;974;05/08/2010
2010067705;3;2;1;1;1;974;19/09/2010
2010067706;3;1;1;1;6;974;18/10/2010
2010067707;1;1;1;1;1;974;19/11/2010
2010067708;3;1;1;2;1;974;23/11/2010
2010067709;3;1;1;1;6;974;08/01/2010
2010067710;1;1;1;1;7;974;25/01/2010
2010067711;5;2;1;1;6;974;31/01/2010
2010067712;1;2;1;1;5;974;10/03/2010
2010067713;3;2;1;1;6;974;29/04/2010
2010067714;3;2;1;1;1;974;08/05/2010
2010067715;3;1;1;1;6;974;13/05/2010
2010067716;1;1;1;1;7;974;27/06/2010
2010067717;1;1;1;1;4;974;28/08/2010
2010067718;1;1;1;8;1;974;30/11/2010
2010067719;1;1;1;1;1;974;22/12/2010
2010067720;1;2;1;1;1;974;21/02/2010
2010067721;1;2;1;1;3;974;09/06/2010
2010067722;1;1;1;1;2;974;19/11/2010
2010067723;3;1;1;1;1;974;28/01/2010
2010067724;1;2;1;1;6;974;21/03/2010
2010067725;1;1;1;1;7;974;18/12/2010
2010067726;2;1;1;1;6;974;25/09/2010
2010067727;1;2;1;8;6;974;13/02/2010
2010067728;5;2;1;1;6;974;31/08/2010
2010067729;1;2;1;1;1;974;18/12/2010
2010067730;1;2;1;1;6;974;08/01/2010
2010067731;1;1;1;2;3;974;17/01/2010
2010067732;1;2;1;1;6;974;03/02/2010
2010067733;1;2;1;1;3;974;05/02/2010
2010067734;5;2;1;1;2;974;19/02/2010
2010067735;1;1;9;1;7;974;22/02/2010
2010067736;3;2;1;1;6;974;27/03/2010
2010067737;1;1;1;1;6;974;02/04/2010
2010067738;5;1;1;1;2;974;11/06/2010
2010067739;3;1;9;1;7;974;13/06/2010
2010067740;3;2;1;1;7;974;09/08/2010
2010067741;3;1;1;1;2;974;15/08/2010
2010067742;3;1;1;1;3;974;01/10/2010
2010067743;3;1;9;1;2;974;04/10/2010
2010067744;5;2;1;1;1;974;29/10/2010
2010067745;1;1;1;1;6;974;14/11/2010
2010067746;5;2;1;1;5;974;01/01/2010
2010067747;1;2;1;1;3;974;20/01/2010
2010067748;3;1;1;1;6;974;25/03/2010
2010067749;1;1;1;1;7;974;23/04/2010
2010067750;1;1;1;1;3;974;20/06/2010
2010067751;1;1;1;1;6;974;26/10/2010
2010067752;3;1;1;8;1;974;11/11/2010
2010067753;1;1;1;1;7;974;31/08/2010
2010067754;1;2;1;1;3;974;14/10/2010
2010067755;3;1;9;1;7;974;13/02/2010
2010067756;1;2;1;1;1;974;30/04/2010
2010067757;1;1;1;1;1;974;27/10/2010
2010067758;2;2;1;1;1;974;28/02/2010
2010067759;1;2;1;1;6;974;08/04/2010
2010067760;1;2;1;1;3;974;10/06/2010
2010067761;1;2;1;1;6;974;20/06/2010
2010067762;1;1;1;1;1;974;21/07/2010
2010067763;4;2;1;1;6;974;25/10/2010
2010067764;5;2;1;1;6;974;15/01/2010
2010067765;1;1;1;1;3;974;26/11/2010
2010067766;1;2;1;1;1;974;10/01/2010
2010067767;3;1;1;1;3;974;15/02/2010
2010067768;1;1;1;1;1;974;13/03/2010
2010067769;1;2;1;2;6;974;10/03/2010
2010067770;1;1;1;2;3;974;17/03/2010
2010067771;1;2;1;1;5;974;25/03/2010
2010067772;1;2;1;1;4;974;27/03/2010
2010067773;1;2;1;1;6;974;19/04/2010
2010067774;1;1;1;1;1;974;06/05/2010
2010067775;1;2;1;1;6;974;11/05/2010
2010067776;2;2;1;1;6;974;29/05/2010
2010067777;3;2;1;1;6;974;29/05/2010
2010067778;5;2;1;1;1;974;07/06/2010
2010067779;2;2;1;1;1;974;16/06/2010
2010067780;5;2;2;1;3;974;09/07/2010
2010067781;5;2;1;1;6;974;10/07/2010
2010067782;4;2;1;1;1;974;14/07/2010
2010067783;1;2;1;1;6;974;15/07/2010
2010067784;1;2;1;1;1;974;04/09/2010
2010067785;2;2;1;1;6;974;09/09/2010
2010067786;3;1;1;1;7;974;12/09/2010
2010067787;1;2;6;1;1;974;17/09/2010
2010067788;1;2;1;1;1;974;26/09/2010
2010067789;1;1;1;1;6;974;01/10/2010
2010067790;1;2;1;1;5;974;26/10/2010
2010067791;1;2;1;1;6;974;08/12/2010
2010067792;3;1;1;1;6;974;19/12/2010
2010067793;2;2;1;1;3;974;18/12/2010
2010067794;1;2;6;1;3;974;31/01/2010
2010067795;5;2;1;1;6;974;06/11/2010
2010067796;1;2;1;1;7;974;17/07/2010
2010067797;1;2;1;1;6;974;10/11/2010
2010067798;1;2;9;1;7;974;01/12/2010
2010067799;1;2;1;1;6;974;24/12/2010
2010067800;1;1;1;2;5;974;05/10/2010
2010067801;2;2;6;1;6;974;10/12/2010
2010067802;1;2;1;2;5;974;22/12/2010
2010067803;1;2;1;1;6;974;25/02/2010
2010067804;1;1;1;1;3;974;02/04/2010
2010067805;1;1;1;2;1;974;04/05/2010
2010067806;1;1;1;1;2;974;18/06/2010
2010067807;1;2;1;1;3;974;20/07/2010
2010067808;1;1;1;1;6;974;21/09/2010
2010067809;1;1;1;1;2;974;02/10/2010
2010067810;1;2;1;1;3;974;30/11/2010
2010067811;3;2;1;1;5;974;05/12/2010
2010067812;1;2;1;1;3;974;05/02/2010
2010067813;1;2;1;1;3;974;08/07/2010
2010067814;1;1;1;1;7;974;19/08/2010
2010067815;1;1;1;1;3;974;10/10/2010
2010067816;5;2;1;1;1;974;23/03/2010
2010067817;3;2;1;1;4;974;30/03/2010
2010067818;3;2;1;1;7;974;28/03/2010
2010067819;1;2;6;1;3;974;02/04/2010
2010067820;3;2;1;1;6;974;03/04/2010
2010067821;1;2;1;1;6;974;17/04/2010
2010067822;1;2;1;1;6;974;01/06/2010
2010067823;1;2;1;1;3;974;20/06/2010
2010067824;3;2;1;2;1;974;31/07/2010
2010067825;5;1;1;1;6;974;21/08/2010
2010067826;1;2;3;1;3;974;21/12/2010
2010067832;1;1;1;1;6;971;31/01/2010
2010067833;1;1;1;1;3;971;04/02/2010
2010067834;3;1;1;1;6;971;08/02/2010
2010067835;1;1;1;1;1;971;14/02/2010
2010067836;1;2;3;1;3;971;23/02/2010
2010067837;1;1;1;1;3;971;02/03/2010
2010067838;5;2;1;1;6;971;03/03/2010
2010067839;1;1;1;1;3;971;31/03/2010
2010067840;5;1;1;1;6;971;29/04/2010
2010067841;1;1;1;1;2;971;07/05/2010
2010067842;3;1;1;1;6;971;08/05/2010
2010067843;3;1;1;1;6;971;04/07/2010
2010067844;1;1;1;1;5;971;20/08/2010
2010067845;1;2;1;1;1;971;21/08/2010
2010067846;1;1;1;1;6;971;22/10/2010
2010067847;1;1;1;2;3;971;18/11/2010
2010067848;5;2;1;1;6;971;30/12/2010
2010067849;3;1;1;1;6;973;16/10/2010
2010067852;1;2;1;1;3;973;05/01/2010
2010067853;1;2;2;1;3;973;12/01/2010
2010067854;1;2;1;1;2;973;12/03/2010
2010067855;1;1;1;1;3;973;21/04/2010
2010067856;1;2;1;1;3;973;21/04/2010
2010067857;5;1;1;1;6;973;29/04/2010
2010067858;3;2;1;3;2;973;09/05/2010
2010067859;1;1;1;2;1;973;10/05/2010
2010067860;1;2;3;2;3;973;12/05/2010
2010067861;1;2;9;1;3;973;26/06/2010
2010067862;1;2;1;1;1;973;01/07/2010
2010067863;1;2;1;1;1;973;06/07/2010
2010067864;5;2;1;2;6;973;07/07/2010
2010067865;1;1;1;1;3;973;15/07/2010
2010067866;1;2;1;1;5;973;17/07/2010
2010067867;1;1;1;1;1;973;25/08/2010
2010067868;1;2;1;1;3;973;17/10/2010
2010067869;3;1;1;1;5;973;18/10/2010
2010067870;1;2;6;1;3;973;20/10/2010
2010067871;1;2;1;1;7;973;11/11/2010
2010067872;1;2;1;1;2;973;15/12/2010
2010067873;2;2;1;1;1;973;17/12/2010
2010067874;1;2;1;3;2;973;26/12/2010
2010067875;1;2;1;1;3;974;06/02/2010
2010067876;5;2;1;1;2;974;11/04/2010
2010067877;1;2;1;1;1;974;02/08/2010
2010067878;1;2;1;1;6;974;05/09/2010
2010067879;1;1;9;1;1;974;14/01/2010
2010067880;1;2;1;1;1;974;17/02/2010
2010067881;1;1;1;2;2;974;10/03/2010
2010067882;1;2;1;1;1;974;22/03/2010
2010067883;1;1;1;1;3;974;23/05/2010
2010067884;1;1;1;1;1;974;01/07/2010
2010067885;1;1;1;1;7;974;31/07/2010
2010067886;1;1;1;8;1;973;29/01/2010
2010067887;5;2;1;1;6;973;13/02/2010
2010067888;4;2;1;1;6;973;26/02/2010
2010067889;5;2;2;1;3;973;02/03/2010
2010067890;1;2;1;1;3;973;08/03/2010
2010067891;1;2;1;1;3;973;06/04/2010
2010067892;3;1;1;1;7;973;17/04/2010
2010067893;1;2;1;1;6;973;05/05/2010
2010067894;5;2;1;1;7;973;01/08/2010
2010067895;3;1;1;1;7;973;02/09/2010
2010067896;2;1;1;1;7;973;22/09/2010
2010067897;5;2;1;1;1;973;27/09/2010
2010067898;1;1;1;1;2;973;10/10/2010
2010067899;1;2;1;1;3;973;11/10/2010
2010067900;1;1;1;2;3;973;16/10/2010
2010067901;5;2;1;2;7;973;19/11/2010
2010067902;3;2;1;1;3;973;25/11/2010
2010067903;1;1;1;1;1;972;29/01/2010
2010067904;3;1;1;1;6;972;06/02/2010
2010067905;3;1;1;1;1;972;19/03/2010
2010067906;3;1;1;1;1;972;06/06/2010
2010067907;3;1;1;1;3;972;13/08/2010
2010067908;1;2;1;2;6;972;31/10/2010
2010067909;3;2;1;1;7;972;22/12/2010
2010067910;1;2;1;1;3;973;11/01/2010
2010067911;3;1;1;3;6;973;15/01/2010
2010067912;4;1;1;8;6;973;17/01/2010
2010067913;1;1;1;1;1;973;03/02/2010
2010067914;3;1;1;1;7;973;17/02/2010
2010067915;2;2;1;1;3;973;03/04/2010
2010067916;3;1;1;8;1;973;11/04/2010
2010067917;1;1;1;1;3;973;16/04/2010
2010067918;3;1;1;1;6;973;18/04/2010
2010067919;3;1;1;9;1;973;23/05/2010
2010067920;1;1;1;1;5;973;25/05/2010
2010067921;1;1;6;2;3;973;08/06/2010
2010067922;1;1;1;2;3;973;16/06/2010
2010067923;3;1;1;1;1;973;19/06/2010
2010067924;1;1;1;1;1;973;30/06/2010
2010067925;1;1;1;1;3;973;08/07/2010
2010067926;1;2;9;1;3;973;17/07/2010
2010067927;3;1;1;1;2;973;07/09/2010
2010067928;1;1;1;1;3;973;23/09/2010
2010067929;3;1;1;1;3;973;27/09/2010
2010067930;3;1;1;1;6;973;03/10/2010
2010067931;5;1;1;1;3;973;12/10/2010
2010067932;3;1;1;9;7;973;14/10/2010
2010067933;3;1;1;1;5;973;25/10/2010
2010067934;5;2;1;1;3;973;25/10/2010
2010067935;5;1;6;1;6;973;27/10/2010
2010067936;5;2;1;1;6;973;06/11/2010
2010067937;1;1;1;1;3;973;01/12/2010
2010067938;3;1;1;1;7;973;06/12/2010
2010067939;3;1;1;1;1;973;10/12/2010
2010067940;5;1;1;1;1;973;20/12/2010
2010067941;1;1;1;1;1;973;24/12/2010
2010067942;3;1;1;1;2;974;23/02/2010
2010067943;5;2;1;1;3;974;07/03/2010
2010067944;1;2;1;7;6;974;16/04/2010
2010067945;1;2;1;1;3;974;16/04/2010
2010067946;3;1;1;1;7;974;07/08/2010
2010067947;4;2;1;1;3;974;11/08/2010
2010067948;1;2;3;1;3;974;09/11/2010
2010067949;1;1;1;1;1;974;09/11/2010
2010067950;3;1;1;3;7;974;20/11/2010
2010067951;1;1;1;1;1;974;22/12/2010
2010067952;1;1;1;1;7;974;26/01/2010
2010067953;1;1;1;1;1;974;19/04/2010
2010067954;1;1;1;1;3;974;12/06/2010
2010067955;1;1;1;1;2;974;15/07/2010
2010067956;1;1;1;1;1;974;08/12/2010
2010067957;1;2;1;2;2;971;16/01/2010
2010067958;4;2;1;1;1;971;01/02/2010
2010067959;5;2;1;1;3;971;07/02/2010
2010067960;1;2;1;1;2;971;08/02/2010
2010067961;1;2;3;1;1;971;14/02/2010
2010067962;1;2;1;1;2;971;19/02/2010
2010067963;1;2;1;1;6;971;23/02/2010
2010067964;1;2;1;1;5;971;11/03/2010
2010067965;5;2;1;1;2;971;20/03/2010
2010067966;1;2;3;1;5;971;24/03/2010
2010067967;1;1;1;1;3;971;04/05/2010
2010067968;1;2;6;1;3;971;23/04/2010
2010067969;1;2;1;2;6;971;17/05/2010
2010067970;1;2;1;1;6;971;25/05/2010
2010067971;5;2;1;1;3;971;25/05/2010
2010067972;1;2;1;1;2;971;29/05/2010
2010067973;1;2;1;1;6;971;03/06/2010
2010067974;5;2;3;2;3;971;22/06/2010
2010067975;5;2;1;1;6;971;04/07/2010
2010067976;1;2;2;1;6;971;08/07/2010
2010067977;1;2;1;1;6;971;09/07/2010
2010067978;5;2;1;2;1;971;12/07/2010
2010067979;1;2;5;2;3;971;22/07/2010
2010067980;1;2;1;1;3;971;22/07/2010
2010067981;1;2;1;1;6;971;29/07/2010
2010067982;1;2;1;8;6;971;09/08/2010
2010067983;1;2;1;2;6;971;12/08/2010
2010067984;1;2;1;1;3;971;04/09/2010
2010067985;1;2;1;1;6;971;08/09/2010
2010067986;1;2;2;2;6;971;10/09/2010
2010067987;1;1;1;1;2;971;29/09/2010
2010067988;5;2;4;1;3;971;01/10/2010
2010067989;1;2;1;1;6;971;08/10/2010
2010067990;1;2;1;2;2;971;18/10/2010
2010067991;1;1;1;1;6;971;22/10/2010
2010067992;5;2;1;1;6;971;03/11/2010
2010067993;1;2;2;1;3;971;21/11/2010
2010067994;1;2;1;1;2;971;25/11/2010
2010067995;1;2;2;1;2;971;28/11/2010
2010067996;5;2;1;1;1;971;05/12/2010
2010067997;1;2;1;1;3;971;17/12/2010
2010067998;5;2;9;1;5;971;17/12/2010
2010067999;1;2;1;1;4;971;17/12/2010
2010068000;1;1;1;1;7;971;23/01/2010
2010068001;1;2;3;1;3;971;05/02/2010
2010068002;1;2;9;1;6;971;16/03/2010
2010068003;5;2;3;1;3;971;20/04/2010
2010068004;5;2;2;1;6;971;03/05/2010
2010068005;2;2;3;1;3;971;25/05/2010
2010068006;5;2;3;1;6;971;01/06/2010
2010068007;1;2;1;1;2;971;08/06/2010
2010068008;1;2;1;1;3;971;03/07/2010
2010068009;5;2;1;1;1;971;15/08/2010
2010068010;5;2;1;1;3;971;20/09/2010
2010068011;5;2;2;1;3;971;16/10/2010
2010068012;1;2;1;1;1;971;09/11/2010
2010068013;5;2;3;2;6;971;28/11/2010
2010068014;1;2;1;1;3;971;01/12/2010
2010068015;5;2;1;3;7;971;01/01/2010
2010068016;4;2;1;2;6;971;06/01/2010
2010068017;3;1;1;1;1;971;08/01/2010
2010068018;3;2;1;1;6;971;02/01/2010
2010068019;5;1;1;1;6;971;04/01/2010
2010068020;1;2;1;1;6;971;05/01/2010
2010068021;2;2;1;1;6;971;05/01/2010
2010068022;1;1;1;1;6;971;08/01/2010
2010068023;1;2;1;1;6;971;09/01/2010
2010068024;1;1;1;1;6;971;13/01/2010
2010068025;1;1;1;1;6;971;15/01/2010
2010068026;5;2;1;1;6;971;16/01/2010
2010068027;1;2;1;1;6;971;18/01/2010
2010068028;1;2;1;1;6;971;31/01/2010
2010068029;5;1;1;1;6;971;14/02/2010
2010068030;1;2;1;1;4;971;26/01/2010
2010068031;1;1;1;2;4;971;26/01/2010
2010068032;1;2;1;1;5;971;28/01/2010
2010068033;1;2;1;1;2;971;29/01/2010
2010068034;3;2;1;1;3;971;31/01/2010
2010068035;1;2;1;1;2;971;20/01/2010
2010068036;1;1;1;1;3;971;02/02/2010
2010068037;1;2;1;1;6;971;31/01/2010
2010068038;3;1;1;1;6;971;12/02/2010
2010068039;1;1;1;1;6;971;01/02/2010
2010068040;5;1;1;1;6;971;01/02/2010
2010068041;1;1;1;1;6;971;03/02/2010
2010068042;5;2;1;1;6;971;05/02/2010
2010068043;5;2;1;1;6;971;06/02/2010
2010068044;5;1;1;1;7;971;25/02/2010
2010068045;5;1;1;1;6;971;08/02/2010
2010068046;1;2;1;1;6;971;10/02/2010
2010068047;2;1;1;1;6;971;11/02/2010
2010068048;2;2;1;1;6;971;05/03/2010
2010068049;1;1;1;1;2;971;11/02/2010
2010068050;1;2;1;1;2;971;12/02/2010
2010068051;5;2;1;1;3;971;14/02/2010
2010068052;1;1;1;1;3;971;16/02/2010
2010068053;1;2;1;1;3;971;17/02/2010
2010068054;5;2;1;1;3;971;26/02/2010
2010068055;5;1;1;1;2;971;21/02/2010
2010068056;3;1;1;1;7;971;14/03/2010
2010068057;3;1;1;1;7;971;14/03/2010
2010068058;5;1;1;1;6;971;14/03/2010
2010068059;1;1;1;1;2;971;15/02/2010
2010068060;5;2;1;1;2;971;18/02/2010
2010068061;1;2;1;1;6;971;01/03/2010
2010068062;1;1;1;1;3;971;02/03/2010
2010068063;5;2;1;1;3;971;20/02/2010
2010068064;2;1;1;1;3;971;10/03/2010
2010068065;1;1;1;1;6;971;06/03/2010
2010068066;5;2;1;1;3;971;07/03/2010
2010068067;1;2;1;1;6;971;09/03/2010
2010068068;1;2;1;1;1;971;25/03/2010
2010068069;1;2;1;1;3;971;16/03/2010
2010068070;1;2;1;1;3;971;17/03/2010
2010068071;1;1;1;1;3;971;18/03/2010
2010068072;1;2;1;1;2;971;19/03/2010
2010068073;1;2;1;1;1;971;19/03/2010
2010068074;1;2;1;1;1;971;22/03/2010
2010068075;1;1;1;1;5;971;18/03/2010
2010068076;1;2;1;1;1;971;31/03/2010
2010068077;5;1;1;1;2;971;02/04/2010
2010068078;3;2;1;1;6;971;03/04/2010
2010068079;1;1;1;1;3;971;08/04/2010
2010068080;1;2;1;1;2;971;25/03/2010
2010068081;2;2;1;1;2;971;10/04/2010
2010068082;1;1;1;1;6;971;14/04/2010
2010068083;2;2;1;1;6;971;08/04/2010
2010068084;1;2;1;1;2;971;25/04/2010
2010068085;4;2;1;1;5;971;24/04/2010
2010068086;1;2;1;1;3;971;24/04/2010
2010068087;1;1;1;1;2;971;21/04/2010
2010068088;1;2;1;1;7;971;18/04/2010
2010068089;1;1;1;1;1;971;23/04/2010
2010068090;5;2;1;1;7;971;26/04/2010
2010068091;1;2;1;1;6;971;24/04/2010
2010068092;1;2;1;1;6;971;26/04/2010
2010068093;5;1;1;1;3;971;09/05/2010
2010068094;2;2;1;1;6;971;02/05/2010
2010068095;1;2;1;1;3;971;01/05/2010
2010068096;1;2;1;1;2;971;02/05/2010
2010068097;1;2;1;1;6;971;04/05/2010
2010068098;1;2;1;1;5;971;24/04/2010
2010068099;1;2;1;1;6;971;09/05/2010
2010068100;1;2;1;1;1;971;06/05/2010
2010068101;1;2;1;1;6;971;10/05/2010
2010068102;1;2;1;1;3;971;11/05/2010
2010068103;5;2;1;1;3;971;12/05/2010
2010068104;5;1;1;1;5;971;04/05/2010
2010068105;1;1;1;1;2;971;06/05/2010
2010068106;1;2;1;1;6;971;06/05/2010
2010068107;1;1;1;1;2;971;10/05/2010
2010068108;5;1;1;1;5;971;15/05/2010
2010068109;4;1;1;1;7;971;15/05/2010
2010068110;4;2;1;1;5;971;16/05/2010
2010068111;1;2;1;1;6;971;17/05/2010
2010068112;1;2;1;1;3;971;23/05/2010
2010068113;1;1;1;1;3;971;09/06/2010
2010068114;1;2;1;1;3;971;13/05/2010
2010068115;1;1;1;1;3;971;25/05/2010
2010068116;1;1;1;1;2;971;26/05/2010
2010068117;1;2;1;1;3;971;26/05/2010
2010068118;1;1;1;1;2;971;30/05/2010
2010068119;1;1;1;1;2;971;26/05/2010
2010068120;1;1;1;1;2;971;25/05/2010
2010068121;1;2;1;1;6;971;01/06/2010
2010068122;1;1;1;1;2;971;11/06/2010
2010068123;1;2;1;1;7;971;05/06/2010
2010068124;1;2;1;1;6;971;07/06/2010
2010068125;1;1;1;3;1;971;19/06/2010
2010068126;1;2;1;2;6;971;19/06/2010
2010068127;1;2;1;1;6;971;18/06/2010
2010068128;5;1;1;1;6;971;19/06/2010
2010068129;1;2;1;1;6;971;18/06/2010
2010068130;1;2;1;1;3;971;05/06/2010
2010068131;1;2;1;1;6;971;02/07/2010
2010068132;5;2;1;1;6;971;28/06/2010
2010068133;1;1;1;1;3;971;28/06/2010
2010068134;3;1;1;3;6;971;24/06/2010
2010068135;4;2;1;1;2;971;01/07/2010
2010068136;1;1;1;1;6;971;06/07/2010
2010068137;5;1;1;1;2;971;04/07/2010
2010068138;1;2;1;1;5;971;02/07/2010
2010068139;1;2;1;1;5;971;29/06/2010
2010068140;1;2;1;1;1;971;04/07/2010
2010068141;1;1;1;1;6;971;05/07/2010
2010068142;1;2;1;1;6;971;06/07/2010
2010068143;5;1;1;1;7;971;11/07/2010
2010068144;5;1;1;1;2;971;10/06/2010
2010068145;4;1;1;1;7;971;17/07/2010
2010068146;3;2;1;1;1;971;31/07/2010
2010068147;3;1;1;3;1;971;15/07/2010
2010068148;1;2;1;1;3;971;17/08/2010
2010068149;1;1;1;1;3;971;16/07/2010
2010068150;5;2;1;1;3;971;24/07/2010
2010068151;1;1;1;2;7;971;21/07/2010
2010068152;5;2;1;1;3;971;30/07/2010
2010068153;1;2;1;1;2;971;31/07/2010
2010068154;5;1;1;1;1;971;14/07/2010
2010068155;4;1;1;1;3;971;29/07/2010
2010068156;2;2;1;1;3;971;05/08/2010
2010068157;1;1;1;1;3;971;31/07/2010
2010068158;2;2;1;1;2;971;05/08/2010
2010068159;4;2;1;1;7;971;08/08/2010
2010068160;5;2;1;1;3;971;08/08/2010
2010068161;1;2;1;1;2;971;12/08/2010
2010068162;1;2;1;1;6;971;13/07/2010
2010068163;4;1;1;2;6;971;15/08/2010
2010068164;1;1;1;1;1;971;14/08/2010
2010068165;5;2;1;1;3;971;12/08/2010
2010068166;3;1;1;1;3;971;14/08/2010
2010068167;5;1;1;1;7;971;16/08/2010
2010068168;5;2;1;1;3;971;19/08/2010
2010068169;5;2;1;1;3;971;18/08/2010
2010068170;1;1;1;1;3;971;12/06/2010
2010068171;1;1;1;1;3;971;19/08/2010
2010068172;4;1;1;1;1;971;23/08/2010
2010068173;1;1;1;1;2;971;25/08/2010
2010068174;1;2;1;1;2;971;29/08/2010
2010068175;1;1;1;1;3;971;06/09/2010
2010068176;5;2;1;1;7;971;08/09/2010
2010068177;1;2;1;1;1;971;04/09/2010
2010068178;5;1;1;1;6;971;06/09/2010
2010068179;5;1;1;1;6;971;04/09/2010
2010068180;5;1;1;1;2;971;04/09/2010
2010068181;1;2;1;1;3;971;05/09/2010
2010068182;1;1;1;2;6;971;29/08/2010
2010068183;1;2;1;1;3;971;09/09/2010
2010068184;1;2;1;1;6;971;13/09/2010
2010068185;4;1;1;1;3;971;14/09/2010
2010068186;1;1;1;1;2;971;17/09/2010
2010068187;1;1;1;1;6;971;18/09/2010
2010068188;2;1;1;1;7;971;19/09/2010
2010068189;1;2;1;1;6;971;21/09/2010
2010068190;1;2;1;2;1;971;24/09/2010
2010068191;1;2;1;1;6;971;22/09/2010
2010068192;5;2;1;1;7;971;01/10/2010
2010068193;5;1;1;1;5;971;01/10/2010
2010068194;1;2;1;1;6;971;08/10/2010
2010068195;1;1;1;9;3;971;01/10/2010
2010068196;1;1;1;1;3;971;12/09/2010
2010068197;1;2;1;2;5;971;30/09/2010
2010068198;4;2;1;2;7;971;10/10/2010
2010068199;4;2;1;1;7;971;09/10/2010
2010068200;2;2;1;1;1;971;21/09/2010
2010068201;1;2;1;1;6;971;10/10/2010
2010068202;1;2;1;1;3;971;12/10/2010
2010068203;1;2;1;1;3;971;03/10/2010
2010068204;1;2;1;1;3;971;03/10/2010
2010068205;5;1;1;1;1;971;09/10/2010
2010068206;4;2;1;2;3;971;05/10/2010
2010068207;5;2;1;1;4;971;24/09/2010
2010068208;1;2;1;1;3;971;11/10/2010
2010068209;1;2;1;1;7;971;15/10/2010
2010068210;1;1;1;1;1;971;15/10/2010
2010068211;5;1;1;1;7;971;17/10/2010
2010068212;1;2;1;1;3;971;22/10/2010
2010068213;2;2;1;1;5;971;22/10/2010
2010068214;5;1;1;2;6;971;27/10/2010
2010068215;5;1;1;1;4;971;15/10/2010
2010068216;5;1;1;1;2;971;30/10/2010
2010068217;1;1;1;2;5;971;31/10/2010
2010068218;4;2;1;1;6;971;07/11/2010
2010068219;5;1;1;1;6;971;07/11/2010
2010068220;3;1;1;1;6;971;13/11/2010
2010068221;5;1;1;1;3;971;27/10/2010
2010068222;5;2;1;1;3;971;28/10/2010
2010068223;1;2;1;1;3;971;08/11/2010
2010068224;5;2;1;1;7;971;10/11/2010
2010068225;1;2;1;9;7;971;11/11/2010
2010068226;1;1;1;1;6;971;12/11/2010
2010068227;5;2;1;1;1;971;12/11/2010
2010068228;1;2;1;1;7;971;13/11/2010
2010068229;1;2;1;9;2;971;13/11/2010
2010068230;1;1;1;1;2;971;14/11/2010
2010068231;1;2;1;9;3;971;14/11/2010
2010068232;1;1;1;1;2;971;15/11/2010