num_acc;lum;agg;inter;atm;col;dep;date
2010068233;1;1;1;1;2;971;17/11/2010
2010068234;1;1;1;1;3;971;22/11/2010
2010068235;1;1;1;1;1;971;22/11/2010
2010068236;1;1;1;1;2;971;22/11/2010
2010068237;2;2;1;1;6;971;28/11/2010
2010068238;4;2;1;2;1;971;28/11/2010
2010068239;1;2;1;2;6;971;23/10/2010
2010068240;1;2;1;1;2;971;01/12/2010
2010068241;5;2;1;1;1;971;03/12/2010
2010068242;1;1;1;1;2;971;05/12/2010
2010068243;1;1;1;1;1;971;13/12/2010
2010068244;1;1;1;1;6;971;10/11/2010
2010068245;1;2;1;1;2;971;04/12/2010
2010068246;1;2;1;1;6;971;08/12/2010
2010068247;1;2;1;1;3;971;09/12/2010
2010068248;1;2;1;1;3;971;12/12/2010
2010068249;3;1;1;1;2;971;16/12/2010
2010068250;1;2;8;1;7;971;17/12/2010
2010068251;5;1;1;1;1;971;18/12/2010
2010068252;5;2;1;2;6;971;26/12/2010
2010068253;5;2;1;1;3;971;21/12/2010
2010068254;5;1;1;1;6;971;19/12/2010
2010068255;5;1;1;2;6;971;25/12/2010
2010068256;1;2;1;2;3;971;23/12/2010
2010068257;5;1;1;2;3;971;19/12/2010
2010068258;1;2;1;1;6;971;30/12/2010
2010068259;5;2;1;2;3;971;29/12/2010
2010068260;5;1;1;1;2;971;21/12/2010
2010068261;5;1;1;2;6;971;26/12/2010
2010068262;5;1;1;1;1;971;31/12/2010
2010068263;1;2;1;8;7;972;02/01/2010
2010068264;1;2;1;1;6;972;05/01/2010
2010068265;1;2;1;1;6;972;07/01/2010
2010068266;1;2;1;1;6;972;09/01/2010
2010068267;2;2;1;1;6;972;10/01/2010
2010068268;1;2;1;1;6;972;11/01/2010
2010068269;1;2;9;1;6;972;17/01/2010
2010068270;1;2;1;1;6;972;20/01/2010
2010068271;1;2;1;1;6;972;21/01/2010
2010068272;1;2;1;1;6;972;29/01/2010
2010068273;5;2;3;1;3;972;30/01/2010
2010068274;5;2;1;1;6;972;01/02/2010
2010068275;1;2;1;1;3;972;03/02/2010
2010068276;1;2;1;1;7;972;04/02/2010
2010068277;1;1;1;1;1;972;06/02/2010
2010068278;1;1;1;1;3;972;11/02/2010
2010068279;5;2;1;1;6;972;15/02/2010
2010068280;1;2;1;1;3;972;15/02/2010
2010068281;5;2;1;1;6;972;16/02/2010
2010068282;1;2;1;1;6;972;20/02/2010
2010068283;1;2;1;1;6;972;22/02/2010
2010068284;5;2;1;1;7;972;06/03/2010
2010068285;3;2;1;1;3;972;11/03/2010
2010068286;1;2;1;1;2;972;12/03/2010
2010068287;3;1;1;1;6;972;13/03/2010
2010068288;2;2;1;1;6;972;16/03/2010
2010068289;1;2;1;1;6;972;19/03/2010
2010068290;1;1;1;2;6;972;12/04/2010
2010068291;1;2;1;1;3;972;13/04/2010
2010068292;5;1;1;1;6;972;14/04/2010
2010068293;1;2;1;1;6;972;16/04/2010
2010068294;1;2;1;1;4;972;18/04/2010
2010068295;1;2;1;1;3;972;19/04/2010
2010068296;1;2;1;1;6;972;23/04/2010
2010068297;1;2;1;1;6;972;26/04/2010
2010068298;5;2;9;1;3;972;01/05/2010
2010068299;1;1;1;1;6;972;01/05/2010
2010068300;5;2;1;2;6;972;08/05/2010
2010068301;4;2;1;1;2;972;08/05/2010
2010068302;1;2;1;2;6;972;11/05/2010
2010068303;1;2;1;2;6;972;12/05/2010
2010068304;1;2;1;1;6;972;16/05/2010
2010068305;5;1;1;1;1;972;16/05/2010
2010068306;1;2;1;1;6;972;18/05/2010
2010068307;1;2;1;1;6;972;21/05/2010
2010068308;1;2;1;1;6;972;31/05/2010
2010068309;5;2;1;1;1;972;31/05/2010
2010068310;5;1;1;1;6;972;01/06/2010
2010068311;1;2;1;1;6;972;02/06/2010
2010068312;2;2;3;2;6;972;02/06/2010
2010068313;5;2;1;1;2;972;05/06/2010
2010068314;5;2;3;1;3;972;06/06/2010
2010068315;1;2;1;1;3;972;07/06/2010
2010068316;1;2;1;1;7;972;09/06/2010
2010068317;1;2;1;1;6;972;14/06/2010
2010068318;1;2;1;1;6;972;17/06/2010
2010068319;1;1;2;1;3;972;18/06/2010
2010068320;2;2;1;1;7;972;27/06/2010
2010068321;1;2;1;1;3;972;29/06/2010
2010068322;1;2;1;1;6;972;01/07/2010
2010068323;5;1;1;1;6;972;03/07/2010
2010068324;4;2;1;1;7;972;08/07/2010
2010068325;5;2;1;1;4;972;08/07/2010
2010068326;1;2;1;1;6;972;09/07/2010
2010068327;3;1;1;1;2;972;10/07/2010
2010068328;5;2;1;1;1;972;11/07/2010
2010068329;5;2;1;1;2;972;11/07/2010
2010068330;5;2;1;1;6;972;10/07/2010
2010068331;1;1;2;1;3;972;12/07/2010
2010068332;5;2;3;1;2;972;22/07/2010
2010068333;3;1;1;1;3;972;30/07/2010
2010068334;1;2;4;1;3;972;01/08/2010
2010068335;1;1;1;1;3;972;05/08/2010
2010068336;1;2;1;1;6;972;06/08/2010
2010068337;1;1;1;1;7;972;09/08/2010
2010068338;1;1;1;1;6;972;14/08/2010
2010068339;5;1;1;1;6;972;15/08/2010
2010068340;1;1;1;1;6;972;18/08/2010
2010068341;1;2;1;1;1;972;19/08/2010
2010068342;1;2;1;1;3;972;20/08/2010
2010068343;1;2;1;1;1;972;20/08/2010
2010068344;2;2;1;1;6;972;28/08/2010
2010068345;1;2;1;1;6;972;29/08/2010
2010068346;1;1;1;1;6;972;08/09/2010
2010068347;5;1;1;2;7;972;15/09/2010
2010068348;5;2;1;1;3;972;18/09/2010
2010068349;1;1;1;1;7;972;19/09/2010
2010068350;1;2;1;1;6;972;20/09/2010
2010068351;1;1;3;1;1;972;20/09/2010
2010068352;1;1;1;1;3;972;20/09/2010
2010068353;5;2;1;1;6;972;20/09/2010
2010068354;1;2;1;1;7;972;28/09/2010
2010068355;1;2;1;2;6;972;29/09/2010
2010068356;1;2;3;1;3;972;08/10/2010
2010068357;1;2;3;1;6;972;04/10/2010
2010068358;1;1;1;1;1;972;09/10/2010
2010068359;5;2;1;1;7;972;10/10/2010
2010068360;1;2;1;1;6;972;11/10/2010
2010068361;5;2;1;1;7;972;17/10/2010
2010068362;5;1;1;1;7;972;17/10/2010
2010068363;1;2;1;1;6;972;18/10/2010
2010068364;1;2;1;1;3;972;20/10/2010
2010068365;5;2;3;1;6;972;22/10/2010
2010068366;1;1;1;1;1;972;26/10/2010
2010068367;1;2;1;1;3;972;27/10/2010
2010068368;5;2;3;1;3;972;27/10/2010
2010068369;1;2;1;1;6;972;01/11/2010
2010068370;1;2;1;1;6;972;01/11/2010
2010068371;1;2;3;1;6;972;04/11/2010
2010068372;5;2;1;1;6;972;04/11/2010
2010068373;1;1;1;1;6;972;05/11/2010
2010068374;1;2;3;1;6;972;08/11/2010
2010068375;1;2;1;1;3;972;09/11/2010
2010068376;1;2;1;1;6;972;11/11/2010
2010068377;1;2;3;1;6;972;13/11/2010
2010068378;5;1;1;1;7;972;13/11/2010
2010068379;5;2;2;1;3;972;16/11/2010
2010068380;5;2;1;1;6;972;20/11/2010
2010068381;2;2;3;1;3;972;20/11/2010
2010068382;1;2;1;1;7;972;25/11/2010
2010068383;5;2;3;1;3;972;28/11/2010
2010068384;2;1;1;1;2;972;07/12/2010
2010068385;5;2;6;1;3;972;08/12/2010
2010068386;1;2;3;1;3;972;10/12/2010
2010068387;1;2;1;1;3;972;11/12/2010
2010068388;1;2;3;1;3;972;13/12/2010
2010068389;1;1;1;1;6;972;14/12/2010
2010068390;1;2;1;1;6;972;17/12/2010
2010068391;5;2;3;1;3;972;17/12/2010
2010068392;1;1;1;1;3;972;17/12/2010
2010068393;1;2;1;1;7;972;18/12/2010
2010068394;1;2;1;1;6;972;18/12/2010
2010068395;5;2;1;1;6;972;20/12/2010
2010068396;1;2;1;1;6;972;20/12/2010
2010068397;2;2;1;8;2;972;24/12/2010
2010068398;5;2;1;1;6;972;25/12/2010
2010068399;1;2;1;1;6;972;26/12/2010
2010068400;1;2;1;1;6;972;30/12/2010
2010068401;2;1;1;1;6;972;13/12/2010
2010068402;2;1;1;1;2;972;05/01/2010
2010068403;1;1;1;1;3;972;08/01/2010
2010068404;3;1;1;1;6;972;08/01/2010
2010068405;1;1;1;1;3;972;10/01/2010
2010068406;1;1;3;1;3;972;15/01/2010
2010068407;3;1;1;1;2;972;16/01/2010
2010068408;3;1;1;1;6;972;16/01/2010
2010068409;1;1;1;1;1;972;29/01/2010
2010068410;1;2;1;1;4;972;01/02/2010
2010068411;1;2;1;1;6;972;02/02/2010
2010068412;1;1;1;1;6;972;03/02/2010
2010068413;1;1;1;2;4;972;05/02/2010
2010068414;1;1;1;1;2;972;05/02/2010
2010068415;4;1;1;1;6;972;05/02/2010
2010068416;1;1;1;1;6;972;12/02/2010
2010068417;5;2;6;1;7;972;15/02/2010
2010068418;5;1;1;1;2;972;15/02/2010
2010068419;1;2;1;1;2;972;19/02/2010
2010068420;1;1;1;1;5;972;21/02/2010
2010068421;3;1;1;1;6;972;27/02/2010
2010068422;1;1;9;1;3;972;27/02/2010
2010068423;1;1;1;1;3;972;04/03/2010
2010068424;5;1;1;1;6;972;05/03/2010
2010068425;1;1;1;1;7;972;07/03/2010
2010068426;1;1;1;1;6;972;08/03/2010
2010068427;1;1;1;1;1;972;15/03/2010
2010068428;1;1;1;1;7;972;18/03/2010
2010068429;3;1;1;1;1;972;19/03/2010
2010068430;3;1;1;1;6;972;19/03/2010
2010068431;3;1;1;1;2;972;21/03/2010
2010068432;1;1;1;1;2;972;26/03/2010
2010068433;5;1;1;1;6;972;27/03/2010
2010068434;5;1;1;1;5;972;27/03/2010
2010068435;3;2;1;1;2;972;29/03/2010
2010068436;1;1;1;1;5;972;30/03/2010
2010068437;1;1;1;1;3;972;02/04/2010
2010068438;1;1;1;9;3;972;06/04/2010
2010068439;3;1;1;2;2;972;09/04/2010
2010068440;1;1;1;9;6;972;13/04/2010
2010068441;1;2;1;1;6;972;15/04/2010
2010068442;1;2;1;9;6;972;14/04/2010
2010068443;1;2;1;1;6;972;20/04/2010
2010068444;2;1;1;1;4;972;21/04/2010
2010068445;1;2;1;9;2;972;21/04/2010
2010068446;1;1;1;1;1;972;21/04/2010
2010068447;2;1;1;2;6;972;22/04/2010
2010068448;3;1;1;9;1;972;24/04/2010
2010068449;3;1;1;1;5;972;24/04/2010
2010068450;1;1;1;1;1;972;26/04/2010
2010068451;1;2;1;1;3;972;27/04/2010
2010068452;1;1;1;1;6;972;28/04/2010
2010068453;3;1;1;1;5;972;01/05/2010
2010068454;5;1;1;1;7;972;02/05/2010
2010068455;1;2;1;1;6;972;02/05/2010
2010068456;1;2;3;1;5;972;03/05/2010
2010068457;5;2;2;1;2;972;03/05/2010
2010068458;5;1;1;1;2;972;03/05/2010
2010068459;5;1;1;2;6;972;03/05/2010
2010068460;1;2;1;1;2;972;06/05/2010
2010068461;1;1;1;1;6;972;12/05/2010
2010068462;5;1;6;1;2;972;12/05/2010
2010068463;5;1;1;1;4;972;14/05/2010
2010068464;5;1;1;1;1;972;15/05/2010
2010068465;1;1;1;1;5;972;20/05/2010
2010068466;5;1;1;1;6;972;20/05/2010
2010068467;1;1;1;1;1;972;21/05/2010
2010068468;1;1;1;1;2;972;22/05/2010
2010068469;5;1;1;1;3;972;22/05/2010
2010068470;1;1;6;1;3;972;26/05/2010
2010068471;5;2;1;1;6;972;27/05/2010
2010068472;5;1;1;1;4;972;29/05/2010
2010068473;1;1;1;1;3;972;02/06/2010
2010068474;1;2;1;1;3;972;03/06/2010
2010068475;3;1;1;2;6;972;07/06/2010
2010068476;1;1;1;1;2;972;11/06/2010
2010068477;3;1;1;2;2;972;13/06/2010
2010068478;1;1;1;1;2;972;16/06/2010
2010068479;1;1;1;1;1;972;18/06/2010
2010068480;1;1;1;1;2;972;21/06/2010
2010068481;1;2;1;1;2;972;21/06/2010
2010068482;3;1;1;1;5;972;23/06/2010
2010068483;3;2;1;1;1;972;30/06/2010
2010068484;1;1;1;1;3;972;02/07/2010
2010068485;1;1;1;1;3;972;05/07/2010
2010068486;1;1;6;1;2;972;10/07/2010
2010068487;1;1;1;1;1;972;11/07/2010
2010068488;1;1;1;1;1;972;11/07/2010
2010068489;1;1;1;1;3;972;12/07/2010
2010068490;1;1;1;1;2;972;20/07/2010
2010068491;5;1;1;1;5;972;23/07/2010
2010068492;1;1;1;1;3;972;30/07/2010
2010068493;5;1;1;1;7;972;07/08/2010
2010068494;4;1;1;1;3;972;08/08/2010
2010068495;5;1;1;1;1;972;13/08/2010
2010068496;1;1;1;1;2;972;15/08/2010
2010068497;5;1;1;1;6;972;20/08/2010
2010068498;4;1;1;1;5;972;22/08/2010
2010068499;3;1;1;1;7;972;24/08/2010
2010068500;5;2;3;1;3;972;31/08/2010
2010068501;5;1;1;1;3;972;31/08/2010
2010068502;1;1;1;1;2;972;07/09/2010
2010068503;1;1;1;1;6;972;07/09/2010
2010068504;1;1;1;1;6;972;11/09/2010
2010068505;5;1;1;1;1;972;11/09/2010
2010068506;5;1;1;1;6;972;12/09/2010
2010068507;1;1;1;1;7;972;15/09/2010
2010068508;1;1;1;1;4;972;17/09/2010
2010068509;1;1;1;1;4;972;17/09/2010
2010068510;5;1;1;1;1;972;17/09/2010
2010068511;3;1;1;9;6;972;22/09/2010
2010068512;1;2;1;1;6;972;28/09/2010
2010068513;1;1;1;1;1;972;29/09/2010
2010068514;5;1;1;1;2;972;30/09/2010
2010068515;2;1;1;1;4;972;01/10/2010
2010068516;5;1;1;3;6;972;03/10/2010
2010068517;3;1;1;1;1;972;03/10/2010
2010068518;1;1;1;1;2;972;09/10/2010
2010068519;2;1;1;3;1;972;09/10/2010
2010068520;3;2;1;1;1;972;09/10/2010
2010068521;2;1;1;1;6;972;10/10/2010
2010068522;3;1;1;1;2;972;10/10/2010
2010068523;1;2;1;1;1;972;11/10/2010
2010068524;1;1;1;1;3;972;11/10/2010
2010068525;1;1;1;1;2;972;15/10/2010
2010068526;5;1;1;1;6;972;16/10/2010
2010068527;1;1;1;1;2;972;18/10/2010
2010068528;1;1;1;1;7;972;20/10/2010
2010068529;1;1;1;1;2;972;22/10/2010
2010068530;2;1;1;1;6;972;27/10/2010
2010068531;5;1;1;1;1;972;29/10/2010
2010068532;3;1;1;3;1;972;30/10/2010
2010068533;3;1;1;1;4;972;05/11/2010
2010068534;2;1;1;1;6;972;10/11/2010
2010068535;3;1;1;1;6;972;13/11/2010
2010068536;3;1;1;1;6;972;15/11/2010
2010068537;1;1;1;1;4;972;15/11/2010
2010068538;1;1;1;1;3;972;17/11/2010
2010068539;1;2;1;1;3;972;22/11/2010
2010068540;2;1;1;1;2;972;23/11/2010
2010068541;5;1;1;1;6;972;03/12/2010
2010068542;1;1;1;1;2;972;09/12/2010
2010068543;5;1;1;1;3;972;10/12/2010
2010068544;5;1;1;1;1;972;12/12/2010
2010068545;1;1;1;1;3;972;13/12/2010
2010068546;1;2;6;1;6;972;15/12/2010
2010068547;5;1;1;1;5;972;17/12/2010
2010068548;3;1;1;1;2;972;18/12/2010
2010068549;2;1;1;2;1;972;18/12/2010
2010068550;1;1;1;1;5;972;20/12/2010
2010068551;1;1;1;1;1;972;20/12/2010
2010068552;2;1;1;1;3;972;21/12/2010
2010068553;1;1;1;1;3;972;24/12/2010
2010068554;3;1;1;3;4;972;25/12/2010
2010068555;2;1;1;1;1;972;27/12/2010
2010068556;2;2;1;1;6;973;01/01/2010
2010068557;1;1;1;1;6;973;06/01/2010
2010068558;5;2;1;1;6;973;01/01/2010
2010068559;1;2;1;1;6;973;08/01/2010
2010068560;5;2;1;1;6;973;07/01/2010
2010068561;1;2;1;1;6;973;06/01/2010
2010068562;5;2;1;1;6;973;14/01/2010
2010068563;1;2;1;1;6;973;13/01/2010
2010068564;2;2;1;1;6;973;16/01/2010
2010068565;1;2;1;1;6;973;14/01/2010
2010068566;1;2;3;1;3;973;27/11/2010
2010068567;1;2;1;1;6;973;19/01/2010
2010068568;1;1;1;1;6;973;22/01/2010
2010068569;1;2;1;1;6;973;26/01/2010
2010068570;1;1;1;1;3;973;04/02/2010
2010068571;1;2;6;1;3;973;06/02/2010
2010068572;5;2;3;1;6;973;05/02/2010
2010068573;5;2;1;1;6;973;08/02/2010
2010068574;5;2;3;1;6;973;29/01/2010
2010068575;1;1;1;1;2;973;09/02/2010
2010068576;1;2;1;1;6;973;09/02/2010
2010068577;5;2;1;1;6;973;04/02/2010
2010068578;5;2;1;1;6;973;11/02/2010
2010068579;1;2;1;1;6;973;10/02/2010
2010068580;1;1;4;1;3;973;14/02/2010
2010068581;5;2;1;1;6;973;12/02/2010
2010068582;5;2;3;1;3;973;13/02/2010
2010068583;1;1;9;1;3;973;18/02/2010
2010068584;1;2;1;1;6;973;17/02/2010
2010068585;5;2;3;1;3;973;24/02/2010
2010068586;5;2;1;9;6;973;18/02/2010
2010068587;1;2;1;1;6;973;24/02/2010
2010068588;1;1;1;1;2;973;01/03/2010
2010068589;5;2;1;1;7;973;15/03/2010
2010068590;1;1;1;1;3;973;08/03/2010
2010068591;2;1;1;2;5;973;02/03/2010
2010068592;5;1;2;1;3;973;13/03/2010
2010068593;1;1;1;1;2;973;22/03/2010
2010068594;5;2;1;1;3;973;13/02/2010
2010068595;1;1;1;1;3;973;21/03/2010
2010068596;5;2;1;1;1;973;28/03/2010
2010068597;5;2;3;3;3;973;28/03/2010
2010068598;5;1;1;1;1;973;02/04/2010
2010068599;1;1;1;1;3;973;06/04/2010
2010068600;4;1;1;1;3;973;29/03/2010
2010068601;1;2;6;1;3;973;19/02/2010
2010068602;3;2;1;1;2;973;10/04/2010
2010068603;1;2;3;1;3;973;11/04/2010
2010068604;5;1;4;1;3;973;13/04/2010
2010068605;4;2;1;1;3;973;16/04/2010
2010068606;1;1;3;1;3;973;16/04/2010
2010068607;1;1;9;1;3;973;21/04/2010
2010068608;5;1;1;1;2;973;22/04/2010
2010068609;1;1;2;1;3;973;26/04/2010
2010068610;1;1;1;1;3;973;28/04/2010
2010068611;5;1;1;1;2;973;29/04/2010
2010068612;1;2;3;1;3;973;05/05/2010
2010068613;1;1;1;1;6;973;28/05/2010
2010068614;5;2;2;1;2;973;30/05/2010
2010068615;5;2;1;1;5;973;28/05/2010
2010068616;5;2;1;1;6;973;29/05/2010
2010068617;1;2;1;1;3;973;27/05/2010
2010068618;5;1;1;1;6;973;01/06/2010
2010068619;5;1;1;1;3;973;25/05/2010
2010068620;5;2;6;1;3;973;29/05/2010
2010068621;5;1;1;2;2;973;07/06/2010
2010068622;1;2;1;1;3;973;07/06/2010
2010068623;1;1;1;1;3;973;09/06/2010
2010068624;5;1;1;1;6;973;09/06/2010
2010068625;1;2;1;1;3;973;09/06/2010
2010068626;1;2;1;2;2;973;11/06/2010
2010068627;1;2;1;2;3;973;11/06/2010
2010068628;1;2;3;1;3;973;11/06/2010
2010068629;1;2;1;1;3;973;11/06/2010
2010068630;1;1;1;1;3;973;12/06/2010
2010068631;5;2;3;1;3;973;14/06/2010
2010068632;1;1;6;2;3;973;15/06/2010
2010068633;1;2;1;3;3;973;15/06/2010
2010068634;1;2;1;1;6;973;16/06/2010
2010068635;1;2;1;1;6;973;17/06/2010
2010068636;5;1;6;1;1;973;15/06/2010
2010068637;1;1;1;1;3;973;18/06/2010
2010068638;5;2;2;1;6;973;18/06/2010
2010068639;1;1;1;1;3;973;14/06/2010
2010068640;1;1;1;1;3;973;23/06/2010
2010068641;5;2;1;1;3;973;15/06/2010
2010068642;1;2;1;1;3;973;23/06/2010
2010068643;5;1;1;1;3;973;27/06/2010
2010068644;1;2;3;1;3;973;25/06/2010
2010068645;5;1;1;1;3;973;27/06/2010
2010068646;5;2;1;1;1;973;25/06/2010
2010068647;5;1;3;1;3;973;04/07/2010
2010068648;1;1;1;1;6;973;04/07/2010
2010068649;5;1;1;3;3;973;28/06/2010
2010068650;1;1;1;1;2;973;06/07/2010
2010068651;1;1;1;1;2;973;09/07/2010
2010068652;5;1;2;1;3;973;11/07/2010
2010068653;1;2;1;1;2;973;10/07/2010
2010068654;1;2;1;1;3;973;10/07/2010
2010068655;1;1;6;1;3;973;17/07/2010
2010068656;1;1;1;1;2;973;13/07/2010
2010068657;1;2;1;1;6;973;21/07/2010
2010068658;1;2;2;1;6;973;15/07/2010
2010068659;1;2;3;1;3;973;15/07/2010
2010068660;1;1;1;1;3;973;25/07/2010
2010068661;5;1;1;2;3;973;28/07/2010
2010068662;1;2;1;1;6;973;28/07/2010
2010068663;5;1;1;1;3;973;05/08/2010
2010068664;5;2;2;1;3;973;05/08/2010
2010068665;1;2;1;1;3;973;07/08/2010
2010068666;1;1;1;1;6;973;15/08/2010
2010068667;1;1;1;1;6;973;23/06/2010
2010068668;5;1;1;1;1;973;22/08/2010
2010068669;1;2;1;1;6;973;20/08/2010
2010068670;5;2;3;1;3;973;14/08/2010
2010068671;1;2;1;1;1;973;20/08/2010
2010068672;5;1;1;1;3;973;31/08/2010
2010068673;1;2;1;1;3;973;31/08/2010
2010068674;5;2;1;1;3;973;29/08/2010
2010068675;3;2;1;1;6;973;02/09/2010
2010068676;5;1;2;1;3;973;03/09/2010
2010068677;1;2;2;1;3;973;06/09/2010
2010068678;1;2;1;1;2;973;06/09/2010
2010068679;1;2;1;1;6;973;05/09/2010
2010068680;1;2;6;1;3;973;06/09/2010
2010068681;1;2;1;1;3;973;09/09/2010
2010068682;1;2;1;1;3;973;12/09/2010
2010068683;5;1;1;1;2;973;12/09/2010
2010068684;5;2;1;1;6;973;06/09/2010
2010068685;1;2;1;1;6;973;15/09/2010
2010068686;1;1;1;1;3;973;15/09/2010
2010068687;1;1;1;1;6;973;29/07/2010
2010068688;4;2;1;1;6;973;22/09/2010
2010068689;1;2;1;1;6;973;23/09/2010
2010068690;1;2;2;1;6;973;24/09/2010
2010068691;4;2;1;1;1;973;20/09/2010
2010068692;1;1;1;1;6;973;26/09/2010
2010068693;1;2;1;1;3;973;04/10/2010
2010068694;1;1;1;1;2;973;01/10/2010
2010068695;1;1;6;1;3;973;01/10/2010
2010068696;1;2;2;1;3;973;10/10/2010
2010068697;1;2;1;1;6;973;11/10/2010
2010068698;5;2;2;1;3;973;13/10/2010
2010068699;1;1;1;1;6;973;14/10/2010
2010068700;1;1;2;1;3;973;16/10/2010
2010068701;1;1;3;1;3;973;18/10/2010
2010068702;1;1;1;1;3;973;22/10/2010
2010068703;1;2;3;1;3;973;21/10/2010
2010068704;3;2;3;1;6;973;22/10/2010
2010068705;5;2;1;1;7;973;25/10/2010
2010068706;1;2;3;1;3;973;25/10/2010
2010068707;1;2;1;1;3;973;25/10/2010
2010068708;1;2;2;1;2;973;27/10/2010
2010068709;1;1;1;1;6;973;16/10/2010
2010068710;4;2;1;1;2;973;06/11/2010
2010068711;2;2;2;1;3;973;20/10/2010
2010068712;5;2;2;1;3;973;24/10/2010
2010068713;5;2;3;1;3;973;29/10/2010
2010068714;5;1;1;1;3;973;02/11/2010
2010068715;5;1;1;1;3;973;29/10/2010
2010068716;1;2;3;1;3;973;28/10/2010
2010068717;1;2;1;1;7;973;12/11/2010
2010068718;1;2;1;1;6;973;11/11/2010
2010068719;1;1;1;1;6;973;12/11/2010
2010068720;5;2;1;1;6;973;13/11/2010
2010068721;1;2;2;1;3;973;02/11/2010
2010068722;1;1;1;1;3;973;12/11/2010
2010068723;3;1;1;2;6;973;18/11/2010
2010068724;5;2;3;2;5;973;20/11/2010
2010068725;5;2;1;1;3;973;13/11/2010
2010068726;1;2;1;1;6;973;23/11/2010
2010068727;1;2;1;1;3;973;25/11/2010
2010068728;1;1;1;1;6;973;29/11/2010
2010068729;1;1;1;1;6;973;27/11/2010
2010068730;1;2;3;1;3;973;02/12/2010
2010068731;1;2;6;1;3;973;02/12/2010
2010068732;5;1;1;1;1;973;10/12/2010
2010068733;1;2;3;8;3;973;03/12/2010
2010068734;1;2;3;1;1;973;09/12/2010
2010068735;5;2;3;1;3;973;09/12/2010
2010068736;3;2;3;2;3;973;03/12/2010
2010068737;1;2;1;1;6;973;10/12/2010
2010068738;1;1;1;1;3;973;10/12/2010
2010068739;2;2;3;1;3;973;22/12/2010
2010068740;5;2;1;1;6;973;17/12/2010
2010068741;5;2;1;1;6;973;17/12/2010
2010068742;1;2;3;2;6;973;21/12/2010
2010068743;1;2;3;1;3;973;20/12/2010
2010068744;5;1;3;1;3;973;14/12/2010
2010068745;5;2;2;1;7;973;24/12/2010
2010068746;1;2;1;1;6;973;19/12/2010
2010068747;4;1;3;1;3;973;19/12/2010
2010068748;3;1;1;1;1;973;24/12/2010
2010068749;1;2;3;1;2;973;30/12/2010
2010068750;3;2;1;1;7;974;01/01/2010
2010068751;1;1;1;1;7;974;03/01/2010
2010068752;1;2;2;1;3;974;16/01/2010
2010068753;1;2;2;1;3;974;28/01/2010
2010068754;1;2;1;1;6;974;08/02/2010
2010068755;1;2;2;1;3;974;20/02/2010
2010068756;5;2;1;1;6;974;20/02/2010
2010068757;1;2;3;1;3;974;02/03/2010
2010068758;1;2;3;2;3;974;05/03/2010
2010068759;1;1;1;2;4;974;05/03/2010
2010068760;4;2;3;2;6;974;05/03/2010
2010068761;3;2;1;2;6;974;06/03/2010
2010068762;1;2;1;2;6;974;07/03/2010
2010068763;1;2;1;1;3;974;11/03/2010
2010068764;1;2;3;1;3;974;16/03/2010
2010068765;1;2;3;1;3;974;18/03/2010
2010068766;1;1;1;2;7;974;23/03/2010
2010068767;1;2;1;1;4;974;27/03/2010
2010068768;1;2;1;1;6;974;01/04/2010
2010068769;3;1;1;1;1;974;09/04/2010
2010068770;1;2;3;1;3;974;15/04/2010
2010068771;1;2;2;1;3;974;28/04/2010
2010068772;1;2;2;3;3;974;02/05/2010
2010068773;5;2;2;1;3;974;06/05/2010
2010068774;1;2;3;1;3;974;10/05/2010
2010068775;1;2;2;1;3;974;12/05/2010
2010068776;3;1;1;1;6;974;13/05/2010
2010068777;1;2;6;1;2;974;20/05/2010
2010068778;5;2;6;1;2;974;20/05/2010
2010068779;5;2;1;1;6;974;21/05/2010
2010068780;1;2;1;1;6;974;24/05/2010
2010068781;2;2;1;1;3;974;27/05/2010
2010068782;5;2;2;1;3;974;27/05/2010
2010068783;1;2;1;1;6;974;04/06/2010
2010068784;1;2;1;1;6;974;04/06/2010
2010068785;1;2;3;1;6;974;11/06/2010
2010068786;2;1;1;1;6;974;23/06/2010
2010068787;1;2;1;1;6;974;23/06/2010
2010068788;2;2;1;1;6;974;03/07/2010
2010068789;1;2;3;1;3;974;13/07/2010
2010068790;1;2;6;1;3;974;19/07/2010
2010068791;1;1;1;1;6;974;20/07/2010
2010068792;3;1;1;1;6;974;21/07/2010
2010068793;1;2;3;1;3;974;23/07/2010
2010068794;1;1;1;1;4;974;31/07/2010
2010068795;1;2;1;1;2;974;09/08/2010
2010068796;5;2;3;2;3;974;12/08/2010
2010068797;1;2;3;1;3;974;14/08/2010
2010068798;5;2;1;1;6;974;16/08/2010
2010068799;3;2;1;1;6;974;24/08/2010
2010068800;1;2;3;3;7;974;27/08/2010
2010068801;3;2;1;1;6;974;29/08/2010
2010068802;1;1;1;1;2;974;31/08/2010
2010068803;2;2;7;1;3;974;01/09/2010
2010068804;1;1;1;3;4;974;09/09/2010
2010068805;1;2;1;1;6;974;15/09/2010
2010068806;1;2;6;1;3;974;15/09/2010
2010068807;1;2;3;1;3;974;16/09/2010
2010068808;5;2;1;1;6;974;16/09/2010
2010068809;1;2;1;1;6;974;22/09/2010