num_acc;lum;agg;inter;atm;col;dep;date
2010068810;4;2;1;1;7;974;29/09/2010
2010068811;1;2;3;1;3;974;01/10/2010
2010068812;5;2;3;1;3;974;01/10/2010
2010068813;1;2;1;1;7;974;04/10/2010
2010068814;1;2;9;1;3;974;08/10/2010
2010068815;1;2;1;1;6;974;11/10/2010
2010068816;1;2;3;1;3;974;12/10/2010
2010068817;1;2;1;1;5;974;14/10/2010
2010068818;5;2;1;1;7;974;24/10/2010
2010068819;1;2;3;1;3;974;26/10/2010
2010068820;1;1;1;1;4;974;03/11/2010
2010068821;1;2;1;1;3;974;04/11/2010
2010068822;1;2;1;1;7;974;04/11/2010
2010068823;1;2;1;1;6;974;10/11/2010
2010068824;1;2;1;1;6;974;12/11/2010
2010068825;5;2;6;1;7;974;22/11/2010
2010068826;1;2;2;1;3;974;24/11/2010
2010068827;1;2;1;1;7;974;28/11/2010
2010068828;1;2;6;1;2;974;30/11/2010
2010068829;1;2;1;1;6;974;02/12/2010
2010068830;5;2;1;1;3;974;02/12/2010
2010068831;5;2;1;1;6;974;18/12/2010
2010068832;5;2;2;1;3;974;28/12/2010
2010068833;5;2;1;1;3;974;31/12/2010
2010068834;1;1;1;1;7;974;06/04/2010
2010068835;2;2;1;1;2;974;08/04/2010
2010068836;3;1;1;1;2;974;07/04/2010
2010068837;1;1;1;1;2;974;04/06/2010
2010068838;1;1;3;1;3;974;07/06/2010
2010068839;5;2;1;1;7;974;20/06/2010
2010068840;1;2;3;2;3;974;21/06/2010
2010068841;1;1;1;1;7;974;27/06/2010
2010068842;1;2;4;1;3;974;27/06/2010
2010068843;1;1;1;1;5;974;06/07/2010
2010068844;1;1;1;9;7;974;15/07/2010
2010068845;2;1;1;1;6;974;07/09/2010
2010068846;1;2;1;1;2;974;19/12/2010
2010068847;1;2;1;1;2;974;04/09/2010
2010068848;3;2;1;1;7;974;27/09/2010
2010068849;3;1;1;1;7;974;01/10/2010
2010068850;2;2;1;2;7;974;03/10/2010
2010068851;1;2;1;1;7;974;28/09/2010
2010068852;1;2;1;1;1;974;29/09/2010
2010068853;1;2;1;1;3;974;09/10/2010
2010068854;2;2;1;1;3;974;10/10/2010
2010068855;1;2;1;1;7;974;27/10/2010
2010068856;5;1;1;1;7;974;29/10/2010
2010068857;3;2;1;1;7;974;22/11/2010
2010068858;1;2;1;1;2;974;22/11/2010
2010068859;4;2;1;1;7;974;11/12/2010
2010068860;1;2;3;1;3;974;16/12/2010
2010068861;1;2;1;1;3;974;31/12/2010
2010068862;3;1;1;2;6;974;12/09/2010
2010068863;3;1;1;1;7;974;03/03/2010
2010068864;1;1;1;1;2;974;05/01/2010
2010068865;5;2;3;1;3;974;02/01/2010
2010068866;5;2;2;1;3;974;02/01/2010
2010068867;1;2;6;1;3;974;10/01/2010
2010068868;1;2;3;1;3;974;31/01/2010
2010068869;1;2;1;1;7;974;04/02/2010
2010068870;1;2;2;1;3;974;06/03/2010
2010068871;1;2;1;1;7;974;11/03/2010
2010068872;3;2;1;1;7;974;27/03/2010
2010068873;3;1;1;8;7;974;18/03/2010
2010068874;1;1;1;1;3;974;16/03/2010
2010068875;1;2;2;1;3;974;05/01/2010
2010068876;1;2;1;1;6;974;07/02/2010
2010068877;1;1;1;3;7;974;23/01/2010
2010068878;3;1;1;1;6;974;07/02/2010
2010068879;1;2;2;1;7;974;09/06/2010
2010068880;2;1;1;1;7;974;24/05/2010
2010068881;3;2;1;2;7;974;02/04/2010
2010068882;1;2;1;1;2;974;28/05/2010
2010068883;1;2;1;1;7;974;29/05/2010
2010068884;1;2;1;1;3;974;03/05/2010
2010068885;5;2;1;1;6;974;08/09/2010
2010068886;1;1;1;2;1;974;01/10/2010
2010068887;1;2;1;1;7;974;01/01/2010
2010068888;1;2;1;1;7;974;02/01/2010
2010068889;1;1;1;1;7;974;03/01/2010
2010068890;1;2;2;1;3;974;04/01/2010
2010068891;1;2;1;1;6;974;08/01/2010
2010068892;1;2;2;1;3;974;09/01/2010
2010068893;1;2;2;1;3;974;09/01/2010
2010068894;5;2;1;1;7;974;09/01/2010
2010068895;1;2;1;1;7;974;10/01/2010
2010068896;1;2;1;1;7;974;11/01/2010
2010068897;1;2;2;1;3;974;12/01/2010
2010068898;1;2;1;1;6;974;14/01/2010
2010068899;1;2;1;1;2;974;14/01/2010
2010068900;5;2;1;3;6;974;16/01/2010
2010068901;1;1;1;1;1;974;18/01/2010
2010068902;1;2;1;1;3;974;18/01/2010
2010068903;1;1;1;1;7;974;21/01/2010
2010068904;5;2;1;1;7;974;22/01/2010
2010068905;1;2;9;1;6;974;23/01/2010
2010068906;1;2;1;1;2;974;24/01/2010
2010068907;1;2;1;1;6;974;24/01/2010
2010068908;5;2;1;1;6;974;24/01/2010
2010068909;2;2;1;8;6;974;24/01/2010
2010068910;5;2;1;1;6;974;27/01/2010
2010068911;5;2;1;1;2;974;27/01/2010
2010068912;1;2;2;1;6;974;20/01/2010
2010068913;1;2;1;1;2;974;29/01/2010
2010068914;1;2;3;1;2;974;30/01/2010
2010068915;1;1;1;1;7;974;30/01/2010
2010068916;1;2;6;1;2;974;30/01/2010
2010068917;1;2;1;1;7;974;31/01/2010
2010068918;1;2;1;1;6;974;02/02/2010
2010068919;5;2;1;1;6;974;03/02/2010
2010068920;1;2;1;1;5;974;04/02/2010
2010068921;3;1;1;1;7;974;04/02/2010
2010068922;1;2;1;1;6;974;08/02/2010
2010068923;1;2;1;1;6;974;08/02/2010
2010068924;5;2;2;1;3;974;09/02/2010
2010068925;5;2;1;1;6;974;10/02/2010
2010068926;1;1;1;1;7;974;12/02/2010
2010068927;3;1;1;1;6;974;13/02/2010
2010068928;5;2;1;1;7;974;13/02/2010
2010068929;1;2;1;8;2;974;14/02/2010
2010068930;1;2;1;1;3;974;15/02/2010
2010068931;1;2;1;1;6;974;16/02/2010
2010068932;1;2;2;1;3;974;17/02/2010
2010068933;1;2;3;2;3;974;18/02/2010
2010068934;1;2;9;1;6;974;20/02/2010
2010068935;1;2;1;1;6;974;23/02/2010
2010068936;1;1;1;1;3;974;24/02/2010
2010068937;1;2;1;1;2;974;24/02/2010
2010068938;1;2;2;1;5;974;25/02/2010
2010068939;1;2;1;1;2;974;25/02/2010
2010068940;1;2;1;1;1;974;27/02/2010
2010068941;5;2;1;1;5;974;27/02/2010
2010068942;5;2;1;1;6;974;27/02/2010
2010068943;5;2;1;1;6;974;28/02/2010
2010068944;2;1;1;1;1;974;28/02/2010
2010068945;5;2;1;1;2;974;28/02/2010
2010068946;1;2;1;1;2;974;01/03/2010
2010068947;2;2;1;1;6;974;02/03/2010
2010068948;1;2;2;1;3;974;02/03/2010
2010068949;1;2;1;1;6;974;03/03/2010
2010068950;3;1;1;1;7;974;03/03/2010
2010068951;1;2;1;1;3;974;04/03/2010
2010068952;2;1;1;1;6;974;04/03/2010
2010068953;3;1;1;2;7;974;06/03/2010
2010068954;1;2;1;1;6;974;06/03/2010
2010068955;1;2;1;1;6;974;06/03/2010
2010068956;3;1;1;8;6;974;06/03/2010
2010068957;1;2;1;1;6;974;08/03/2010
2010068958;1;2;1;1;6;974;08/03/2010
2010068959;1;2;1;1;1;974;08/03/2010
2010068960;1;2;2;1;3;974;09/03/2010
2010068961;1;1;1;1;6;974;11/03/2010
2010068962;1;1;1;1;2;974;11/03/2010
2010068963;5;2;1;3;6;974;05/03/2010
2010068964;2;2;1;1;6;974;12/03/2010
2010068965;5;1;1;2;7;974;14/03/2010
2010068966;1;2;1;1;7;974;14/03/2010
2010068967;1;1;1;1;6;974;15/03/2010
2010068968;1;2;3;1;3;974;15/03/2010
2010068969;1;2;1;1;2;974;16/03/2010
2010068970;1;1;1;1;6;974;16/03/2010
2010068971;1;2;2;1;3;974;18/03/2010
2010068972;1;2;1;1;6;974;19/03/2010
2010068973;5;2;1;1;7;974;20/03/2010
2010068974;5;2;6;1;3;974;23/03/2010
2010068975;1;2;1;1;7;974;25/03/2010
2010068976;1;1;1;1;6;974;25/03/2010
2010068977;1;2;1;1;3;974;27/03/2010
2010068978;1;2;1;1;7;974;27/03/2010
2010068979;5;2;1;1;4;974;28/03/2010
2010068980;5;2;1;1;3;974;31/03/2010
2010068981;1;2;1;1;2;974;01/04/2010
2010068982;1;2;1;1;7;974;01/04/2010
2010068983;5;2;2;1;3;974;01/04/2010
2010068984;1;2;1;1;2;974;02/04/2010
2010068985;1;2;1;1;2;974;04/04/2010
2010068986;2;2;1;1;7;974;05/04/2010
2010068987;1;2;1;1;6;974;06/04/2010
2010068988;1;2;1;1;2;974;07/04/2010
2010068989;1;1;1;1;7;974;09/04/2010
2010068990;3;2;1;1;7;974;09/04/2010
2010068991;1;2;1;1;1;974;14/04/2010
2010068992;2;1;1;1;7;974;15/04/2010
2010068993;1;2;1;1;7;974;18/04/2010
2010068994;1;2;1;1;3;974;20/04/2010
2010068995;1;2;1;1;6;974;22/04/2010
2010068996;1;2;1;1;6;974;24/04/2010
2010068997;2;2;6;1;6;974;25/04/2010
2010068998;1;2;1;1;3;974;26/04/2010
2010068999;1;2;1;1;6;974;26/04/2010
2010069000;1;2;1;2;7;974;27/04/2010
2010069001;1;2;1;1;3;974;28/04/2010
2010069002;3;1;1;1;5;974;29/04/2010
2010069003;2;2;1;2;6;974;01/05/2010
2010069004;2;1;1;1;7;974;02/05/2010
2010069005;1;2;2;1;3;974;04/05/2010
2010069006;1;2;1;1;3;974;04/05/2010
2010069007;5;2;1;1;7;974;07/05/2010
2010069008;1;2;1;1;6;974;07/05/2010
2010069009;5;2;1;1;7;974;07/05/2010
2010069010;1;2;1;1;6;974;10/05/2010
2010069011;1;2;2;1;3;974;12/05/2010
2010069012;3;2;1;8;7;974;13/05/2010
2010069013;1;2;1;1;6;974;17/05/2010
2010069014;1;2;1;1;7;974;20/05/2010
2010069015;1;2;1;1;2;974;21/05/2010
2010069016;5;2;1;2;7;974;21/05/2010
2010069017;5;2;1;1;6;974;22/05/2010
2010069018;1;2;1;1;7;974;22/05/2010
2010069019;5;2;2;1;3;974;23/05/2010
2010069020;1;1;1;1;7;974;23/05/2010
2010069021;1;2;1;1;3;974;25/05/2010
2010069022;1;1;1;1;7;974;26/05/2010
2010069023;1;2;2;1;3;974;26/05/2010
2010069024;1;2;2;1;3;974;27/05/2010
2010069025;1;2;1;1;6;974;27/05/2010
2010069026;4;2;1;1;6;974;27/05/2010
2010069027;2;2;3;1;2;974;28/05/2010
2010069028;1;2;1;1;3;974;29/05/2010
2010069029;1;1;1;1;1;974;29/05/2010
2010069030;3;1;1;1;6;974;29/05/2010
2010069031;5;2;1;2;7;974;30/05/2010
2010069032;1;2;2;1;3;974;01/06/2010
2010069033;1;2;1;1;6;974;02/06/2010
2010069034;1;2;5;1;1;974;02/06/2010
2010069035;1;2;1;1;6;974;02/06/2010
2010069036;1;2;1;1;6;974;03/06/2010
2010069037;1;2;1;1;6;974;07/06/2010
2010069038;1;2;1;1;6;974;10/06/2010
2010069039;2;2;1;1;2;974;11/06/2010
2010069040;1;2;1;1;6;974;11/06/2010
2010069041;5;2;2;1;3;974;13/06/2010
2010069042;1;2;1;1;4;974;15/06/2010
2010069043;1;2;1;1;4;974;16/06/2010
2010069044;1;2;1;1;6;974;17/06/2010
2010069045;1;2;1;1;3;974;17/06/2010
2010069046;1;2;2;1;3;974;19/06/2010
2010069047;3;2;1;2;7;974;21/06/2010
2010069048;1;1;1;1;7;974;22/06/2010
2010069049;1;2;1;2;2;974;25/06/2010
2010069050;4;2;6;1;6;974;26/06/2010
2010069051;3;1;1;1;6;974;27/06/2010
2010069052;1;2;1;1;1;974;27/06/2010
2010069053;5;2;1;8;6;974;25/06/2010
2010069054;2;2;1;8;2;974;28/06/2010
2010069055;1;1;1;1;3;974;01/07/2010
2010069056;5;2;1;1;6;974;02/07/2010
2010069057;1;2;1;1;6;974;03/07/2010
2010069058;1;2;1;1;4;974;05/07/2010
2010069059;1;2;2;7;6;974;05/07/2010
2010069060;5;2;1;1;3;974;05/07/2010
2010069061;1;1;1;1;3;974;06/07/2010
2010069062;1;2;1;1;6;974;06/07/2010
2010069063;1;1;1;1;6;974;06/07/2010
2010069064;5;2;1;1;3;974;06/07/2010
2010069065;3;2;1;1;6;974;06/07/2010
2010069066;1;2;1;1;3;974;08/07/2010
2010069067;5;2;1;1;6;974;09/07/2010
2010069068;5;2;1;1;2;974;09/07/2010
2010069069;5;2;1;1;6;974;10/07/2010
2010069070;5;2;1;1;1;974;11/07/2010
2010069071;1;2;1;1;7;974;12/07/2010
2010069072;1;2;1;1;6;974;13/07/2010
2010069073;5;2;1;1;6;974;13/07/2010
2010069074;1;2;1;1;3;974;15/07/2010
2010069075;1;2;1;1;6;974;16/07/2010
2010069076;1;2;1;1;7;974;16/07/2010
2010069077;5;1;1;1;1;974;18/07/2010
2010069078;1;2;1;1;2;974;19/07/2010
2010069079;1;2;2;1;6;974;19/07/2010
2010069080;1;2;1;1;6;974;22/07/2010
2010069081;5;2;1;1;7;974;25/07/2010
2010069082;1;2;1;1;6;974;26/07/2010
2010069083;1;2;1;1;2;974;27/07/2010
2010069084;1;2;6;1;2;974;04/08/2010
2010069085;1;2;1;1;6;974;07/08/2010
2010069086;1;1;1;6;6;974;08/08/2010
2010069087;1;2;1;2;3;974;09/08/2010
2010069088;1;2;1;1;3;974;10/08/2010
2010069089;5;2;1;1;2;974;11/08/2010
2010069090;1;2;1;1;3;974;13/08/2010
2010069091;5;2;1;1;3;974;16/08/2010
2010069092;1;2;2;1;6;974;17/08/2010
2010069093;5;2;2;1;3;974;18/08/2010
2010069094;1;2;1;2;3;974;19/08/2010
2010069095;1;1;1;1;7;974;19/08/2010
2010069096;1;2;1;1;7;974;20/08/2010
2010069097;5;2;1;1;7;974;21/08/2010
2010069098;1;2;1;1;6;974;21/08/2010
2010069099;3;1;1;1;6;974;21/08/2010
2010069100;1;2;1;1;2;974;26/08/2010
2010069101;1;2;1;1;7;974;27/08/2010
2010069102;2;2;1;1;2;974;28/08/2010
2010069103;1;2;1;1;3;974;28/08/2010
2010069104;1;2;2;1;6;974;30/08/2010
2010069105;1;2;1;1;2;974;31/08/2010
2010069106;5;2;1;1;6;974;31/08/2010
2010069107;5;2;4;1;2;974;04/09/2010
2010069108;5;2;1;1;2;974;04/09/2010
2010069109;3;2;1;1;3;974;04/09/2010
2010069110;1;2;2;1;3;974;09/09/2010
2010069111;1;2;1;1;3;974;07/09/2010
2010069112;5;2;1;3;6;974;07/09/2010
2010069113;4;2;1;1;7;974;08/09/2010
2010069114;4;2;1;1;3;974;11/09/2010
2010069115;1;2;1;1;6;974;13/09/2010
2010069116;5;2;3;1;3;974;14/09/2010
2010069117;1;2;1;1;6;974;16/09/2010
2010069118;1;1;1;1;3;974;17/09/2010
2010069119;3;1;1;1;2;974;18/09/2010
2010069120;1;2;1;1;1;974;19/09/2010
2010069121;1;2;1;1;3;974;20/09/2010
2010069122;3;2;2;1;3;974;21/09/2010
2010069123;1;2;1;1;2;974;23/09/2010
2010069124;5;1;1;1;6;974;24/09/2010
2010069125;4;2;1;1;3;974;25/09/2010
2010069126;1;2;1;1;3;974;25/09/2010
2010069127;5;2;1;1;6;974;29/09/2010
2010069128;5;2;2;1;5;974;29/09/2010
2010069129;1;1;1;1;2;974;30/09/2010
2010069130;1;2;1;1;7;974;01/10/2010
2010069131;1;2;4;1;3;974;01/10/2010
2010069132;1;2;1;1;2;974;04/10/2010
2010069133;1;2;3;1;6;974;05/10/2010
2010069134;3;1;1;1;6;974;08/10/2010
2010069135;1;2;1;1;6;974;09/10/2010
2010069136;1;2;3;1;3;974;13/10/2010
2010069137;1;2;1;1;2;974;14/10/2010
2010069138;1;2;1;1;7;974;14/10/2010
2010069139;5;2;1;1;6;974;17/10/2010
2010069140;2;2;1;1;3;974;17/10/2010
2010069141;1;2;1;1;6;974;18/10/2010
2010069142;1;2;1;1;6;974;19/10/2010
2010069143;1;1;1;1;2;974;19/10/2010
2010069144;1;2;2;1;1;974;22/10/2010
2010069145;5;1;1;1;7;974;22/10/2010
2010069146;5;2;2;1;3;974;25/10/2010
2010069147;1;2;1;1;3;974;28/10/2010
2010069148;5;1;1;1;2;974;28/10/2010
2010069149;5;2;1;1;3;974;29/10/2010
2010069150;1;1;1;1;2;974;30/10/2010
2010069151;1;2;1;2;6;974;31/10/2010
2010069152;5;2;3;1;6;974;04/11/2010
2010069153;1;2;1;1;2;974;06/11/2010
2010069154;1;2;3;1;3;974;06/11/2010
2010069155;5;2;1;1;6;974;06/11/2010
2010069156;1;1;1;1;2;974;08/11/2010
2010069157;5;2;2;1;3;974;09/11/2010
2010069158;2;1;1;1;6;974;09/11/2010
2010069159;5;2;1;1;6;974;10/11/2010
2010069160;1;2;2;1;6;974;12/11/2010
2010069161;1;1;1;1;2;974;15/11/2010
2010069162;1;1;1;1;7;974;15/11/2010
2010069163;1;2;1;1;7;974;15/11/2010
2010069164;1;2;1;1;6;974;16/11/2010
2010069165;2;2;1;1;6;974;16/11/2010
2010069166;1;2;3;1;6;974;17/11/2010
2010069167;5;2;1;1;6;974;17/11/2010
2010069168;1;1;1;1;7;974;20/11/2010
2010069169;1;2;6;1;7;974;20/11/2010
2010069170;1;2;3;1;3;974;24/11/2010
2010069171;5;1;1;1;1;974;26/11/2010
2010069172;1;1;1;1;6;974;27/11/2010
2010069173;1;2;1;1;6;974;28/11/2010
2010069174;1;2;3;1;3;974;30/11/2010
2010069175;4;2;1;1;1;974;02/12/2010
2010069176;1;1;1;1;2;974;03/12/2010
2010069177;5;2;1;1;7;974;05/12/2010
2010069178;1;1;1;1;1;974;05/12/2010
2010069179;3;1;1;1;6;974;08/12/2010
2010069180;1;1;1;1;1;974;08/12/2010
2010069181;1;1;1;1;2;974;09/12/2010
2010069182;1;2;1;1;6;974;10/12/2010
2010069183;1;1;1;1;6;974;11/12/2010
2010069184;1;1;1;1;6;974;11/12/2010
2010069185;5;2;3;1;3;974;12/12/2010
2010069186;1;2;1;1;6;974;14/12/2010
2010069187;1;1;1;1;7;974;15/12/2010
2010069188;1;2;1;1;6;974;15/12/2010
2010069189;1;2;2;2;6;974;17/12/2010
2010069190;1;1;1;1;6;974;17/12/2010
2010069191;1;2;1;1;6;974;17/12/2010
2010069192;1;1;1;3;3;974;18/12/2010
2010069193;5;2;5;1;3;974;21/12/2010
2010069194;1;2;1;1;1;974;20/12/2010
2010069195;5;1;1;1;2;974;22/12/2010
2010069196;5;2;1;1;6;974;25/12/2010
2010069197;2;1;1;1;7;974;25/12/2010
2010069198;1;1;1;1;7;974;30/12/2010
2010069199;1;2;1;1;1;974;31/12/2010
2010069200;3;2;1;1;7;974;05/01/2010
2010069201;1;1;1;2;7;974;07/01/2010
2010069202;1;1;1;1;6;974;10/01/2010
2010069203;1;1;1;2;3;974;16/01/2010
2010069204;3;1;1;1;2;974;16/01/2010
2010069205;4;2;1;1;7;974;17/01/2010
2010069206;1;2;1;1;7;974;19/01/2010
2010069207;5;2;1;1;3;974;20/01/2010
2010069208;1;1;1;1;7;974;21/01/2010
2010069209;2;1;1;1;7;974;23/01/2010
2010069210;3;1;1;1;1;974;29/01/2010
2010069211;2;2;1;1;1;974;31/01/2010
2010069212;1;1;1;1;6;974;06/02/2010
2010069213;3;1;1;1;7;974;07/02/2010
2010069214;1;1;1;1;3;974;11/02/2010
2010069215;1;1;1;2;7;974;12/02/2010
2010069216;3;1;1;1;7;974;14/02/2010
2010069217;3;2;1;1;7;974;15/02/2010
2010069218;1;1;1;1;7;974;15/02/2010
2010069219;1;1;1;1;7;974;17/02/2010
2010069220;1;2;1;1;7;974;19/02/2010
2010069221;1;1;1;1;3;974;20/02/2010
2010069222;1;2;1;1;7;974;26/02/2010
2010069223;2;2;1;1;3;974;26/02/2010
2010069224;1;1;1;1;7;974;01/03/2010
2010069225;1;2;1;2;7;974;05/03/2010
2010069226;1;1;1;1;7;974;05/03/2010
2010069227;3;1;1;1;1;974;11/03/2010
2010069228;1;2;3;1;3;974;12/03/2010
2010069229;1;1;1;2;2;974;18/03/2010
2010069230;4;1;1;1;7;974;20/03/2010
2010069231;3;1;3;1;3;974;23/03/2010
2010069232;1;1;1;1;1;974;24/03/2010
2010069233;1;2;1;1;3;974;26/03/2010
2010069234;3;1;1;1;7;974;28/03/2010
2010069235;2;1;1;1;7;974;28/03/2010
2010069236;2;1;1;1;7;974;29/03/2010
2010069237;1;1;1;1;7;974;30/03/2010
2010069238;3;2;1;1;7;974;04/04/2010
2010069239;1;2;1;1;7;974;07/04/2010
2010069240;1;1;1;1;2;974;09/04/2010
2010069241;1;1;6;1;2;974;13/04/2010
2010069242;1;2;1;1;7;974;15/04/2010
2010069243;1;2;3;1;3;974;16/04/2010
2010069244;1;1;3;1;3;974;23/04/2010
2010069245;3;2;1;1;3;974;24/04/2010
2010069246;1;2;1;1;5;974;03/05/2010
2010069247;1;1;1;1;7;974;05/05/2010
2010069248;1;2;6;1;3;974;11/05/2010
2010069249;1;1;1;1;3;974;14/05/2010
2010069250;2;2;3;1;1;974;15/05/2010
2010069251;2;1;1;1;3;974;17/05/2010
2010069252;3;1;1;1;7;974;20/05/2010
2010069253;1;1;1;1;1;974;23/05/2010
2010069254;1;1;1;1;7;974;26/05/2010
2010069255;3;1;1;1;7;974;27/05/2010
2010069256;3;1;1;1;7;974;29/05/2010
2010069257;1;2;1;1;7;974;31/05/2010
2010069258;3;2;1;1;2;974;01/06/2010
2010069259;1;2;1;1;3;974;05/06/2010
2010069260;1;2;1;1;7;974;07/06/2010
2010069261;1;2;1;1;7;974;08/06/2010
2010069262;1;2;1;1;7;974;11/06/2010
2010069263;2;2;1;1;7;974;12/06/2010
2010069264;3;1;1;1;7;974;14/06/2010
2010069265;1;1;1;1;3;974;15/06/2010
2010069266;1;2;1;1;7;974;17/06/2010
2010069267;1;2;9;1;3;974;17/06/2010
2010069268;3;2;1;1;7;974;20/06/2010
2010069269;1;1;1;1;7;974;22/06/2010
2010069270;1;2;1;1;7;974;24/06/2010
2010069271;5;2;1;1;1;974;27/06/2010
2010069272;3;1;1;1;2;974;27/06/2010
2010069273;3;1;9;1;7;974;29/06/2010
2010069274;3;1;1;3;7;974;30/06/2010
2010069275;3;1;9;1;7;974;02/07/2010
2010069276;3;1;1;1;2;974;06/07/2010
2010069277;1;2;2;1;3;974;07/07/2010
2010069278;3;1;1;1;7;974;11/07/2010
2010069279;5;2;2;1;3;974;12/07/2010
2010069280;3;2;1;1;7;974;13/07/2010
2010069281;1;2;1;1;3;974;14/07/2010
2010069282;5;1;1;1;7;974;15/07/2010
2010069283;1;2;2;1;7;974;19/07/2010
2010069284;3;2;2;1;3;974;23/07/2010
2010069285;2;2;1;1;6;974;28/07/2010
2010069286;3;2;1;2;7;974;31/07/2010
2010069287;1;2;3;1;6;974;03/08/2010
2010069288;1;2;3;1;3;974;04/08/2010
2010069289;1;1;1;1;4;974;09/08/2010
2010069290;1;2;9;1;3;974;11/08/2010
2010069291;1;2;6;1;3;974;14/08/2010
2010069292;3;1;1;1;5;974;15/08/2010
2010069293;1;1;1;1;4;974;17/08/2010
2010069294;1;2;1;1;3;974;19/08/2010
2010069295;3;1;1;1;6;974;21/08/2010
2010069296;1;2;1;1;6;974;21/08/2010
2010069297;1;2;2;1;7;974;23/08/2010
2010069298;2;1;1;1;4;974;23/08/2010
2010069299;1;2;1;1;7;974;25/08/2010
2010069300;3;2;1;1;7;974;27/08/2010
2010069301;1;1;1;1;5;974;31/08/2010
2010069302;1;2;1;1;7;974;01/09/2010
2010069303;1;1;1;1;2;974;02/09/2010
2010069304;1;2;1;1;7;974;02/09/2010
2010069305;2;2;1;1;7;974;02/09/2010
2010069306;1;2;1;1;7;974;03/09/2010
2010069307;3;2;1;1;7;974;03/09/2010
2010069308;1;2;1;1;1;974;05/09/2010
2010069309;5;2;2;1;3;974;06/09/2010
2010069310;5;2;1;1;3;974;09/09/2010
2010069311;1;1;1;1;2;974;10/09/2010
2010069312;5;2;1;1;3;974;10/09/2010
2010069313;1;1;1;1;7;974;11/09/2010
2010069314;1;2;1;1;1;974;11/09/2010
2010069315;1;1;1;1;2;974;15/09/2010
2010069316;2;2;2;1;3;974;17/09/2010
2010069317;3;1;1;1;7;974;19/09/2010
2010069318;3;1;1;1;2;974;21/09/2010
2010069319;1;1;1;1;7;974;21/09/2010
2010069320;2;1;1;1;6;974;21/09/2010
2010069321;3;1;1;1;3;974;22/09/2010
2010069322;1;1;9;1;3;974;26/09/2010
2010069323;5;1;1;1;7;974;28/09/2010
2010069324;1;1;1;1;5;974;30/09/2010
2010069325;1;1;1;1;3;974;01/10/2010
2010069326;3;1;1;1;7;974;01/10/2010
2010069327;3;1;9;1;7;974;03/10/2010
2010069328;1;1;1;1;7;974;03/10/2010
2010069329;1;1;1;1;1;974;03/10/2010
2010069330;1;2;3;1;7;974;06/10/2010
2010069331;1;2;3;1;3;974;07/10/2010
2010069332;3;1;1;1;7;974;09/10/2010
2010069333;1;1;1;1;7;974;09/10/2010
2010069334;1;1;1;1;6;974;10/10/2010
2010069335;1;1;1;1;7;974;11/10/2010
2010069336;1;2;1;1;3;974;12/10/2010
2010069337;1;1;2;1;3;974;13/10/2010
2010069338;3;1;1;1;7;974;13/10/2010
2010069339;3;2;1;1;7;974;15/10/2010
2010069340;1;2;2;1;3;974;20/10/2010
2010069341;3;1;1;1;7;974;21/10/2010
2010069342;1;1;1;1;3;974;22/10/2010
2010069343;1;1;1;1;7;974;24/10/2010
2010069344;1;1;1;1;2;974;25/10/2010
2010069345;3;2;1;1;7;974;27/10/2010
2010069346;3;1;1;1;4;974;30/10/2010
2010069347;5;2;1;1;7;974;01/11/2010
2010069348;1;1;1;1;4;974;03/11/2010
2010069349;2;2;1;1;2;974;04/11/2010
2010069350;3;1;1;1;7;974;04/11/2010
2010069351;3;2;6;1;7;974;06/11/2010
2010069352;3;1;1;1;7;974;06/11/2010
2010069353;1;2;1;1;7;974;07/11/2010
2010069354;5;2;1;1;2;974;08/11/2010
2010069355;2;2;1;1;7;974;10/11/2010
2010069356;1;1;1;1;3;974;10/11/2010
2010069357;3;1;1;1;2;974;10/11/2010
2010069358;2;2;2;1;3;974;12/11/2010
2010069359;3;2;1;1;7;974;14/11/2010
2010069360;1;2;1;1;3;974;15/11/2010
2010069361;2;1;1;1;4;974;15/11/2010
2010069362;1;2;1;1;7;974;18/11/2010
2010069363;1;2;1;1;2;974;19/11/2010
2010069364;3;2;2;1;3;974;22/11/2010
2010069365;1;2;2;7;4;974;01/12/2010
2010069366;1;2;2;1;3;974;01/12/2010
2010069367;1;2;1;1;7;974;03/12/2010
2010069368;1;2;3;1;7;974;03/12/2010
2010069369;1;1;2;1;7;974;03/12/2010
2010069370;3;2;1;1;2;974;04/12/2010
2010069371;5;2;1;1;3;974;05/12/2010
2010069372;3;1;1;1;7;974;05/12/2010
2010069373;2;1;1;1;3;974;08/12/2010
2010069374;3;1;1;1;3;974;08/12/2010
2010069375;1;2;6;1;3;974;11/12/2010
2010069376;1;2;1;1;7;974;11/12/2010
2010069377;2;1;1;1;2;974;15/12/2010
2010069378;1;1;1;1;7;974;24/12/2010
2010069379;3;1;1;1;6;974;25/12/2010
2010069380;3;1;1;1;3;974;25/12/2010
2010069381;1;2;1;1;7;974;26/12/2010
2010069382;1;2;1;1;7;974;26/12/2010
2010069383;1;1;1;1;7;974;27/12/2010
2010069384;3;1;1;1;7;974;29/12/2010
2010069385;2;2;1;1;3;974;30/12/2010
2010069386;3;2;1;1;3;974;31/12/2010